1-CdTe-V_Cd-POSCAR0-Charged-1.cif,1.69
2-CdTe-V_Te-POSCAR0-Charged-1.cif,2.92
3-CdTe-Cd_i_1-POSCAR0-Charged-1.cif,3.39
4-CdTe-Te_i_1-POSCAR0-Charged-1.cif,5.1
5-CdTe-Cd_Te-POSCAR0-Charged-1.cif,3.41
6-CdTe-Te_Cd-POSCAR0-Charged-1.cif,4.91663076
6-CdTe-Te_Cd-POSCAR1-Charged-1.cif,4.91051495
6-CdTe-Te_Cd-POSCAR2-Charged-1.cif,4.9
7-Cd_Te0.250_Se0.750-V_Cd-POSCAR0-Charged-1.cif,2.59620205
7-Cd_Te0.250_Se0.750-V_Cd-POSCAR1-Charged-1.cif,2.5932136
7-Cd_Te0.250_Se0.750-V_Cd-POSCAR2-Charged-1.cif,2.59
8-Cd_Te0.250_Se0.750-V_Te-POSCAR0-Charged-1.cif,3.70581069
8-Cd_Te0.250_Se0.750-V_Te-POSCAR1-Charged-1.cif,3.70368894
8-Cd_Te0.250_Se0.750-V_Te-POSCAR2-Charged-1.cif,3.7009425
8-Cd_Te0.250_Se0.750-V_Te-POSCAR3-Charged-1.cif,3.7
9-Cd_Te0.250_Se0.750-V_Se-POSCAR0-Charged-1.cif,4.44264505
9-Cd_Te0.250_Se0.750-V_Se-POSCAR1-Charged-1.cif,4.43722232
9-Cd_Te0.250_Se0.750-V_Se-POSCAR2-Charged-1.cif,4.47719595
9-Cd_Te0.250_Se0.750-V_Se-POSCAR3-Charged-1.cif,4.51254165
9-Cd_Te0.250_Se0.750-V_Se-POSCAR4-Charged-1.cif,4.55943734
9-Cd_Te0.250_Se0.750-V_Se-POSCAR5-Charged-1.cif,4.5148283
9-Cd_Te0.250_Se0.750-V_Se-POSCAR6-Charged-1.cif,4.49848006
9-Cd_Te0.250_Se0.750-V_Se-POSCAR7-Charged-1.cif,4.53796664
9-Cd_Te0.250_Se0.750-V_Se-POSCAR8-Charged-1.cif,4.54553109
9-Cd_Te0.250_Se0.750-V_Se-POSCAR9-Charged-1.cif,4.5352032
9-Cd_Te0.250_Se0.750-V_Se-POSCAR10-Charged-1.cif,4.50712557
9-Cd_Te0.250_Se0.750-V_Se-POSCAR11-Charged-1.cif,4.53274056
9-Cd_Te0.250_Se0.750-V_Se-POSCAR12-Charged-1.cif,4.54826106
9-Cd_Te0.250_Se0.750-V_Se-POSCAR13-Charged-1.cif,4.49756241
9-Cd_Te0.250_Se0.750-V_Se-POSCAR14-Charged-1.cif,4.58214381
9-Cd_Te0.250_Se0.750-V_Se-POSCAR15-Charged-1.cif,4.46058257
9-Cd_Te0.250_Se0.750-V_Se-POSCAR16-Charged-1.cif,4.7
10-Cd_Te0.250_Se0.750-Cd_i-POSCAR0-Charged-1.cif,4.2475064
10-Cd_Te0.250_Se0.750-Cd_i-POSCAR1-Charged-1.cif,4.23301271
10-Cd_Te0.250_Se0.750-Cd_i-POSCAR2-Charged-1.cif,4.21784045
10-Cd_Te0.250_Se0.750-Cd_i-POSCAR3-Charged-1.cif,4.21593279
10-Cd_Te0.250_Se0.750-Cd_i-POSCAR4-Charged-1.cif,4.21201954
10-Cd_Te0.250_Se0.750-Cd_i-POSCAR5-Charged-1.cif,4.20659469
10-Cd_Te0.250_Se0.750-Cd_i-POSCAR6-Charged-1.cif,4.2
11-Cd_Te0.250_Se0.750-Te_i-POSCAR0-Charged-1.cif,3.54250942
11-Cd_Te0.250_Se0.750-Te_i-POSCAR1-Charged-1.cif,3.54
12-Cd_Te0.250_Se0.750-Se_i-POSCAR0-Charged-1.cif,4.17205961
12-Cd_Te0.250_Se0.750-Se_i-POSCAR1-Charged-1.cif,4.17
13-Cd_Te0.250_Se0.750-Cd_Te-POSCAR0-Charged-1.cif,4.87650309
13-Cd_Te0.250_Se0.750-Cd_Te-POSCAR1-Charged-1.cif,4.87505539
13-Cd_Te0.250_Se0.750-Cd_Te-POSCAR2-Charged-1.cif,4.87254108
13-Cd_Te0.250_Se0.750-Cd_Te-POSCAR3-Charged-1.cif,4.87128295
13-Cd_Te0.250_Se0.750-Cd_Te-POSCAR4-Charged-1.cif,4.86921353
13-Cd_Te0.250_Se0.750-Cd_Te-POSCAR5-Charged-1.cif,4.86749424
13-Cd_Te0.250_Se0.750-Cd_Te-POSCAR6-Charged-1.cif,4.87130507
13-Cd_Te0.250_Se0.750-Cd_Te-POSCAR7-Charged-1.cif,4.86859372
13-Cd_Te0.250_Se0.750-Cd_Te-POSCAR8-Charged-1.cif,4.86503557
13-Cd_Te0.250_Se0.750-Cd_Te-POSCAR9-Charged-1.cif,4.86910528
13-Cd_Te0.250_Se0.750-Cd_Te-POSCAR10-Charged-1.cif,4.86122801
13-Cd_Te0.250_Se0.750-Cd_Te-POSCAR11-Charged-1.cif,4.86502734
13-Cd_Te0.250_Se0.750-Cd_Te-POSCAR12-Charged-1.cif,4.85825385
13-Cd_Te0.250_Se0.750-Cd_Te-POSCAR13-Charged-1.cif,4.85654234
13-Cd_Te0.250_Se0.750-Cd_Te-POSCAR14-Charged-1.cif,4.88671175
13-Cd_Te0.250_Se0.750-Cd_Te-POSCAR15-Charged-1.cif,4.87295873
13-Cd_Te0.250_Se0.750-Cd_Te-POSCAR16-Charged-1.cif,4.8636189
13-Cd_Te0.250_Se0.750-Cd_Te-POSCAR17-Charged-1.cif,4.85545942
13-Cd_Te0.250_Se0.750-Cd_Te-POSCAR18-Charged-1.cif,4.86
14-Cd_Te0.250_Se0.750-Cd_Se-POSCAR0-Charged-1.cif,4.59200415
14-Cd_Te0.250_Se0.750-Cd_Se-POSCAR1-Charged-1.cif,4.58677697
14-Cd_Te0.250_Se0.750-Cd_Se-POSCAR2-Charged-1.cif,4.57072326
14-Cd_Te0.250_Se0.750-Cd_Se-POSCAR3-Charged-1.cif,4.56244151
14-Cd_Te0.250_Se0.750-Cd_Se-POSCAR4-Charged-1.cif,4.56670664
14-Cd_Te0.250_Se0.750-Cd_Se-POSCAR5-Charged-1.cif,4.56506448
14-Cd_Te0.250_Se0.750-Cd_Se-POSCAR6-Charged-1.cif,4.63462575
14-Cd_Te0.250_Se0.750-Cd_Se-POSCAR7-Charged-1.cif,4.61754088
14-Cd_Te0.250_Se0.750-Cd_Se-POSCAR8-Charged-1.cif,4.62613667
14-Cd_Te0.250_Se0.750-Cd_Se-POSCAR9-Charged-1.cif,4.66564462
14-Cd_Te0.250_Se0.750-Cd_Se-POSCAR10-Charged-1.cif,4.65814518
14-Cd_Te0.250_Se0.750-Cd_Se-POSCAR11-Charged-1.cif,4.63776523
14-Cd_Te0.250_Se0.750-Cd_Se-POSCAR12-Charged-1.cif,4.63682829
14-Cd_Te0.250_Se0.750-Cd_Se-POSCAR13-Charged-1.cif,4.63975896
14-Cd_Te0.250_Se0.750-Cd_Se-POSCAR14-Charged-1.cif,4.64330973
14-Cd_Te0.250_Se0.750-Cd_Se-POSCAR15-Charged-1.cif,4.6585488
14-Cd_Te0.250_Se0.750-Cd_Se-POSCAR16-Charged-1.cif,4.65058126
14-Cd_Te0.250_Se0.750-Cd_Se-POSCAR17-Charged-1.cif,4.62927193
14-Cd_Te0.250_Se0.750-Cd_Se-POSCAR18-Charged-1.cif,4.65644562
14-Cd_Te0.250_Se0.750-Cd_Se-POSCAR19-Charged-1.cif,4.66
15-Cd_Te0.250_Se0.750-Te_Cd-POSCAR0-Charged-1.cif,3.14736141
15-Cd_Te0.250_Se0.750-Te_Cd-POSCAR1-Charged-1.cif,3.14691624
15-Cd_Te0.250_Se0.750-Te_Cd-POSCAR2-Charged-1.cif,3.14287411
15-Cd_Te0.250_Se0.750-Te_Cd-POSCAR3-Charged-1.cif,3.14
16-Cd_Te0.250_Se0.750-Se_Cd-POSCAR0-Charged-1.cif,4.24036853
16-Cd_Te0.250_Se0.750-Se_Cd-POSCAR1-Charged-1.cif,4.1697214
16-Cd_Te0.250_Se0.750-Se_Cd-POSCAR2-Charged-1.cif,4.10465856
16-Cd_Te0.250_Se0.750-Se_Cd-POSCAR3-Charged-1.cif,4.08110072
16-Cd_Te0.250_Se0.750-Se_Cd-POSCAR4-Charged-1.cif,4.04197423
16-Cd_Te0.250_Se0.750-Se_Cd-POSCAR5-Charged-1.cif,4.01875806
16-Cd_Te0.250_Se0.750-Se_Cd-POSCAR6-Charged-1.cif,3.99429702
16-Cd_Te0.250_Se0.750-Se_Cd-POSCAR7-Charged-1.cif,3.97939714
16-Cd_Te0.250_Se0.750-Se_Cd-POSCAR8-Charged-1.cif,3.9696752
16-Cd_Te0.250_Se0.750-Se_Cd-POSCAR9-Charged-1.cif,3.96376588
16-Cd_Te0.250_Se0.750-Se_Cd-POSCAR10-Charged-1.cif,3.95768012
16-Cd_Te0.250_Se0.750-Se_Cd-POSCAR11-Charged-1.cif,3.95188983
16-Cd_Te0.250_Se0.750-Se_Cd-POSCAR12-Charged-1.cif,3.94528961
16-Cd_Te0.250_Se0.750-Se_Cd-POSCAR13-Charged-1.cif,3.94026963
16-Cd_Te0.250_Se0.750-Se_Cd-POSCAR14-Charged-1.cif,3.93565286
16-Cd_Te0.250_Se0.750-Se_Cd-POSCAR15-Charged-1.cif,3.93241257
16-Cd_Te0.250_Se0.750-Se_Cd-POSCAR16-Charged-1.cif,3.92956324
16-Cd_Te0.250_Se0.750-Se_Cd-POSCAR17-Charged-1.cif,3.92686019
16-Cd_Te0.250_Se0.750-Se_Cd-POSCAR18-Charged-1.cif,3.92422896
16-Cd_Te0.250_Se0.750-Se_Cd-POSCAR19-Charged-1.cif,3.9211157
16-Cd_Te0.250_Se0.750-Se_Cd-POSCAR20-Charged-1.cif,3.91705682
16-Cd_Te0.250_Se0.750-Se_Cd-POSCAR21-Charged-1.cif,3.91045266
16-Cd_Te0.250_Se0.750-Se_Cd-POSCAR22-Charged-1.cif,3.90202448
16-Cd_Te0.250_Se0.750-Se_Cd-POSCAR23-Charged-1.cif,3.9
17-Cd_Te0.500_Se0.500-V_Cd-POSCAR0-Charged-1.cif,2.1592288
17-Cd_Te0.500_Se0.500-V_Cd-POSCAR1-Charged-1.cif,2.15073907
17-Cd_Te0.500_Se0.500-V_Cd-POSCAR2-Charged-1.cif,2.14379685
17-Cd_Te0.500_Se0.500-V_Cd-POSCAR3-Charged-1.cif,2.14271414
17-Cd_Te0.500_Se0.500-V_Cd-POSCAR4-Charged-1.cif,2.14
18-Cd_Te0.500_Se0.500-V_Te-POSCAR0-Charged-1.cif,3.86096482
18-Cd_Te0.500_Se0.500-V_Te-POSCAR1-Charged-1.cif,3.85910214
18-Cd_Te0.500_Se0.500-V_Te-POSCAR2-Charged-1.cif,3.84910986
18-Cd_Te0.500_Se0.500-V_Te-POSCAR3-Charged-1.cif,3.83524563
18-Cd_Te0.500_Se0.500-V_Te-POSCAR4-Charged-1.cif,3.8372505
18-Cd_Te0.500_Se0.500-V_Te-POSCAR5-Charged-1.cif,3.83791324
18-Cd_Te0.500_Se0.500-V_Te-POSCAR6-Charged-1.cif,3.83501968
18-Cd_Te0.500_Se0.500-V_Te-POSCAR7-Charged-1.cif,3.83535812
18-Cd_Te0.500_Se0.500-V_Te-POSCAR8-Charged-1.cif,3.83350617
18-Cd_Te0.500_Se0.500-V_Te-POSCAR9-Charged-1.cif,3.83371198
18-Cd_Te0.500_Se0.500-V_Te-POSCAR10-Charged-1.cif,3.83196491
18-Cd_Te0.500_Se0.500-V_Te-POSCAR11-Charged-1.cif,3.83105388
18-Cd_Te0.500_Se0.500-V_Te-POSCAR12-Charged-1.cif,3.83484726
18-Cd_Te0.500_Se0.500-V_Te-POSCAR13-Charged-1.cif,3.83233203
18-Cd_Te0.500_Se0.500-V_Te-POSCAR14-Charged-1.cif,3.83184763
18-Cd_Te0.500_Se0.500-V_Te-POSCAR15-Charged-1.cif,3.83226196
18-Cd_Te0.500_Se0.500-V_Te-POSCAR16-Charged-1.cif,3.83246376
18-Cd_Te0.500_Se0.500-V_Te-POSCAR17-Charged-1.cif,3.83110502
18-Cd_Te0.500_Se0.500-V_Te-POSCAR18-Charged-1.cif,3.82962217
18-Cd_Te0.500_Se0.500-V_Te-POSCAR19-Charged-1.cif,3.84417114
18-Cd_Te0.500_Se0.500-V_Te-POSCAR20-Charged-1.cif,3.84100365
18-Cd_Te0.500_Se0.500-V_Te-POSCAR21-Charged-1.cif,3.83624504
18-Cd_Te0.500_Se0.500-V_Te-POSCAR22-Charged-1.cif,3.83521468
18-Cd_Te0.500_Se0.500-V_Te-POSCAR23-Charged-1.cif,3.84783249
18-Cd_Te0.500_Se0.500-V_Te-POSCAR24-Charged-1.cif,3.84304563
18-Cd_Te0.500_Se0.500-V_Te-POSCAR25-Charged-1.cif,3.83966304
18-Cd_Te0.500_Se0.500-V_Te-POSCAR26-Charged-1.cif,3.83981711
18-Cd_Te0.500_Se0.500-V_Te-POSCAR27-Charged-1.cif,3.85095778
18-Cd_Te0.500_Se0.500-V_Te-POSCAR28-Charged-1.cif,3.86166507
18-Cd_Te0.500_Se0.500-V_Te-POSCAR29-Charged-1.cif,3.8612312
18-Cd_Te0.500_Se0.500-V_Te-POSCAR30-Charged-1.cif,3.8588544
18-Cd_Te0.500_Se0.500-V_Te-POSCAR31-Charged-1.cif,3.85784343
18-Cd_Te0.500_Se0.500-V_Te-POSCAR32-Charged-1.cif,3.85835015
18-Cd_Te0.500_Se0.500-V_Te-POSCAR33-Charged-1.cif,3.86827472
18-Cd_Te0.500_Se0.500-V_Te-POSCAR34-Charged-1.cif,3.848908
18-Cd_Te0.500_Se0.500-V_Te-POSCAR35-Charged-1.cif,3.84926232
18-Cd_Te0.500_Se0.500-V_Te-POSCAR36-Charged-1.cif,3.84944785
18-Cd_Te0.500_Se0.500-V_Te-POSCAR37-Charged-1.cif,3.84845616
18-Cd_Te0.500_Se0.500-V_Te-POSCAR38-Charged-1.cif,3.84996972
18-Cd_Te0.500_Se0.500-V_Te-POSCAR39-Charged-1.cif,3.84797999
18-Cd_Te0.500_Se0.500-V_Te-POSCAR40-Charged-1.cif,3.84697045
18-Cd_Te0.500_Se0.500-V_Te-POSCAR41-Charged-1.cif,3.87759603
18-Cd_Te0.500_Se0.500-V_Te-POSCAR42-Charged-1.cif,3.84427758
18-Cd_Te0.500_Se0.500-V_Te-POSCAR43-Charged-1.cif,3.84461853
18-Cd_Te0.500_Se0.500-V_Te-POSCAR44-Charged-1.cif,3.85648284
18-Cd_Te0.500_Se0.500-V_Te-POSCAR45-Charged-1.cif,3.84395156
18-Cd_Te0.500_Se0.500-V_Te-POSCAR46-Charged-1.cif,3.84324463
18-Cd_Te0.500_Se0.500-V_Te-POSCAR47-Charged-1.cif,3.85907674
18-Cd_Te0.500_Se0.500-V_Te-POSCAR48-Charged-1.cif,3.87612659
18-Cd_Te0.500_Se0.500-V_Te-POSCAR49-Charged-1.cif,3.83317128
18-Cd_Te0.500_Se0.500-V_Te-POSCAR50-Charged-1.cif,3.87288147
18-Cd_Te0.500_Se0.500-V_Te-POSCAR51-Charged-1.cif,3.89519096
18-Cd_Te0.500_Se0.500-V_Te-POSCAR52-Charged-1.cif,3.84
19-Cd_Te0.500_Se0.500-V_Se-POSCAR0-Charged-1.cif,2.77009538
19-Cd_Te0.500_Se0.500-V_Se-POSCAR1-Charged-1.cif,2.76701922
19-Cd_Te0.500_Se0.500-V_Se-POSCAR2-Charged-1.cif,2.76543996
19-Cd_Te0.500_Se0.500-V_Se-POSCAR3-Charged-1.cif,2.76375636
19-Cd_Te0.500_Se0.500-V_Se-POSCAR4-Charged-1.cif,2.76
20-Cd_Te0.500_Se0.500-Cd_i-POSCAR0-Charged-1.cif,3.41590259
20-Cd_Te0.500_Se0.500-Cd_i-POSCAR1-Charged-1.cif,3.4091652
20-Cd_Te0.500_Se0.500-Cd_i-POSCAR2-Charged-1.cif,3.40298676
20-Cd_Te0.500_Se0.500-Cd_i-POSCAR3-Charged-1.cif,3.40141261
20-Cd_Te0.500_Se0.500-Cd_i-POSCAR4-Charged-1.cif,3.39
21-Cd_Te0.500_Se0.500-Te_i-POSCAR0-Charged-1.cif,4.51151844
21-Cd_Te0.500_Se0.500-Te_i-POSCAR1-Charged-1.cif,4.51
22-Cd_Te0.500_Se0.500-Se_i-POSCAR0-Charged-1.cif,4.02156598
22-Cd_Te0.500_Se0.500-Se_i-POSCAR1-Charged-1.cif,4.02
23-Cd_Te0.500_Se0.500-Cd_Te-POSCAR0-Charged-1.cif,2.96933742
23-Cd_Te0.500_Se0.500-Cd_Te-POSCAR1-Charged-1.cif,2.96796878
23-Cd_Te0.500_Se0.500-Cd_Te-POSCAR2-Charged-1.cif,2.99621755
23-Cd_Te0.500_Se0.500-Cd_Te-POSCAR3-Charged-1.cif,2.96852425
23-Cd_Te0.500_Se0.500-Cd_Te-POSCAR4-Charged-1.cif,2.96530575
23-Cd_Te0.500_Se0.500-Cd_Te-POSCAR5-Charged-1.cif,3.00602325
23-Cd_Te0.500_Se0.500-Cd_Te-POSCAR6-Charged-1.cif,2.97723047
23-Cd_Te0.500_Se0.500-Cd_Te-POSCAR7-Charged-1.cif,2.97985456
23-Cd_Te0.500_Se0.500-Cd_Te-POSCAR8-Charged-1.cif,2.95987919
23-Cd_Te0.500_Se0.500-Cd_Te-POSCAR9-Charged-1.cif,2.97100888
23-Cd_Te0.500_Se0.500-Cd_Te-POSCAR10-Charged-1.cif,2.94355359
23-Cd_Te0.500_Se0.500-Cd_Te-POSCAR11-Charged-1.cif,2.93060206
23-Cd_Te0.500_Se0.500-Cd_Te-POSCAR12-Charged-1.cif,2.92336345
23-Cd_Te0.500_Se0.500-Cd_Te-POSCAR13-Charged-1.cif,2.90169688
23-Cd_Te0.500_Se0.500-Cd_Te-POSCAR14-Charged-1.cif,2.89510774
23-Cd_Te0.500_Se0.500-Cd_Te-POSCAR15-Charged-1.cif,2.88512449
23-Cd_Te0.500_Se0.500-Cd_Te-POSCAR16-Charged-1.cif,2.87
24-Cd_Te0.500_Se0.500-Cd_Se-POSCAR0-Charged-1.cif,3.14951606
24-Cd_Te0.500_Se0.500-Cd_Se-POSCAR1-Charged-1.cif,3.13705593
24-Cd_Te0.500_Se0.500-Cd_Se-POSCAR2-Charged-1.cif,3.11994359
24-Cd_Te0.500_Se0.500-Cd_Se-POSCAR3-Charged-1.cif,3.11324897
24-Cd_Te0.500_Se0.500-Cd_Se-POSCAR4-Charged-1.cif,3.10919416
24-Cd_Te0.500_Se0.500-Cd_Se-POSCAR5-Charged-1.cif,3.1058022
24-Cd_Te0.500_Se0.500-Cd_Se-POSCAR6-Charged-1.cif,3.10275377
24-Cd_Te0.500_Se0.500-Cd_Se-POSCAR7-Charged-1.cif,3.1
25-Cd_Te0.500_Se0.500-Te_Cd-POSCAR0-Charged-1.cif,5.13318122
25-Cd_Te0.500_Se0.500-Te_Cd-POSCAR1-Charged-1.cif,5.0832879
25-Cd_Te0.500_Se0.500-Te_Cd-POSCAR2-Charged-1.cif,5.00678469
25-Cd_Te0.500_Se0.500-Te_Cd-POSCAR3-Charged-1.cif,4.97398143
25-Cd_Te0.500_Se0.500-Te_Cd-POSCAR4-Charged-1.cif,4.90157282
25-Cd_Te0.500_Se0.500-Te_Cd-POSCAR5-Charged-1.cif,4.86117719
25-Cd_Te0.500_Se0.500-Te_Cd-POSCAR6-Charged-1.cif,4.81487402
25-Cd_Te0.500_Se0.500-Te_Cd-POSCAR7-Charged-1.cif,4.80217367
25-Cd_Te0.500_Se0.500-Te_Cd-POSCAR8-Charged-1.cif,4.77854309
25-Cd_Te0.500_Se0.500-Te_Cd-POSCAR9-Charged-1.cif,4.77086474
25-Cd_Te0.500_Se0.500-Te_Cd-POSCAR10-Charged-1.cif,4.75716175
25-Cd_Te0.500_Se0.500-Te_Cd-POSCAR11-Charged-1.cif,4.75178931
25-Cd_Te0.500_Se0.500-Te_Cd-POSCAR12-Charged-1.cif,4.74256078
25-Cd_Te0.500_Se0.500-Te_Cd-POSCAR13-Charged-1.cif,4.73970372
25-Cd_Te0.500_Se0.500-Te_Cd-POSCAR14-Charged-1.cif,4.73465071
25-Cd_Te0.500_Se0.500-Te_Cd-POSCAR15-Charged-1.cif,4.73303035
25-Cd_Te0.500_Se0.500-Te_Cd-POSCAR16-Charged-1.cif,4.73
26-Cd_Te0.500_Se0.500-Se_Cd-POSCAR0-Charged-1.cif,-3.11452865
26-Cd_Te0.500_Se0.500-Se_Cd-POSCAR1-Charged-1.cif,-3.13187149
26-Cd_Te0.500_Se0.500-Se_Cd-POSCAR2-Charged-1.cif,-3.1427036
26-Cd_Te0.500_Se0.500-Se_Cd-POSCAR3-Charged-1.cif,-3.14665685
26-Cd_Te0.500_Se0.500-Se_Cd-POSCAR4-Charged-1.cif,-3.15165308
26-Cd_Te0.500_Se0.500-Se_Cd-POSCAR5-Charged-1.cif,-3.15567202
26-Cd_Te0.500_Se0.500-Se_Cd-POSCAR6-Charged-1.cif,-3.16046615
26-Cd_Te0.500_Se0.500-Se_Cd-POSCAR7-Charged-1.cif,-3.16447181
26-Cd_Te0.500_Se0.500-Se_Cd-POSCAR8-Charged-1.cif,-3.16722543
26-Cd_Te0.500_Se0.500-Se_Cd-POSCAR9-Charged-1.cif,-3.17
27-Cd_Te0.750_Se0.250-V_Cd-POSCAR0-Charged-1.cif,2.17905717
27-Cd_Te0.750_Se0.250-V_Cd-POSCAR1-Charged-1.cif,2.17187596
27-Cd_Te0.750_Se0.250-V_Cd-POSCAR2-Charged-1.cif,2.1639644
27-Cd_Te0.750_Se0.250-V_Cd-POSCAR3-Charged-1.cif,2.16278655
27-Cd_Te0.750_Se0.250-V_Cd-POSCAR4-Charged-1.cif,2.16
28-Cd_Te0.750_Se0.250-V_Te-POSCAR0-Charged-1.cif,4.95057771
28-Cd_Te0.750_Se0.250-V_Te-POSCAR1-Charged-1.cif,4.94592832
28-Cd_Te0.750_Se0.250-V_Te-POSCAR2-Charged-1.cif,4.93971329
28-Cd_Te0.750_Se0.250-V_Te-POSCAR3-Charged-1.cif,4.93828633
28-Cd_Te0.750_Se0.250-V_Te-POSCAR4-Charged-1.cif,4.93395978
28-Cd_Te0.750_Se0.250-V_Te-POSCAR5-Charged-1.cif,4.93239505
28-Cd_Te0.750_Se0.250-V_Te-POSCAR6-Charged-1.cif,4.93
29-Cd_Te0.750_Se0.250-V_Se-POSCAR0-Charged-1.cif,1.94625792
29-Cd_Te0.750_Se0.250-V_Se-POSCAR1-Charged-1.cif,1.94350752
29-Cd_Te0.750_Se0.250-V_Se-POSCAR2-Charged-1.cif,1.94
30-Cd_Te0.750_Se0.250-Cd_i-POSCAR0-Charged-1.cif,3.82400522
30-Cd_Te0.750_Se0.250-Cd_i-POSCAR1-Charged-1.cif,3.81868579
30-Cd_Te0.750_Se0.250-Cd_i-POSCAR2-Charged-1.cif,3.8137605
30-Cd_Te0.750_Se0.250-Cd_i-POSCAR3-Charged-1.cif,3.81297965
30-Cd_Te0.750_Se0.250-Cd_i-POSCAR4-Charged-1.cif,3.81
31-Cd_Te0.750_Se0.250-Te_i-POSCAR0-Charged-1.cif,3.2761182
31-Cd_Te0.750_Se0.250-Te_i-POSCAR1-Charged-1.cif,3.27367604
31-Cd_Te0.750_Se0.250-Te_i-POSCAR2-Charged-1.cif,3.27
32-Cd_Te0.750_Se0.250-Se_i-POSCAR0-Charged-1.cif,4.82928289
32-Cd_Te0.750_Se0.250-Se_i-POSCAR1-Charged-1.cif,4.82604939
32-Cd_Te0.750_Se0.250-Se_i-POSCAR2-Charged-1.cif,4.82283762
32-Cd_Te0.750_Se0.250-Se_i-POSCAR3-Charged-1.cif,4.82071159
32-Cd_Te0.750_Se0.250-Se_i-POSCAR4-Charged-1.cif,4.82
33-Cd_Te0.750_Se0.250-Cd_Te-POSCAR0-Charged-1.cif,4.48511974
33-Cd_Te0.750_Se0.250-Cd_Te-POSCAR1-Charged-1.cif,4.47683267
33-Cd_Te0.750_Se0.250-Cd_Te-POSCAR2-Charged-1.cif,4.46190396
33-Cd_Te0.750_Se0.250-Cd_Te-POSCAR3-Charged-1.cif,4.45575875
33-Cd_Te0.750_Se0.250-Cd_Te-POSCAR4-Charged-1.cif,4.4340387
33-Cd_Te0.750_Se0.250-Cd_Te-POSCAR5-Charged-1.cif,4.42270643
33-Cd_Te0.750_Se0.250-Cd_Te-POSCAR6-Charged-1.cif,4.39830592
33-Cd_Te0.750_Se0.250-Cd_Te-POSCAR7-Charged-1.cif,4.39644154
33-Cd_Te0.750_Se0.250-Cd_Te-POSCAR8-Charged-1.cif,4.39
34-Cd_Te0.750_Se0.250-Cd_Se-POSCAR0-Charged-1.cif,2.98018012
34-Cd_Te0.750_Se0.250-Cd_Se-POSCAR1-Charged-1.cif,2.96343889
34-Cd_Te0.750_Se0.250-Cd_Se-POSCAR2-Charged-1.cif,2.93038022
34-Cd_Te0.750_Se0.250-Cd_Se-POSCAR3-Charged-1.cif,2.91752899
34-Cd_Te0.750_Se0.250-Cd_Se-POSCAR4-Charged-1.cif,2.88118755
34-Cd_Te0.750_Se0.250-Cd_Se-POSCAR5-Charged-1.cif,2.87064758
34-Cd_Te0.750_Se0.250-Cd_Se-POSCAR6-Charged-1.cif,2.86
35-Cd_Te0.750_Se0.250-Te_Cd-POSCAR0-Charged-1.cif,3.50204504
35-Cd_Te0.750_Se0.250-Te_Cd-POSCAR1-Charged-1.cif,3.45442562
35-Cd_Te0.750_Se0.250-Te_Cd-POSCAR2-Charged-1.cif,3.38360957
35-Cd_Te0.750_Se0.250-Te_Cd-POSCAR3-Charged-1.cif,3.35991683
35-Cd_Te0.750_Se0.250-Te_Cd-POSCAR4-Charged-1.cif,3.30432493
35-Cd_Te0.750_Se0.250-Te_Cd-POSCAR5-Charged-1.cif,3.26710155
35-Cd_Te0.750_Se0.250-Te_Cd-POSCAR6-Charged-1.cif,3.22568964
35-Cd_Te0.750_Se0.250-Te_Cd-POSCAR7-Charged-1.cif,3.20701179
35-Cd_Te0.750_Se0.250-Te_Cd-POSCAR8-Charged-1.cif,3.17267099
35-Cd_Te0.750_Se0.250-Te_Cd-POSCAR9-Charged-1.cif,3.16212207
35-Cd_Te0.750_Se0.250-Te_Cd-POSCAR10-Charged-1.cif,3.15092046
35-Cd_Te0.750_Se0.250-Te_Cd-POSCAR11-Charged-1.cif,3.14463821
35-Cd_Te0.750_Se0.250-Te_Cd-POSCAR12-Charged-1.cif,3.13747338
35-Cd_Te0.750_Se0.250-Te_Cd-POSCAR13-Charged-1.cif,3.13273247
35-Cd_Te0.750_Se0.250-Te_Cd-POSCAR14-Charged-1.cif,3.12742435
35-Cd_Te0.750_Se0.250-Te_Cd-POSCAR15-Charged-1.cif,3.12389182
35-Cd_Te0.750_Se0.250-Te_Cd-POSCAR16-Charged-1.cif,3.12
36-Cd_Te0.750_Se0.250-Se_Cd-POSCAR0-Charged-1.cif,5.96033507
36-Cd_Te0.750_Se0.250-Se_Cd-POSCAR1-Charged-1.cif,5.94701479
36-Cd_Te0.750_Se0.250-Se_Cd-POSCAR2-Charged-1.cif,5.9316894
36-Cd_Te0.750_Se0.250-Se_Cd-POSCAR3-Charged-1.cif,5.93
37-CdSe-V_Cd-POSCAR0-Charged-1.cif,2.35
38-CdSe-V_Se-POSCAR0-Charged-1.cif,4.27
39-CdSe-Cd_i_1-POSCAR0-Charged-1.cif,5.13
40-CdSe-Se_i_1-POSCAR0-Charged-1.cif,4.04
41-CdSe-Cd_Se-POSCAR0-Charged-1.cif,6.41
42-CdSe-Se_Cd-POSCAR0-Charged-1.cif,3.8