1-CdTe-V_Cd-POSCAR0-Charged+2.cif,3.44
2-CdTe-V_Te-POSCAR0-Charged+2.cif,0.07
3-CdTe-Cd_i_1-POSCAR0-Charged+2.cif,0.34
4-CdTe-Te_i_1-POSCAR0-Charged+2.cif,3.4
5-CdTe-Cd_Te-POSCAR0-Charged+2.cif,0.42
6-CdTe-Te_Cd-POSCAR0-Charged+2.cif,3.33862817
6-CdTe-Te_Cd-POSCAR1-Charged+2.cif,3.1397429
6-CdTe-Te_Cd-POSCAR2-Charged+2.cif,2.91613499
6-CdTe-Te_Cd-POSCAR3-Charged+2.cif,2.90542262
6-CdTe-Te_Cd-POSCAR4-Charged+2.cif,2.9
7-Cd_Te0.250_Se0.750-V_Cd-POSCAR0-Charged+2.cif,4.20033076
7-Cd_Te0.250_Se0.750-V_Cd-POSCAR1-Charged+2.cif,4.19467705
7-Cd_Te0.250_Se0.750-V_Cd-POSCAR2-Charged+2.cif,4.19
8-Cd_Te0.250_Se0.750-V_Te-POSCAR0-Charged+2.cif,-1.5319416
8-Cd_Te0.250_Se0.750-V_Te-POSCAR1-Charged+2.cif,-1.53549674
8-Cd_Te0.250_Se0.750-V_Te-POSCAR2-Charged+2.cif,-1.55552739
8-Cd_Te0.250_Se0.750-V_Te-POSCAR3-Charged+2.cif,-1.56
9-Cd_Te0.250_Se0.750-V_Se-POSCAR0-Charged+2.cif,0.77861854
9-Cd_Te0.250_Se0.750-V_Se-POSCAR1-Charged+2.cif,0.76961598
9-Cd_Te0.250_Se0.750-V_Se-POSCAR2-Charged+2.cif,0.76
10-Cd_Te0.250_Se0.750-Cd_i-POSCAR0-Charged+2.cif,0.28640227
10-Cd_Te0.250_Se0.750-Cd_i-POSCAR1-Charged+2.cif,0.027156
10-Cd_Te0.250_Se0.750-Cd_i-POSCAR2-Charged+2.cif,-0.15072249
10-Cd_Te0.250_Se0.750-Cd_i-POSCAR3-Charged+2.cif,-0.16602487
10-Cd_Te0.250_Se0.750-Cd_i-POSCAR4-Charged+2.cif,-0.18099292
10-Cd_Te0.250_Se0.750-Cd_i-POSCAR5-Charged+2.cif,-0.18623498
10-Cd_Te0.250_Se0.750-Cd_i-POSCAR6-Charged+2.cif,-0.19
11-Cd_Te0.250_Se0.750-Te_i-POSCAR0-Charged+2.cif,4.11189688
11-Cd_Te0.250_Se0.750-Te_i-POSCAR1-Charged+2.cif,4.05770551
11-Cd_Te0.250_Se0.750-Te_i-POSCAR2-Charged+2.cif,4.01470972
11-Cd_Te0.250_Se0.750-Te_i-POSCAR3-Charged+2.cif,3.99270183
11-Cd_Te0.250_Se0.750-Te_i-POSCAR4-Charged+2.cif,3.97666322
11-Cd_Te0.250_Se0.750-Te_i-POSCAR5-Charged+2.cif,3.96325006
11-Cd_Te0.250_Se0.750-Te_i-POSCAR6-Charged+2.cif,3.95505815
11-Cd_Te0.250_Se0.750-Te_i-POSCAR7-Charged+2.cif,3.94891107
11-Cd_Te0.250_Se0.750-Te_i-POSCAR8-Charged+2.cif,3.94438005
11-Cd_Te0.250_Se0.750-Te_i-POSCAR9-Charged+2.cif,3.94020956
11-Cd_Te0.250_Se0.750-Te_i-POSCAR10-Charged+2.cif,3.9372111
11-Cd_Te0.250_Se0.750-Te_i-POSCAR11-Charged+2.cif,3.93401306
11-Cd_Te0.250_Se0.750-Te_i-POSCAR12-Charged+2.cif,3.93091449
11-Cd_Te0.250_Se0.750-Te_i-POSCAR13-Charged+2.cif,3.92723726
11-Cd_Te0.250_Se0.750-Te_i-POSCAR14-Charged+2.cif,3.92431257
11-Cd_Te0.250_Se0.750-Te_i-POSCAR15-Charged+2.cif,3.92139198
11-Cd_Te0.250_Se0.750-Te_i-POSCAR16-Charged+2.cif,3.92
12-Cd_Te0.250_Se0.750-Se_i-POSCAR0-Charged+2.cif,2.22592364
12-Cd_Te0.250_Se0.750-Se_i-POSCAR1-Charged+2.cif,2.22479887
12-Cd_Te0.250_Se0.750-Se_i-POSCAR2-Charged+2.cif,2.23308347
12-Cd_Te0.250_Se0.750-Se_i-POSCAR3-Charged+2.cif,2.22980759
12-Cd_Te0.250_Se0.750-Se_i-POSCAR4-Charged+2.cif,2.22803514
12-Cd_Te0.250_Se0.750-Se_i-POSCAR5-Charged+2.cif,2.22938787
12-Cd_Te0.250_Se0.750-Se_i-POSCAR6-Charged+2.cif,2.23725689
12-Cd_Te0.250_Se0.750-Se_i-POSCAR7-Charged+2.cif,2.22907708
12-Cd_Te0.250_Se0.750-Se_i-POSCAR8-Charged+2.cif,2.22922538
12-Cd_Te0.250_Se0.750-Se_i-POSCAR9-Charged+2.cif,2.23565138
12-Cd_Te0.250_Se0.750-Se_i-POSCAR10-Charged+2.cif,2.23832332
12-Cd_Te0.250_Se0.750-Se_i-POSCAR11-Charged+2.cif,2.24
13-Cd_Te0.250_Se0.750-Cd_Te-POSCAR0-Charged+2.cif,-0.55025857
13-Cd_Te0.250_Se0.750-Cd_Te-POSCAR1-Charged+2.cif,-0.6704077
13-Cd_Te0.250_Se0.750-Cd_Te-POSCAR2-Charged+2.cif,-0.80367052
13-Cd_Te0.250_Se0.750-Cd_Te-POSCAR3-Charged+2.cif,-0.83298855
13-Cd_Te0.250_Se0.750-Cd_Te-POSCAR4-Charged+2.cif,-0.89708142
13-Cd_Te0.250_Se0.750-Cd_Te-POSCAR5-Charged+2.cif,-0.91121518
13-Cd_Te0.250_Se0.750-Cd_Te-POSCAR6-Charged+2.cif,-0.92
14-Cd_Te0.250_Se0.750-Cd_Se-POSCAR0-Charged+2.cif,1.17162023
14-Cd_Te0.250_Se0.750-Cd_Se-POSCAR1-Charged+2.cif,0.9975192
14-Cd_Te0.250_Se0.750-Cd_Se-POSCAR2-Charged+2.cif,0.81186106
14-Cd_Te0.250_Se0.750-Cd_Se-POSCAR3-Charged+2.cif,0.77741307
14-Cd_Te0.250_Se0.750-Cd_Se-POSCAR4-Charged+2.cif,0.69995339
14-Cd_Te0.250_Se0.750-Cd_Se-POSCAR5-Charged+2.cif,0.68093393
14-Cd_Te0.250_Se0.750-Cd_Se-POSCAR6-Charged+2.cif,0.6568427
14-Cd_Te0.250_Se0.750-Cd_Se-POSCAR7-Charged+2.cif,0.65
15-Cd_Te0.250_Se0.750-Te_Cd-POSCAR0-Charged+2.cif,5.20765078
15-Cd_Te0.250_Se0.750-Te_Cd-POSCAR1-Charged+2.cif,5.06881775
15-Cd_Te0.250_Se0.750-Te_Cd-POSCAR2-Charged+2.cif,4.76073137
15-Cd_Te0.250_Se0.750-Te_Cd-POSCAR3-Charged+2.cif,4.63059018
15-Cd_Te0.250_Se0.750-Te_Cd-POSCAR4-Charged+2.cif,4.53349398
15-Cd_Te0.250_Se0.750-Te_Cd-POSCAR5-Charged+2.cif,4.48663968
15-Cd_Te0.250_Se0.750-Te_Cd-POSCAR6-Charged+2.cif,4.48451511
15-Cd_Te0.250_Se0.750-Te_Cd-POSCAR7-Charged+2.cif,4.47582248
15-Cd_Te0.250_Se0.750-Te_Cd-POSCAR8-Charged+2.cif,4.41610796
15-Cd_Te0.250_Se0.750-Te_Cd-POSCAR9-Charged+2.cif,4.40291298
15-Cd_Te0.250_Se0.750-Te_Cd-POSCAR10-Charged+2.cif,4.39188402
15-Cd_Te0.250_Se0.750-Te_Cd-POSCAR11-Charged+2.cif,4.39
16-Cd_Te0.250_Se0.750-Se_Cd-POSCAR0-Charged+2.cif,4.33395181
16-Cd_Te0.250_Se0.750-Se_Cd-POSCAR1-Charged+2.cif,4.25704792
16-Cd_Te0.250_Se0.750-Se_Cd-POSCAR2-Charged+2.cif,4.09792822
16-Cd_Te0.250_Se0.750-Se_Cd-POSCAR3-Charged+2.cif,4.00805146
16-Cd_Te0.250_Se0.750-Se_Cd-POSCAR4-Charged+2.cif,3.90095888
16-Cd_Te0.250_Se0.750-Se_Cd-POSCAR5-Charged+2.cif,3.87037367
16-Cd_Te0.250_Se0.750-Se_Cd-POSCAR6-Charged+2.cif,3.78740203
16-Cd_Te0.250_Se0.750-Se_Cd-POSCAR7-Charged+2.cif,3.77880375
16-Cd_Te0.250_Se0.750-Se_Cd-POSCAR8-Charged+2.cif,3.75367114
16-Cd_Te0.250_Se0.750-Se_Cd-POSCAR9-Charged+2.cif,3.74062024
16-Cd_Te0.250_Se0.750-Se_Cd-POSCAR10-Charged+2.cif,3.71500237
16-Cd_Te0.250_Se0.750-Se_Cd-POSCAR11-Charged+2.cif,3.70522865
16-Cd_Te0.250_Se0.750-Se_Cd-POSCAR12-Charged+2.cif,3.7
17-Cd_Te0.500_Se0.500-V_Cd-POSCAR0-Charged+2.cif,3.5161227
17-Cd_Te0.500_Se0.500-V_Cd-POSCAR1-Charged+2.cif,3.50519982
17-Cd_Te0.500_Se0.500-V_Cd-POSCAR2-Charged+2.cif,3.49510567
17-Cd_Te0.500_Se0.500-V_Cd-POSCAR3-Charged+2.cif,3.49370603
17-Cd_Te0.500_Se0.500-V_Cd-POSCAR4-Charged+2.cif,3.49
18-Cd_Te0.500_Se0.500-V_Te-POSCAR0-Charged+2.cif,-0.14333552
18-Cd_Te0.500_Se0.500-V_Te-POSCAR1-Charged+2.cif,-0.15314652
18-Cd_Te0.500_Se0.500-V_Te-POSCAR2-Charged+2.cif,-0.16
19-Cd_Te0.500_Se0.500-V_Se-POSCAR0-Charged+2.cif,1.12737584
19-Cd_Te0.500_Se0.500-V_Se-POSCAR1-Charged+2.cif,0.99982883
19-Cd_Te0.500_Se0.500-V_Se-POSCAR2-Charged+2.cif,0.83152608
19-Cd_Te0.500_Se0.500-V_Se-POSCAR3-Charged+2.cif,0.75792462
19-Cd_Te0.500_Se0.500-V_Se-POSCAR4-Charged+2.cif,0.71983135
19-Cd_Te0.500_Se0.500-V_Se-POSCAR5-Charged+2.cif,0.65534423
19-Cd_Te0.500_Se0.500-V_Se-POSCAR6-Charged+2.cif,0.63162604
19-Cd_Te0.500_Se0.500-V_Se-POSCAR7-Charged+2.cif,0.59224132
19-Cd_Te0.500_Se0.500-V_Se-POSCAR8-Charged+2.cif,0.58536146
19-Cd_Te0.500_Se0.500-V_Se-POSCAR9-Charged+2.cif,0.56229137
19-Cd_Te0.500_Se0.500-V_Se-POSCAR10-Charged+2.cif,0.55860868
19-Cd_Te0.500_Se0.500-V_Se-POSCAR11-Charged+2.cif,0.54516404
19-Cd_Te0.500_Se0.500-V_Se-POSCAR12-Charged+2.cif,0.54439974
19-Cd_Te0.500_Se0.500-V_Se-POSCAR13-Charged+2.cif,0.53715239
19-Cd_Te0.500_Se0.500-V_Se-POSCAR14-Charged+2.cif,0.53701331
19-Cd_Te0.500_Se0.500-V_Se-POSCAR15-Charged+2.cif,0.53304634
19-Cd_Te0.500_Se0.500-V_Se-POSCAR16-Charged+2.cif,0.53289076
19-Cd_Te0.500_Se0.500-V_Se-POSCAR17-Charged+2.cif,0.53
20-Cd_Te0.500_Se0.500-Cd_i-POSCAR0-Charged+2.cif,0.58249437
20-Cd_Te0.500_Se0.500-Cd_i-POSCAR1-Charged+2.cif,0.23744732
20-Cd_Te0.500_Se0.500-Cd_i-POSCAR2-Charged+2.cif,-0.02099116
20-Cd_Te0.500_Se0.500-Cd_i-POSCAR3-Charged+2.cif,-0.04808242
20-Cd_Te0.500_Se0.500-Cd_i-POSCAR4-Charged+2.cif,-0.07422677
20-Cd_Te0.500_Se0.500-Cd_i-POSCAR5-Charged+2.cif,-0.08154306
20-Cd_Te0.500_Se0.500-Cd_i-POSCAR6-Charged+2.cif,-0.08807614
20-Cd_Te0.500_Se0.500-Cd_i-POSCAR7-Charged+2.cif,-0.09
21-Cd_Te0.500_Se0.500-Te_i-POSCAR0-Charged+2.cif,2.83993356
21-Cd_Te0.500_Se0.500-Te_i-POSCAR1-Charged+2.cif,2.79333876
21-Cd_Te0.500_Se0.500-Te_i-POSCAR2-Charged+2.cif,2.75719981
21-Cd_Te0.500_Se0.500-Te_i-POSCAR3-Charged+2.cif,2.7339814
21-Cd_Te0.500_Se0.500-Te_i-POSCAR4-Charged+2.cif,2.72287439
21-Cd_Te0.500_Se0.500-Te_i-POSCAR5-Charged+2.cif,2.70359006
21-Cd_Te0.500_Se0.500-Te_i-POSCAR6-Charged+2.cif,2.69400265
21-Cd_Te0.500_Se0.500-Te_i-POSCAR7-Charged+2.cif,2.68259084
21-Cd_Te0.500_Se0.500-Te_i-POSCAR8-Charged+2.cif,2.6751605
21-Cd_Te0.500_Se0.500-Te_i-POSCAR9-Charged+2.cif,2.66663198
21-Cd_Te0.500_Se0.500-Te_i-POSCAR10-Charged+2.cif,2.66418985
21-Cd_Te0.500_Se0.500-Te_i-POSCAR11-Charged+2.cif,2.65866585
21-Cd_Te0.500_Se0.500-Te_i-POSCAR12-Charged+2.cif,2.65804208
21-Cd_Te0.500_Se0.500-Te_i-POSCAR13-Charged+2.cif,2.65327034
21-Cd_Te0.500_Se0.500-Te_i-POSCAR14-Charged+2.cif,2.65273072
21-Cd_Te0.500_Se0.500-Te_i-POSCAR15-Charged+2.cif,2.65
22-Cd_Te0.500_Se0.500-Se_i-POSCAR0-Charged+2.cif,2.53112496
22-Cd_Te0.500_Se0.500-Se_i-POSCAR1-Charged+2.cif,2.5043616
22-Cd_Te0.500_Se0.500-Se_i-POSCAR2-Charged+2.cif,2.47998807
22-Cd_Te0.500_Se0.500-Se_i-POSCAR3-Charged+2.cif,2.46124756
22-Cd_Te0.500_Se0.500-Se_i-POSCAR4-Charged+2.cif,2.44824563
22-Cd_Te0.500_Se0.500-Se_i-POSCAR5-Charged+2.cif,2.43748364
22-Cd_Te0.500_Se0.500-Se_i-POSCAR6-Charged+2.cif,2.43340539
22-Cd_Te0.500_Se0.500-Se_i-POSCAR7-Charged+2.cif,2.42651321
22-Cd_Te0.500_Se0.500-Se_i-POSCAR8-Charged+2.cif,2.42019425
22-Cd_Te0.500_Se0.500-Se_i-POSCAR9-Charged+2.cif,2.41537718
22-Cd_Te0.500_Se0.500-Se_i-POSCAR10-Charged+2.cif,2.41261126
22-Cd_Te0.500_Se0.500-Se_i-POSCAR11-Charged+2.cif,2.41
23-Cd_Te0.500_Se0.500-Cd_Te-POSCAR0-Charged+2.cif,1.06523299
23-Cd_Te0.500_Se0.500-Cd_Te-POSCAR1-Charged+2.cif,0.89459193
23-Cd_Te0.500_Se0.500-Cd_Te-POSCAR2-Charged+2.cif,0.69986244
23-Cd_Te0.500_Se0.500-Cd_Te-POSCAR3-Charged+2.cif,0.66426402
23-Cd_Te0.500_Se0.500-Cd_Te-POSCAR4-Charged+2.cif,0.57824112
23-Cd_Te0.500_Se0.500-Cd_Te-POSCAR5-Charged+2.cif,0.55859276
23-Cd_Te0.500_Se0.500-Cd_Te-POSCAR6-Charged+2.cif,0.53640488
23-Cd_Te0.500_Se0.500-Cd_Te-POSCAR7-Charged+2.cif,0.53
24-Cd_Te0.500_Se0.500-Cd_Se-POSCAR0-Charged+2.cif,0.39171092
24-Cd_Te0.500_Se0.500-Cd_Se-POSCAR1-Charged+2.cif,0.39
25-Cd_Te0.500_Se0.500-Te_Cd-POSCAR0-Charged+2.cif,3.57691697
25-Cd_Te0.500_Se0.500-Te_Cd-POSCAR1-Charged+2.cif,3.3962042
25-Cd_Te0.500_Se0.500-Te_Cd-POSCAR2-Charged+2.cif,3.10948004
25-Cd_Te0.500_Se0.500-Te_Cd-POSCAR3-Charged+2.cif,3.05339055
25-Cd_Te0.500_Se0.500-Te_Cd-POSCAR4-Charged+2.cif,3.00712006
25-Cd_Te0.500_Se0.500-Te_Cd-POSCAR5-Charged+2.cif,2.97083987
25-Cd_Te0.500_Se0.500-Te_Cd-POSCAR6-Charged+2.cif,2.88797666
25-Cd_Te0.500_Se0.500-Te_Cd-POSCAR7-Charged+2.cif,2.81725923
25-Cd_Te0.500_Se0.500-Te_Cd-POSCAR8-Charged+2.cif,2.7661451
25-Cd_Te0.500_Se0.500-Te_Cd-POSCAR9-Charged+2.cif,2.75292579
25-Cd_Te0.500_Se0.500-Te_Cd-POSCAR10-Charged+2.cif,2.74367467
25-Cd_Te0.500_Se0.500-Te_Cd-POSCAR11-Charged+2.cif,2.74
26-Cd_Te0.500_Se0.500-Se_Cd-POSCAR0-Charged+2.cif,-3.75468403
26-Cd_Te0.500_Se0.500-Se_Cd-POSCAR1-Charged+2.cif,-3.78719988
26-Cd_Te0.500_Se0.500-Se_Cd-POSCAR2-Charged+2.cif,-3.82683592
26-Cd_Te0.500_Se0.500-Se_Cd-POSCAR3-Charged+2.cif,-3.86381227
26-Cd_Te0.500_Se0.500-Se_Cd-POSCAR4-Charged+2.cif,-3.99234849
26-Cd_Te0.500_Se0.500-Se_Cd-POSCAR5-Charged+2.cif,-4.25011362
26-Cd_Te0.500_Se0.500-Se_Cd-POSCAR6-Charged+2.cif,-4.24596862
26-Cd_Te0.500_Se0.500-Se_Cd-POSCAR7-Charged+2.cif,-4.25603431
26-Cd_Te0.500_Se0.500-Se_Cd-POSCAR8-Charged+2.cif,-4.28078753
26-Cd_Te0.500_Se0.500-Se_Cd-POSCAR9-Charged+2.cif,-4.29465438
26-Cd_Te0.500_Se0.500-Se_Cd-POSCAR10-Charged+2.cif,-4.3272437
26-Cd_Te0.500_Se0.500-Se_Cd-POSCAR11-Charged+2.cif,-4.39862393
26-Cd_Te0.500_Se0.500-Se_Cd-POSCAR12-Charged+2.cif,-4.41952764
26-Cd_Te0.500_Se0.500-Se_Cd-POSCAR13-Charged+2.cif,-4.43106248
26-Cd_Te0.500_Se0.500-Se_Cd-POSCAR14-Charged+2.cif,-4.45607707
26-Cd_Te0.500_Se0.500-Se_Cd-POSCAR15-Charged+2.cif,-4.47665328
26-Cd_Te0.500_Se0.500-Se_Cd-POSCAR16-Charged+2.cif,-4.48760436
26-Cd_Te0.500_Se0.500-Se_Cd-POSCAR17-Charged+2.cif,-4.50037525
26-Cd_Te0.500_Se0.500-Se_Cd-POSCAR18-Charged+2.cif,-4.51
27-Cd_Te0.750_Se0.250-V_Cd-POSCAR0-Charged+2.cif,3.30406195
27-Cd_Te0.750_Se0.250-V_Cd-POSCAR1-Charged+2.cif,3.29786152
27-Cd_Te0.750_Se0.250-V_Cd-POSCAR2-Charged+2.cif,3.29
28-Cd_Te0.750_Se0.250-V_Te-POSCAR0-Charged+2.cif,0.14748327
28-Cd_Te0.750_Se0.250-V_Te-POSCAR1-Charged+2.cif,0.14000146
28-Cd_Te0.750_Se0.250-V_Te-POSCAR2-Charged+2.cif,0.13
29-Cd_Te0.750_Se0.250-V_Se-POSCAR0-Charged+2.cif,0.96707077
29-Cd_Te0.750_Se0.250-V_Se-POSCAR1-Charged+2.cif,0.89716321
29-Cd_Te0.750_Se0.250-V_Se-POSCAR2-Charged+2.cif,0.83774726
29-Cd_Te0.750_Se0.250-V_Se-POSCAR3-Charged+2.cif,0.6940308
29-Cd_Te0.750_Se0.250-V_Se-POSCAR4-Charged+2.cif,0.73901015
29-Cd_Te0.750_Se0.250-V_Se-POSCAR5-Charged+2.cif,0.57707657
29-Cd_Te0.750_Se0.250-V_Se-POSCAR6-Charged+2.cif,0.29537536
29-Cd_Te0.750_Se0.250-V_Se-POSCAR7-Charged+2.cif,-0.09161994
29-Cd_Te0.750_Se0.250-V_Se-POSCAR8-Charged+2.cif,-0.29107801
29-Cd_Te0.750_Se0.250-V_Se-POSCAR9-Charged+2.cif,-0.37887562
29-Cd_Te0.750_Se0.250-V_Se-POSCAR10-Charged+2.cif,-0.39647229
29-Cd_Te0.750_Se0.250-V_Se-POSCAR11-Charged+2.cif,-0.40956193
29-Cd_Te0.750_Se0.250-V_Se-POSCAR12-Charged+2.cif,-0.41458105
29-Cd_Te0.750_Se0.250-V_Se-POSCAR13-Charged+2.cif,-0.42
30-Cd_Te0.750_Se0.250-Cd_i-POSCAR0-Charged+2.cif,0.47976215
30-Cd_Te0.750_Se0.250-Cd_i-POSCAR1-Charged+2.cif,0.17104002
30-Cd_Te0.750_Se0.250-Cd_i-POSCAR2-Charged+2.cif,-0.07842924
30-Cd_Te0.750_Se0.250-Cd_i-POSCAR3-Charged+2.cif,-0.09925888
30-Cd_Te0.750_Se0.250-Cd_i-POSCAR4-Charged+2.cif,-0.11805955
30-Cd_Te0.750_Se0.250-Cd_i-POSCAR5-Charged+2.cif,-0.12573988
30-Cd_Te0.750_Se0.250-Cd_i-POSCAR6-Charged+2.cif,-0.13
31-Cd_Te0.750_Se0.250-Te_i-POSCAR0-Charged+2.cif,2.17677054
31-Cd_Te0.750_Se0.250-Te_i-POSCAR1-Charged+2.cif,2.14531695
31-Cd_Te0.750_Se0.250-Te_i-POSCAR2-Charged+2.cif,2.1243132
31-Cd_Te0.750_Se0.250-Te_i-POSCAR3-Charged+2.cif,2.11941818
31-Cd_Te0.750_Se0.250-Te_i-POSCAR4-Charged+2.cif,2.11378855
31-Cd_Te0.750_Se0.250-Te_i-POSCAR5-Charged+2.cif,2.11021722
31-Cd_Te0.750_Se0.250-Te_i-POSCAR6-Charged+2.cif,2.10548846
31-Cd_Te0.750_Se0.250-Te_i-POSCAR7-Charged+2.cif,2.10199745
31-Cd_Te0.750_Se0.250-Te_i-POSCAR8-Charged+2.cif,2.09624357
31-Cd_Te0.750_Se0.250-Te_i-POSCAR9-Charged+2.cif,2.09103195
31-Cd_Te0.750_Se0.250-Te_i-POSCAR10-Charged+2.cif,2.08612915
31-Cd_Te0.750_Se0.250-Te_i-POSCAR11-Charged+2.cif,2.08264469
31-Cd_Te0.750_Se0.250-Te_i-POSCAR12-Charged+2.cif,2.08
32-Cd_Te0.750_Se0.250-Se_i-POSCAR0-Charged+2.cif,3.77579516
32-Cd_Te0.750_Se0.250-Se_i-POSCAR1-Charged+2.cif,3.74124764
32-Cd_Te0.750_Se0.250-Se_i-POSCAR2-Charged+2.cif,3.71607377
32-Cd_Te0.750_Se0.250-Se_i-POSCAR3-Charged+2.cif,3.69585778
32-Cd_Te0.750_Se0.250-Se_i-POSCAR4-Charged+2.cif,3.69186848
32-Cd_Te0.750_Se0.250-Se_i-POSCAR5-Charged+2.cif,3.68132094
32-Cd_Te0.750_Se0.250-Se_i-POSCAR6-Charged+2.cif,3.67539644
32-Cd_Te0.750_Se0.250-Se_i-POSCAR7-Charged+2.cif,3.67
33-Cd_Te0.750_Se0.250-Cd_Te-POSCAR0-Charged+2.cif,1.64133882
33-Cd_Te0.750_Se0.250-Cd_Te-POSCAR1-Charged+2.cif,1.40083218
33-Cd_Te0.750_Se0.250-Cd_Te-POSCAR2-Charged+2.cif,1.11802663
33-Cd_Te0.750_Se0.250-Cd_Te-POSCAR3-Charged+2.cif,1.05734278
33-Cd_Te0.750_Se0.250-Cd_Te-POSCAR4-Charged+2.cif,0.95983032
33-Cd_Te0.750_Se0.250-Cd_Te-POSCAR5-Charged+2.cif,0.90547856
33-Cd_Te0.750_Se0.250-Cd_Te-POSCAR6-Charged+2.cif,0.84741104
33-Cd_Te0.750_Se0.250-Cd_Te-POSCAR7-Charged+2.cif,0.82701154
33-Cd_Te0.750_Se0.250-Cd_Te-POSCAR8-Charged+2.cif,0.8063108
33-Cd_Te0.750_Se0.250-Cd_Te-POSCAR9-Charged+2.cif,0.8
34-Cd_Te0.750_Se0.250-Cd_Se-POSCAR0-Charged+2.cif,0.21360707
34-Cd_Te0.750_Se0.250-Cd_Se-POSCAR1-Charged+2.cif,-0.01617545
34-Cd_Te0.750_Se0.250-Cd_Se-POSCAR2-Charged+2.cif,-0.28554913
34-Cd_Te0.750_Se0.250-Cd_Se-POSCAR3-Charged+2.cif,-0.33746518
34-Cd_Te0.750_Se0.250-Cd_Se-POSCAR4-Charged+2.cif,-0.43416154
34-Cd_Te0.750_Se0.250-Cd_Se-POSCAR5-Charged+2.cif,-0.47429535
34-Cd_Te0.750_Se0.250-Cd_Se-POSCAR6-Charged+2.cif,-0.52060274
34-Cd_Te0.750_Se0.250-Cd_Se-POSCAR7-Charged+2.cif,-0.53418917
34-Cd_Te0.750_Se0.250-Cd_Se-POSCAR8-Charged+2.cif,-0.55
35-Cd_Te0.750_Se0.250-Te_Cd-POSCAR0-Charged+2.cif,3.14638653
35-Cd_Te0.750_Se0.250-Te_Cd-POSCAR1-Charged+2.cif,2.97100504
35-Cd_Te0.750_Se0.250-Te_Cd-POSCAR2-Charged+2.cif,2.64562568
35-Cd_Te0.750_Se0.250-Te_Cd-POSCAR3-Charged+2.cif,2.59678454
35-Cd_Te0.750_Se0.250-Te_Cd-POSCAR4-Charged+2.cif,2.54058909
35-Cd_Te0.750_Se0.250-Te_Cd-POSCAR5-Charged+2.cif,2.49717715
35-Cd_Te0.750_Se0.250-Te_Cd-POSCAR6-Charged+2.cif,2.44927966
35-Cd_Te0.750_Se0.250-Te_Cd-POSCAR7-Charged+2.cif,2.37269374
35-Cd_Te0.750_Se0.250-Te_Cd-POSCAR8-Charged+2.cif,2.31365561
35-Cd_Te0.750_Se0.250-Te_Cd-POSCAR9-Charged+2.cif,2.28959147
35-Cd_Te0.750_Se0.250-Te_Cd-POSCAR10-Charged+2.cif,2.27999908
35-Cd_Te0.750_Se0.250-Te_Cd-POSCAR11-Charged+2.cif,2.27382327
35-Cd_Te0.750_Se0.250-Te_Cd-POSCAR12-Charged+2.cif,2.27
36-Cd_Te0.750_Se0.250-Se_Cd-POSCAR0-Charged+2.cif,4.27136137
36-Cd_Te0.750_Se0.250-Se_Cd-POSCAR1-Charged+2.cif,4.13270552
36-Cd_Te0.750_Se0.250-Se_Cd-POSCAR2-Charged+2.cif,3.97994916
36-Cd_Te0.750_Se0.250-Se_Cd-POSCAR3-Charged+2.cif,3.97360595
36-Cd_Te0.750_Se0.250-Se_Cd-POSCAR4-Charged+2.cif,3.97
37-CdSe-V_Cd-POSCAR0-Charged+2.cif,4.33
38-CdSe-V_Se-POSCAR0-Charged+2.cif,-0.31
39-CdSe-Cd_i_1-POSCAR0-Charged+2.cif,-0.06
40-CdSe-Se_i_1-POSCAR0-Charged+2.cif,3.92
41-CdSe-Cd_Se-POSCAR0-Charged+2.cif,-0.05
42-CdSe-Se_Cd-POSCAR0-Charged+2.cif,3.81