1-CdTe-V_Cd-POSCAR0-Neutral.cif,1.69
2-CdTe-V_Te-POSCAR0-Neutral.cif,2.88
3-CdTe-Cd_i_1-POSCAR0-Neutral.cif,2.61
4-CdTe-Te_i_1-POSCAR0-Neutral.cif,3.22
5-CdTe-Cd_Te-POSCAR0-Neutral.cif,4.03
6-CdTe-Te_Cd-POSCAR0-Neutral.cif,2.38
6-CdTe-Te_Cd-POSCAR1-Neutral.cif,2.38
6-CdTe-Te_Cd-POSCAR2-Neutral.cif,2.38
6-CdTe-Te_Cd-POSCAR3-Neutral.cif,2.38
6-CdTe-Te_Cd-POSCAR4-Neutral.cif,2.38
6-CdTe-Te_Cd-POSCAR5-Neutral.cif,2.38
6-CdTe-Te_Cd-POSCAR6-Neutral.cif,2.38
6-CdTe-Te_Cd-POSCAR7-Neutral.cif,2.38
7-Cd_Te0.125_Se0.875-V_Cd-POSCAR0-Neutral.cif,2.69
8-Cd_Te0.125_Se0.875-V_Te-POSCAR0-Neutral.cif,2.62
9-Cd_Te0.125_Se0.875-V_Se-POSCAR0-Neutral.cif,2.75
10-Cd_Te0.125_Se0.875-Cd_i-POSCAR0-Neutral.cif,2.43
11-Cd_Te0.125_Se0.875-Te_i-POSCAR0-Neutral.cif,3.36
11-Cd_Te0.125_Se0.875-Te_i-POSCAR1-Neutral.cif,3.36
11-Cd_Te0.125_Se0.875-Te_i-POSCAR2-Neutral.cif,3.36
11-Cd_Te0.125_Se0.875-Te_i-POSCAR3-Neutral.cif,3.36
11-Cd_Te0.125_Se0.875-Te_i-POSCAR4-Neutral.cif,3.36
11-Cd_Te0.125_Se0.875-Te_i-POSCAR5-Neutral.cif,3.37
11-Cd_Te0.125_Se0.875-Te_i-POSCAR6-Neutral.cif,3.37
11-Cd_Te0.125_Se0.875-Te_i-POSCAR7-Neutral.cif,3.37
11-Cd_Te0.125_Se0.875-Te_i-POSCAR8-Neutral.cif,3.37
12-Cd_Te0.125_Se0.875-Se_i-POSCAR0-Neutral.cif,2.37
12-Cd_Te0.125_Se0.875-Se_i-POSCAR1-Neutral.cif,2.37
12-Cd_Te0.125_Se0.875-Se_i-POSCAR2-Neutral.cif,2.37
12-Cd_Te0.125_Se0.875-Se_i-POSCAR3-Neutral.cif,2.37
12-Cd_Te0.125_Se0.875-Se_i-POSCAR4-Neutral.cif,2.37
12-Cd_Te0.125_Se0.875-Se_i-POSCAR5-Neutral.cif,2.37
12-Cd_Te0.125_Se0.875-Se_i-POSCAR6-Neutral.cif,2.36
12-Cd_Te0.125_Se0.875-Se_i-POSCAR7-Neutral.cif,2.36
12-Cd_Te0.125_Se0.875-Se_i-POSCAR8-Neutral.cif,2.36
12-Cd_Te0.125_Se0.875-Se_i-POSCAR9-Neutral.cif,2.36
12-Cd_Te0.125_Se0.875-Se_i-POSCAR10-Neutral.cif,2.37
13-Cd_Te0.125_Se0.875-Cd_Te-POSCAR0-Neutral.cif,3.58
14-Cd_Te0.125_Se0.875-Cd_Se-POSCAR0-Neutral.cif,3.38
15-Cd_Te0.125_Se0.875-Te_Cd-POSCAR0-Neutral.cif,2.41
16-Cd_Te0.125_Se0.875-Se_Cd-POSCAR0-Neutral.cif,3.15
17-Cd_Te0.250_Se0.750-V_Cd-POSCAR0-Neutral.cif,2.61
18-Cd_Te0.250_Se0.750-V_Te-POSCAR0-Neutral.cif,2.48
19-Cd_Te0.250_Se0.750-V_Se-POSCAR0-Neutral.cif,2.74
20-Cd_Te0.250_Se0.750-Cd_i-POSCAR0-Neutral.cif,2.49
21-Cd_Te0.250_Se0.750-Te_i-POSCAR0-Neutral.cif,1.88
22-Cd_Te0.250_Se0.750-Se_i-POSCAR0-Neutral.cif,7.6
22-Cd_Te0.250_Se0.750-Se_i-POSCAR1-Neutral.cif,4.84
22-Cd_Te0.250_Se0.750-Se_i-POSCAR2-Neutral.cif,3.35
22-Cd_Te0.250_Se0.750-Se_i-POSCAR3-Neutral.cif,2.98
22-Cd_Te0.250_Se0.750-Se_i-POSCAR4-Neutral.cif,2.81
22-Cd_Te0.250_Se0.750-Se_i-POSCAR5-Neutral.cif,2.74
22-Cd_Te0.250_Se0.750-Se_i-POSCAR6-Neutral.cif,2.7
22-Cd_Te0.250_Se0.750-Se_i-POSCAR7-Neutral.cif,2.68
22-Cd_Te0.250_Se0.750-Se_i-POSCAR8-Neutral.cif,2.67
22-Cd_Te0.250_Se0.750-Se_i-POSCAR9-Neutral.cif,2.66
22-Cd_Te0.250_Se0.750-Se_i-POSCAR10-Neutral.cif,2.65
22-Cd_Te0.250_Se0.750-Se_i-POSCAR11-Neutral.cif,2.65
22-Cd_Te0.250_Se0.750-Se_i-POSCAR12-Neutral.cif,2.64
23-Cd_Te0.250_Se0.750-Cd_Te-POSCAR0-Neutral.cif,3.57
24-Cd_Te0.250_Se0.750-Cd_Se-POSCAR0-Neutral.cif,3.19
24-Cd_Te0.250_Se0.750-Cd_Se-POSCAR1-Neutral.cif,3.19
24-Cd_Te0.250_Se0.750-Cd_Se-POSCAR2-Neutral.cif,3.2
24-Cd_Te0.250_Se0.750-Cd_Se-POSCAR3-Neutral.cif,3.17
24-Cd_Te0.250_Se0.750-Cd_Se-POSCAR4-Neutral.cif,3.19
24-Cd_Te0.250_Se0.750-Cd_Se-POSCAR5-Neutral.cif,3.2
24-Cd_Te0.250_Se0.750-Cd_Se-POSCAR6-Neutral.cif,3.18
25-Cd_Te0.250_Se0.750-Te_Cd-POSCAR0-Neutral.cif,7.79
25-Cd_Te0.250_Se0.750-Te_Cd-POSCAR1-Neutral.cif,5.07
25-Cd_Te0.250_Se0.750-Te_Cd-POSCAR2-Neutral.cif,3.42
25-Cd_Te0.250_Se0.750-Te_Cd-POSCAR3-Neutral.cif,3.04
25-Cd_Te0.250_Se0.750-Te_Cd-POSCAR4-Neutral.cif,2.91
25-Cd_Te0.250_Se0.750-Te_Cd-POSCAR5-Neutral.cif,2.68
25-Cd_Te0.250_Se0.750-Te_Cd-POSCAR6-Neutral.cif,2.53
25-Cd_Te0.250_Se0.750-Te_Cd-POSCAR7-Neutral.cif,2.52
25-Cd_Te0.250_Se0.750-Te_Cd-POSCAR8-Neutral.cif,2.49
25-Cd_Te0.250_Se0.750-Te_Cd-POSCAR9-Neutral.cif,2.43
25-Cd_Te0.250_Se0.750-Te_Cd-POSCAR10-Neutral.cif,2.39
25-Cd_Te0.250_Se0.750-Te_Cd-POSCAR11-Neutral.cif,2.37
25-Cd_Te0.250_Se0.750-Te_Cd-POSCAR12-Neutral.cif,2.36
25-Cd_Te0.250_Se0.750-Te_Cd-POSCAR13-Neutral.cif,2.35
25-Cd_Te0.250_Se0.750-Te_Cd-POSCAR14-Neutral.cif,2.34
25-Cd_Te0.250_Se0.750-Te_Cd-POSCAR15-Neutral.cif,2.33
25-Cd_Te0.250_Se0.750-Te_Cd-POSCAR16-Neutral.cif,2.32
26-Cd_Te0.250_Se0.750-Se_Cd-POSCAR0-Neutral.cif,3.22
27-Cd_Te0.375_Se0.625-V_Cd-POSCAR0-Neutral.cif,8.9
27-Cd_Te0.375_Se0.625-V_Cd-POSCAR1-Neutral.cif,6.19
27-Cd_Te0.375_Se0.625-V_Cd-POSCAR2-Neutral.cif,3.66
27-Cd_Te0.375_Se0.625-V_Cd-POSCAR3-Neutral.cif,3.06
27-Cd_Te0.375_Se0.625-V_Cd-POSCAR4-Neutral.cif,2.79
27-Cd_Te0.375_Se0.625-V_Cd-POSCAR5-Neutral.cif,2.62
27-Cd_Te0.375_Se0.625-V_Cd-POSCAR6-Neutral.cif,2.57
27-Cd_Te0.375_Se0.625-V_Cd-POSCAR7-Neutral.cif,2.54
27-Cd_Te0.375_Se0.625-V_Cd-POSCAR8-Neutral.cif,2.53
27-Cd_Te0.375_Se0.625-V_Cd-POSCAR9-Neutral.cif,2.52
27-Cd_Te0.375_Se0.625-V_Cd-POSCAR10-Neutral.cif,2.51
28-Cd_Te0.375_Se0.625-V_Te-POSCAR0-Neutral.cif,9.75
28-Cd_Te0.375_Se0.625-V_Te-POSCAR1-Neutral.cif,6.58
28-Cd_Te0.375_Se0.625-V_Te-POSCAR2-Neutral.cif,4.46
28-Cd_Te0.375_Se0.625-V_Te-POSCAR3-Neutral.cif,3.57
28-Cd_Te0.375_Se0.625-V_Te-POSCAR4-Neutral.cif,3.35
28-Cd_Te0.375_Se0.625-V_Te-POSCAR5-Neutral.cif,3.21
28-Cd_Te0.375_Se0.625-V_Te-POSCAR6-Neutral.cif,3.18
28-Cd_Te0.375_Se0.625-V_Te-POSCAR7-Neutral.cif,3.15
28-Cd_Te0.375_Se0.625-V_Te-POSCAR8-Neutral.cif,3.14
28-Cd_Te0.375_Se0.625-V_Te-POSCAR9-Neutral.cif,3.13
28-Cd_Te0.375_Se0.625-V_Te-POSCAR10-Neutral.cif,3.13
29-Cd_Te0.375_Se0.625-V_Se-POSCAR0-Neutral.cif,9.77
29-Cd_Te0.375_Se0.625-V_Se-POSCAR1-Neutral.cif,6.53
29-Cd_Te0.375_Se0.625-V_Se-POSCAR2-Neutral.cif,4.36
29-Cd_Te0.375_Se0.625-V_Se-POSCAR3-Neutral.cif,3.23
29-Cd_Te0.375_Se0.625-V_Se-POSCAR4-Neutral.cif,2.97
29-Cd_Te0.375_Se0.625-V_Se-POSCAR5-Neutral.cif,2.75
29-Cd_Te0.375_Se0.625-V_Se-POSCAR6-Neutral.cif,2.71
29-Cd_Te0.375_Se0.625-V_Se-POSCAR7-Neutral.cif,2.67
29-Cd_Te0.375_Se0.625-V_Se-POSCAR8-Neutral.cif,2.66
29-Cd_Te0.375_Se0.625-V_Se-POSCAR9-Neutral.cif,2.64
29-Cd_Te0.375_Se0.625-V_Se-POSCAR10-Neutral.cif,2.64
29-Cd_Te0.375_Se0.625-V_Se-POSCAR11-Neutral.cif,2.63
30-Cd_Te0.375_Se0.625-Cd_i-POSCAR0-Neutral.cif,9.23
30-Cd_Te0.375_Se0.625-Cd_i-POSCAR1-Neutral.cif,6.27
30-Cd_Te0.375_Se0.625-Cd_i-POSCAR2-Neutral.cif,3.73
30-Cd_Te0.375_Se0.625-Cd_i-POSCAR3-Neutral.cif,2.98
30-Cd_Te0.375_Se0.625-Cd_i-POSCAR4-Neutral.cif,2.67
30-Cd_Te0.375_Se0.625-Cd_i-POSCAR5-Neutral.cif,2.52
30-Cd_Te0.375_Se0.625-Cd_i-POSCAR6-Neutral.cif,2.48
30-Cd_Te0.375_Se0.625-Cd_i-POSCAR7-Neutral.cif,2.45
30-Cd_Te0.375_Se0.625-Cd_i-POSCAR8-Neutral.cif,2.43
30-Cd_Te0.375_Se0.625-Cd_i-POSCAR9-Neutral.cif,2.42
30-Cd_Te0.375_Se0.625-Cd_i-POSCAR10-Neutral.cif,2.42
30-Cd_Te0.375_Se0.625-Cd_i-POSCAR11-Neutral.cif,2.41
31-Cd_Te0.375_Se0.625-Te_i-POSCAR0-Neutral.cif,3.3
31-Cd_Te0.375_Se0.625-Te_i-POSCAR1-Neutral.cif,3.29
31-Cd_Te0.375_Se0.625-Te_i-POSCAR2-Neutral.cif,3.29
31-Cd_Te0.375_Se0.625-Te_i-POSCAR3-Neutral.cif,3.28
31-Cd_Te0.375_Se0.625-Te_i-POSCAR4-Neutral.cif,3.27
31-Cd_Te0.375_Se0.625-Te_i-POSCAR5-Neutral.cif,3.27
32-Cd_Te0.375_Se0.625-Se_i-POSCAR0-Neutral.cif,3.54
32-Cd_Te0.375_Se0.625-Se_i-POSCAR1-Neutral.cif,3.54
32-Cd_Te0.375_Se0.625-Se_i-POSCAR2-Neutral.cif,3.54
32-Cd_Te0.375_Se0.625-Se_i-POSCAR3-Neutral.cif,3.54
32-Cd_Te0.375_Se0.625-Se_i-POSCAR4-Neutral.cif,3.54
32-Cd_Te0.375_Se0.625-Se_i-POSCAR5-Neutral.cif,3.54
32-Cd_Te0.375_Se0.625-Se_i-POSCAR6-Neutral.cif,3.54
32-Cd_Te0.375_Se0.625-Se_i-POSCAR7-Neutral.cif,3.54
32-Cd_Te0.375_Se0.625-Se_i-POSCAR8-Neutral.cif,3.54
32-Cd_Te0.375_Se0.625-Se_i-POSCAR9-Neutral.cif,3.54
32-Cd_Te0.375_Se0.625-Se_i-POSCAR10-Neutral.cif,3.54
33-Cd_Te0.375_Se0.625-Cd_Te-POSCAR0-Neutral.cif,9.71
33-Cd_Te0.375_Se0.625-Cd_Te-POSCAR1-Neutral.cif,6.93
33-Cd_Te0.375_Se0.625-Cd_Te-POSCAR2-Neutral.cif,4.9
33-Cd_Te0.375_Se0.625-Cd_Te-POSCAR3-Neutral.cif,4.18
33-Cd_Te0.375_Se0.625-Cd_Te-POSCAR4-Neutral.cif,3.9
33-Cd_Te0.375_Se0.625-Cd_Te-POSCAR5-Neutral.cif,3.74
33-Cd_Te0.375_Se0.625-Cd_Te-POSCAR6-Neutral.cif,3.7
33-Cd_Te0.375_Se0.625-Cd_Te-POSCAR7-Neutral.cif,3.68
33-Cd_Te0.375_Se0.625-Cd_Te-POSCAR8-Neutral.cif,3.66
33-Cd_Te0.375_Se0.625-Cd_Te-POSCAR9-Neutral.cif,3.64
33-Cd_Te0.375_Se0.625-Cd_Te-POSCAR10-Neutral.cif,3.63
33-Cd_Te0.375_Se0.625-Cd_Te-POSCAR11-Neutral.cif,3.62
33-Cd_Te0.375_Se0.625-Cd_Te-POSCAR12-Neutral.cif,3.61
33-Cd_Te0.375_Se0.625-Cd_Te-POSCAR13-Neutral.cif,3.61
33-Cd_Te0.375_Se0.625-Cd_Te-POSCAR14-Neutral.cif,3.6
33-Cd_Te0.375_Se0.625-Cd_Te-POSCAR15-Neutral.cif,3.59
33-Cd_Te0.375_Se0.625-Cd_Te-POSCAR16-Neutral.cif,3.58
33-Cd_Te0.375_Se0.625-Cd_Te-POSCAR17-Neutral.cif,3.57
33-Cd_Te0.375_Se0.625-Cd_Te-POSCAR18-Neutral.cif,3.57
34-Cd_Te0.375_Se0.625-Cd_Se-POSCAR0-Neutral.cif,2.49
34-Cd_Te0.375_Se0.625-Cd_Se-POSCAR1-Neutral.cif,2.49
34-Cd_Te0.375_Se0.625-Cd_Se-POSCAR2-Neutral.cif,2.48
34-Cd_Te0.375_Se0.625-Cd_Se-POSCAR3-Neutral.cif,2.47
34-Cd_Te0.375_Se0.625-Cd_Se-POSCAR4-Neutral.cif,2.46
34-Cd_Te0.375_Se0.625-Cd_Se-POSCAR5-Neutral.cif,2.46
34-Cd_Te0.375_Se0.625-Cd_Se-POSCAR6-Neutral.cif,2.45
34-Cd_Te0.375_Se0.625-Cd_Se-POSCAR7-Neutral.cif,2.45
35-Cd_Te0.375_Se0.625-Te_Cd-POSCAR0-Neutral.cif,2.4
35-Cd_Te0.375_Se0.625-Te_Cd-POSCAR1-Neutral.cif,2.37
35-Cd_Te0.375_Se0.625-Te_Cd-POSCAR2-Neutral.cif,2.35
35-Cd_Te0.375_Se0.625-Te_Cd-POSCAR3-Neutral.cif,2.34
35-Cd_Te0.375_Se0.625-Te_Cd-POSCAR4-Neutral.cif,2.32
35-Cd_Te0.375_Se0.625-Te_Cd-POSCAR5-Neutral.cif,2.31
35-Cd_Te0.375_Se0.625-Te_Cd-POSCAR6-Neutral.cif,2.28
35-Cd_Te0.375_Se0.625-Te_Cd-POSCAR7-Neutral.cif,2.27
35-Cd_Te0.375_Se0.625-Te_Cd-POSCAR8-Neutral.cif,2.25
35-Cd_Te0.375_Se0.625-Te_Cd-POSCAR9-Neutral.cif,2.25
35-Cd_Te0.375_Se0.625-Te_Cd-POSCAR10-Neutral.cif,2.24
36-Cd_Te0.375_Se0.625-Se_Cd-POSCAR0-Neutral.cif,3.22
36-Cd_Te0.375_Se0.625-Se_Cd-POSCAR1-Neutral.cif,3.19
36-Cd_Te0.375_Se0.625-Se_Cd-POSCAR2-Neutral.cif,3.16
36-Cd_Te0.375_Se0.625-Se_Cd-POSCAR3-Neutral.cif,3.17
36-Cd_Te0.375_Se0.625-Se_Cd-POSCAR4-Neutral.cif,3.17
36-Cd_Te0.375_Se0.625-Se_Cd-POSCAR5-Neutral.cif,3.28
36-Cd_Te0.375_Se0.625-Se_Cd-POSCAR6-Neutral.cif,3.26
36-Cd_Te0.375_Se0.625-Se_Cd-POSCAR7-Neutral.cif,3.22
36-Cd_Te0.375_Se0.625-Se_Cd-POSCAR8-Neutral.cif,3.22
36-Cd_Te0.375_Se0.625-Se_Cd-POSCAR9-Neutral.cif,3.22
36-Cd_Te0.375_Se0.625-Se_Cd-POSCAR10-Neutral.cif,3.22
36-Cd_Te0.375_Se0.625-Se_Cd-POSCAR11-Neutral.cif,3.22
36-Cd_Te0.375_Se0.625-Se_Cd-POSCAR12-Neutral.cif,3.19
36-Cd_Te0.375_Se0.625-Se_Cd-POSCAR13-Neutral.cif,3.19
36-Cd_Te0.375_Se0.625-Se_Cd-POSCAR14-Neutral.cif,3.18
36-Cd_Te0.375_Se0.625-Se_Cd-POSCAR15-Neutral.cif,3.18
36-Cd_Te0.375_Se0.625-Se_Cd-POSCAR16-Neutral.cif,3.17
36-Cd_Te0.375_Se0.625-Se_Cd-POSCAR17-Neutral.cif,3.17
36-Cd_Te0.375_Se0.625-Se_Cd-POSCAR18-Neutral.cif,3.17
36-Cd_Te0.375_Se0.625-Se_Cd-POSCAR19-Neutral.cif,3.17
36-Cd_Te0.375_Se0.625-Se_Cd-POSCAR20-Neutral.cif,3.17
36-Cd_Te0.375_Se0.625-Se_Cd-POSCAR21-Neutral.cif,3.17
37-Cd_Te0.500_Se0.500-V_Cd-POSCAR0-Neutral.cif,2.09
37-Cd_Te0.500_Se0.500-V_Cd-POSCAR1-Neutral.cif,2.08
37-Cd_Te0.500_Se0.500-V_Cd-POSCAR2-Neutral.cif,2.07
37-Cd_Te0.500_Se0.500-V_Cd-POSCAR3-Neutral.cif,2.07
37-Cd_Te0.500_Se0.500-V_Cd-POSCAR4-Neutral.cif,2.06
38-Cd_Te0.500_Se0.500-V_Te-POSCAR0-Neutral.cif,3.17
38-Cd_Te0.500_Se0.500-V_Te-POSCAR1-Neutral.cif,3.17
38-Cd_Te0.500_Se0.500-V_Te-POSCAR2-Neutral.cif,3.16
39-Cd_Te0.500_Se0.500-V_Se-POSCAR0-Neutral.cif,1.66
39-Cd_Te0.500_Se0.500-V_Se-POSCAR1-Neutral.cif,1.65
39-Cd_Te0.500_Se0.500-V_Se-POSCAR2-Neutral.cif,1.64
39-Cd_Te0.500_Se0.500-V_Se-POSCAR3-Neutral.cif,1.64
39-Cd_Te0.500_Se0.500-V_Se-POSCAR4-Neutral.cif,1.64
39-Cd_Te0.500_Se0.500-V_Se-POSCAR5-Neutral.cif,1.63
39-Cd_Te0.500_Se0.500-V_Se-POSCAR6-Neutral.cif,1.63
39-Cd_Te0.500_Se0.500-V_Se-POSCAR7-Neutral.cif,1.62
39-Cd_Te0.500_Se0.500-V_Se-POSCAR8-Neutral.cif,1.62
39-Cd_Te0.500_Se0.500-V_Se-POSCAR9-Neutral.cif,1.61
39-Cd_Te0.500_Se0.500-V_Se-POSCAR10-Neutral.cif,1.61
39-Cd_Te0.500_Se0.500-V_Se-POSCAR11-Neutral.cif,1.61
40-Cd_Te0.500_Se0.500-Cd_i-POSCAR0-Neutral.cif,2.54
40-Cd_Te0.500_Se0.500-Cd_i-POSCAR1-Neutral.cif,2.5
40-Cd_Te0.500_Se0.500-Cd_i-POSCAR2-Neutral.cif,2.39
40-Cd_Te0.500_Se0.500-Cd_i-POSCAR3-Neutral.cif,2.37
40-Cd_Te0.500_Se0.500-Cd_i-POSCAR4-Neutral.cif,2.35
40-Cd_Te0.500_Se0.500-Cd_i-POSCAR5-Neutral.cif,2.34
40-Cd_Te0.500_Se0.500-Cd_i-POSCAR6-Neutral.cif,2.34
40-Cd_Te0.500_Se0.500-Cd_i-POSCAR7-Neutral.cif,2.33
40-Cd_Te0.500_Se0.500-Cd_i-POSCAR8-Neutral.cif,2.32
40-Cd_Te0.500_Se0.500-Cd_i-POSCAR9-Neutral.cif,2.31
40-Cd_Te0.500_Se0.500-Cd_i-POSCAR10-Neutral.cif,2.31
41-Cd_Te0.500_Se0.500-Te_i-POSCAR0-Neutral.cif,1.98
41-Cd_Te0.500_Se0.500-Te_i-POSCAR1-Neutral.cif,1.96
41-Cd_Te0.500_Se0.500-Te_i-POSCAR2-Neutral.cif,1.95
41-Cd_Te0.500_Se0.500-Te_i-POSCAR3-Neutral.cif,1.93
41-Cd_Te0.500_Se0.500-Te_i-POSCAR4-Neutral.cif,1.91
41-Cd_Te0.500_Se0.500-Te_i-POSCAR5-Neutral.cif,1.91
41-Cd_Te0.500_Se0.500-Te_i-POSCAR6-Neutral.cif,1.9
41-Cd_Te0.500_Se0.500-Te_i-POSCAR7-Neutral.cif,1.88
41-Cd_Te0.500_Se0.500-Te_i-POSCAR8-Neutral.cif,1.85
41-Cd_Te0.500_Se0.500-Te_i-POSCAR9-Neutral.cif,1.83
41-Cd_Te0.500_Se0.500-Te_i-POSCAR10-Neutral.cif,1.82
41-Cd_Te0.500_Se0.500-Te_i-POSCAR11-Neutral.cif,1.81
41-Cd_Te0.500_Se0.500-Te_i-POSCAR12-Neutral.cif,1.8
41-Cd_Te0.500_Se0.500-Te_i-POSCAR13-Neutral.cif,1.79
41-Cd_Te0.500_Se0.500-Te_i-POSCAR14-Neutral.cif,1.78
41-Cd_Te0.500_Se0.500-Te_i-POSCAR15-Neutral.cif,1.78
41-Cd_Te0.500_Se0.500-Te_i-POSCAR16-Neutral.cif,1.77
41-Cd_Te0.500_Se0.500-Te_i-POSCAR17-Neutral.cif,1.77
41-Cd_Te0.500_Se0.500-Te_i-POSCAR18-Neutral.cif,1.77
41-Cd_Te0.500_Se0.500-Te_i-POSCAR19-Neutral.cif,1.76
41-Cd_Te0.500_Se0.500-Te_i-POSCAR20-Neutral.cif,1.76
41-Cd_Te0.500_Se0.500-Te_i-POSCAR21-Neutral.cif,1.76
42-Cd_Te0.500_Se0.500-Se_i-POSCAR0-Neutral.cif,2.49
42-Cd_Te0.500_Se0.500-Se_i-POSCAR1-Neutral.cif,2.49
42-Cd_Te0.500_Se0.500-Se_i-POSCAR2-Neutral.cif,2.48
42-Cd_Te0.500_Se0.500-Se_i-POSCAR3-Neutral.cif,2.48
42-Cd_Te0.500_Se0.500-Se_i-POSCAR4-Neutral.cif,2.48
42-Cd_Te0.500_Se0.500-Se_i-POSCAR5-Neutral.cif,2.48
42-Cd_Te0.500_Se0.500-Se_i-POSCAR6-Neutral.cif,2.48
42-Cd_Te0.500_Se0.500-Se_i-POSCAR7-Neutral.cif,2.48
42-Cd_Te0.500_Se0.500-Se_i-POSCAR8-Neutral.cif,2.48
42-Cd_Te0.500_Se0.500-Se_i-POSCAR9-Neutral.cif,2.47
43-Cd_Te0.500_Se0.500-Cd_Te-POSCAR0-Neutral.cif,3.6
43-Cd_Te0.500_Se0.500-Cd_Te-POSCAR1-Neutral.cif,3.57
43-Cd_Te0.500_Se0.500-Cd_Te-POSCAR2-Neutral.cif,3.53
43-Cd_Te0.500_Se0.500-Cd_Te-POSCAR3-Neutral.cif,3.52
43-Cd_Te0.500_Se0.500-Cd_Te-POSCAR4-Neutral.cif,3.5
43-Cd_Te0.500_Se0.500-Cd_Te-POSCAR5-Neutral.cif,3.49
43-Cd_Te0.500_Se0.500-Cd_Te-POSCAR6-Neutral.cif,3.49
43-Cd_Te0.500_Se0.500-Cd_Te-POSCAR7-Neutral.cif,3.48
43-Cd_Te0.500_Se0.500-Cd_Te-POSCAR8-Neutral.cif,3.48
43-Cd_Te0.500_Se0.500-Cd_Te-POSCAR9-Neutral.cif,3.47
43-Cd_Te0.500_Se0.500-Cd_Te-POSCAR10-Neutral.cif,3.47
43-Cd_Te0.500_Se0.500-Cd_Te-POSCAR11-Neutral.cif,3.46
44-Cd_Te0.500_Se0.500-Cd_Se-POSCAR0-Neutral.cif,2.5
44-Cd_Te0.500_Se0.500-Cd_Se-POSCAR1-Neutral.cif,2.49
44-Cd_Te0.500_Se0.500-Cd_Se-POSCAR2-Neutral.cif,2.48
44-Cd_Te0.500_Se0.500-Cd_Se-POSCAR3-Neutral.cif,2.47
44-Cd_Te0.500_Se0.500-Cd_Se-POSCAR4-Neutral.cif,2.45
44-Cd_Te0.500_Se0.500-Cd_Se-POSCAR5-Neutral.cif,2.46
44-Cd_Te0.500_Se0.500-Cd_Se-POSCAR6-Neutral.cif,2.44
44-Cd_Te0.500_Se0.500-Cd_Se-POSCAR7-Neutral.cif,2.43
44-Cd_Te0.500_Se0.500-Cd_Se-POSCAR8-Neutral.cif,2.41
44-Cd_Te0.500_Se0.500-Cd_Se-POSCAR9-Neutral.cif,2.43
44-Cd_Te0.500_Se0.500-Cd_Se-POSCAR10-Neutral.cif,2.41
44-Cd_Te0.500_Se0.500-Cd_Se-POSCAR11-Neutral.cif,2.39
44-Cd_Te0.500_Se0.500-Cd_Se-POSCAR12-Neutral.cif,2.38
44-Cd_Te0.500_Se0.500-Cd_Se-POSCAR13-Neutral.cif,2.37
44-Cd_Te0.500_Se0.500-Cd_Se-POSCAR14-Neutral.cif,2.37
44-Cd_Te0.500_Se0.500-Cd_Se-POSCAR15-Neutral.cif,2.36
44-Cd_Te0.500_Se0.500-Cd_Se-POSCAR16-Neutral.cif,2.36
45-Cd_Te0.500_Se0.500-Te_Cd-POSCAR0-Neutral.cif,3.34
45-Cd_Te0.500_Se0.500-Te_Cd-POSCAR1-Neutral.cif,3.02
45-Cd_Te0.500_Se0.500-Te_Cd-POSCAR2-Neutral.cif,2.68
45-Cd_Te0.500_Se0.500-Te_Cd-POSCAR3-Neutral.cif,2.54
45-Cd_Te0.500_Se0.500-Te_Cd-POSCAR4-Neutral.cif,2.48
45-Cd_Te0.500_Se0.500-Te_Cd-POSCAR5-Neutral.cif,2.45
45-Cd_Te0.500_Se0.500-Te_Cd-POSCAR6-Neutral.cif,2.43
45-Cd_Te0.500_Se0.500-Te_Cd-POSCAR7-Neutral.cif,2.4
45-Cd_Te0.500_Se0.500-Te_Cd-POSCAR8-Neutral.cif,2.38
45-Cd_Te0.500_Se0.500-Te_Cd-POSCAR9-Neutral.cif,2.36
45-Cd_Te0.500_Se0.500-Te_Cd-POSCAR10-Neutral.cif,2.34
45-Cd_Te0.500_Se0.500-Te_Cd-POSCAR11-Neutral.cif,2.31
45-Cd_Te0.500_Se0.500-Te_Cd-POSCAR12-Neutral.cif,2.29
45-Cd_Te0.500_Se0.500-Te_Cd-POSCAR13-Neutral.cif,2.27
45-Cd_Te0.500_Se0.500-Te_Cd-POSCAR14-Neutral.cif,2.26
45-Cd_Te0.500_Se0.500-Te_Cd-POSCAR15-Neutral.cif,2.25
45-Cd_Te0.500_Se0.500-Te_Cd-POSCAR16-Neutral.cif,2.24
45-Cd_Te0.500_Se0.500-Te_Cd-POSCAR17-Neutral.cif,2.24
46-Cd_Te0.500_Se0.500-Se_Cd-POSCAR0-Neutral.cif,3.03
46-Cd_Te0.500_Se0.500-Se_Cd-POSCAR1-Neutral.cif,2.97
46-Cd_Te0.500_Se0.500-Se_Cd-POSCAR2-Neutral.cif,2.93
46-Cd_Te0.500_Se0.500-Se_Cd-POSCAR3-Neutral.cif,2.9
46-Cd_Te0.500_Se0.500-Se_Cd-POSCAR4-Neutral.cif,2.85
46-Cd_Te0.500_Se0.500-Se_Cd-POSCAR5-Neutral.cif,2.85
46-Cd_Te0.500_Se0.500-Se_Cd-POSCAR6-Neutral.cif,2.82
46-Cd_Te0.500_Se0.500-Se_Cd-POSCAR7-Neutral.cif,2.79
46-Cd_Te0.500_Se0.500-Se_Cd-POSCAR8-Neutral.cif,2.76
46-Cd_Te0.500_Se0.500-Se_Cd-POSCAR9-Neutral.cif,2.75
46-Cd_Te0.500_Se0.500-Se_Cd-POSCAR10-Neutral.cif,2.73
46-Cd_Te0.500_Se0.500-Se_Cd-POSCAR11-Neutral.cif,2.73
46-Cd_Te0.500_Se0.500-Se_Cd-POSCAR12-Neutral.cif,2.72
46-Cd_Te0.500_Se0.500-Se_Cd-POSCAR13-Neutral.cif,2.71
46-Cd_Te0.500_Se0.500-Se_Cd-POSCAR14-Neutral.cif,2.7
46-Cd_Te0.500_Se0.500-Se_Cd-POSCAR15-Neutral.cif,2.7
46-Cd_Te0.500_Se0.500-Se_Cd-POSCAR16-Neutral.cif,2.69
46-Cd_Te0.500_Se0.500-Se_Cd-POSCAR17-Neutral.cif,2.69
46-Cd_Te0.500_Se0.500-Se_Cd-POSCAR18-Neutral.cif,2.69
47-Cd_Te0.625_Se0.375-V_Cd-POSCAR0-Neutral.cif,2.11
47-Cd_Te0.625_Se0.375-V_Cd-POSCAR1-Neutral.cif,2.11
47-Cd_Te0.625_Se0.375-V_Cd-POSCAR2-Neutral.cif,2.1
47-Cd_Te0.625_Se0.375-V_Cd-POSCAR3-Neutral.cif,2.1
47-Cd_Te0.625_Se0.375-V_Cd-POSCAR4-Neutral.cif,2.09
48-Cd_Te0.625_Se0.375-V_Te-POSCAR0-Neutral.cif,3.15
48-Cd_Te0.625_Se0.375-V_Te-POSCAR1-Neutral.cif,3.15
48-Cd_Te0.625_Se0.375-V_Te-POSCAR2-Neutral.cif,3.14
49-Cd_Te0.625_Se0.375-V_Se-POSCAR0-Neutral.cif,2.17
49-Cd_Te0.625_Se0.375-V_Se-POSCAR1-Neutral.cif,2.16
49-Cd_Te0.625_Se0.375-V_Se-POSCAR2-Neutral.cif,2.16
50-Cd_Te0.625_Se0.375-Cd_i-POSCAR0-Neutral.cif,2.47
50-Cd_Te0.625_Se0.375-Cd_i-POSCAR1-Neutral.cif,2.41
50-Cd_Te0.625_Se0.375-Cd_i-POSCAR2-Neutral.cif,2.27
50-Cd_Te0.625_Se0.375-Cd_i-POSCAR3-Neutral.cif,2.26
50-Cd_Te0.625_Se0.375-Cd_i-POSCAR4-Neutral.cif,2.25
50-Cd_Te0.625_Se0.375-Cd_i-POSCAR5-Neutral.cif,2.22
50-Cd_Te0.625_Se0.375-Cd_i-POSCAR6-Neutral.cif,2.21
50-Cd_Te0.625_Se0.375-Cd_i-POSCAR7-Neutral.cif,2.2
50-Cd_Te0.625_Se0.375-Cd_i-POSCAR8-Neutral.cif,2.19
50-Cd_Te0.625_Se0.375-Cd_i-POSCAR9-Neutral.cif,2.18
51-Cd_Te0.625_Se0.375-Te_i-POSCAR0-Neutral.cif,3.61
51-Cd_Te0.625_Se0.375-Te_i-POSCAR1-Neutral.cif,3.5
51-Cd_Te0.625_Se0.375-Te_i-POSCAR2-Neutral.cif,3.27
51-Cd_Te0.625_Se0.375-Te_i-POSCAR3-Neutral.cif,3.26
51-Cd_Te0.625_Se0.375-Te_i-POSCAR4-Neutral.cif,3.34
51-Cd_Te0.625_Se0.375-Te_i-POSCAR5-Neutral.cif,3.31
51-Cd_Te0.625_Se0.375-Te_i-POSCAR6-Neutral.cif,3.19
51-Cd_Te0.625_Se0.375-Te_i-POSCAR7-Neutral.cif,3.18
51-Cd_Te0.625_Se0.375-Te_i-POSCAR8-Neutral.cif,3.17
51-Cd_Te0.625_Se0.375-Te_i-POSCAR9-Neutral.cif,3.17
51-Cd_Te0.625_Se0.375-Te_i-POSCAR10-Neutral.cif,3.16
51-Cd_Te0.625_Se0.375-Te_i-POSCAR11-Neutral.cif,3.15
51-Cd_Te0.625_Se0.375-Te_i-POSCAR12-Neutral.cif,3.15
52-Cd_Te0.625_Se0.375-Se_i-POSCAR0-Neutral.cif,3.97
52-Cd_Te0.625_Se0.375-Se_i-POSCAR1-Neutral.cif,3.95
52-Cd_Te0.625_Se0.375-Se_i-POSCAR2-Neutral.cif,3.89
52-Cd_Te0.625_Se0.375-Se_i-POSCAR3-Neutral.cif,3.88
52-Cd_Te0.625_Se0.375-Se_i-POSCAR4-Neutral.cif,3.85
52-Cd_Te0.625_Se0.375-Se_i-POSCAR5-Neutral.cif,3.85
52-Cd_Te0.625_Se0.375-Se_i-POSCAR6-Neutral.cif,3.85
52-Cd_Te0.625_Se0.375-Se_i-POSCAR7-Neutral.cif,3.84
52-Cd_Te0.625_Se0.375-Se_i-POSCAR8-Neutral.cif,3.84
52-Cd_Te0.625_Se0.375-Se_i-POSCAR9-Neutral.cif,3.84
53-Cd_Te0.625_Se0.375-Cd_Te-POSCAR0-Neutral.cif,3.34
53-Cd_Te0.625_Se0.375-Cd_Te-POSCAR1-Neutral.cif,3.34
53-Cd_Te0.625_Se0.375-Cd_Te-POSCAR2-Neutral.cif,3.33
53-Cd_Te0.625_Se0.375-Cd_Te-POSCAR3-Neutral.cif,3.32
54-Cd_Te0.625_Se0.375-Cd_Se-POSCAR0-Neutral.cif,2.25
54-Cd_Te0.625_Se0.375-Cd_Se-POSCAR1-Neutral.cif,2.25
54-Cd_Te0.625_Se0.375-Cd_Se-POSCAR2-Neutral.cif,2.25
54-Cd_Te0.625_Se0.375-Cd_Se-POSCAR3-Neutral.cif,2.25
54-Cd_Te0.625_Se0.375-Cd_Se-POSCAR4-Neutral.cif,2.25
54-Cd_Te0.625_Se0.375-Cd_Se-POSCAR5-Neutral.cif,2.25
54-Cd_Te0.625_Se0.375-Cd_Se-POSCAR6-Neutral.cif,2.25
54-Cd_Te0.625_Se0.375-Cd_Se-POSCAR7-Neutral.cif,2.25
54-Cd_Te0.625_Se0.375-Cd_Se-POSCAR8-Neutral.cif,2.25
54-Cd_Te0.625_Se0.375-Cd_Se-POSCAR9-Neutral.cif,2.26
54-Cd_Te0.625_Se0.375-Cd_Se-POSCAR10-Neutral.cif,2.24
54-Cd_Te0.625_Se0.375-Cd_Se-POSCAR11-Neutral.cif,2.24
54-Cd_Te0.625_Se0.375-Cd_Se-POSCAR12-Neutral.cif,2.27
54-Cd_Te0.625_Se0.375-Cd_Se-POSCAR13-Neutral.cif,2.24
54-Cd_Te0.625_Se0.375-Cd_Se-POSCAR14-Neutral.cif,2.24
54-Cd_Te0.625_Se0.375-Cd_Se-POSCAR15-Neutral.cif,2.28
54-Cd_Te0.625_Se0.375-Cd_Se-POSCAR16-Neutral.cif,2.24
54-Cd_Te0.625_Se0.375-Cd_Se-POSCAR17-Neutral.cif,2.23
54-Cd_Te0.625_Se0.375-Cd_Se-POSCAR18-Neutral.cif,2.27
54-Cd_Te0.625_Se0.375-Cd_Se-POSCAR19-Neutral.cif,2.23
54-Cd_Te0.625_Se0.375-Cd_Se-POSCAR20-Neutral.cif,2.23
54-Cd_Te0.625_Se0.375-Cd_Se-POSCAR21-Neutral.cif,2.24
54-Cd_Te0.625_Se0.375-Cd_Se-POSCAR22-Neutral.cif,2.23
54-Cd_Te0.625_Se0.375-Cd_Se-POSCAR23-Neutral.cif,2.23
54-Cd_Te0.625_Se0.375-Cd_Se-POSCAR24-Neutral.cif,2.23
54-Cd_Te0.625_Se0.375-Cd_Se-POSCAR25-Neutral.cif,2.23
54-Cd_Te0.625_Se0.375-Cd_Se-POSCAR26-Neutral.cif,2.23
54-Cd_Te0.625_Se0.375-Cd_Se-POSCAR27-Neutral.cif,2.25
54-Cd_Te0.625_Se0.375-Cd_Se-POSCAR28-Neutral.cif,2.27
54-Cd_Te0.625_Se0.375-Cd_Se-POSCAR29-Neutral.cif,2.24
55-Cd_Te0.625_Se0.375-Te_Cd-POSCAR0-Neutral.cif,2.14
55-Cd_Te0.625_Se0.375-Te_Cd-POSCAR1-Neutral.cif,2.14
55-Cd_Te0.625_Se0.375-Te_Cd-POSCAR2-Neutral.cif,2.14
56-Cd_Te0.625_Se0.375-Se_Cd-POSCAR0-Neutral.cif,3.98
56-Cd_Te0.625_Se0.375-Se_Cd-POSCAR1-Neutral.cif,3.98
56-Cd_Te0.625_Se0.375-Se_Cd-POSCAR2-Neutral.cif,3.98
56-Cd_Te0.625_Se0.375-Se_Cd-POSCAR3-Neutral.cif,3.97
56-Cd_Te0.625_Se0.375-Se_Cd-POSCAR4-Neutral.cif,3.97
56-Cd_Te0.625_Se0.375-Se_Cd-POSCAR5-Neutral.cif,3.97
56-Cd_Te0.625_Se0.375-Se_Cd-POSCAR6-Neutral.cif,3.97
56-Cd_Te0.625_Se0.375-Se_Cd-POSCAR7-Neutral.cif,3.97
56-Cd_Te0.625_Se0.375-Se_Cd-POSCAR8-Neutral.cif,3.97
56-Cd_Te0.625_Se0.375-Se_Cd-POSCAR9-Neutral.cif,3.97
56-Cd_Te0.625_Se0.375-Se_Cd-POSCAR10-Neutral.cif,3.97
56-Cd_Te0.625_Se0.375-Se_Cd-POSCAR11-Neutral.cif,3.97
56-Cd_Te0.625_Se0.375-Se_Cd-POSCAR12-Neutral.cif,3.97
56-Cd_Te0.625_Se0.375-Se_Cd-POSCAR13-Neutral.cif,3.97
56-Cd_Te0.625_Se0.375-Se_Cd-POSCAR14-Neutral.cif,3.97
56-Cd_Te0.625_Se0.375-Se_Cd-POSCAR15-Neutral.cif,3.97
56-Cd_Te0.625_Se0.375-Se_Cd-POSCAR16-Neutral.cif,3.97
56-Cd_Te0.625_Se0.375-Se_Cd-POSCAR17-Neutral.cif,3.97
56-Cd_Te0.625_Se0.375-Se_Cd-POSCAR18-Neutral.cif,3.97
56-Cd_Te0.625_Se0.375-Se_Cd-POSCAR19-Neutral.cif,3.96
56-Cd_Te0.625_Se0.375-Se_Cd-POSCAR20-Neutral.cif,3.96
56-Cd_Te0.625_Se0.375-Se_Cd-POSCAR21-Neutral.cif,3.96
57-Cd_Te0.750_Se0.250-V_Cd-POSCAR0-Neutral.cif,2.09
57-Cd_Te0.750_Se0.250-V_Cd-POSCAR1-Neutral.cif,2.08
57-Cd_Te0.750_Se0.250-V_Cd-POSCAR2-Neutral.cif,2.07
57-Cd_Te0.750_Se0.250-V_Cd-POSCAR3-Neutral.cif,2.07
57-Cd_Te0.750_Se0.250-V_Cd-POSCAR4-Neutral.cif,2.06
58-Cd_Te0.750_Se0.250-V_Te-POSCAR0-Neutral.cif,3.16
58-Cd_Te0.750_Se0.250-V_Te-POSCAR1-Neutral.cif,3.16
59-Cd_Te0.750_Se0.250-V_Se-POSCAR0-Neutral.cif,1.11
59-Cd_Te0.750_Se0.250-V_Se-POSCAR1-Neutral.cif,1.05
59-Cd_Te0.750_Se0.250-V_Se-POSCAR2-Neutral.cif,0.95
59-Cd_Te0.750_Se0.250-V_Se-POSCAR3-Neutral.cif,0.92
59-Cd_Te0.750_Se0.250-V_Se-POSCAR4-Neutral.cif,0.75
59-Cd_Te0.750_Se0.250-V_Se-POSCAR5-Neutral.cif,0.69
59-Cd_Te0.750_Se0.250-V_Se-POSCAR6-Neutral.cif,0.67
59-Cd_Te0.750_Se0.250-V_Se-POSCAR7-Neutral.cif,0.65
59-Cd_Te0.750_Se0.250-V_Se-POSCAR8-Neutral.cif,0.64
59-Cd_Te0.750_Se0.250-V_Se-POSCAR9-Neutral.cif,0.63
59-Cd_Te0.750_Se0.250-V_Se-POSCAR10-Neutral.cif,0.62
59-Cd_Te0.750_Se0.250-V_Se-POSCAR11-Neutral.cif,0.62
59-Cd_Te0.750_Se0.250-V_Se-POSCAR12-Neutral.cif,0.61
59-Cd_Te0.750_Se0.250-V_Se-POSCAR13-Neutral.cif,0.61
59-Cd_Te0.750_Se0.250-V_Se-POSCAR14-Neutral.cif,0.61
60-Cd_Te0.750_Se0.250-Cd_i-POSCAR0-Neutral.cif,2.43
60-Cd_Te0.750_Se0.250-Cd_i-POSCAR1-Neutral.cif,2.38
60-Cd_Te0.750_Se0.250-Cd_i-POSCAR2-Neutral.cif,2.26
60-Cd_Te0.750_Se0.250-Cd_i-POSCAR3-Neutral.cif,2.26
60-Cd_Te0.750_Se0.250-Cd_i-POSCAR4-Neutral.cif,2.25
60-Cd_Te0.750_Se0.250-Cd_i-POSCAR5-Neutral.cif,2.22
60-Cd_Te0.750_Se0.250-Cd_i-POSCAR6-Neutral.cif,2.22
60-Cd_Te0.750_Se0.250-Cd_i-POSCAR7-Neutral.cif,2.21
60-Cd_Te0.750_Se0.250-Cd_i-POSCAR8-Neutral.cif,2.21
60-Cd_Te0.750_Se0.250-Cd_i-POSCAR9-Neutral.cif,2.2
61-Cd_Te0.750_Se0.250-Te_i-POSCAR0-Neutral.cif,1.56
61-Cd_Te0.750_Se0.250-Te_i-POSCAR1-Neutral.cif,1.55
61-Cd_Te0.750_Se0.250-Te_i-POSCAR2-Neutral.cif,1.55
62-Cd_Te0.750_Se0.250-Se_i-POSCAR0-Neutral.cif,3.34
62-Cd_Te0.750_Se0.250-Se_i-POSCAR1-Neutral.cif,3.33
62-Cd_Te0.750_Se0.250-Se_i-POSCAR2-Neutral.cif,3.33
62-Cd_Te0.750_Se0.250-Se_i-POSCAR3-Neutral.cif,3.32
62-Cd_Te0.750_Se0.250-Se_i-POSCAR4-Neutral.cif,3.31
62-Cd_Te0.750_Se0.250-Se_i-POSCAR5-Neutral.cif,3.31
62-Cd_Te0.750_Se0.250-Se_i-POSCAR6-Neutral.cif,3.29
62-Cd_Te0.750_Se0.250-Se_i-POSCAR7-Neutral.cif,3.3
62-Cd_Te0.750_Se0.250-Se_i-POSCAR8-Neutral.cif,3.29
62-Cd_Te0.750_Se0.250-Se_i-POSCAR9-Neutral.cif,3.29
62-Cd_Te0.750_Se0.250-Se_i-POSCAR10-Neutral.cif,3.28
62-Cd_Te0.750_Se0.250-Se_i-POSCAR11-Neutral.cif,3.28
62-Cd_Te0.750_Se0.250-Se_i-POSCAR12-Neutral.cif,3.28
63-Cd_Te0.750_Se0.250-Cd_Te-POSCAR0-Neutral.cif,3.26
63-Cd_Te0.750_Se0.250-Cd_Te-POSCAR1-Neutral.cif,3.26
63-Cd_Te0.750_Se0.250-Cd_Te-POSCAR2-Neutral.cif,3.25
63-Cd_Te0.750_Se0.250-Cd_Te-POSCAR3-Neutral.cif,3.24
63-Cd_Te0.750_Se0.250-Cd_Te-POSCAR4-Neutral.cif,3.23
63-Cd_Te0.750_Se0.250-Cd_Te-POSCAR5-Neutral.cif,3.23
63-Cd_Te0.750_Se0.250-Cd_Te-POSCAR6-Neutral.cif,3.22
64-Cd_Te0.750_Se0.250-Cd_Se-POSCAR0-Neutral.cif,1.63
64-Cd_Te0.750_Se0.250-Cd_Se-POSCAR1-Neutral.cif,1.63
64-Cd_Te0.750_Se0.250-Cd_Se-POSCAR2-Neutral.cif,1.61
64-Cd_Te0.750_Se0.250-Cd_Se-POSCAR3-Neutral.cif,1.6
64-Cd_Te0.750_Se0.250-Cd_Se-POSCAR4-Neutral.cif,1.58
65-Cd_Te0.750_Se0.250-Te_Cd-POSCAR0-Neutral.cif,3.38
65-Cd_Te0.750_Se0.250-Te_Cd-POSCAR1-Neutral.cif,3.07
65-Cd_Te0.750_Se0.250-Te_Cd-POSCAR2-Neutral.cif,2.74
65-Cd_Te0.750_Se0.250-Te_Cd-POSCAR3-Neutral.cif,2.58
65-Cd_Te0.750_Se0.250-Te_Cd-POSCAR4-Neutral.cif,2.54
65-Cd_Te0.750_Se0.250-Te_Cd-POSCAR5-Neutral.cif,2.48
65-Cd_Te0.750_Se0.250-Te_Cd-POSCAR6-Neutral.cif,2.46
65-Cd_Te0.750_Se0.250-Te_Cd-POSCAR7-Neutral.cif,2.44
65-Cd_Te0.750_Se0.250-Te_Cd-POSCAR8-Neutral.cif,2.41
65-Cd_Te0.750_Se0.250-Te_Cd-POSCAR9-Neutral.cif,2.38
65-Cd_Te0.750_Se0.250-Te_Cd-POSCAR10-Neutral.cif,2.36
65-Cd_Te0.750_Se0.250-Te_Cd-POSCAR11-Neutral.cif,2.33
65-Cd_Te0.750_Se0.250-Te_Cd-POSCAR12-Neutral.cif,2.31
65-Cd_Te0.750_Se0.250-Te_Cd-POSCAR13-Neutral.cif,2.28
65-Cd_Te0.750_Se0.250-Te_Cd-POSCAR14-Neutral.cif,2.27
65-Cd_Te0.750_Se0.250-Te_Cd-POSCAR15-Neutral.cif,2.26
65-Cd_Te0.750_Se0.250-Te_Cd-POSCAR16-Neutral.cif,2.25
65-Cd_Te0.750_Se0.250-Te_Cd-POSCAR17-Neutral.cif,2.25
66-Cd_Te0.750_Se0.250-Se_Cd-POSCAR0-Neutral.cif,4.6
66-Cd_Te0.750_Se0.250-Se_Cd-POSCAR1-Neutral.cif,4.6
66-Cd_Te0.750_Se0.250-Se_Cd-POSCAR2-Neutral.cif,4.6
66-Cd_Te0.750_Se0.250-Se_Cd-POSCAR3-Neutral.cif,4.6
66-Cd_Te0.750_Se0.250-Se_Cd-POSCAR4-Neutral.cif,4.6
66-Cd_Te0.750_Se0.250-Se_Cd-POSCAR5-Neutral.cif,4.6
66-Cd_Te0.750_Se0.250-Se_Cd-POSCAR6-Neutral.cif,4.6
66-Cd_Te0.750_Se0.250-Se_Cd-POSCAR7-Neutral.cif,4.6
66-Cd_Te0.750_Se0.250-Se_Cd-POSCAR8-Neutral.cif,4.6
66-Cd_Te0.750_Se0.250-Se_Cd-POSCAR9-Neutral.cif,4.6
66-Cd_Te0.750_Se0.250-Se_Cd-POSCAR10-Neutral.cif,4.6
66-Cd_Te0.750_Se0.250-Se_Cd-POSCAR11-Neutral.cif,4.6
67-Cd_Te0.875_Se0.125-V_Cd-POSCAR0-Neutral.cif,2.15
67-Cd_Te0.875_Se0.125-V_Cd-POSCAR1-Neutral.cif,2.15
67-Cd_Te0.875_Se0.125-V_Cd-POSCAR2-Neutral.cif,2.14
67-Cd_Te0.875_Se0.125-V_Cd-POSCAR3-Neutral.cif,2.14
67-Cd_Te0.875_Se0.125-V_Cd-POSCAR4-Neutral.cif,2.14
68-Cd_Te0.875_Se0.125-V_Te-POSCAR0-Neutral.cif,3.39
68-Cd_Te0.875_Se0.125-V_Te-POSCAR1-Neutral.cif,3.39
69-Cd_Te0.875_Se0.125-V_Se-POSCAR0-Neutral.cif,-0.77
69-Cd_Te0.875_Se0.125-V_Se-POSCAR1-Neutral.cif,-0.77
69-Cd_Te0.875_Se0.125-V_Se-POSCAR2-Neutral.cif,-0.77
69-Cd_Te0.875_Se0.125-V_Se-POSCAR3-Neutral.cif,-0.78
69-Cd_Te0.875_Se0.125-V_Se-POSCAR4-Neutral.cif,-0.78
69-Cd_Te0.875_Se0.125-V_Se-POSCAR5-Neutral.cif,-0.76
69-Cd_Te0.875_Se0.125-V_Se-POSCAR6-Neutral.cif,-0.76
69-Cd_Te0.875_Se0.125-V_Se-POSCAR7-Neutral.cif,-0.77
69-Cd_Te0.875_Se0.125-V_Se-POSCAR8-Neutral.cif,-0.77
69-Cd_Te0.875_Se0.125-V_Se-POSCAR9-Neutral.cif,-0.76
69-Cd_Te0.875_Se0.125-V_Se-POSCAR10-Neutral.cif,-0.77
69-Cd_Te0.875_Se0.125-V_Se-POSCAR11-Neutral.cif,-0.77
69-Cd_Te0.875_Se0.125-V_Se-POSCAR12-Neutral.cif,-0.77
69-Cd_Te0.875_Se0.125-V_Se-POSCAR13-Neutral.cif,-0.76
69-Cd_Te0.875_Se0.125-V_Se-POSCAR14-Neutral.cif,-0.77
69-Cd_Te0.875_Se0.125-V_Se-POSCAR15-Neutral.cif,-0.77
69-Cd_Te0.875_Se0.125-V_Se-POSCAR16-Neutral.cif,-0.76
69-Cd_Te0.875_Se0.125-V_Se-POSCAR17-Neutral.cif,-0.76
69-Cd_Te0.875_Se0.125-V_Se-POSCAR18-Neutral.cif,-0.76
69-Cd_Te0.875_Se0.125-V_Se-POSCAR19-Neutral.cif,-0.76
69-Cd_Te0.875_Se0.125-V_Se-POSCAR20-Neutral.cif,-0.76
69-Cd_Te0.875_Se0.125-V_Se-POSCAR21-Neutral.cif,-0.75
69-Cd_Te0.875_Se0.125-V_Se-POSCAR22-Neutral.cif,-0.75
69-Cd_Te0.875_Se0.125-V_Se-POSCAR23-Neutral.cif,-0.75
69-Cd_Te0.875_Se0.125-V_Se-POSCAR24-Neutral.cif,-0.75
70-Cd_Te0.875_Se0.125-Cd_i-POSCAR0-Neutral.cif,2.18
70-Cd_Te0.875_Se0.125-Cd_i-POSCAR1-Neutral.cif,2.13
70-Cd_Te0.875_Se0.125-Cd_i-POSCAR2-Neutral.cif,2.08
70-Cd_Te0.875_Se0.125-Cd_i-POSCAR3-Neutral.cif,2.08
70-Cd_Te0.875_Se0.125-Cd_i-POSCAR4-Neutral.cif,2.07
70-Cd_Te0.875_Se0.125-Cd_i-POSCAR5-Neutral.cif,2.06
71-Cd_Te0.875_Se0.125-Te_i-POSCAR0-Neutral.cif,1.91
71-Cd_Te0.875_Se0.125-Te_i-POSCAR1-Neutral.cif,1.91
71-Cd_Te0.875_Se0.125-Te_i-POSCAR2-Neutral.cif,1.91
71-Cd_Te0.875_Se0.125-Te_i-POSCAR3-Neutral.cif,1.91
71-Cd_Te0.875_Se0.125-Te_i-POSCAR4-Neutral.cif,1.91
71-Cd_Te0.875_Se0.125-Te_i-POSCAR5-Neutral.cif,1.91
71-Cd_Te0.875_Se0.125-Te_i-POSCAR6-Neutral.cif,1.91
72-Cd_Te0.875_Se0.125-Se_i-POSCAR0-Neutral.cif,6.29
72-Cd_Te0.875_Se0.125-Se_i-POSCAR1-Neutral.cif,6.28
72-Cd_Te0.875_Se0.125-Se_i-POSCAR2-Neutral.cif,6.24
72-Cd_Te0.875_Se0.125-Se_i-POSCAR3-Neutral.cif,6.23
72-Cd_Te0.875_Se0.125-Se_i-POSCAR4-Neutral.cif,6.22
73-Cd_Te0.875_Se0.125-Cd_Te-POSCAR0-Neutral.cif,3.27
73-Cd_Te0.875_Se0.125-Cd_Te-POSCAR1-Neutral.cif,3.27
73-Cd_Te0.875_Se0.125-Cd_Te-POSCAR2-Neutral.cif,3.26
73-Cd_Te0.875_Se0.125-Cd_Te-POSCAR3-Neutral.cif,3.26
73-Cd_Te0.875_Se0.125-Cd_Te-POSCAR4-Neutral.cif,3.26
73-Cd_Te0.875_Se0.125-Cd_Te-POSCAR5-Neutral.cif,3.26
73-Cd_Te0.875_Se0.125-Cd_Te-POSCAR6-Neutral.cif,3.25
73-Cd_Te0.875_Se0.125-Cd_Te-POSCAR7-Neutral.cif,3.25
73-Cd_Te0.875_Se0.125-Cd_Te-POSCAR8-Neutral.cif,3.24
73-Cd_Te0.875_Se0.125-Cd_Te-POSCAR9-Neutral.cif,3.24
73-Cd_Te0.875_Se0.125-Cd_Te-POSCAR10-Neutral.cif,3.24
73-Cd_Te0.875_Se0.125-Cd_Te-POSCAR11-Neutral.cif,3.25
73-Cd_Te0.875_Se0.125-Cd_Te-POSCAR12-Neutral.cif,3.25
73-Cd_Te0.875_Se0.125-Cd_Te-POSCAR13-Neutral.cif,3.24
73-Cd_Te0.875_Se0.125-Cd_Te-POSCAR14-Neutral.cif,3.26
73-Cd_Te0.875_Se0.125-Cd_Te-POSCAR15-Neutral.cif,3.25
73-Cd_Te0.875_Se0.125-Cd_Te-POSCAR16-Neutral.cif,3.24
73-Cd_Te0.875_Se0.125-Cd_Te-POSCAR17-Neutral.cif,3.26
73-Cd_Te0.875_Se0.125-Cd_Te-POSCAR18-Neutral.cif,3.24
73-Cd_Te0.875_Se0.125-Cd_Te-POSCAR19-Neutral.cif,3.24
73-Cd_Te0.875_Se0.125-Cd_Te-POSCAR20-Neutral.cif,3.26
73-Cd_Te0.875_Se0.125-Cd_Te-POSCAR21-Neutral.cif,3.24
73-Cd_Te0.875_Se0.125-Cd_Te-POSCAR22-Neutral.cif,3.24
73-Cd_Te0.875_Se0.125-Cd_Te-POSCAR23-Neutral.cif,3.26
73-Cd_Te0.875_Se0.125-Cd_Te-POSCAR24-Neutral.cif,3.24
73-Cd_Te0.875_Se0.125-Cd_Te-POSCAR25-Neutral.cif,3.24
73-Cd_Te0.875_Se0.125-Cd_Te-POSCAR26-Neutral.cif,3.26
73-Cd_Te0.875_Se0.125-Cd_Te-POSCAR27-Neutral.cif,3.25
73-Cd_Te0.875_Se0.125-Cd_Te-POSCAR28-Neutral.cif,3.24
73-Cd_Te0.875_Se0.125-Cd_Te-POSCAR29-Neutral.cif,3.25
73-Cd_Te0.875_Se0.125-Cd_Te-POSCAR30-Neutral.cif,3.25
73-Cd_Te0.875_Se0.125-Cd_Te-POSCAR31-Neutral.cif,3.25
73-Cd_Te0.875_Se0.125-Cd_Te-POSCAR32-Neutral.cif,3.25
73-Cd_Te0.875_Se0.125-Cd_Te-POSCAR33-Neutral.cif,3.26
73-Cd_Te0.875_Se0.125-Cd_Te-POSCAR34-Neutral.cif,3.24
73-Cd_Te0.875_Se0.125-Cd_Te-POSCAR35-Neutral.cif,3.24
73-Cd_Te0.875_Se0.125-Cd_Te-POSCAR36-Neutral.cif,3.24
73-Cd_Te0.875_Se0.125-Cd_Te-POSCAR37-Neutral.cif,3.24
73-Cd_Te0.875_Se0.125-Cd_Te-POSCAR38-Neutral.cif,3.25
73-Cd_Te0.875_Se0.125-Cd_Te-POSCAR39-Neutral.cif,3.24
73-Cd_Te0.875_Se0.125-Cd_Te-POSCAR40-Neutral.cif,3.24
73-Cd_Te0.875_Se0.125-Cd_Te-POSCAR41-Neutral.cif,3.24
73-Cd_Te0.875_Se0.125-Cd_Te-POSCAR42-Neutral.cif,3.24
73-Cd_Te0.875_Se0.125-Cd_Te-POSCAR43-Neutral.cif,3.24
73-Cd_Te0.875_Se0.125-Cd_Te-POSCAR44-Neutral.cif,3.24
73-Cd_Te0.875_Se0.125-Cd_Te-POSCAR45-Neutral.cif,3.23
73-Cd_Te0.875_Se0.125-Cd_Te-POSCAR46-Neutral.cif,3.24
73-Cd_Te0.875_Se0.125-Cd_Te-POSCAR47-Neutral.cif,3.24
73-Cd_Te0.875_Se0.125-Cd_Te-POSCAR48-Neutral.cif,3.24
73-Cd_Te0.875_Se0.125-Cd_Te-POSCAR49-Neutral.cif,3.24
74-Cd_Te0.875_Se0.125-Cd_Se-POSCAR0-Neutral.cif,-0.09
74-Cd_Te0.875_Se0.125-Cd_Se-POSCAR1-Neutral.cif,-0.1
74-Cd_Te0.875_Se0.125-Cd_Se-POSCAR2-Neutral.cif,-0.07
74-Cd_Te0.875_Se0.125-Cd_Se-POSCAR3-Neutral.cif,-0.09
74-Cd_Te0.875_Se0.125-Cd_Se-POSCAR4-Neutral.cif,-0.1
74-Cd_Te0.875_Se0.125-Cd_Se-POSCAR5-Neutral.cif,-0.08
74-Cd_Te0.875_Se0.125-Cd_Se-POSCAR6-Neutral.cif,-0.09
74-Cd_Te0.875_Se0.125-Cd_Se-POSCAR7-Neutral.cif,-0.09
74-Cd_Te0.875_Se0.125-Cd_Se-POSCAR8-Neutral.cif,-0.08
74-Cd_Te0.875_Se0.125-Cd_Se-POSCAR9-Neutral.cif,-0.09
74-Cd_Te0.875_Se0.125-Cd_Se-POSCAR10-Neutral.cif,-0.09
74-Cd_Te0.875_Se0.125-Cd_Se-POSCAR11-Neutral.cif,-0.08
74-Cd_Te0.875_Se0.125-Cd_Se-POSCAR12-Neutral.cif,-0.09
74-Cd_Te0.875_Se0.125-Cd_Se-POSCAR13-Neutral.cif,-0.09
74-Cd_Te0.875_Se0.125-Cd_Se-POSCAR14-Neutral.cif,-0.06
74-Cd_Te0.875_Se0.125-Cd_Se-POSCAR15-Neutral.cif,-0.11
74-Cd_Te0.875_Se0.125-Cd_Se-POSCAR16-Neutral.cif,-0.14
74-Cd_Te0.875_Se0.125-Cd_Se-POSCAR17-Neutral.cif,-0.11
74-Cd_Te0.875_Se0.125-Cd_Se-POSCAR18-Neutral.cif,-0.11
74-Cd_Te0.875_Se0.125-Cd_Se-POSCAR19-Neutral.cif,-0.11
74-Cd_Te0.875_Se0.125-Cd_Se-POSCAR20-Neutral.cif,-0.11
74-Cd_Te0.875_Se0.125-Cd_Se-POSCAR21-Neutral.cif,-0.1
74-Cd_Te0.875_Se0.125-Cd_Se-POSCAR22-Neutral.cif,-0.11
74-Cd_Te0.875_Se0.125-Cd_Se-POSCAR23-Neutral.cif,-0.12
74-Cd_Te0.875_Se0.125-Cd_Se-POSCAR24-Neutral.cif,-0.09
74-Cd_Te0.875_Se0.125-Cd_Se-POSCAR25-Neutral.cif,-0.11
74-Cd_Te0.875_Se0.125-Cd_Se-POSCAR26-Neutral.cif,-0.12
74-Cd_Te0.875_Se0.125-Cd_Se-POSCAR27-Neutral.cif,-0.08
74-Cd_Te0.875_Se0.125-Cd_Se-POSCAR28-Neutral.cif,-0.11
74-Cd_Te0.875_Se0.125-Cd_Se-POSCAR29-Neutral.cif,-0.11
74-Cd_Te0.875_Se0.125-Cd_Se-POSCAR30-Neutral.cif,-0.1
74-Cd_Te0.875_Se0.125-Cd_Se-POSCAR31-Neutral.cif,-0.12
74-Cd_Te0.875_Se0.125-Cd_Se-POSCAR32-Neutral.cif,-0.12
74-Cd_Te0.875_Se0.125-Cd_Se-POSCAR33-Neutral.cif,-0.12
74-Cd_Te0.875_Se0.125-Cd_Se-POSCAR34-Neutral.cif,-0.12
74-Cd_Te0.875_Se0.125-Cd_Se-POSCAR35-Neutral.cif,-0.12
74-Cd_Te0.875_Se0.125-Cd_Se-POSCAR36-Neutral.cif,-0.12
74-Cd_Te0.875_Se0.125-Cd_Se-POSCAR37-Neutral.cif,-0.12
74-Cd_Te0.875_Se0.125-Cd_Se-POSCAR38-Neutral.cif,-0.11
74-Cd_Te0.875_Se0.125-Cd_Se-POSCAR39-Neutral.cif,-0.12
74-Cd_Te0.875_Se0.125-Cd_Se-POSCAR40-Neutral.cif,-0.12
74-Cd_Te0.875_Se0.125-Cd_Se-POSCAR41-Neutral.cif,-0.12
74-Cd_Te0.875_Se0.125-Cd_Se-POSCAR42-Neutral.cif,-0.11
74-Cd_Te0.875_Se0.125-Cd_Se-POSCAR43-Neutral.cif,-0.09
74-Cd_Te0.875_Se0.125-Cd_Se-POSCAR44-Neutral.cif,-0.13
74-Cd_Te0.875_Se0.125-Cd_Se-POSCAR45-Neutral.cif,-0.15
74-Cd_Te0.875_Se0.125-Cd_Se-POSCAR46-Neutral.cif,-0.15
74-Cd_Te0.875_Se0.125-Cd_Se-POSCAR47-Neutral.cif,-0.15
74-Cd_Te0.875_Se0.125-Cd_Se-POSCAR48-Neutral.cif,-0.16
75-Cd_Te0.875_Se0.125-Te_Cd-POSCAR0-Neutral.cif,5.61
75-Cd_Te0.875_Se0.125-Te_Cd-POSCAR1-Neutral.cif,4.65
75-Cd_Te0.875_Se0.125-Te_Cd-POSCAR2-Neutral.cif,3.29
75-Cd_Te0.875_Se0.125-Te_Cd-POSCAR3-Neutral.cif,2.64
75-Cd_Te0.875_Se0.125-Te_Cd-POSCAR4-Neutral.cif,2.51
75-Cd_Te0.875_Se0.125-Te_Cd-POSCAR5-Neutral.cif,2.38
75-Cd_Te0.875_Se0.125-Te_Cd-POSCAR6-Neutral.cif,2.34
75-Cd_Te0.875_Se0.125-Te_Cd-POSCAR7-Neutral.cif,2.3
75-Cd_Te0.875_Se0.125-Te_Cd-POSCAR8-Neutral.cif,2.28
75-Cd_Te0.875_Se0.125-Te_Cd-POSCAR9-Neutral.cif,2.26
75-Cd_Te0.875_Se0.125-Te_Cd-POSCAR10-Neutral.cif,2.25
75-Cd_Te0.875_Se0.125-Te_Cd-POSCAR11-Neutral.cif,2.23
75-Cd_Te0.875_Se0.125-Te_Cd-POSCAR12-Neutral.cif,2.22
75-Cd_Te0.875_Se0.125-Te_Cd-POSCAR13-Neutral.cif,2.2
75-Cd_Te0.875_Se0.125-Te_Cd-POSCAR14-Neutral.cif,2.19
75-Cd_Te0.875_Se0.125-Te_Cd-POSCAR15-Neutral.cif,2.18
76-Cd_Te0.875_Se0.125-Se_Cd-POSCAR0-Neutral.cif,8.68
76-Cd_Te0.875_Se0.125-Se_Cd-POSCAR1-Neutral.cif,8.04
76-Cd_Te0.875_Se0.125-Se_Cd-POSCAR2-Neutral.cif,7.2
76-Cd_Te0.875_Se0.125-Se_Cd-POSCAR3-Neutral.cif,6.36
76-Cd_Te0.875_Se0.125-Se_Cd-POSCAR4-Neutral.cif,6.3
76-Cd_Te0.875_Se0.125-Se_Cd-POSCAR5-Neutral.cif,6.16
76-Cd_Te0.875_Se0.125-Se_Cd-POSCAR6-Neutral.cif,6.1
76-Cd_Te0.875_Se0.125-Se_Cd-POSCAR7-Neutral.cif,6.06
76-Cd_Te0.875_Se0.125-Se_Cd-POSCAR8-Neutral.cif,6.03
76-Cd_Te0.875_Se0.125-Se_Cd-POSCAR9-Neutral.cif,6.01
76-Cd_Te0.875_Se0.125-Se_Cd-POSCAR10-Neutral.cif,5.99
76-Cd_Te0.875_Se0.125-Se_Cd-POSCAR11-Neutral.cif,5.98
76-Cd_Te0.875_Se0.125-Se_Cd-POSCAR12-Neutral.cif,5.97
76-Cd_Te0.875_Se0.125-Se_Cd-POSCAR13-Neutral.cif,5.96
76-Cd_Te0.875_Se0.125-Se_Cd-POSCAR14-Neutral.cif,5.95
76-Cd_Te0.875_Se0.125-Se_Cd-POSCAR15-Neutral.cif,5.95
76-Cd_Te0.875_Se0.125-Se_Cd-POSCAR16-Neutral.cif,5.94
77-CdSe-V_Cd-POSCAR0-Neutral.cif,2.27
78-CdSe-V_Se-POSCAR0-Neutral.cif,3.01
79-CdSe-Cd_i_1-POSCAR0-Neutral.cif,3.23
79-CdSe-Cd_i_1-POSCAR1-Neutral.cif,3.19
79-CdSe-Cd_i_1-POSCAR2-Neutral.cif,3.16
79-CdSe-Cd_i_1-POSCAR3-Neutral.cif,3.16
80-CdSe-Se_i_1-POSCAR0-Neutral.cif,3.16
80-CdSe-Se_i_1-POSCAR1-Neutral.cif,3.11
80-CdSe-Se_i_1-POSCAR2-Neutral.cif,3.09
80-CdSe-Se_i_1-POSCAR3-Neutral.cif,3.08
80-CdSe-Se_i_1-POSCAR4-Neutral.cif,3.08
81-CdSe-Cd_Se-POSCAR0-Neutral.cif,4.79
81-CdSe-Cd_Se-POSCAR1-Neutral.cif,4.77
81-CdSe-Cd_Se-POSCAR2-Neutral.cif,4.75
81-CdSe-Cd_Se-POSCAR3-Neutral.cif,4.75
81-CdSe-Cd_Se-POSCAR4-Neutral.cif,4.73
81-CdSe-Cd_Se-POSCAR5-Neutral.cif,4.73
82-CdSe-Se_Cd-POSCAR0-Neutral.cif,2.57
82-CdSe-Se_Cd-POSCAR1-Neutral.cif,2.51
82-CdSe-Se_Cd-POSCAR2-Neutral.cif,2.45
82-CdSe-Se_Cd-POSCAR3-Neutral.cif,2.45
82-CdSe-Se_Cd-POSCAR4-Neutral.cif,2.45