83-BN-N_i_B-POSCAR12-Charged+1.cif,14.9686238
119-AlN-Al_i_A-POSCAR0-Charged+1.cif,14.79757942
119-AlN-Al_i_A-POSCAR1-Charged+1.cif,14.7859093
119-AlN-Al_i_A-POSCAR2-Charged+1.cif,14.7815045
119-AlN-Al_i_A-POSCAR3-Charged+1.cif,14.78052294
119-AlN-Al_i_A-POSCAR4-Charged+1.cif,14.78
83-BN-N_i_B-POSCAR13-Charged+1.cif,13.70742971
197-InN-In_N-POSCAR0-Charged+1.cif,13.49312219
197-InN-In_N-POSCAR1-Charged+1.cif,13.45749465
197-InN-In_N-POSCAR2-Charged+1.cif,13.45176282
197-InN-In_N-POSCAR3-Charged+1.cif,13.45
83-BN-N_i_B-POSCAR14-Charged+1.cif,13.42182485
83-BN-N_i_B-POSCAR16-Charged+1.cif,13.00953833
83-BN-N_i_B-POSCAR15-Charged+1.cif,12.93951041
256-SiC-Si_i_neut-POSCAR53-Charged+1.cif,12.92153558
159-GaN-Ga_i_A-POSCAR0-Charged+1.cif,12.84495389
159-GaN-Ga_i_A-POSCAR1-Charged+1.cif,12.83598901
159-GaN-Ga_i_A-POSCAR2-Charged+1.cif,12.83103179
159-GaN-Ga_i_A-POSCAR3-Charged+1.cif,12.83
121-AlN-Al_i_neut-POSCAR0-Charged+1.cif,12.74658235
121-AlN-Al_i_neut-POSCAR1-Charged+1.cif,12.73759399
121-AlN-Al_i_neut-POSCAR2-Charged+1.cif,12.73
120-AlN-Al_i_B-POSCAR0-Charged+1.cif,12.70951519
120-AlN-Al_i_B-POSCAR1-Charged+1.cif,12.70558461
120-AlN-Al_i_B-POSCAR2-Charged+1.cif,12.7
161-GaN-Ga_i_neut-POSCAR0-Charged+1.cif,12.45642948
161-GaN-Ga_i_neut-POSCAR1-Charged+1.cif,12.44599479
161-GaN-Ga_i_neut-POSCAR2-Charged+1.cif,12.44281892
161-GaN-Ga_i_neut-POSCAR3-Charged+1.cif,12.44131303
161-GaN-Ga_i_neut-POSCAR4-Charged+1.cif,12.44
160-GaN-Ga_i_B-POSCAR0-Charged+1.cif,11.94645495
160-GaN-Ga_i_B-POSCAR1-Charged+1.cif,11.87490177
160-GaN-Ga_i_B-POSCAR2-Charged+1.cif,11.84257038
160-GaN-Ga_i_B-POSCAR3-Charged+1.cif,11.80872419
160-GaN-Ga_i_B-POSCAR4-Charged+1.cif,11.79085936
160-GaN-Ga_i_B-POSCAR5-Charged+1.cif,11.79
83-BN-N_i_B-POSCAR17-Charged+1.cif,11.54348191
83-BN-N_i_B-POSCAR18-Charged+1.cif,11.42414891
83-BN-N_i_B-POSCAR19-Charged+1.cif,11.23954448
83-BN-N_i_B-POSCAR20-Charged+1.cif,11.11401196
83-BN-N_i_B-POSCAR21-Charged+1.cif,11.06175263
83-BN-N_i_B-POSCAR22-Charged+1.cif,10.98052575
83-BN-N_i_B-POSCAR23-Charged+1.cif,10.88381708
83-BN-N_i_B-POSCAR24-Charged+1.cif,10.8009589
83-BN-N_i_B-POSCAR25-Charged+1.cif,10.72797409
83-BN-N_i_B-POSCAR27-Charged+1.cif,10.71361111
83-BN-N_i_B-POSCAR26-Charged+1.cif,10.71085606
83-BN-N_i_B-POSCAR28-Charged+1.cif,10.70405192
83-BN-N_i_B-POSCAR30-Charged+1.cif,10.70050783
83-BN-N_i_B-POSCAR29-Charged+1.cif,10.70049434
83-BN-N_i_B-POSCAR31-Charged+1.cif,10.70011238
83-BN-N_i_B-POSCAR32-Charged+1.cif,10.7
103-BAs-As_i_B-POSCAR0-Charged+1.cif,10.01576296
103-BAs-As_i_B-POSCAR1-Charged+1.cif,9.99259303
103-BAs-As_i_B-POSCAR2-Charged+1.cif,9.98563783
103-BAs-As_i_B-POSCAR3-Charged+1.cif,9.98
256-SiC-Si_i_neut-POSCAR54-Charged+1.cif,9.69472553
82-BN-N_i_A-POSCAR1-Charged+1.cif,9.62276727
93-BP-P_i_B-POSCAR0-Charged+1.cif,9.62086767
93-BP-P_i_B-POSCAR1-Charged+1.cif,9.61476268
93-BP-P_i_B-POSCAR2-Charged+1.cif,9.61242278
93-BP-P_i_B-POSCAR3-Charged+1.cif,9.61
76-BN-V_N-POSCAR1-Charged+1.cif,9.54741937
82-BN-N_i_A-POSCAR0-Charged+1.cif,9.5391965
113-BSb-Sb_i_B-POSCAR0-Charged+1.cif,9.52662495
113-BSb-Sb_i_B-POSCAR1-Charged+1.cif,9.51608581
113-BSb-Sb_i_B-POSCAR2-Charged+1.cif,9.51299819
113-BSb-Sb_i_B-POSCAR3-Charged+1.cif,9.51
254-SiC-Si_i_A-POSCAR0-Charged+1.cif,9.44500508
254-SiC-Si_i_A-POSCAR1-Charged+1.cif,9.44242467
254-SiC-Si_i_A-POSCAR2-Charged+1.cif,9.44022861
254-SiC-Si_i_A-POSCAR3-Charged+1.cif,9.44
76-BN-V_N-POSCAR0-Charged+1.cif,9.3795626
266-GeC-Ge_i_neut-POSCAR12-Charged+1.cif,9.35120726
262-GeC-C_i_B-POSCAR0-Charged+1.cif,9.34726622
266-GeC-Ge_i_neut-POSCAR47-Charged+1.cif,9.34255677
82-BN-N_i_A-POSCAR2-Charged+1.cif,9.34087745
266-GeC-Ge_i_neut-POSCAR49-Charged+1.cif,9.34
266-GeC-Ge_i_neut-POSCAR48-Charged+1.cif,9.33933273
266-GeC-Ge_i_neut-POSCAR41-Charged+1.cif,9.3388969
272-SnC-C_i_B-POSCAR0-Charged+1.cif,9.33783682
266-GeC-Ge_i_neut-POSCAR46-Charged+1.cif,9.33776478
266-GeC-Ge_i_neut-POSCAR34-Charged+1.cif,9.33541318
266-GeC-Ge_i_neut-POSCAR11-Charged+1.cif,9.33466683
266-GeC-Ge_i_neut-POSCAR14-Charged+1.cif,9.33446828
266-GeC-Ge_i_neut-POSCAR21-Charged+1.cif,9.33371231
266-GeC-Ge_i_neut-POSCAR22-Charged+1.cif,9.33366944
266-GeC-Ge_i_neut-POSCAR15-Charged+1.cif,9.33346653
266-GeC-Ge_i_neut-POSCAR16-Charged+1.cif,9.33334164
266-GeC-Ge_i_neut-POSCAR19-Charged+1.cif,9.33292153
266-GeC-Ge_i_neut-POSCAR20-Charged+1.cif,9.33261655
266-GeC-Ge_i_neut-POSCAR23-Charged+1.cif,9.33257647
266-GeC-Ge_i_neut-POSCAR18-Charged+1.cif,9.33239759
266-GeC-Ge_i_neut-POSCAR17-Charged+1.cif,9.33235648
266-GeC-Ge_i_neut-POSCAR35-Charged+1.cif,9.33228978
266-GeC-Ge_i_neut-POSCAR10-Charged+1.cif,9.3322375
266-GeC-Ge_i_neut-POSCAR37-Charged+1.cif,9.33179863
266-GeC-Ge_i_neut-POSCAR38-Charged+1.cif,9.33170612
266-GeC-Ge_i_neut-POSCAR45-Charged+1.cif,9.33125789
266-GeC-Ge_i_neut-POSCAR44-Charged+1.cif,9.33089722
266-GeC-Ge_i_neut-POSCAR43-Charged+1.cif,9.3306535
266-GeC-Ge_i_neut-POSCAR36-Charged+1.cif,9.33036764
266-GeC-Ge_i_neut-POSCAR24-Charged+1.cif,9.3298917
266-GeC-Ge_i_neut-POSCAR30-Charged+1.cif,9.32978131
266-GeC-Ge_i_neut-POSCAR29-Charged+1.cif,9.32977697
266-GeC-Ge_i_neut-POSCAR31-Charged+1.cif,9.32971988
266-GeC-Ge_i_neut-POSCAR40-Charged+1.cif,9.32962604
266-GeC-Ge_i_neut-POSCAR13-Charged+1.cif,9.3295478
266-GeC-Ge_i_neut-POSCAR42-Charged+1.cif,9.32941679
266-GeC-Ge_i_neut-POSCAR33-Charged+1.cif,9.32936325
266-GeC-Ge_i_neut-POSCAR28-Charged+1.cif,9.32890988
266-GeC-Ge_i_neut-POSCAR27-Charged+1.cif,9.32881745
266-GeC-Ge_i_neut-POSCAR26-Charged+1.cif,9.32853879
266-GeC-Ge_i_neut-POSCAR25-Charged+1.cif,9.32823808
266-GeC-Ge_i_neut-POSCAR32-Charged+1.cif,9.32818036
266-GeC-Ge_i_neut-POSCAR39-Charged+1.cif,9.32759178
82-BN-N_i_A-POSCAR3-Charged+1.cif,9.3153738
82-BN-N_i_A-POSCAR5-Charged+1.cif,9.29642352
266-GeC-Ge_i_neut-POSCAR0-Charged+1.cif,9.29616329
266-GeC-Ge_i_neut-POSCAR9-Charged+1.cif,9.29557899
82-BN-N_i_A-POSCAR6-Charged+1.cif,9.29171228
266-GeC-Ge_i_neut-POSCAR8-Charged+1.cif,9.28832318
82-BN-N_i_A-POSCAR10-Charged+1.cif,9.28146472
82-BN-N_i_A-POSCAR7-Charged+1.cif,9.28097229
82-BN-N_i_A-POSCAR9-Charged+1.cif,9.27936961
82-BN-N_i_A-POSCAR4-Charged+1.cif,9.27898501
82-BN-N_i_A-POSCAR11-Charged+1.cif,9.27877342
82-BN-N_i_A-POSCAR12-Charged+1.cif,9.27529726
82-BN-N_i_A-POSCAR14-Charged+1.cif,9.2737217
82-BN-N_i_A-POSCAR18-Charged+1.cif,9.2736052
82-BN-N_i_A-POSCAR13-Charged+1.cif,9.27356113
82-BN-N_i_A-POSCAR8-Charged+1.cif,9.27352805
82-BN-N_i_A-POSCAR15-Charged+1.cif,9.27335911
82-BN-N_i_A-POSCAR21-Charged+1.cif,9.27335244
82-BN-N_i_A-POSCAR22-Charged+1.cif,9.27235513
82-BN-N_i_A-POSCAR23-Charged+1.cif,9.27149867
266-GeC-Ge_i_neut-POSCAR1-Charged+1.cif,9.27141449
82-BN-N_i_A-POSCAR26-Charged+1.cif,9.27107375
82-BN-N_i_A-POSCAR17-Charged+1.cif,9.27100523
82-BN-N_i_A-POSCAR25-Charged+1.cif,9.27072683
82-BN-N_i_A-POSCAR27-Charged+1.cif,9.27064288
82-BN-N_i_A-POSCAR28-Charged+1.cif,9.27023398
82-BN-N_i_A-POSCAR24-Charged+1.cif,9.27022509
82-BN-N_i_A-POSCAR32-Charged+1.cif,9.27
82-BN-N_i_A-POSCAR31-Charged+1.cif,9.26992386
82-BN-N_i_A-POSCAR30-Charged+1.cif,9.2698985
82-BN-N_i_A-POSCAR29-Charged+1.cif,9.2695508
266-GeC-Ge_i_neut-POSCAR7-Charged+1.cif,9.26902771
82-BN-N_i_A-POSCAR20-Charged+1.cif,9.26861614
82-BN-N_i_A-POSCAR16-Charged+1.cif,9.26812161
82-BN-N_i_A-POSCAR19-Charged+1.cif,9.2679773
266-GeC-Ge_i_neut-POSCAR2-Charged+1.cif,9.26009045
76-BN-V_N-POSCAR3-Charged+1.cif,9.25622336
266-GeC-Ge_i_neut-POSCAR3-Charged+1.cif,9.25093798
76-BN-V_N-POSCAR2-Charged+1.cif,9.24988681
266-GeC-Ge_i_neut-POSCAR6-Charged+1.cif,9.24692111
262-GeC-C_i_B-POSCAR1-Charged+1.cif,9.24600895
266-GeC-Ge_i_neut-POSCAR4-Charged+1.cif,9.24255261
76-BN-V_N-POSCAR4-Charged+1.cif,9.24
266-GeC-Ge_i_neut-POSCAR5-Charged+1.cif,9.23652982
262-GeC-C_i_B-POSCAR2-Charged+1.cif,9.20715139
252-SiC-C_i_B-POSCAR0-Charged+1.cif,9.17762512
262-GeC-C_i_B-POSCAR3-Charged+1.cif,9.16402881
272-SnC-C_i_B-POSCAR1-Charged+1.cif,9.16050232
272-SnC-C_i_B-POSCAR2-Charged+1.cif,9.1604964
252-SiC-C_i_B-POSCAR1-Charged+1.cif,9.15367274
256-SiC-Si_i_neut-POSCAR50-Charged+1.cif,9.14602429
252-SiC-C_i_B-POSCAR2-Charged+1.cif,9.1429646
252-SiC-C_i_B-POSCAR3-Charged+1.cif,9.13398458
252-SiC-C_i_B-POSCAR4-Charged+1.cif,9.13
272-SnC-C_i_B-POSCAR13-Charged+1.cif,9.12236106
264-GeC-Ge_i_A-POSCAR0-Charged+1.cif,9.12085294
262-GeC-C_i_B-POSCAR4-Charged+1.cif,9.11611136
262-GeC-C_i_B-POSCAR5-Charged+1.cif,9.1145844
264-GeC-Ge_i_A-POSCAR1-Charged+1.cif,9.11410792
264-GeC-Ge_i_A-POSCAR2-Charged+1.cif,9.11066567
264-GeC-Ge_i_A-POSCAR3-Charged+1.cif,9.11
261-GeC-C_i_A-POSCAR0-Charged+1.cif,9.10769437
262-GeC-C_i_B-POSCAR6-Charged+1.cif,9.10130246
262-GeC-C_i_B-POSCAR7-Charged+1.cif,9.08369702
272-SnC-C_i_B-POSCAR3-Charged+1.cif,9.08259364
262-GeC-C_i_B-POSCAR8-Charged+1.cif,9.08068341
262-GeC-C_i_B-POSCAR10-Charged+1.cif,9.07965487
262-GeC-C_i_B-POSCAR9-Charged+1.cif,9.0792191
262-GeC-C_i_B-POSCAR11-Charged+1.cif,9.07430884
262-GeC-C_i_B-POSCAR15-Charged+1.cif,9.07424944
262-GeC-C_i_B-POSCAR14-Charged+1.cif,9.0732136
262-GeC-C_i_B-POSCAR12-Charged+1.cif,9.07121212
262-GeC-C_i_B-POSCAR13-Charged+1.cif,9.06653982
262-GeC-C_i_B-POSCAR27-Charged+1.cif,9.0664524
262-GeC-C_i_B-POSCAR21-Charged+1.cif,9.06245936
262-GeC-C_i_B-POSCAR17-Charged+1.cif,9.0623808
262-GeC-C_i_B-POSCAR28-Charged+1.cif,9.06226472
262-GeC-C_i_B-POSCAR16-Charged+1.cif,9.06210807
262-GeC-C_i_B-POSCAR20-Charged+1.cif,9.06146191
262-GeC-C_i_B-POSCAR29-Charged+1.cif,9.06108026
262-GeC-C_i_B-POSCAR18-Charged+1.cif,9.06100925
262-GeC-C_i_B-POSCAR22-Charged+1.cif,9.06085558
262-GeC-C_i_B-POSCAR19-Charged+1.cif,9.05912579
262-GeC-C_i_B-POSCAR23-Charged+1.cif,9.05842117
262-GeC-C_i_B-POSCAR24-Charged+1.cif,9.0582738
262-GeC-C_i_B-POSCAR25-Charged+1.cif,9.05679336
262-GeC-C_i_B-POSCAR26-Charged+1.cif,9.05610661
272-SnC-C_i_B-POSCAR4-Charged+1.cif,9.04084568
262-GeC-C_i_B-POSCAR30-Charged+1.cif,9.03854041
262-GeC-C_i_B-POSCAR31-Charged+1.cif,9.03575365
262-GeC-C_i_B-POSCAR32-Charged+1.cif,9.03480672
262-GeC-C_i_B-POSCAR33-Charged+1.cif,9.03
199-InN-In_i_A-POSCAR0-Charged+1.cif,9.02845469
261-GeC-C_i_A-POSCAR1-Charged+1.cif,9.01918356
199-InN-In_i_A-POSCAR1-Charged+1.cif,9.0165889
199-InN-In_i_A-POSCAR2-Charged+1.cif,9.01292917
199-InN-In_i_A-POSCAR3-Charged+1.cif,9.01
272-SnC-C_i_B-POSCAR5-Charged+1.cif,9.00356159
272-SnC-C_i_B-POSCAR6-Charged+1.cif,9.00322097
256-SiC-Si_i_neut-POSCAR55-Charged+1.cif,9.00260734
92-BP-P_i_A-POSCAR0-Charged+1.cif,8.99390989
92-BP-P_i_A-POSCAR1-Charged+1.cif,8.99
272-SnC-C_i_B-POSCAR7-Charged+1.cif,8.97943647
261-GeC-C_i_A-POSCAR13-Charged+1.cif,8.97016571
261-GeC-C_i_A-POSCAR5-Charged+1.cif,8.96899546
261-GeC-C_i_A-POSCAR12-Charged+1.cif,8.96830978
261-GeC-C_i_A-POSCAR2-Charged+1.cif,8.96659753
261-GeC-C_i_A-POSCAR4-Charged+1.cif,8.96023104
256-SiC-Si_i_neut-POSCAR49-Charged+1.cif,8.95737238
261-GeC-C_i_A-POSCAR6-Charged+1.cif,8.95720793
261-GeC-C_i_A-POSCAR14-Charged+1.cif,8.95706531
272-SnC-C_i_B-POSCAR8-Charged+1.cif,8.95692417
261-GeC-C_i_A-POSCAR9-Charged+1.cif,8.95670709
261-GeC-C_i_A-POSCAR10-Charged+1.cif,8.95636525
256-SiC-Si_i_neut-POSCAR44-Charged+1.cif,8.95464822
261-GeC-C_i_A-POSCAR15-Charged+1.cif,8.9521837
272-SnC-C_i_B-POSCAR9-Charged+1.cif,8.9472739
261-GeC-C_i_A-POSCAR7-Charged+1.cif,8.9448488
261-GeC-C_i_A-POSCAR11-Charged+1.cif,8.94413675
261-GeC-C_i_A-POSCAR19-Charged+1.cif,8.94315518
261-GeC-C_i_A-POSCAR3-Charged+1.cif,8.94311252
261-GeC-C_i_A-POSCAR18-Charged+1.cif,8.94165424
261-GeC-C_i_A-POSCAR17-Charged+1.cif,8.94127545
261-GeC-C_i_A-POSCAR20-Charged+1.cif,8.94021087
261-GeC-C_i_A-POSCAR16-Charged+1.cif,8.94015279
261-GeC-C_i_A-POSCAR21-Charged+1.cif,8.94
261-GeC-C_i_A-POSCAR8-Charged+1.cif,8.93403941
256-SiC-Si_i_neut-POSCAR43-Charged+1.cif,8.93286088
256-SiC-Si_i_neut-POSCAR0-Charged+1.cif,8.93159422
256-SiC-Si_i_neut-POSCAR45-Charged+1.cif,8.92454555
102-BAs-As_i_A-POSCAR0-Charged+1.cif,8.92393734
102-BAs-As_i_A-POSCAR1-Charged+1.cif,8.92
272-SnC-C_i_B-POSCAR10-Charged+1.cif,8.9153768
256-SiC-Si_i_neut-POSCAR1-Charged+1.cif,8.91496585
256-SiC-Si_i_neut-POSCAR46-Charged+1.cif,8.9053639
256-SiC-Si_i_neut-POSCAR2-Charged+1.cif,8.90490601
256-SiC-Si_i_neut-POSCAR3-Charged+1.cif,8.90305152
256-SiC-Si_i_neut-POSCAR5-Charged+1.cif,8.90209142
256-SiC-Si_i_neut-POSCAR4-Charged+1.cif,8.89878778
256-SiC-Si_i_neut-POSCAR11-Charged+1.cif,8.89695088
256-SiC-Si_i_neut-POSCAR7-Charged+1.cif,8.88537211
256-SiC-Si_i_neut-POSCAR6-Charged+1.cif,8.88461594
256-SiC-Si_i_neut-POSCAR8-Charged+1.cif,8.88084845
256-SiC-Si_i_neut-POSCAR10-Charged+1.cif,8.87118477
256-SiC-Si_i_neut-POSCAR9-Charged+1.cif,8.86628784
256-SiC-Si_i_neut-POSCAR38-Charged+1.cif,8.86583094
256-SiC-Si_i_neut-POSCAR37-Charged+1.cif,8.85470643
256-SiC-Si_i_neut-POSCAR12-Charged+1.cif,8.85469526
256-SiC-Si_i_neut-POSCAR40-Charged+1.cif,8.85434234
256-SiC-Si_i_neut-POSCAR13-Charged+1.cif,8.85398069
256-SiC-Si_i_neut-POSCAR36-Charged+1.cif,8.85322975
256-SiC-Si_i_neut-POSCAR14-Charged+1.cif,8.85053346
256-SiC-Si_i_neut-POSCAR39-Charged+1.cif,8.84967115
256-SiC-Si_i_neut-POSCAR42-Charged+1.cif,8.84083359
256-SiC-Si_i_neut-POSCAR15-Charged+1.cif,8.83972365
272-SnC-C_i_B-POSCAR11-Charged+1.cif,8.83753117
256-SiC-Si_i_neut-POSCAR41-Charged+1.cif,8.83437509
256-SiC-Si_i_neut-POSCAR16-Charged+1.cif,8.82930595
256-SiC-Si_i_neut-POSCAR17-Charged+1.cif,8.81643867
256-SiC-Si_i_neut-POSCAR18-Charged+1.cif,8.80740252
256-SiC-Si_i_neut-POSCAR48-Charged+1.cif,8.80590989
256-SiC-Si_i_neut-POSCAR20-Charged+1.cif,8.79854393
256-SiC-Si_i_neut-POSCAR35-Charged+1.cif,8.78765256
256-SiC-Si_i_neut-POSCAR32-Charged+1.cif,8.78444285
256-SiC-Si_i_neut-POSCAR19-Charged+1.cif,8.77884114
272-SnC-C_i_B-POSCAR22-Charged+1.cif,8.76531106
256-SiC-Si_i_neut-POSCAR27-Charged+1.cif,8.76401392
256-SiC-Si_i_neut-POSCAR28-Charged+1.cif,8.76217813
256-SiC-Si_i_neut-POSCAR23-Charged+1.cif,8.7561289
256-SiC-Si_i_neut-POSCAR31-Charged+1.cif,8.75112733
256-SiC-Si_i_neut-POSCAR21-Charged+1.cif,8.74908625
256-SiC-Si_i_neut-POSCAR22-Charged+1.cif,8.74837351
265-GeC-Ge_i_B-POSCAR0-Charged+1.cif,8.73751036
265-GeC-Ge_i_B-POSCAR1-Charged+1.cif,8.7322101
265-GeC-Ge_i_B-POSCAR2-Charged+1.cif,8.73
256-SiC-Si_i_neut-POSCAR26-Charged+1.cif,8.72915978
256-SiC-Si_i_neut-POSCAR33-Charged+1.cif,8.72605232
256-SiC-Si_i_neut-POSCAR34-Charged+1.cif,8.72537336
256-SiC-Si_i_neut-POSCAR24-Charged+1.cif,8.709578
256-SiC-Si_i_neut-POSCAR29-Charged+1.cif,8.70884189
256-SiC-Si_i_neut-POSCAR25-Charged+1.cif,8.70749535
256-SiC-Si_i_neut-POSCAR47-Charged+1.cif,8.700337
256-SiC-Si_i_neut-POSCAR30-Charged+1.cif,8.69485606
272-SnC-C_i_B-POSCAR12-Charged+1.cif,8.66202256
256-SiC-Si_i_neut-POSCAR51-Charged+1.cif,8.65610821
272-SnC-C_i_B-POSCAR14-Charged+1.cif,8.629019
272-SnC-C_i_B-POSCAR15-Charged+1.cif,8.6145676
272-SnC-C_i_B-POSCAR16-Charged+1.cif,8.60836292
272-SnC-C_i_B-POSCAR17-Charged+1.cif,8.59203684
272-SnC-C_i_B-POSCAR18-Charged+1.cif,8.5622048
272-SnC-C_i_B-POSCAR19-Charged+1.cif,8.52000882
256-SiC-Si_i_neut-POSCAR56-Charged+1.cif,8.44748492
263-GeC-C_i_neut-POSCAR0-Charged+1.cif,8.41328037
251-SiC-C_i_A-POSCAR0-Charged+1.cif,8.41320633
112-BSb-Sb_i_A-POSCAR0-Charged+1.cif,8.4
272-SnC-C_i_B-POSCAR20-Charged+1.cif,8.39762848
256-SiC-Si_i_neut-POSCAR57-Charged+1.cif,8.35055437
256-SiC-Si_i_neut-POSCAR58-Charged+1.cif,8.31792645
256-SiC-Si_i_neut-POSCAR59-Charged+1.cif,8.29798818
256-SiC-Si_i_neut-POSCAR60-Charged+1.cif,8.29495339
256-SiC-Si_i_neut-POSCAR61-Charged+1.cif,8.29296309
256-SiC-Si_i_neut-POSCAR62-Charged+1.cif,8.29199043
256-SiC-Si_i_neut-POSCAR63-Charged+1.cif,8.29105698
256-SiC-Si_i_neut-POSCAR64-Charged+1.cif,8.29052597
256-SiC-Si_i_neut-POSCAR65-Charged+1.cif,8.29
263-GeC-C_i_neut-POSCAR1-Charged+1.cif,8.25290084
272-SnC-C_i_B-POSCAR21-Charged+1.cif,8.21841976
251-SiC-C_i_A-POSCAR5-Charged+1.cif,8.21571521
272-SnC-C_i_B-POSCAR23-Charged+1.cif,8.20217245
272-SnC-C_i_B-POSCAR24-Charged+1.cif,8.19747104
251-SiC-C_i_A-POSCAR6-Charged+1.cif,8.19316188
251-SiC-C_i_A-POSCAR1-Charged+1.cif,8.19132741
263-GeC-C_i_neut-POSCAR2-Charged+1.cif,8.16532867
201-InN-In_i_neut-POSCAR0-Charged+1.cif,8.13814864
251-SiC-C_i_A-POSCAR7-Charged+1.cif,8.1226129
272-SnC-C_i_B-POSCAR25-Charged+1.cif,8.12158073
201-InN-In_i_neut-POSCAR1-Charged+1.cif,8.12132322
201-InN-In_i_neut-POSCAR2-Charged+1.cif,8.12
251-SiC-C_i_A-POSCAR10-Charged+1.cif,8.0995771
263-GeC-C_i_neut-POSCAR11-Charged+1.cif,8.0952157
200-InN-In_i_B-POSCAR0-Charged+1.cif,8.0884116
251-SiC-C_i_A-POSCAR9-Charged+1.cif,8.0878989
251-SiC-C_i_A-POSCAR8-Charged+1.cif,8.08324591
200-InN-In_i_B-POSCAR1-Charged+1.cif,8.07130317
200-InN-In_i_B-POSCAR2-Charged+1.cif,8.07
263-GeC-C_i_neut-POSCAR3-Charged+1.cif,8.06987552
263-GeC-C_i_neut-POSCAR10-Charged+1.cif,8.0640988
251-SiC-C_i_A-POSCAR11-Charged+1.cif,8.05396803
255-SiC-Si_i_B-POSCAR0-Charged+1.cif,8.03464706
255-SiC-Si_i_B-POSCAR1-Charged+1.cif,8.03348635
255-SiC-Si_i_B-POSCAR2-Charged+1.cif,8.03
263-GeC-C_i_neut-POSCAR4-Charged+1.cif,8.02990873
263-GeC-C_i_neut-POSCAR9-Charged+1.cif,8.02067363
251-SiC-C_i_A-POSCAR2-Charged+1.cif,8.00721073
263-GeC-C_i_neut-POSCAR5-Charged+1.cif,8.00083839
104-BAs-As_i_neut-POSCAR0-Charged+1.cif,7.99706484
263-GeC-C_i_neut-POSCAR8-Charged+1.cif,7.99334835
263-GeC-C_i_neut-POSCAR7-Charged+1.cif,7.98203302
104-BAs-As_i_neut-POSCAR1-Charged+1.cif,7.9659933
104-BAs-As_i_neut-POSCAR2-Charged+1.cif,7.95553779
263-GeC-C_i_neut-POSCAR6-Charged+1.cif,7.95190073
263-GeC-C_i_neut-POSCAR12-Charged+1.cif,7.95103161
251-SiC-C_i_A-POSCAR4-Charged+1.cif,7.95015859
104-BAs-As_i_neut-POSCAR3-Charged+1.cif,7.94874687
251-SiC-C_i_A-POSCAR12-Charged+1.cif,7.94872519
104-BAs-As_i_neut-POSCAR4-Charged+1.cif,7.9444236
104-BAs-As_i_neut-POSCAR5-Charged+1.cif,7.94148499
104-BAs-As_i_neut-POSCAR6-Charged+1.cif,7.94
272-SnC-C_i_B-POSCAR26-Charged+1.cif,7.92660872
114-BSb-Sb_i_neut-POSCAR0-Charged+1.cif,7.9223725
251-SiC-C_i_A-POSCAR3-Charged+1.cif,7.91087072
114-BSb-Sb_i_neut-POSCAR1-Charged+1.cif,7.90444232
273-SnC-C_i_neut-POSCAR30-Charged+1.cif,7.90198597
114-BSb-Sb_i_neut-POSCAR2-Charged+1.cif,7.89930313
114-BSb-Sb_i_neut-POSCAR3-Charged+1.cif,7.8941382
114-BSb-Sb_i_neut-POSCAR4-Charged+1.cif,7.88966185
114-BSb-Sb_i_neut-POSCAR5-Charged+1.cif,7.88542179
251-SiC-C_i_A-POSCAR13-Charged+1.cif,7.88328641
114-BSb-Sb_i_neut-POSCAR6-Charged+1.cif,7.88173236
114-BSb-Sb_i_neut-POSCAR7-Charged+1.cif,7.88
251-SiC-C_i_A-POSCAR14-Charged+1.cif,7.85553178
251-SiC-C_i_A-POSCAR15-Charged+1.cif,7.83094272
251-SiC-C_i_A-POSCAR22-Charged+1.cif,7.83
251-SiC-C_i_A-POSCAR16-Charged+1.cif,7.82843341
251-SiC-C_i_A-POSCAR18-Charged+1.cif,7.82805706
251-SiC-C_i_A-POSCAR19-Charged+1.cif,7.82788638
251-SiC-C_i_A-POSCAR21-Charged+1.cif,7.82787146
251-SiC-C_i_A-POSCAR17-Charged+1.cif,7.82758067
251-SiC-C_i_A-POSCAR20-Charged+1.cif,7.82539851
116-AlN-V_N-POSCAR0-Charged+1.cif,7.81657425
263-GeC-C_i_neut-POSCAR15-Charged+1.cif,7.80345203
272-SnC-C_i_B-POSCAR28-Charged+1.cif,7.80238487
271-SnC-C_i_A-POSCAR0-Charged+1.cif,7.76784878
116-AlN-V_N-POSCAR1-Charged+1.cif,7.75447633
263-GeC-C_i_neut-POSCAR13-Charged+1.cif,7.74130466
4-ZnO-Zn_O-POSCAR0-Charged+1.cif,7.72
116-AlN-V_N-POSCAR2-Charged+1.cif,7.71644933
116-AlN-V_N-POSCAR3-Charged+1.cif,7.71186048
116-AlN-V_N-POSCAR4-Charged+1.cif,7.71
271-SnC-C_i_A-POSCAR1-Charged+1.cif,7.70851111
263-GeC-C_i_neut-POSCAR14-Charged+1.cif,7.70278634
271-SnC-C_i_A-POSCAR2-Charged+1.cif,7.69673598
271-SnC-C_i_A-POSCAR6-Charged+1.cif,7.69
271-SnC-C_i_A-POSCAR3-Charged+1.cif,7.68866913
271-SnC-C_i_A-POSCAR5-Charged+1.cif,7.68693639
271-SnC-C_i_A-POSCAR4-Charged+1.cif,7.68464084
272-SnC-C_i_B-POSCAR27-Charged+1.cif,7.68459865
263-GeC-C_i_neut-POSCAR16-Charged+1.cif,7.67805282
263-GeC-C_i_neut-POSCAR17-Charged+1.cif,7.66111579
263-GeC-C_i_neut-POSCAR18-Charged+1.cif,7.65565244
263-GeC-C_i_neut-POSCAR19-Charged+1.cif,7.64961704
263-GeC-C_i_neut-POSCAR20-Charged+1.cif,7.6422674
263-GeC-C_i_neut-POSCAR21-Charged+1.cif,7.6406239
263-GeC-C_i_neut-POSCAR22-Charged+1.cif,7.64
272-SnC-C_i_B-POSCAR29-Charged+1.cif,7.6342231
94-BP-P_i_neut-POSCAR0-Charged+1.cif,7.62619915
94-BP-P_i_neut-POSCAR1-Charged+1.cif,7.60152325
94-BP-P_i_neut-POSCAR2-Charged+1.cif,7.59295039
94-BP-P_i_neut-POSCAR3-Charged+1.cif,7.58803217
94-BP-P_i_neut-POSCAR4-Charged+1.cif,7.5844796
94-BP-P_i_neut-POSCAR5-Charged+1.cif,7.58148318
94-BP-P_i_neut-POSCAR6-Charged+1.cif,7.58
272-SnC-C_i_B-POSCAR30-Charged+1.cif,7.53557357
272-SnC-C_i_B-POSCAR31-Charged+1.cif,7.53446161
253-SiC-C_i_neut-POSCAR0-Charged+1.cif,7.51553832
273-SnC-C_i_neut-POSCAR28-Charged+1.cif,7.46611382
253-SiC-C_i_neut-POSCAR1-Charged+1.cif,7.46518824
253-SiC-C_i_neut-POSCAR2-Charged+1.cif,7.44374
276-SnC-Sn_i_neut-POSCAR14-Charged+1.cif,7.43150338
276-SnC-Sn_i_neut-POSCAR15-Charged+1.cif,7.43
276-SnC-Sn_i_neut-POSCAR13-Charged+1.cif,7.4295712
276-SnC-Sn_i_neut-POSCAR0-Charged+1.cif,7.42683274
272-SnC-C_i_B-POSCAR32-Charged+1.cif,7.42593592
253-SiC-C_i_neut-POSCAR3-Charged+1.cif,7.42519552
253-SiC-C_i_neut-POSCAR4-Charged+1.cif,7.42220597
253-SiC-C_i_neut-POSCAR5-Charged+1.cif,7.42134589
276-SnC-Sn_i_neut-POSCAR12-Charged+1.cif,7.42080688
253-SiC-C_i_neut-POSCAR6-Charged+1.cif,7.42
276-SnC-Sn_i_neut-POSCAR11-Charged+1.cif,7.41555116
276-SnC-Sn_i_neut-POSCAR1-Charged+1.cif,7.41123488
272-SnC-C_i_B-POSCAR33-Charged+1.cif,7.40839383
276-SnC-Sn_i_neut-POSCAR2-Charged+1.cif,7.40637013
276-SnC-Sn_i_neut-POSCAR3-Charged+1.cif,7.4008403
276-SnC-Sn_i_neut-POSCAR4-Charged+1.cif,7.39857159
276-SnC-Sn_i_neut-POSCAR6-Charged+1.cif,7.39383026
276-SnC-Sn_i_neut-POSCAR5-Charged+1.cif,7.39381777
276-SnC-Sn_i_neut-POSCAR7-Charged+1.cif,7.39076459
276-SnC-Sn_i_neut-POSCAR8-Charged+1.cif,7.38721587
276-SnC-Sn_i_neut-POSCAR9-Charged+1.cif,7.38672736
276-SnC-Sn_i_neut-POSCAR10-Charged+1.cif,7.37914981
272-SnC-C_i_B-POSCAR34-Charged+1.cif,7.36277046
272-SnC-C_i_B-POSCAR35-Charged+1.cif,7.29830265
272-SnC-C_i_B-POSCAR36-Charged+1.cif,7.25480952
272-SnC-C_i_B-POSCAR37-Charged+1.cif,7.24268295
272-SnC-C_i_B-POSCAR38-Charged+1.cif,7.21476037
274-SnC-Sn_i_A-POSCAR0-Charged+1.cif,7.2100446
274-SnC-Sn_i_A-POSCAR1-Charged+1.cif,7.19433505
274-SnC-Sn_i_A-POSCAR2-Charged+1.cif,7.19424072
274-SnC-Sn_i_A-POSCAR3-Charged+1.cif,7.19059441
274-SnC-Sn_i_A-POSCAR4-Charged+1.cif,7.19
272-SnC-C_i_B-POSCAR39-Charged+1.cif,7.1832399
272-SnC-C_i_B-POSCAR40-Charged+1.cif,7.16179037
272-SnC-C_i_B-POSCAR41-Charged+1.cif,7.12342086
272-SnC-C_i_B-POSCAR42-Charged+1.cif,7.11884418
272-SnC-C_i_B-POSCAR43-Charged+1.cif,7.09484169
272-SnC-C_i_B-POSCAR44-Charged+1.cif,7.08792765
247-SiC-V_Si-POSCAR0-Charged+1.cif,7.08619909
273-SnC-C_i_neut-POSCAR26-Charged+1.cif,7.08387193
272-SnC-C_i_B-POSCAR45-Charged+1.cif,7.06590551
247-SiC-V_Si-POSCAR1-Charged+1.cif,7.06558991
273-SnC-C_i_neut-POSCAR21-Charged+1.cif,7.05936693
247-SiC-V_Si-POSCAR2-Charged+1.cif,7.0460005
272-SnC-C_i_B-POSCAR46-Charged+1.cif,7.04537601
247-SiC-V_Si-POSCAR3-Charged+1.cif,7.04319058
247-SiC-V_Si-POSCAR4-Charged+1.cif,7.04153801
247-SiC-V_Si-POSCAR5-Charged+1.cif,7.04
272-SnC-C_i_B-POSCAR49-Charged+1.cif,7.032533
272-SnC-C_i_B-POSCAR47-Charged+1.cif,7.03207681
273-SnC-C_i_neut-POSCAR24-Charged+1.cif,7.01472323
272-SnC-C_i_B-POSCAR48-Charged+1.cif,7.00757578
273-SnC-C_i_neut-POSCAR13-Charged+1.cif,7.00697242
273-SnC-C_i_neut-POSCAR20-Charged+1.cif,7.00574415
272-SnC-C_i_B-POSCAR50-Charged+1.cif,7.00429608
273-SnC-C_i_neut-POSCAR14-Charged+1.cif,7.00331218
273-SnC-C_i_neut-POSCAR0-Charged+1.cif,7.00130268
273-SnC-C_i_neut-POSCAR3-Charged+1.cif,7.00073603
273-SnC-C_i_neut-POSCAR15-Charged+1.cif,7.00041809
273-SnC-C_i_neut-POSCAR4-Charged+1.cif,7.00004342
273-SnC-C_i_neut-POSCAR1-Charged+1.cif,6.99983738
273-SnC-C_i_neut-POSCAR2-Charged+1.cif,6.99933721
273-SnC-C_i_neut-POSCAR5-Charged+1.cif,6.99896173
273-SnC-C_i_neut-POSCAR17-Charged+1.cif,6.99805598
273-SnC-C_i_neut-POSCAR22-Charged+1.cif,6.99793183
273-SnC-C_i_neut-POSCAR10-Charged+1.cif,6.99713536
273-SnC-C_i_neut-POSCAR7-Charged+1.cif,6.99673818
273-SnC-C_i_neut-POSCAR6-Charged+1.cif,6.99666828
273-SnC-C_i_neut-POSCAR16-Charged+1.cif,6.99623712
273-SnC-C_i_neut-POSCAR11-Charged+1.cif,6.99606009
273-SnC-C_i_neut-POSCAR18-Charged+1.cif,6.99595406
273-SnC-C_i_neut-POSCAR8-Charged+1.cif,6.99585708
273-SnC-C_i_neut-POSCAR9-Charged+1.cif,6.9946383
272-SnC-C_i_B-POSCAR51-Charged+1.cif,6.99319962
273-SnC-C_i_neut-POSCAR23-Charged+1.cif,6.99111459
273-SnC-C_i_neut-POSCAR19-Charged+1.cif,6.98281432
273-SnC-C_i_neut-POSCAR12-Charged+1.cif,6.98253274
272-SnC-C_i_B-POSCAR52-Charged+1.cif,6.97765094
272-SnC-C_i_B-POSCAR59-Charged+1.cif,6.97501418
272-SnC-C_i_B-POSCAR53-Charged+1.cif,6.96103771
156-GaN-V_N-POSCAR0-Charged+1.cif,6.95311545
273-SnC-C_i_neut-POSCAR25-Charged+1.cif,6.94231833
272-SnC-C_i_B-POSCAR54-Charged+1.cif,6.9222491
156-GaN-V_N-POSCAR1-Charged+1.cif,6.90783544
272-SnC-C_i_B-POSCAR55-Charged+1.cif,6.90712805
272-SnC-C_i_B-POSCAR56-Charged+1.cif,6.90152509
156-GaN-V_N-POSCAR2-Charged+1.cif,6.89539832
156-GaN-V_N-POSCAR3-Charged+1.cif,6.8918709
156-GaN-V_N-POSCAR4-Charged+1.cif,6.89
272-SnC-C_i_B-POSCAR57-Charged+1.cif,6.86869905
90-BP-B_i_B-POSCAR0-Charged+1.cif,6.82116177
90-BP-B_i_B-POSCAR1-Charged+1.cif,6.82
272-SnC-C_i_B-POSCAR58-Charged+1.cif,6.80283661
272-SnC-C_i_B-POSCAR60-Charged+1.cif,6.7997421
275-SnC-Sn_i_B-POSCAR0-Charged+1.cif,6.76404791
275-SnC-Sn_i_B-POSCAR1-Charged+1.cif,6.76074063
275-SnC-Sn_i_B-POSCAR2-Charged+1.cif,6.76
272-SnC-C_i_B-POSCAR61-Charged+1.cif,6.73109404
272-SnC-C_i_B-POSCAR62-Charged+1.cif,6.72280725
272-SnC-C_i_B-POSCAR63-Charged+1.cif,6.68441497
272-SnC-C_i_B-POSCAR64-Charged+1.cif,6.61574425
272-SnC-C_i_B-POSCAR65-Charged+1.cif,6.61125988
272-SnC-C_i_B-POSCAR66-Charged+1.cif,6.57793733
89-BP-B_i_A-POSCAR0-Charged+1.cif,6.5
272-SnC-C_i_B-POSCAR67-Charged+1.cif,6.49562988
100-BAs-B_i_B-POSCAR0-Charged+1.cif,6.43
272-SnC-C_i_B-POSCAR68-Charged+1.cif,6.41424697
272-SnC-C_i_B-POSCAR69-Charged+1.cif,6.37175301
272-SnC-C_i_B-POSCAR70-Charged+1.cif,6.37156769
272-SnC-C_i_B-POSCAR71-Charged+1.cif,6.32685959
272-SnC-C_i_B-POSCAR72-Charged+1.cif,6.26846611
272-SnC-C_i_B-POSCAR73-Charged+1.cif,6.24867926
272-SnC-C_i_B-POSCAR74-Charged+1.cif,6.24864942
272-SnC-C_i_B-POSCAR75-Charged+1.cif,6.23057481
272-SnC-C_i_B-POSCAR76-Charged+1.cif,6.2158995
272-SnC-C_i_B-POSCAR77-Charged+1.cif,6.20708176
272-SnC-C_i_B-POSCAR79-Charged+1.cif,6.19794835
272-SnC-C_i_B-POSCAR78-Charged+1.cif,6.19000408
272-SnC-C_i_B-POSCAR80-Charged+1.cif,6.18640629
272-SnC-C_i_B-POSCAR81-Charged+1.cif,6.179221
272-SnC-C_i_B-POSCAR82-Charged+1.cif,6.17866578
272-SnC-C_i_B-POSCAR83-Charged+1.cif,6.17201931
272-SnC-C_i_B-POSCAR84-Charged+1.cif,6.17042293
272-SnC-C_i_B-POSCAR85-Charged+1.cif,6.16637225
272-SnC-C_i_B-POSCAR86-Charged+1.cif,6.16375504
272-SnC-C_i_B-POSCAR87-Charged+1.cif,6.1623784
272-SnC-C_i_B-POSCAR88-Charged+1.cif,6.1610671
272-SnC-C_i_B-POSCAR89-Charged+1.cif,6.16
273-SnC-C_i_neut-POSCAR29-Charged+1.cif,6.15402331
91-BP-B_i_neut-POSCAR0-Charged+1.cif,6.12401577
235-C-V_C-POSCAR1-Charged+1.cif,6.10680041
91-BP-B_i_neut-POSCAR1-Charged+1.cif,6.10329085
91-BP-B_i_neut-POSCAR2-Charged+1.cif,6.09677888
91-BP-B_i_neut-POSCAR3-Charged+1.cif,6.09291601
91-BP-B_i_neut-POSCAR4-Charged+1.cif,6.09
267-SnC-V_Sn-POSCAR0-Charged+1.cif,6.06267377
273-SnC-C_i_neut-POSCAR27-Charged+1.cif,6.04705439
235-C-V_C-POSCAR0-Charged+1.cif,6.03125674
235-C-V_C-POSCAR3-Charged+1.cif,5.98636155
235-C-V_C-POSCAR2-Charged+1.cif,5.9826359
235-C-V_C-POSCAR4-Charged+1.cif,5.98
267-SnC-V_Sn-POSCAR1-Charged+1.cif,5.97112297
273-SnC-C_i_neut-POSCAR31-Charged+1.cif,5.95032434
267-SnC-V_Sn-POSCAR2-Charged+1.cif,5.94741373
267-SnC-V_Sn-POSCAR3-Charged+1.cif,5.92739275
267-SnC-V_Sn-POSCAR4-Charged+1.cif,5.91698965
267-SnC-V_Sn-POSCAR5-Charged+1.cif,5.91355567
267-SnC-V_Sn-POSCAR6-Charged+1.cif,5.91
273-SnC-C_i_neut-POSCAR32-Charged+1.cif,5.79501337
269-SnC-C_Sn-POSCAR0-Charged+1.cif,5.77
273-SnC-C_i_neut-POSCAR33-Charged+1.cif,5.73053094
273-SnC-C_i_neut-POSCAR34-Charged+1.cif,5.68991557
273-SnC-C_i_neut-POSCAR35-Charged+1.cif,5.66129438
273-SnC-C_i_neut-POSCAR36-Charged+1.cif,5.64370981
273-SnC-C_i_neut-POSCAR37-Charged+1.cif,5.63636729
273-SnC-C_i_neut-POSCAR38-Charged+1.cif,5.63122427
273-SnC-C_i_neut-POSCAR39-Charged+1.cif,5.63
196-InN-V_N-POSCAR0-Charged+1.cif,5.62645526
196-InN-V_N-POSCAR1-Charged+1.cif,5.62098434
196-InN-V_N-POSCAR2-Charged+1.cif,5.62
257-GeC-V_Ge-POSCAR0-Charged+1.cif,5.59553797
101-BAs-B_i_neut-POSCAR0-Charged+1.cif,5.53510912
101-BAs-B_i_neut-POSCAR1-Charged+1.cif,5.45890369
257-GeC-V_Ge-POSCAR1-Charged+1.cif,5.4201338
101-BAs-B_i_neut-POSCAR2-Charged+1.cif,5.41572747
99-BAs-B_i_A-POSCAR0-Charged+1.cif,5.37754602
257-GeC-V_Ge-POSCAR2-Charged+1.cif,5.37130012
99-BAs-B_i_A-POSCAR1-Charged+1.cif,5.36322791
99-BAs-B_i_A-POSCAR2-Charged+1.cif,5.36
257-GeC-V_Ge-POSCAR3-Charged+1.cif,5.33564144
101-BAs-B_i_neut-POSCAR3-Charged+1.cif,5.33424837
257-GeC-V_Ge-POSCAR4-Charged+1.cif,5.31692089
101-BAs-B_i_neut-POSCAR4-Charged+1.cif,5.3053482
257-GeC-V_Ge-POSCAR5-Charged+1.cif,5.30393087
257-GeC-V_Ge-POSCAR6-Charged+1.cif,5.3
101-BAs-B_i_neut-POSCAR5-Charged+1.cif,5.29163035
101-BAs-B_i_neut-POSCAR6-Charged+1.cif,5.28331067
7-ZnO-Zn_i_neut-POSCAR0-Charged+1.cif,5.28
101-BAs-B_i_neut-POSCAR7-Charged+1.cif,5.28
106-BSb-V_Sb-POSCAR0-Charged+1.cif,5.19286231
106-BSb-V_Sb-POSCAR1-Charged+1.cif,5.17074211
106-BSb-V_Sb-POSCAR2-Charged+1.cif,5.16551775
106-BSb-V_Sb-POSCAR3-Charged+1.cif,5.15842065
96-BAs-V_As-POSCAR0-Charged+1.cif,5.15524925
106-BSb-V_Sb-POSCAR4-Charged+1.cif,5.15259051
5-ZnO-Zn_i_A-POSCAR0-Charged+1.cif,5.15
106-BSb-V_Sb-POSCAR5-Charged+1.cif,5.15
42-CdO-O_Cd-POSCAR0-Charged+1.cif,5.13655197
42-CdO-O_Cd-POSCAR1-Charged+1.cif,5.13613476
42-CdO-O_Cd-POSCAR2-Charged+1.cif,5.13334844
96-BAs-V_As-POSCAR1-Charged+1.cif,5.13234474
42-CdO-O_Cd-POSCAR3-Charged+1.cif,5.13
96-BAs-V_As-POSCAR2-Charged+1.cif,5.12783575
96-BAs-V_As-POSCAR3-Charged+1.cif,5.12354873
96-BAs-V_As-POSCAR4-Charged+1.cif,5.12
14-ZnS-Zn_S-POSCAR0-Charged+1.cif,5.07248783
2-ZnO-O_Zn-POSCAR0-Charged+1.cif,5.06
86-BP-V_P-POSCAR0-Charged+1.cif,5.0461901
86-BP-V_P-POSCAR1-Charged+1.cif,5.02753507
86-BP-V_P-POSCAR2-Charged+1.cif,5.02238736
86-BP-V_P-POSCAR3-Charged+1.cif,5.02094479
86-BP-V_P-POSCAR4-Charged+1.cif,5.02
127-AlP-Al_P-POSCAR0-Charged+1.cif,5.01315113
110-BSb-B_i_B-POSCAR0-Charged+1.cif,4.96654547
110-BSb-B_i_B-POSCAR1-Charged+1.cif,4.96150929
110-BSb-B_i_B-POSCAR2-Charged+1.cif,4.96
14-ZnS-Zn_S-POSCAR1-Charged+1.cif,4.95952632
127-AlP-Al_P-POSCAR1-Charged+1.cif,4.92394221
14-ZnS-Zn_S-POSCAR2-Charged+1.cif,4.91045521
127-AlP-Al_P-POSCAR2-Charged+1.cif,4.90081498
14-ZnS-Zn_S-POSCAR3-Charged+1.cif,4.89596122
127-AlP-Al_P-POSCAR3-Charged+1.cif,4.89
14-ZnS-Zn_S-POSCAR4-Charged+1.cif,4.88369499
14-ZnS-Zn_S-POSCAR5-Charged+1.cif,4.88
24-ZnSe-Zn_Se-POSCAR0-Charged+1.cif,4.67361468
87-BP-B_P-POSCAR0-Charged+1.cif,4.6442396
87-BP-B_P-POSCAR1-Charged+1.cif,4.64054069
44-CdO-Cd_O-POSCAR0-Charged+1.cif,4.64
87-BP-B_P-POSCAR9-Charged+1.cif,4.64
87-BP-B_P-POSCAR6-Charged+1.cif,4.63987699
87-BP-B_P-POSCAR3-Charged+1.cif,4.63982656
87-BP-B_P-POSCAR4-Charged+1.cif,4.6395724
87-BP-B_P-POSCAR7-Charged+1.cif,4.639543
87-BP-B_P-POSCAR2-Charged+1.cif,4.6391804
87-BP-B_P-POSCAR8-Charged+1.cif,4.63873998
87-BP-B_P-POSCAR5-Charged+1.cif,4.63849246
24-ZnSe-Zn_Se-POSCAR1-Charged+1.cif,4.59860417
23-ZnSe-V_Se-POSCAR6-Charged+1.cif,4.58384119
172-GaP-P_i_A-POSCAR0-Charged+1.cif,4.57254763
24-ZnSe-Zn_Se-POSCAR2-Charged+1.cif,4.54044653
24-ZnSe-Zn_Se-POSCAR3-Charged+1.cif,4.51875832
172-GaP-P_i_A-POSCAR1-Charged+1.cif,4.51581725
250-SiC-Si_C-POSCAR0-Charged+1.cif,4.50278587
137-AlAs-Al_As-POSCAR0-Charged+1.cif,4.50178763
172-GaP-P_i_A-POSCAR2-Charged+1.cif,4.50060344
24-ZnSe-Zn_Se-POSCAR4-Charged+1.cif,4.49826653
24-ZnSe-Zn_Se-POSCAR5-Charged+1.cif,4.49
172-GaP-P_i_A-POSCAR3-Charged+1.cif,4.48785043
250-SiC-Si_C-POSCAR1-Charged+1.cif,4.48736423
172-GaP-P_i_A-POSCAR4-Charged+1.cif,4.48
250-SiC-Si_C-POSCAR2-Charged+1.cif,4.46
6-ZnO-Zn_i_B-POSCAR0-Charged+1.cif,4.45
137-AlAs-Al_As-POSCAR1-Charged+1.cif,4.4280351
137-AlAs-Al_As-POSCAR2-Charged+1.cif,4.3948968
137-AlAs-Al_As-POSCAR3-Charged+1.cif,4.38
131-AlP-Al_i_neut-POSCAR0-Charged+1.cif,4.25071353
39-ZnTe-Te_i_B-POSCAR0-Charged+1.cif,4.24830771
131-AlP-Al_i_neut-POSCAR5-Charged+1.cif,4.23973408
131-AlP-Al_i_neut-POSCAR6-Charged+1.cif,4.23953987
131-AlP-Al_i_neut-POSCAR4-Charged+1.cif,4.23470551
131-AlP-Al_i_neut-POSCAR1-Charged+1.cif,4.23414818
131-AlP-Al_i_neut-POSCAR7-Charged+1.cif,4.2331158
131-AlP-Al_i_neut-POSCAR8-Charged+1.cif,4.23115562
131-AlP-Al_i_neut-POSCAR11-Charged+1.cif,4.23108949
131-AlP-Al_i_neut-POSCAR12-Charged+1.cif,4.23078407
131-AlP-Al_i_neut-POSCAR10-Charged+1.cif,4.2300449
131-AlP-Al_i_neut-POSCAR9-Charged+1.cif,4.23000733
131-AlP-Al_i_neut-POSCAR13-Charged+1.cif,4.23
131-AlP-Al_i_neut-POSCAR2-Charged+1.cif,4.22881891
131-AlP-Al_i_neut-POSCAR3-Charged+1.cif,4.22442422
39-ZnTe-Te_i_B-POSCAR1-Charged+1.cif,4.17967991
205-InP-V_In-POSCAR0-Charged+1.cif,4.17418463
29-ZnSe-Se_i_B-POSCAR0-Charged+1.cif,4.16915907
18-ZnS-S_i_A-POSCAR0-Charged+1.cif,4.14425205
205-InP-V_In-POSCAR1-Charged+1.cif,4.14
39-ZnTe-Te_i_B-POSCAR2-Charged+1.cif,4.13915348
39-ZnTe-Te_i_B-POSCAR3-Charged+1.cif,4.12615443
39-ZnTe-Te_i_B-POSCAR4-Charged+1.cif,4.10853791
39-ZnTe-Te_i_B-POSCAR5-Charged+1.cif,4.1
173-GaP-P_i_B-POSCAR0-Charged+1.cif,4.0890779
29-ZnSe-Se_i_B-POSCAR1-Charged+1.cif,4.06570197
171-GaP-Ga_i_neut-POSCAR0-Charged+1.cif,4.06517375
18-ZnS-S_i_A-POSCAR1-Charged+1.cif,4.05855951
18-ZnS-S_i_A-POSCAR2-Charged+1.cif,4.03304723
171-GaP-Ga_i_neut-POSCAR1-Charged+1.cif,4.0319527
18-ZnS-S_i_A-POSCAR3-Charged+1.cif,4.02642797
29-ZnSe-Se_i_B-POSCAR2-Charged+1.cif,4.02458163
125-AlP-V_Al-POSCAR0-Charged+1.cif,4.02360793
171-GaP-Ga_i_neut-POSCAR2-Charged+1.cif,4.02237583
18-ZnS-S_i_A-POSCAR4-Charged+1.cif,4.02
125-AlP-V_Al-POSCAR1-Charged+1.cif,4.0134575
29-ZnSe-Se_i_B-POSCAR3-Charged+1.cif,4.01321982
171-GaP-Ga_i_neut-POSCAR3-Charged+1.cif,4.01190764
171-GaP-Ga_i_neut-POSCAR6-Charged+1.cif,4.0107712
125-AlP-V_Al-POSCAR2-Charged+1.cif,4.01
171-GaP-Ga_i_neut-POSCAR7-Charged+1.cif,4.01
171-GaP-Ga_i_neut-POSCAR5-Charged+1.cif,4.00670007
171-GaP-Ga_i_neut-POSCAR4-Charged+1.cif,4.00312632
29-ZnSe-Se_i_B-POSCAR4-Charged+1.cif,4.00041986
133-AlP-P_i_B-POSCAR0-Charged+1.cif,3.99548026
29-ZnSe-Se_i_B-POSCAR5-Charged+1.cif,3.99497197
259-GeC-C_Ge-POSCAR0-Charged+1.cif,3.99096519
29-ZnSe-Se_i_B-POSCAR6-Charged+1.cif,3.99
259-GeC-C_Ge-POSCAR1-Charged+1.cif,3.99
109-BSb-B_i_A-POSCAR0-Charged+1.cif,3.97349535
109-BSb-B_i_A-POSCAR1-Charged+1.cif,3.97128853
109-BSb-B_i_A-POSCAR2-Charged+1.cif,3.97
173-GaP-P_i_B-POSCAR1-Charged+1.cif,3.96380658
17-ZnS-Zn_i_neut-POSCAR0-Charged+1.cif,3.96232678
9-ZnO-O_i_B-POSCAR0-Charged+1.cif,3.95348221
287-SiSn-V_Si-POSCAR0-Charged+1.cif,3.95204865
287-SiSn-V_Si-POSCAR1-Charged+1.cif,3.95
9-ZnO-O_i_B-POSCAR1-Charged+1.cif,3.93940556
173-GaP-P_i_B-POSCAR2-Charged+1.cif,3.93360559
9-ZnO-O_i_B-POSCAR2-Charged+1.cif,3.93098884
84-BN-N_i_neut-POSCAR1-Charged+1.cif,3.92005899
9-ZnO-O_i_B-POSCAR3-Charged+1.cif,3.91549988
173-GaP-P_i_B-POSCAR3-Charged+1.cif,3.91316398
34-ZnTe-Zn_Te-POSCAR0-Charged+1.cif,3.90622997
133-AlP-P_i_B-POSCAR1-Charged+1.cif,3.90498085
173-GaP-P_i_B-POSCAR4-Charged+1.cif,3.90249439
141-AlAs-Al_i_neut-POSCAR0-Charged+1.cif,3.90046101
173-GaP-P_i_B-POSCAR5-Charged+1.cif,3.89533161
9-ZnO-O_i_B-POSCAR4-Charged+1.cif,3.89465776
288-SiSn-V_Sn-POSCAR0-Charged+1.cif,3.89274011
141-AlAs-Al_i_neut-POSCAR5-Charged+1.cif,3.89030226
173-GaP-P_i_B-POSCAR6-Charged+1.cif,3.89
288-SiSn-V_Sn-POSCAR1-Charged+1.cif,3.89
141-AlAs-Al_i_neut-POSCAR6-Charged+1.cif,3.88782482
141-AlAs-Al_i_neut-POSCAR4-Charged+1.cif,3.88628311
133-AlP-P_i_B-POSCAR2-Charged+1.cif,3.88129796
141-AlAs-Al_i_neut-POSCAR7-Charged+1.cif,3.88
141-AlAs-Al_i_neut-POSCAR1-Charged+1.cif,3.87814226
9-ZnO-O_i_B-POSCAR5-Charged+1.cif,3.86948181
133-AlP-P_i_B-POSCAR3-Charged+1.cif,3.86744753
141-AlAs-Al_i_neut-POSCAR2-Charged+1.cif,3.86722325
278-SiGe-V_Ge-POSCAR0-Charged+1.cif,3.86550693
141-AlAs-Al_i_neut-POSCAR3-Charged+1.cif,3.86393596
9-ZnO-O_i_B-POSCAR14-Charged+1.cif,3.86073643
9-ZnO-O_i_B-POSCAR13-Charged+1.cif,3.85967592
9-ZnO-O_i_B-POSCAR15-Charged+1.cif,3.85933145
133-AlP-P_i_B-POSCAR4-Charged+1.cif,3.8584021
34-ZnTe-Zn_Te-POSCAR1-Charged+1.cif,3.85658975
9-ZnO-O_i_B-POSCAR16-Charged+1.cif,3.85624893
143-AlAs-As_i_B-POSCAR0-Charged+1.cif,3.85420755
9-ZnO-O_i_B-POSCAR17-Charged+1.cif,3.85315621
9-ZnO-O_i_B-POSCAR6-Charged+1.cif,3.85066842
9-ZnO-O_i_B-POSCAR12-Charged+1.cif,3.8502945
133-AlP-P_i_B-POSCAR5-Charged+1.cif,3.85
165-GaP-V_Ga-POSCAR0-Charged+1.cif,3.84951726
9-ZnO-O_i_B-POSCAR18-Charged+1.cif,3.84940278
278-SiGe-V_Ge-POSCAR1-Charged+1.cif,3.84917322
9-ZnO-O_i_B-POSCAR11-Charged+1.cif,3.84554068
9-ZnO-O_i_B-POSCAR19-Charged+1.cif,3.8451756
9-ZnO-O_i_B-POSCAR20-Charged+1.cif,3.84317722
165-GaP-V_Ga-POSCAR1-Charged+1.cif,3.84229719
9-ZnO-O_i_B-POSCAR21-Charged+1.cif,3.84216325
9-ZnO-O_i_B-POSCAR7-Charged+1.cif,3.84167412
9-ZnO-O_i_B-POSCAR10-Charged+1.cif,3.84152615
9-ZnO-O_i_B-POSCAR25-Charged+1.cif,3.84
165-GaP-V_Ga-POSCAR2-Charged+1.cif,3.84
278-SiGe-V_Ge-POSCAR2-Charged+1.cif,3.83976645
9-ZnO-O_i_B-POSCAR24-Charged+1.cif,3.83926356
9-ZnO-O_i_B-POSCAR22-Charged+1.cif,3.83874188
9-ZnO-O_i_B-POSCAR23-Charged+1.cif,3.83828251
9-ZnO-O_i_B-POSCAR8-Charged+1.cif,3.83703799
9-ZnO-O_i_B-POSCAR9-Charged+1.cif,3.83565969
278-SiGe-V_Ge-POSCAR3-Charged+1.cif,3.8334397
278-SiGe-V_Ge-POSCAR4-Charged+1.cif,3.82687943
278-SiGe-V_Ge-POSCAR5-Charged+1.cif,3.82
34-ZnTe-Zn_Te-POSCAR2-Charged+1.cif,3.80938039
34-ZnTe-Zn_Te-POSCAR3-Charged+1.cif,3.80084505
20-ZnS-S_i_neut-POSCAR0-Charged+1.cif,3.80055505
34-ZnTe-Zn_Te-POSCAR4-Charged+1.cif,3.78401492
183-GaAs-As_i_B-POSCAR0-Charged+1.cif,3.78025137
34-ZnTe-Zn_Te-POSCAR5-Charged+1.cif,3.78
143-AlAs-As_i_B-POSCAR1-Charged+1.cif,3.77821958
212-InP-P_i_A-POSCAR0-Charged+1.cif,3.77807701
23-ZnSe-V_Se-POSCAR4-Charged+1.cif,3.77292607
183-GaAs-As_i_B-POSCAR1-Charged+1.cif,3.76510759
182-GaAs-As_i_A-POSCAR0-Charged+1.cif,3.76353461
183-GaAs-As_i_B-POSCAR2-Charged+1.cif,3.76
277-SiGe-V_Si-POSCAR0-Charged+1.cif,3.75430949
143-AlAs-As_i_B-POSCAR2-Charged+1.cif,3.74552599
277-SiGe-V_Si-POSCAR1-Charged+1.cif,3.73625942
143-AlAs-As_i_B-POSCAR3-Charged+1.cif,3.73110971
143-AlAs-As_i_B-POSCAR4-Charged+1.cif,3.72729971
182-GaAs-As_i_A-POSCAR1-Charged+1.cif,3.72691809
212-InP-P_i_A-POSCAR1-Charged+1.cif,3.7267952
277-SiGe-V_Si-POSCAR2-Charged+1.cif,3.72575285
240-Si-Si_i_neut-POSCAR0-Charged+1.cif,3.72064207
143-AlAs-As_i_B-POSCAR5-Charged+1.cif,3.72
277-SiGe-V_Si-POSCAR3-Charged+1.cif,3.71874661
17-ZnS-Zn_i_neut-POSCAR1-Charged+1.cif,3.71644979
132-AlP-P_i_A-POSCAR0-Charged+1.cif,3.71481189
240-Si-Si_i_neut-POSCAR1-Charged+1.cif,3.71254271
182-GaAs-As_i_A-POSCAR2-Charged+1.cif,3.71034137
277-SiGe-V_Si-POSCAR4-Charged+1.cif,3.7102864
240-Si-Si_i_neut-POSCAR2-Charged+1.cif,3.71
212-InP-P_i_A-POSCAR2-Charged+1.cif,3.70788489
277-SiGe-V_Si-POSCAR5-Charged+1.cif,3.7
23-ZnSe-V_Se-POSCAR3-Charged+1.cif,3.6963704
182-GaAs-As_i_A-POSCAR3-Charged+1.cif,3.69595564
212-InP-P_i_A-POSCAR3-Charged+1.cif,3.69074088
182-GaAs-As_i_A-POSCAR4-Charged+1.cif,3.69
212-InP-P_i_A-POSCAR4-Charged+1.cif,3.68
20-ZnS-S_i_neut-POSCAR1-Charged+1.cif,3.65979395
23-ZnSe-V_Se-POSCAR2-Charged+1.cif,3.64825479
286-SiGe-Si_i_neut-POSCAR0-Charged+1.cif,3.64638735
17-ZnS-Zn_i_neut-POSCAR2-Charged+1.cif,3.63891575
111-BSb-B_i_neut-POSCAR0-Charged+1.cif,3.63873323
132-AlP-P_i_A-POSCAR1-Charged+1.cif,3.63862107
38-ZnTe-Te_i_A-POSCAR0-Charged+1.cif,3.63320306
132-AlP-P_i_A-POSCAR2-Charged+1.cif,3.62515539
16-ZnS-Zn_i_B-POSCAR0-Charged+1.cif,3.61663131
132-AlP-P_i_A-POSCAR3-Charged+1.cif,3.61535703
17-ZnS-Zn_i_neut-POSCAR3-Charged+1.cif,3.61367625
111-BSb-B_i_neut-POSCAR1-Charged+1.cif,3.61023517
132-AlP-P_i_A-POSCAR4-Charged+1.cif,3.61
153-AlSb-Sb_i_B-POSCAR0-Charged+1.cif,3.60566439
283-SiGe-Ge_i_neut-POSCAR0-Charged+1.cif,3.6031196
111-BSb-B_i_neut-POSCAR2-Charged+1.cif,3.59785096
17-ZnS-Zn_i_neut-POSCAR4-Charged+1.cif,3.59760603
3-ZnO-V_O-POSCAR0-Charged+1.cif,3.59
20-ZnS-S_i_neut-POSCAR2-Charged+1.cif,3.58953349
111-BSb-B_i_neut-POSCAR3-Charged+1.cif,3.58691904
286-SiGe-Si_i_neut-POSCAR1-Charged+1.cif,3.58633039
38-ZnTe-Te_i_A-POSCAR1-Charged+1.cif,3.58523173
17-ZnS-Zn_i_neut-POSCAR5-Charged+1.cif,3.58415265
111-BSb-B_i_neut-POSCAR4-Charged+1.cif,3.58326643
17-ZnS-Zn_i_neut-POSCAR22-Charged+1.cif,3.58
111-BSb-B_i_neut-POSCAR5-Charged+1.cif,3.58
17-ZnS-Zn_i_neut-POSCAR17-Charged+1.cif,3.5785992
17-ZnS-Zn_i_neut-POSCAR21-Charged+1.cif,3.57599375
17-ZnS-Zn_i_neut-POSCAR6-Charged+1.cif,3.57582545
17-ZnS-Zn_i_neut-POSCAR20-Charged+1.cif,3.57372244
17-ZnS-Zn_i_neut-POSCAR7-Charged+1.cif,3.57226683
17-ZnS-Zn_i_neut-POSCAR16-Charged+1.cif,3.57099395
17-ZnS-Zn_i_neut-POSCAR15-Charged+1.cif,3.57097546
17-ZnS-Zn_i_neut-POSCAR10-Charged+1.cif,3.57003755
17-ZnS-Zn_i_neut-POSCAR9-Charged+1.cif,3.56993245
17-ZnS-Zn_i_neut-POSCAR18-Charged+1.cif,3.56924151
17-ZnS-Zn_i_neut-POSCAR8-Charged+1.cif,3.56902637
17-ZnS-Zn_i_neut-POSCAR12-Charged+1.cif,3.56895577
17-ZnS-Zn_i_neut-POSCAR14-Charged+1.cif,3.56886768
17-ZnS-Zn_i_neut-POSCAR19-Charged+1.cif,3.56829998
17-ZnS-Zn_i_neut-POSCAR11-Charged+1.cif,3.56815176
17-ZnS-Zn_i_neut-POSCAR13-Charged+1.cif,3.5678928
20-ZnS-S_i_neut-POSCAR3-Charged+1.cif,3.56756172
153-AlSb-Sb_i_B-POSCAR1-Charged+1.cif,3.56708387
286-SiGe-Si_i_neut-POSCAR2-Charged+1.cif,3.56005088
38-ZnTe-Te_i_A-POSCAR2-Charged+1.cif,3.55834832
20-ZnS-S_i_neut-POSCAR5-Charged+1.cif,3.55518543
38-ZnTe-Te_i_A-POSCAR3-Charged+1.cif,3.55495229
20-ZnS-S_i_neut-POSCAR4-Charged+1.cif,3.55427583
20-ZnS-S_i_neut-POSCAR6-Charged+1.cif,3.55160323
20-ZnS-S_i_neut-POSCAR8-Charged+1.cif,3.55046951
20-ZnS-S_i_neut-POSCAR10-Charged+1.cif,3.55
38-ZnTe-Te_i_A-POSCAR4-Charged+1.cif,3.55
238-Si-V_Si-POSCAR0-Charged+1.cif,3.54929729
20-ZnS-S_i_neut-POSCAR7-Charged+1.cif,3.54908523
20-ZnS-S_i_neut-POSCAR9-Charged+1.cif,3.54692772
15-ZnS-Zn_i_A-POSCAR0-Charged+1.cif,3.54565343
28-ZnSe-Se_i_A-POSCAR0-Charged+1.cif,3.54483935
153-AlSb-Sb_i_B-POSCAR2-Charged+1.cif,3.54305231
283-SiGe-Ge_i_neut-POSCAR1-Charged+1.cif,3.54002413
153-AlSb-Sb_i_B-POSCAR3-Charged+1.cif,3.53421149
238-Si-V_Si-POSCAR1-Charged+1.cif,3.52807961
153-AlSb-Sb_i_B-POSCAR4-Charged+1.cif,3.52498402
286-SiGe-Si_i_neut-POSCAR3-Charged+1.cif,3.52323714
238-Si-V_Si-POSCAR2-Charged+1.cif,3.52133229
153-AlSb-Sb_i_B-POSCAR5-Charged+1.cif,3.52
238-Si-V_Si-POSCAR3-Charged+1.cif,3.51515819
23-ZnSe-V_Se-POSCAR0-Charged+1.cif,3.51488348
238-Si-V_Si-POSCAR4-Charged+1.cif,3.50809555
286-SiGe-Si_i_neut-POSCAR4-Charged+1.cif,3.50744962
283-SiGe-Ge_i_neut-POSCAR2-Charged+1.cif,3.50056247
238-Si-V_Si-POSCAR5-Charged+1.cif,3.5
285-SiGe-Si_i_B-POSCAR0-Charged+1.cif,3.49
293-SiSn-Sn_i_neut-POSCAR0-Charged+1.cif,3.48833223
286-SiGe-Si_i_neut-POSCAR5-Charged+1.cif,3.48758389
286-SiGe-Si_i_neut-POSCAR6-Charged+1.cif,3.48639772
286-SiGe-Si_i_neut-POSCAR7-Charged+1.cif,3.47802856
28-ZnSe-Se_i_A-POSCAR1-Charged+1.cif,3.47711776
23-ZnSe-V_Se-POSCAR5-Charged+1.cif,3.47643358
181-GaAs-Ga_i_neut-POSCAR0-Charged+1.cif,3.47583845
286-SiGe-Si_i_neut-POSCAR8-Charged+1.cif,3.47570961
293-SiSn-Sn_i_neut-POSCAR1-Charged+1.cif,3.47233492
293-SiSn-Sn_i_neut-POSCAR5-Charged+1.cif,3.47077504
181-GaAs-Ga_i_neut-POSCAR4-Charged+1.cif,3.47000052
10-ZnO-O_i_neut-POSCAR0-Charged+1.cif,3.47
181-GaAs-Ga_i_neut-POSCAR5-Charged+1.cif,3.47
286-SiGe-Si_i_neut-POSCAR9-Charged+1.cif,3.47
293-SiSn-Sn_i_neut-POSCAR6-Charged+1.cif,3.47
181-GaAs-Ga_i_neut-POSCAR1-Charged+1.cif,3.4695165
293-SiSn-Sn_i_neut-POSCAR4-Charged+1.cif,3.4671818
181-GaAs-Ga_i_neut-POSCAR2-Charged+1.cif,3.46588133
181-GaAs-Ga_i_neut-POSCAR3-Charged+1.cif,3.46465259
293-SiSn-Sn_i_neut-POSCAR2-Charged+1.cif,3.46415419
283-SiGe-Ge_i_neut-POSCAR3-Charged+1.cif,3.45927387
293-SiSn-Sn_i_neut-POSCAR3-Charged+1.cif,3.45678224
28-ZnSe-Se_i_A-POSCAR2-Charged+1.cif,3.4508043
28-ZnSe-Se_i_A-POSCAR3-Charged+1.cif,3.44582442
28-ZnSe-Se_i_A-POSCAR4-Charged+1.cif,3.44
146-AlSb-V_Sb-POSCAR0-Charged+1.cif,3.43480661
41-CdO-V_Cd-POSCAR0-Charged+1.cif,3.43
283-SiGe-Ge_i_neut-POSCAR4-Charged+1.cif,3.42752812
130-AlP-Al_i_B-POSCAR0-Charged+1.cif,3.42362428
54-CdS-Cd_S-POSCAR0-Charged+1.cif,3.42
248-SiC-V_C-POSCAR0-Charged+1.cif,3.41897167
130-AlP-Al_i_B-POSCAR1-Charged+1.cif,3.41266927
23-ZnSe-V_Se-POSCAR1-Charged+1.cif,3.41250237
130-AlP-Al_i_B-POSCAR2-Charged+1.cif,3.41
13-ZnS-V_S-POSCAR0-Charged+1.cif,3.40739837
249-SiC-C_Si-POSCAR0-Charged+1.cif,3.40138435
146-AlSb-V_Sb-POSCAR1-Charged+1.cif,3.40100115
8-ZnO-O_i_A-POSCAR0-Charged+1.cif,3.4
249-SiC-C_Si-POSCAR1-Charged+1.cif,3.4
283-SiGe-Ge_i_neut-POSCAR5-Charged+1.cif,3.39699128
243-Ge-Ge_i_neut-POSCAR0-Charged+1.cif,3.39183556
243-Ge-Ge_i_neut-POSCAR1-Charged+1.cif,3.38288797
243-Ge-Ge_i_neut-POSCAR2-Charged+1.cif,3.38
16-ZnS-Zn_i_B-POSCAR1-Charged+1.cif,3.37887542
136-AlAs-V_As-POSCAR0-Charged+1.cif,3.37669019
15-ZnS-Zn_i_A-POSCAR1-Charged+1.cif,3.3751177
283-SiGe-Ge_i_neut-POSCAR6-Charged+1.cif,3.37436462
283-SiGe-Ge_i_neut-POSCAR26-Charged+1.cif,3.37359565
146-AlSb-V_Sb-POSCAR2-Charged+1.cif,3.37143494
248-SiC-V_C-POSCAR1-Charged+1.cif,3.37138445
283-SiGe-Ge_i_neut-POSCAR9-Charged+1.cif,3.36720669
283-SiGe-Ge_i_neut-POSCAR8-Charged+1.cif,3.36467858
167-GaP-Ga_P-POSCAR0-Charged+1.cif,3.36377187
146-AlSb-V_Sb-POSCAR3-Charged+1.cif,3.35810845
193-GaSb-Sb_i_B-POSCAR0-Charged+1.cif,3.35525726
283-SiGe-Ge_i_neut-POSCAR7-Charged+1.cif,3.3548327
283-SiGe-Ge_i_neut-POSCAR10-Charged+1.cif,3.35369644
248-SiC-V_C-POSCAR2-Charged+1.cif,3.35071214
193-GaSb-Sb_i_B-POSCAR1-Charged+1.cif,3.35
283-SiGe-Ge_i_neut-POSCAR21-Charged+1.cif,3.34691378
283-SiGe-Ge_i_neut-POSCAR14-Charged+1.cif,3.3440923
248-SiC-V_C-POSCAR3-Charged+1.cif,3.34324217
283-SiGe-Ge_i_neut-POSCAR30-Charged+1.cif,3.34286444
283-SiGe-Ge_i_neut-POSCAR12-Charged+1.cif,3.34206705
283-SiGe-Ge_i_neut-POSCAR13-Charged+1.cif,3.34169597
283-SiGe-Ge_i_neut-POSCAR25-Charged+1.cif,3.34017777
248-SiC-V_C-POSCAR4-Charged+1.cif,3.34
283-SiGe-Ge_i_neut-POSCAR15-Charged+1.cif,3.33928015
283-SiGe-Ge_i_neut-POSCAR19-Charged+1.cif,3.33896099
146-AlSb-V_Sb-POSCAR4-Charged+1.cif,3.33883508
283-SiGe-Ge_i_neut-POSCAR18-Charged+1.cif,3.33637756
283-SiGe-Ge_i_neut-POSCAR16-Charged+1.cif,3.33524148
283-SiGe-Ge_i_neut-POSCAR29-Charged+1.cif,3.33319651
283-SiGe-Ge_i_neut-POSCAR27-Charged+1.cif,3.33157677
283-SiGe-Ge_i_neut-POSCAR20-Charged+1.cif,3.33130194
283-SiGe-Ge_i_neut-POSCAR23-Charged+1.cif,3.32782446
283-SiGe-Ge_i_neut-POSCAR11-Charged+1.cif,3.32699026
146-AlSb-V_Sb-POSCAR5-Charged+1.cif,3.32686741
15-ZnS-Zn_i_A-POSCAR2-Charged+1.cif,3.3265287
283-SiGe-Ge_i_neut-POSCAR31-Charged+1.cif,3.32641433
283-SiGe-Ge_i_neut-POSCAR28-Charged+1.cif,3.32288088
283-SiGe-Ge_i_neut-POSCAR24-Charged+1.cif,3.32255439
167-GaP-Ga_P-POSCAR1-Charged+1.cif,3.32252299
283-SiGe-Ge_i_neut-POSCAR17-Charged+1.cif,3.31935907
142-AlAs-As_i_A-POSCAR0-Charged+1.cif,3.3179543
283-SiGe-Ge_i_neut-POSCAR22-Charged+1.cif,3.31445073
136-AlAs-V_As-POSCAR1-Charged+1.cif,3.31386435
27-ZnSe-Zn_i_neut-POSCAR0-Charged+1.cif,3.31123554
146-AlSb-V_Sb-POSCAR6-Charged+1.cif,3.31
16-ZnS-Zn_i_B-POSCAR2-Charged+1.cif,3.30894477
15-ZnS-Zn_i_A-POSCAR3-Charged+1.cif,3.30778121
167-GaP-Ga_P-POSCAR2-Charged+1.cif,3.30728289
283-SiGe-Ge_i_neut-POSCAR33-Charged+1.cif,3.30462047
283-SiGe-Ge_i_neut-POSCAR34-Charged+1.cif,3.30132949
283-SiGe-Ge_i_neut-POSCAR32-Charged+1.cif,3.30073815
15-ZnS-Zn_i_A-POSCAR4-Charged+1.cif,3.3
58-CdSe-Cd_Se-POSCAR0-Charged+1.cif,3.3
167-GaP-Ga_P-POSCAR3-Charged+1.cif,3.3
211-InP-In_i_neut-POSCAR0-Charged+1.cif,3.29677063
283-SiGe-Ge_i_neut-POSCAR35-Charged+1.cif,3.29596049
211-InP-In_i_neut-POSCAR1-Charged+1.cif,3.29184012
211-InP-In_i_neut-POSCAR2-Charged+1.cif,3.29
283-SiGe-Ge_i_neut-POSCAR36-Charged+1.cif,3.29
16-ZnS-Zn_i_B-POSCAR3-Charged+1.cif,3.288945
136-AlAs-V_As-POSCAR2-Charged+1.cif,3.28028207
1-ZnO-V_Zn-POSCAR0-Charged+1.cif,3.28
16-ZnS-Zn_i_B-POSCAR4-Charged+1.cif,3.27441497
16-ZnS-Zn_i_B-POSCAR5-Charged+1.cif,3.26499242
16-ZnS-Zn_i_B-POSCAR6-Charged+1.cif,3.26
282-SiGe-Ge_i_B-POSCAR0-Charged+1.cif,3.26
142-AlAs-As_i_A-POSCAR1-Charged+1.cif,3.25731754
136-AlAs-V_As-POSCAR3-Charged+1.cif,3.25374171
84-BN-N_i_neut-POSCAR2-Charged+1.cif,3.251148
163-GaN-N_i_B-POSCAR0-Charged+1.cif,3.24807817
142-AlAs-As_i_A-POSCAR2-Charged+1.cif,3.24325191
136-AlAs-V_As-POSCAR4-Charged+1.cif,3.24251017
142-AlAs-As_i_A-POSCAR3-Charged+1.cif,3.23409743
136-AlAs-V_As-POSCAR5-Charged+1.cif,3.23
142-AlAs-As_i_A-POSCAR4-Charged+1.cif,3.23
215-InAs-V_In-POSCAR0-Charged+1.cif,3.22879717
215-InAs-V_In-POSCAR1-Charged+1.cif,3.22564657
13-ZnS-V_S-POSCAR1-Charged+1.cif,3.22561205
215-InAs-V_In-POSCAR2-Charged+1.cif,3.22
108-BSb-Sb_B-POSCAR0-Charged+1.cif,3.20850135
135-AlAs-V_Al-POSCAR0-Charged+1.cif,3.20628997
30-ZnSe-Se_i_neut-POSCAR0-Charged+1.cif,3.1993541
135-AlAs-V_Al-POSCAR1-Charged+1.cif,3.19462187
135-AlAs-V_Al-POSCAR2-Charged+1.cif,3.19
108-BSb-Sb_B-POSCAR1-Charged+1.cif,3.1823191
85-BP-V_B-POSCAR0-Charged+1.cif,3.18221075
97-BAs-B_As-POSCAR0-Charged+1.cif,3.18170155
97-BAs-B_As-POSCAR1-Charged+1.cif,3.18
108-BSb-Sb_B-POSCAR2-Charged+1.cif,3.18
239-Si-Si_i_A-POSCAR0-Charged+1.cif,3.17576409
239-Si-Si_i_A-POSCAR1-Charged+1.cif,3.17184129
239-Si-Si_i_A-POSCAR2-Charged+1.cif,3.17
140-AlAs-Al_i_B-POSCAR0-Charged+1.cif,3.16219807
140-AlAs-Al_i_B-POSCAR1-Charged+1.cif,3.16
213-InP-P_i_B-POSCAR0-Charged+1.cif,3.15934735
27-ZnSe-Zn_i_neut-POSCAR1-Charged+1.cif,3.15265895
192-GaSb-Ab_i_A-POSCAR0-Charged+1.cif,3.14315274
85-BP-V_B-POSCAR1-Charged+1.cif,3.13566186
126-AlP-V_P-POSCAR0-Charged+1.cif,3.13460516
192-GaSb-Ab_i_A-POSCAR1-Charged+1.cif,3.13215224
85-BP-V_B-POSCAR2-Charged+1.cif,3.12754461
192-GaSb-Ab_i_A-POSCAR2-Charged+1.cif,3.12307076
85-BP-V_B-POSCAR3-Charged+1.cif,3.12248832
85-BP-V_B-POSCAR4-Charged+1.cif,3.12
192-GaSb-Ab_i_A-POSCAR3-Charged+1.cif,3.11636379
40-ZnTe-Te_i_neut-POSCAR0-Charged+1.cif,3.11274423
176-GaAs-V_As-POSCAR0-Charged+1.cif,3.11053219
192-GaSb-Ab_i_A-POSCAR4-Charged+1.cif,3.11
213-InP-P_i_B-POSCAR1-Charged+1.cif,3.1025979
163-GaN-N_i_B-POSCAR1-Charged+1.cif,3.09567252
27-ZnSe-Zn_i_neut-POSCAR2-Charged+1.cif,3.08748225
30-ZnSe-Se_i_neut-POSCAR1-Charged+1.cif,3.08686356
129-AlP-Al_i_A-POSCAR0-Charged+1.cif,3.08400635
284-SiGe-Si_i_A-POSCAR0-Charged+1.cif,3.08236504
84-BN-N_i_neut-POSCAR0-Charged+1.cif,3.0808018
68-CdTe-Cd_Te-POSCAR0-Charged+1.cif,3.08
129-AlP-Al_i_A-POSCAR1-Charged+1.cif,3.08
284-SiGe-Si_i_A-POSCAR1-Charged+1.cif,3.08
176-GaAs-V_As-POSCAR1-Charged+1.cif,3.076738
126-AlP-V_P-POSCAR1-Charged+1.cif,3.07466971
27-ZnSe-Zn_i_neut-POSCAR3-Charged+1.cif,3.07288673
213-InP-P_i_B-POSCAR2-Charged+1.cif,3.06949169
27-ZnSe-Zn_i_neut-POSCAR4-Charged+1.cif,3.0619593
126-AlP-V_P-POSCAR2-Charged+1.cif,3.05694315
176-GaAs-V_As-POSCAR2-Charged+1.cif,3.05575831
175-GaAs-V_Ga-POSCAR0-Charged+1.cif,3.05472494
27-ZnSe-Zn_i_neut-POSCAR5-Charged+1.cif,3.05371276
27-ZnSe-Zn_i_neut-POSCAR14-Charged+1.cif,3.05092678
27-ZnSe-Zn_i_neut-POSCAR25-Charged+1.cif,3.05
47-CdO-Cd_i_neut-POSCAR0-Charged+1.cif,3.05
27-ZnSe-Zn_i_neut-POSCAR15-Charged+1.cif,3.049257
27-ZnSe-Zn_i_neut-POSCAR19-Charged+1.cif,3.04892022
27-ZnSe-Zn_i_neut-POSCAR24-Charged+1.cif,3.04777329
27-ZnSe-Zn_i_neut-POSCAR23-Charged+1.cif,3.04705077
175-GaAs-V_Ga-POSCAR1-Charged+1.cif,3.04633306
27-ZnSe-Zn_i_neut-POSCAR8-Charged+1.cif,3.04628466
27-ZnSe-Zn_i_neut-POSCAR13-Charged+1.cif,3.04551749
27-ZnSe-Zn_i_neut-POSCAR7-Charged+1.cif,3.04544105
176-GaAs-V_As-POSCAR3-Charged+1.cif,3.0445414
27-ZnSe-Zn_i_neut-POSCAR18-Charged+1.cif,3.04386778
27-ZnSe-Zn_i_neut-POSCAR9-Charged+1.cif,3.04356183
27-ZnSe-Zn_i_neut-POSCAR6-Charged+1.cif,3.04339379
126-AlP-V_P-POSCAR3-Charged+1.cif,3.04275284
27-ZnSe-Zn_i_neut-POSCAR21-Charged+1.cif,3.04197065
27-ZnSe-Zn_i_neut-POSCAR20-Charged+1.cif,3.0418807
27-ZnSe-Zn_i_neut-POSCAR12-Charged+1.cif,3.04183577
27-ZnSe-Zn_i_neut-POSCAR16-Charged+1.cif,3.04152831
27-ZnSe-Zn_i_neut-POSCAR17-Charged+1.cif,3.04124463
40-ZnTe-Te_i_neut-POSCAR1-Charged+1.cif,3.03950161
163-GaN-N_i_B-POSCAR2-Charged+1.cif,3.03886923
175-GaAs-V_Ga-POSCAR2-Charged+1.cif,3.03822562
27-ZnSe-Zn_i_neut-POSCAR10-Charged+1.cif,3.03691618
27-ZnSe-Zn_i_neut-POSCAR22-Charged+1.cif,3.03610967
126-AlP-V_P-POSCAR4-Charged+1.cif,3.03553814
27-ZnSe-Zn_i_neut-POSCAR11-Charged+1.cif,3.03475704
176-GaAs-V_As-POSCAR4-Charged+1.cif,3.03408884
175-GaAs-V_Ga-POSCAR3-Charged+1.cif,3.0338466
126-AlP-V_P-POSCAR5-Charged+1.cif,3.03
175-GaAs-V_Ga-POSCAR4-Charged+1.cif,3.03
163-GaN-N_i_B-POSCAR4-Charged+1.cif,3.02775583
30-ZnSe-Se_i_neut-POSCAR2-Charged+1.cif,3.02765268
176-GaAs-V_As-POSCAR5-Charged+1.cif,3.02585954
152-AlSb-Sb_i_A-POSCAR0-Charged+1.cif,3.02036278
176-GaAs-V_As-POSCAR6-Charged+1.cif,3.02
174-GaP-P_i_neut-POSCAR0-Charged+1.cif,3.01858789
184-GaAs-As_i_neut-POSCAR0-Charged+1.cif,3.01725128
30-ZnSe-Se_i_neut-POSCAR3-Charged+1.cif,3.01481699
184-GaAs-As_i_neut-POSCAR1-Charged+1.cif,3.0117172
51-CdS-V_Cd-POSCAR0-Charged+1.cif,3.01
184-GaAs-As_i_neut-POSCAR2-Charged+1.cif,3.01
30-ZnSe-Se_i_neut-POSCAR4-Charged+1.cif,3.00396672
30-ZnSe-Se_i_neut-POSCAR6-Charged+1.cif,3.00121202
30-ZnSe-Se_i_neut-POSCAR5-Charged+1.cif,3.00094224
30-ZnSe-Se_i_neut-POSCAR7-Charged+1.cif,3.00091678
163-GaN-N_i_B-POSCAR3-Charged+1.cif,3.00058076
163-GaN-N_i_B-POSCAR6-Charged+1.cif,3.00009036
30-ZnSe-Se_i_neut-POSCAR8-Charged+1.cif,3
186-GaSb-V_Sb-POSCAR0-Charged+1.cif,2.99782655
40-ZnTe-Te_i_neut-POSCAR2-Charged+1.cif,2.9958986
152-AlSb-Sb_i_A-POSCAR1-Charged+1.cif,2.9918239
40-ZnTe-Te_i_neut-POSCAR5-Charged+1.cif,2.98911374
213-InP-P_i_B-POSCAR4-Charged+1.cif,2.98861005
40-ZnTe-Te_i_neut-POSCAR6-Charged+1.cif,2.98737349
40-ZnTe-Te_i_neut-POSCAR3-Charged+1.cif,2.98664286
40-ZnTe-Te_i_neut-POSCAR7-Charged+1.cif,2.98623689
163-GaN-N_i_B-POSCAR7-Charged+1.cif,2.98389516
40-ZnTe-Te_i_neut-POSCAR4-Charged+1.cif,2.9831865
40-ZnTe-Te_i_neut-POSCAR9-Charged+1.cif,2.98281034
186-GaSb-V_Sb-POSCAR1-Charged+1.cif,2.98253094
40-ZnTe-Te_i_neut-POSCAR8-Charged+1.cif,2.98244107
147-AlSb-Al_Sb-POSCAR0-Charged+1.cif,2.98242766
40-ZnTe-Te_i_neut-POSCAR10-Charged+1.cif,2.98178682
40-ZnTe-Te_i_neut-POSCAR12-Charged+1.cif,2.98073472
40-ZnTe-Te_i_neut-POSCAR11-Charged+1.cif,2.98045746
40-ZnTe-Te_i_neut-POSCAR13-Charged+1.cif,2.98
152-AlSb-Sb_i_A-POSCAR2-Charged+1.cif,2.97902297
152-AlSb-Sb_i_A-POSCAR3-Charged+1.cif,2.97500234
13-ZnS-V_S-POSCAR2-Charged+1.cif,2.9729668
147-AlSb-Al_Sb-POSCAR1-Charged+1.cif,2.97020618
152-AlSb-Sb_i_A-POSCAR4-Charged+1.cif,2.97
186-GaSb-V_Sb-POSCAR2-Charged+1.cif,2.96938293
174-GaP-P_i_neut-POSCAR1-Charged+1.cif,2.96602171
26-ZnSe-Zn_i_B-POSCAR0-Charged+1.cif,2.96585404
186-GaSb-V_Sb-POSCAR3-Charged+1.cif,2.9647967
147-AlSb-Al_Sb-POSCAR2-Charged+1.cif,2.96179881
194-GaSb-Sb_i_neut-POSCAR0-Charged+1.cif,2.96176692
147-AlSb-Al_Sb-POSCAR3-Charged+1.cif,2.96
194-GaSb-Sb_i_neut-POSCAR1-Charged+1.cif,2.96
281-SiGe-Ge_i_A-POSCAR0-Charged+1.cif,2.96
186-GaSb-V_Sb-POSCAR4-Charged+1.cif,2.95927109
186-GaSb-V_Sb-POSCAR5-Charged+1.cif,2.95595764
213-InP-P_i_B-POSCAR3-Charged+1.cif,2.95290208
174-GaP-P_i_neut-POSCAR2-Charged+1.cif,2.95216693
50-CdO-O_i_neut-POSCAR0-Charged+1.cif,2.95105067
50-CdO-O_i_neut-POSCAR1-Charged+1.cif,2.95
186-GaSb-V_Sb-POSCAR6-Charged+1.cif,2.95
163-GaN-N_i_B-POSCAR5-Charged+1.cif,2.94902719
174-GaP-P_i_neut-POSCAR3-Charged+1.cif,2.9463443
174-GaP-P_i_neut-POSCAR4-Charged+1.cif,2.94279833
49-CdO-O_i_B-POSCAR0-Charged+1.cif,2.94062085
49-CdO-O_i_B-POSCAR1-Charged+1.cif,2.94
174-GaP-P_i_neut-POSCAR5-Charged+1.cif,2.93876595
174-GaP-P_i_neut-POSCAR6-Charged+1.cif,2.93543139
177-GaAs-Ga_As-POSCAR0-Charged+1.cif,2.93533195
303-GeSn-Sn_i_neut-POSCAR0-Charged+1.cif,2.93274444
174-GaP-P_i_neut-POSCAR7-Charged+1.cif,2.93205651
174-GaP-P_i_neut-POSCAR8-Charged+1.cif,2.93
303-GeSn-Sn_i_neut-POSCAR1-Charged+1.cif,2.93
163-GaN-N_i_B-POSCAR8-Charged+1.cif,2.92550504
177-GaAs-Ga_As-POSCAR1-Charged+1.cif,2.91371942
177-GaAs-Ga_As-POSCAR2-Charged+1.cif,2.90329401
177-GaAs-Ga_As-POSCAR3-Charged+1.cif,2.9
25-ZnSe-Zn_i_A-POSCAR0-Charged+1.cif,2.89456156
163-GaN-N_i_B-POSCAR9-Charged+1.cif,2.88340245
213-InP-P_i_B-POSCAR5-Charged+1.cif,2.87211071
73-CdTe-Te_i_B-POSCAR0-Charged+1.cif,2.87
295-SiSn-Si_i_B-POSCAR0-Charged+1.cif,2.86242389
292-SiSn-Sn_i_B-POSCAR0-Charged+1.cif,2.8623297
292-SiSn-Sn_i_B-POSCAR1-Charged+1.cif,2.86
295-SiSn-Si_i_B-POSCAR1-Charged+1.cif,2.86
144-AlAs-As_i_neut-POSCAR0-Charged+1.cif,2.85918579
163-GaN-N_i_B-POSCAR11-Charged+1.cif,2.85818276
163-GaN-N_i_B-POSCAR10-Charged+1.cif,2.85595294
163-GaN-N_i_B-POSCAR13-Charged+1.cif,2.8542354
13-ZnS-V_S-POSCAR3-Charged+1.cif,2.84873616
213-InP-P_i_B-POSCAR6-Charged+1.cif,2.84653248
123-AlN-N_i_B-POSCAR0-Charged+1.cif,2.84437437
166-GaP-V_P-POSCAR0-Charged+1.cif,2.83660319
169-GaP-Ga_i_A-POSCAR0-Charged+1.cif,2.83446756
134-AlP-P_i_neut-POSCAR0-Charged+1.cif,2.83367194
26-ZnSe-Zn_i_B-POSCAR1-Charged+1.cif,2.83284997
169-GaP-Ga_i_A-POSCAR1-Charged+1.cif,2.83110024
169-GaP-Ga_i_A-POSCAR2-Charged+1.cif,2.83
151-AlSb-Al_i_neut-POSCAR0-Charged+1.cif,2.8173147
163-GaN-N_i_B-POSCAR21-Charged+1.cif,2.81700917
163-GaN-N_i_B-POSCAR14-Charged+1.cif,2.81458937
222-InAs-As_i_A-POSCAR0-Charged+1.cif,2.80787408
163-GaN-N_i_B-POSCAR20-Charged+1.cif,2.80637006
213-InP-P_i_B-POSCAR7-Charged+1.cif,2.80538529
170-GaP-Ga_i_B-POSCAR0-Charged+1.cif,2.8
163-GaN-N_i_B-POSCAR16-Charged+1.cif,2.79891164
213-InP-P_i_B-POSCAR8-Charged+1.cif,2.79618576
151-AlSb-Al_i_neut-POSCAR1-Charged+1.cif,2.79270284
11-ZnS-V_Zn-POSCAR0-Charged+1.cif,2.79
213-InP-P_i_B-POSCAR9-Charged+1.cif,2.79
25-ZnSe-Zn_i_A-POSCAR1-Charged+1.cif,2.78878234
163-GaN-N_i_B-POSCAR19-Charged+1.cif,2.78389525
151-AlSb-Al_i_neut-POSCAR2-Charged+1.cif,2.77827675
166-GaP-V_P-POSCAR1-Charged+1.cif,2.77805766
222-InAs-As_i_A-POSCAR1-Charged+1.cif,2.77652884
26-ZnSe-Zn_i_B-POSCAR2-Charged+1.cif,2.77512512
241-Ge-V_Ge-POSCAR0-Charged+1.cif,2.77415275
151-AlSb-Al_i_neut-POSCAR3-Charged+1.cif,2.77191081
241-Ge-V_Ge-POSCAR1-Charged+1.cif,2.77
298-GeSn-V_Sn-POSCAR0-Charged+1.cif,2.77
163-GaN-N_i_B-POSCAR15-Charged+1.cif,2.76509371
151-AlSb-Al_i_neut-POSCAR4-Charged+1.cif,2.76
222-InAs-As_i_A-POSCAR2-Charged+1.cif,2.75673625
166-GaP-V_P-POSCAR2-Charged+1.cif,2.75513232
26-ZnSe-Zn_i_B-POSCAR3-Charged+1.cif,2.75309279
221-InAs-In_i_neut-POSCAR0-Charged+1.cif,2.75215137
45-CdO-Cd_i_A-POSCAR0-Charged+1.cif,2.75111323
45-CdO-Cd_i_A-POSCAR1-Charged+1.cif,2.75
221-InAs-In_i_neut-POSCAR1-Charged+1.cif,2.75
144-AlAs-As_i_neut-POSCAR1-Charged+1.cif,2.74893789
25-ZnSe-Zn_i_A-POSCAR2-Charged+1.cif,2.74850867
222-InAs-As_i_A-POSCAR3-Charged+1.cif,2.74531449
163-GaN-N_i_B-POSCAR18-Charged+1.cif,2.74306807
26-ZnSe-Zn_i_B-POSCAR4-Charged+1.cif,2.74281486
84-BN-N_i_neut-POSCAR3-Charged+1.cif,2.74203557
26-ZnSe-Zn_i_B-POSCAR5-Charged+1.cif,2.74177856
25-ZnSe-Zn_i_A-POSCAR3-Charged+1.cif,2.74013112
26-ZnSe-Zn_i_B-POSCAR6-Charged+1.cif,2.74
166-GaP-V_P-POSCAR3-Charged+1.cif,2.73757393
296-SiSn-Si_i_neut-POSCAR0-Charged+1.cif,2.73237437
25-ZnSe-Zn_i_A-POSCAR4-Charged+1.cif,2.73
84-BN-N_i_neut-POSCAR4-Charged+1.cif,2.72924888
166-GaP-V_P-POSCAR4-Charged+1.cif,2.72881471
222-InAs-As_i_A-POSCAR4-Charged+1.cif,2.7283196
144-AlAs-As_i_neut-POSCAR2-Charged+1.cif,2.72471691
166-GaP-V_P-POSCAR5-Charged+1.cif,2.72
222-InAs-As_i_A-POSCAR5-Charged+1.cif,2.72
134-AlP-P_i_neut-POSCAR1-Charged+1.cif,2.71959956
297-GeSn-V_Ge-POSCAR0-Charged+1.cif,2.71848916
163-GaN-N_i_B-POSCAR17-Charged+1.cif,2.71684697
297-GeSn-V_Ge-POSCAR1-Charged+1.cif,2.71630868
297-GeSn-V_Ge-POSCAR2-Charged+1.cif,2.71415577
144-AlAs-As_i_neut-POSCAR3-Charged+1.cif,2.71294329
297-GeSn-V_Ge-POSCAR3-Charged+1.cif,2.71287664
84-BN-N_i_neut-POSCAR5-Charged+1.cif,2.71178416
84-BN-N_i_neut-POSCAR6-Charged+1.cif,2.71119695
84-BN-N_i_neut-POSCAR7-Charged+1.cif,2.71
297-GeSn-V_Ge-POSCAR4-Charged+1.cif,2.71
144-AlAs-As_i_neut-POSCAR4-Charged+1.cif,2.70777849
296-SiSn-Si_i_neut-POSCAR1-Charged+1.cif,2.7048016
144-AlAs-As_i_neut-POSCAR5-Charged+1.cif,2.70313212
144-AlAs-As_i_neut-POSCAR6-Charged+1.cif,2.70133714
144-AlAs-As_i_neut-POSCAR7-Charged+1.cif,2.7
134-AlP-P_i_neut-POSCAR2-Charged+1.cif,2.69695585
123-AlN-N_i_B-POSCAR1-Charged+1.cif,2.69003553
134-AlP-P_i_neut-POSCAR3-Charged+1.cif,2.6848566
63-CdSe-Se_i_B-POSCAR0-Charged+1.cif,2.68
296-SiSn-Si_i_neut-POSCAR2-Charged+1.cif,2.67931046
134-AlP-P_i_neut-POSCAR4-Charged+1.cif,2.67835779
134-AlP-P_i_neut-POSCAR5-Charged+1.cif,2.67302607
134-AlP-P_i_neut-POSCAR6-Charged+1.cif,2.6710485
134-AlP-P_i_neut-POSCAR7-Charged+1.cif,2.67
163-GaN-N_i_B-POSCAR12-Charged+1.cif,2.66896459
139-AlAs-Al_i_A-POSCAR0-Charged+1.cif,2.66824071
139-AlAs-Al_i_A-POSCAR1-Charged+1.cif,2.66336734
139-AlAs-Al_i_A-POSCAR2-Charged+1.cif,2.66
296-SiSn-Si_i_neut-POSCAR3-Charged+1.cif,2.656705
296-SiSn-Si_i_neut-POSCAR4-Charged+1.cif,2.6523252
98-BAs-As_B-POSCAR0-Charged+1.cif,2.64421974
52-CdS-S_Cd-POSCAR0-Charged+1.cif,2.63
207-InP-In_P-POSCAR0-Charged+1.cif,2.62509991
23-ZnSe-V_Se-POSCAR7-Charged+1.cif,2.62481926
296-SiSn-Si_i_neut-POSCAR6-Charged+1.cif,2.61988047
98-BAs-As_B-POSCAR1-Charged+1.cif,2.60293534
13-ZnS-V_S-POSCAR4-Charged+1.cif,2.60015718
98-BAs-As_B-POSCAR2-Charged+1.cif,2.6
207-InP-In_P-POSCAR1-Charged+1.cif,2.59756873
145-AlSb-V_Al-POSCAR0-Charged+1.cif,2.59607589
33-ZnTe-V_Te-POSCAR0-Charged+1.cif,2.59250494
33-ZnTe-V_Te-POSCAR1-Charged+1.cif,2.59
145-AlSb-V_Al-POSCAR1-Charged+1.cif,2.58763145
23-ZnSe-V_Se-POSCAR8-Charged+1.cif,2.5872338
207-InP-In_P-POSCAR2-Charged+1.cif,2.58599278
23-ZnSe-V_Se-POSCAR9-Charged+1.cif,2.58558854
23-ZnSe-V_Se-POSCAR10-Charged+1.cif,2.58467996
23-ZnSe-V_Se-POSCAR11-Charged+1.cif,2.5834777
296-SiSn-Si_i_neut-POSCAR5-Charged+1.cif,2.58295679
23-ZnSe-V_Se-POSCAR12-Charged+1.cif,2.58254517
207-InP-In_P-POSCAR3-Charged+1.cif,2.58209275
23-ZnSe-V_Se-POSCAR13-Charged+1.cif,2.58
72-CdTe-Te_i_A-POSCAR0-Charged+1.cif,2.58
207-InP-In_P-POSCAR4-Charged+1.cif,2.58
145-AlSb-V_Al-POSCAR2-Charged+1.cif,2.57934612
296-SiSn-Si_i_neut-POSCAR7-Charged+1.cif,2.57779349
145-AlSb-V_Al-POSCAR3-Charged+1.cif,2.57620164
296-SiSn-Si_i_neut-POSCAR24-Charged+1.cif,2.57298808
145-AlSb-V_Al-POSCAR4-Charged+1.cif,2.57229476
145-AlSb-V_Al-POSCAR5-Charged+1.cif,2.57
12-ZnS-S_Zn-POSCAR0-Charged+1.cif,2.56970043
242-Ge-Ge_i_A-POSCAR0-Charged+1.cif,2.55336476
123-AlN-N_i_B-POSCAR2-Charged+1.cif,2.55326769
242-Ge-Ge_i_A-POSCAR1-Charged+1.cif,2.55
13-ZnS-V_S-POSCAR5-Charged+1.cif,2.53514604
123-AlN-N_i_B-POSCAR4-Charged+1.cif,2.52820272
123-AlN-N_i_B-POSCAR7-Charged+1.cif,2.51346594
123-AlN-N_i_B-POSCAR5-Charged+1.cif,2.50970927
123-AlN-N_i_B-POSCAR6-Charged+1.cif,2.50845376
225-InSb-V_In-POSCAR0-Charged+1.cif,2.50326261
123-AlN-N_i_B-POSCAR8-Charged+1.cif,2.50293178
225-InSb-V_In-POSCAR1-Charged+1.cif,2.5
291-SiSn-Sn_i_A-POSCAR0-Charged+1.cif,2.5
123-AlN-N_i_B-POSCAR3-Charged+1.cif,2.49499572
123-AlN-N_i_B-POSCAR9-Charged+1.cif,2.4928771
163-GaN-N_i_B-POSCAR24-Charged+1.cif,2.49140174
123-AlN-N_i_B-POSCAR10-Charged+1.cif,2.4846163
12-ZnS-S_Zn-POSCAR1-Charged+1.cif,2.48432497
13-ZnS-V_S-POSCAR6-Charged+1.cif,2.48284327
180-GaAs-Ga_i_B-POSCAR0-Charged+1.cif,2.48165486
123-AlN-N_i_B-POSCAR12-Charged+1.cif,2.48134714
123-AlN-N_i_B-POSCAR14-Charged+1.cif,2.48111708
123-AlN-N_i_B-POSCAR11-Charged+1.cif,2.48108024
123-AlN-N_i_B-POSCAR13-Charged+1.cif,2.48060848
13-ZnS-V_S-POSCAR7-Charged+1.cif,2.48
48-CdO-O_i_A-POSCAR0-Charged+1.cif,2.48
123-AlN-N_i_B-POSCAR21-Charged+1.cif,2.48
180-GaAs-Ga_i_B-POSCAR1-Charged+1.cif,2.48
123-AlN-N_i_B-POSCAR16-Charged+1.cif,2.47993063
123-AlN-N_i_B-POSCAR18-Charged+1.cif,2.47986831
123-AlN-N_i_B-POSCAR15-Charged+1.cif,2.47890486
123-AlN-N_i_B-POSCAR20-Charged+1.cif,2.47876168
123-AlN-N_i_B-POSCAR17-Charged+1.cif,2.47657582
123-AlN-N_i_B-POSCAR19-Charged+1.cif,2.47604407
296-SiSn-Si_i_neut-POSCAR8-Charged+1.cif,2.45983215
163-GaN-N_i_B-POSCAR23-Charged+1.cif,2.45642241
296-SiSn-Si_i_neut-POSCAR18-Charged+1.cif,2.45582831
62-CdSe-Se_i_A-POSCAR0-Charged+1.cif,2.45
296-SiSn-Si_i_neut-POSCAR9-Charged+1.cif,2.44698498
46-CdO-Cd_i_B-POSCAR0-Charged+1.cif,2.44
223-InAs-As_i_B-POSCAR0-Charged+1.cif,2.43877182
296-SiSn-Si_i_neut-POSCAR11-Charged+1.cif,2.43585281
296-SiSn-Si_i_neut-POSCAR10-Charged+1.cif,2.43272985
95-BAs-V_B-POSCAR0-Charged+1.cif,2.43170398
163-GaN-N_i_B-POSCAR22-Charged+1.cif,2.43163585
296-SiSn-Si_i_neut-POSCAR12-Charged+1.cif,2.43030329
217-InAs-In_As-POSCAR0-Charged+1.cif,2.42810739
296-SiSn-Si_i_neut-POSCAR22-Charged+1.cif,2.42782801
223-InAs-As_i_B-POSCAR1-Charged+1.cif,2.42534317
55-CdSe-V_Cd-POSCAR0-Charged+1.cif,2.42070759
296-SiSn-Si_i_neut-POSCAR16-Charged+1.cif,2.42049922
55-CdSe-V_Cd-POSCAR1-Charged+1.cif,2.42
223-InAs-As_i_B-POSCAR2-Charged+1.cif,2.41339188
226-InSb-V_Sb-POSCAR0-Charged+1.cif,2.41004868
223-InAs-As_i_B-POSCAR3-Charged+1.cif,2.41
217-InAs-In_As-POSCAR1-Charged+1.cif,2.40455864
296-SiSn-Si_i_neut-POSCAR15-Charged+1.cif,2.4018522
12-ZnS-S_Zn-POSCAR2-Charged+1.cif,2.40153715
95-BAs-V_B-POSCAR1-Charged+1.cif,2.39911008
296-SiSn-Si_i_neut-POSCAR21-Charged+1.cif,2.39893734
226-InSb-V_Sb-POSCAR1-Charged+1.cif,2.39431362
95-BAs-V_B-POSCAR2-Charged+1.cif,2.39426719
296-SiSn-Si_i_neut-POSCAR19-Charged+1.cif,2.39174532
95-BAs-V_B-POSCAR3-Charged+1.cif,2.39135683
296-SiSn-Si_i_neut-POSCAR13-Charged+1.cif,2.39121804
95-BAs-V_B-POSCAR4-Charged+1.cif,2.39
217-InAs-In_As-POSCAR2-Charged+1.cif,2.38826079
217-InAs-In_As-POSCAR3-Charged+1.cif,2.38355125
191-GaSb-Ga_i_neut-POSCAR0-Charged+1.cif,2.38194875
191-GaSb-Ga_i_neut-POSCAR1-Charged+1.cif,2.38
217-InAs-In_As-POSCAR4-Charged+1.cif,2.38
226-InSb-V_Sb-POSCAR2-Charged+1.cif,2.37645746
296-SiSn-Si_i_neut-POSCAR14-Charged+1.cif,2.37337656
226-InSb-V_Sb-POSCAR3-Charged+1.cif,2.3720165
226-InSb-V_Sb-POSCAR4-Charged+1.cif,2.36646582
226-InSb-V_Sb-POSCAR5-Charged+1.cif,2.3643777
306-GeSn-Ge_i_neut-POSCAR0-Charged+1.cif,2.3629989
296-SiSn-Si_i_neut-POSCAR23-Charged+1.cif,2.36273497
296-SiSn-Si_i_neut-POSCAR17-Charged+1.cif,2.36241206
296-SiSn-Si_i_neut-POSCAR20-Charged+1.cif,2.36163341
306-GeSn-Ge_i_neut-POSCAR1-Charged+1.cif,2.36141716
226-InSb-V_Sb-POSCAR6-Charged+1.cif,2.36
306-GeSn-Ge_i_neut-POSCAR6-Charged+1.cif,2.36
306-GeSn-Ge_i_neut-POSCAR2-Charged+1.cif,2.35977043
232-InSb-Ab_i_A-POSCAR0-Charged+1.cif,2.35912499
306-GeSn-Ge_i_neut-POSCAR5-Charged+1.cif,2.35894449
306-GeSn-Ge_i_neut-POSCAR3-Charged+1.cif,2.35849695
306-GeSn-Ge_i_neut-POSCAR4-Charged+1.cif,2.35761548
246-Sn-Sn_i_neut-POSCAR0-Charged+1.cif,2.35
232-InSb-Ab_i_A-POSCAR1-Charged+1.cif,2.34539622
216-InAs-V_As-POSCAR0-Charged+1.cif,2.3427216
179-GaAs-Ga_i_A-POSCAR0-Charged+1.cif,2.33608716
179-GaAs-Ga_i_A-POSCAR1-Charged+1.cif,2.33264984
12-ZnS-S_Zn-POSCAR3-Charged+1.cif,2.33242024
179-GaAs-Ga_i_A-POSCAR2-Charged+1.cif,2.33
232-InSb-Ab_i_A-POSCAR2-Charged+1.cif,2.32839882
19-ZnS-S_i_B-POSCAR0-Charged+1.cif,2.32403605
216-InAs-V_As-POSCAR1-Charged+1.cif,2.31867995
232-InSb-Ab_i_A-POSCAR3-Charged+1.cif,2.31750338
209-InP-In_i_A-POSCAR0-Charged+1.cif,2.3128517
209-InP-In_i_A-POSCAR1-Charged+1.cif,2.31
233-InSb-Sb_i_B-POSCAR0-Charged+1.cif,2.3031355
233-InSb-Sb_i_B-POSCAR1-Charged+1.cif,2.3
232-InSb-Ab_i_A-POSCAR4-Charged+1.cif,2.29950232
216-InAs-V_As-POSCAR2-Charged+1.cif,2.29733671
232-InSb-Ab_i_A-POSCAR5-Charged+1.cif,2.29
216-InAs-V_As-POSCAR3-Charged+1.cif,2.28952872
12-ZnS-S_Zn-POSCAR4-Charged+1.cif,2.28893634
216-InAs-V_As-POSCAR4-Charged+1.cif,2.28110627
216-InAs-V_As-POSCAR5-Charged+1.cif,2.27651404
36-ZnTe-Zn_i_B-POSCAR0-Charged+1.cif,2.27488614
216-InAs-V_As-POSCAR6-Charged+1.cif,2.27
296-SiSn-Si_i_neut-POSCAR26-Charged+1.cif,2.2639482
12-ZnS-S_Zn-POSCAR5-Charged+1.cif,2.2630801
210-InP-In_i_B-POSCAR0-Charged+1.cif,2.26264209
210-InP-In_i_B-POSCAR1-Charged+1.cif,2.26
296-SiSn-Si_i_neut-POSCAR25-Charged+1.cif,2.24404825
19-ZnS-S_i_B-POSCAR1-Charged+1.cif,2.23812738
162-GaN-N_i_A-POSCAR0-Charged+1.cif,2.23263214
36-ZnTe-Zn_i_B-POSCAR1-Charged+1.cif,2.22966412
35-ZnTe-Zn_i_A-POSCAR0-Charged+1.cif,2.22226245
19-ZnS-S_i_B-POSCAR2-Charged+1.cif,2.20848133
36-ZnTe-Zn_i_B-POSCAR2-Charged+1.cif,2.20503037
12-ZnS-S_Zn-POSCAR6-Charged+1.cif,2.20425449
296-SiSn-Si_i_neut-POSCAR27-Charged+1.cif,2.20038243
36-ZnTe-Zn_i_B-POSCAR3-Charged+1.cif,2.2
244-Sn-V_Sn-POSCAR0-Charged+1.cif,2.19281481
244-Sn-V_Sn-POSCAR1-Charged+1.cif,2.19
19-ZnS-S_i_B-POSCAR3-Charged+1.cif,2.18385664
162-GaN-N_i_A-POSCAR1-Charged+1.cif,2.17994585
37-ZnTe-Zn_i_neut-POSCAR0-Charged+1.cif,2.17989416
12-ZnS-S_Zn-POSCAR7-Charged+1.cif,2.1798186
35-ZnTe-Zn_i_A-POSCAR1-Charged+1.cif,2.16789325
19-ZnS-S_i_B-POSCAR4-Charged+1.cif,2.16512989
21-ZnSe-V_Zn-POSCAR0-Charged+1.cif,2.16200097
296-SiSn-Si_i_neut-POSCAR28-Charged+1.cif,2.16142757
21-ZnSe-V_Zn-POSCAR1-Charged+1.cif,2.16
19-ZnS-S_i_B-POSCAR5-Charged+1.cif,2.15608835
162-GaN-N_i_A-POSCAR2-Charged+1.cif,2.15367635
185-GaSb-V_Ga-POSCAR0-Charged+1.cif,2.1528102
19-ZnS-S_i_B-POSCAR6-Charged+1.cif,2.15232567
74-CdTe-Te_i_neut-POSCAR0-Charged+1.cif,2.15
162-GaN-N_i_A-POSCAR3-Charged+1.cif,2.15
185-GaSb-V_Ga-POSCAR1-Charged+1.cif,2.15
19-ZnS-S_i_B-POSCAR7-Charged+1.cif,2.14841257
19-ZnS-S_i_B-POSCAR8-Charged+1.cif,2.14668733
19-ZnS-S_i_B-POSCAR9-Charged+1.cif,2.14495758
19-ZnS-S_i_B-POSCAR10-Charged+1.cif,2.14188174
19-ZnS-S_i_B-POSCAR11-Charged+1.cif,2.14
35-ZnTe-Zn_i_A-POSCAR2-Charged+1.cif,2.13917717
35-ZnTe-Zn_i_A-POSCAR3-Charged+1.cif,2.13589303
296-SiSn-Si_i_neut-POSCAR29-Charged+1.cif,2.1321654
35-ZnTe-Zn_i_A-POSCAR4-Charged+1.cif,2.13
12-ZnS-S_Zn-POSCAR8-Charged+1.cif,2.1281087
214-InP-P_i_neut-POSCAR0-Charged+1.cif,2.12675102
37-ZnTe-Zn_i_neut-POSCAR1-Charged+1.cif,2.12549086
12-ZnS-S_Zn-POSCAR9-Charged+1.cif,2.12288432
214-InP-P_i_neut-POSCAR1-Charged+1.cif,2.1221506
214-InP-P_i_neut-POSCAR2-Charged+1.cif,2.12
294-SiSn-Si_i_A-POSCAR0-Charged+1.cif,2.117837
296-SiSn-Si_i_neut-POSCAR30-Charged+1.cif,2.11492196
294-SiSn-Si_i_A-POSCAR1-Charged+1.cif,2.11205261
294-SiSn-Si_i_A-POSCAR2-Charged+1.cif,2.11
296-SiSn-Si_i_neut-POSCAR31-Charged+1.cif,2.11
12-ZnS-S_Zn-POSCAR10-Charged+1.cif,2.10853149
12-ZnS-S_Zn-POSCAR11-Charged+1.cif,2.09986288
234-InSb-Sb_i_neut-POSCAR0-Charged+1.cif,2.09895318
234-InSb-Sb_i_neut-POSCAR1-Charged+1.cif,2.09514907
37-ZnTe-Zn_i_neut-POSCAR2-Charged+1.cif,2.0917364
12-ZnS-S_Zn-POSCAR12-Charged+1.cif,2.09
234-InSb-Sb_i_neut-POSCAR2-Charged+1.cif,2.09
37-ZnTe-Zn_i_neut-POSCAR3-Charged+1.cif,2.08624744
67-CdTe-V_Te-POSCAR0-Charged+1.cif,2.08
107-BSb-B_Sb-POSCAR0-Charged+1.cif,2.08
37-ZnTe-Zn_i_neut-POSCAR4-Charged+1.cif,2.07408307
37-ZnTe-Zn_i_neut-POSCAR5-Charged+1.cif,2.07
61-CdSe-Cd_i_neut-POSCAR0-Charged+1.cif,2.07
65-CdTe-V_Cd-POSCAR0-Charged+1.cif,2.07
231-InSb-In_i_neut-POSCAR0-Charged+1.cif,2.05247244
231-InSb-In_i_neut-POSCAR1-Charged+1.cif,2.05020935
231-InSb-In_i_neut-POSCAR6-Charged+1.cif,2.05
231-InSb-In_i_neut-POSCAR5-Charged+1.cif,2.04907627
231-InSb-In_i_neut-POSCAR2-Charged+1.cif,2.04781296
231-InSb-In_i_neut-POSCAR4-Charged+1.cif,2.04767337
231-InSb-In_i_neut-POSCAR3-Charged+1.cif,2.04680389
258-GeC-V_C-POSCAR0-Charged+1.cif,2.04536101
64-CdSe-Se_i_neut-POSCAR0-Charged+1.cif,2.04
71-CdTe-Cd_i_neut-POSCAR0-Charged+1.cif,2.02
206-InP-V_P-POSCAR0-Charged+1.cif,2.01824656
206-InP-V_P-POSCAR1-Charged+1.cif,1.98029621
150-AlSb-Al_i_B-POSCAR0-Charged+1.cif,1.98
224-InAs-As_i_neut-POSCAR0-Charged+1.cif,1.9791294
224-InAs-As_i_neut-POSCAR1-Charged+1.cif,1.97396779
43-CdO-V_O-POSCAR0-Charged+1.cif,1.97
224-InAs-As_i_neut-POSCAR2-Charged+1.cif,1.97
258-GeC-V_C-POSCAR1-Charged+1.cif,1.96035573
206-InP-V_P-POSCAR2-Charged+1.cif,1.95931748
206-InP-V_P-POSCAR3-Charged+1.cif,1.95046591
206-InP-V_P-POSCAR4-Charged+1.cif,1.94403465
206-InP-V_P-POSCAR5-Charged+1.cif,1.94
302-GeSn-Sn_i_B-POSCAR0-Charged+1.cif,1.94
258-GeC-V_C-POSCAR2-Charged+1.cif,1.93824631
105-BSb-V_B-POSCAR0-Charged+1.cif,1.93693637
258-GeC-V_C-POSCAR3-Charged+1.cif,1.93248515
258-GeC-V_C-POSCAR4-Charged+1.cif,1.93
105-BSb-V_B-POSCAR1-Charged+1.cif,1.90775601
105-BSb-V_B-POSCAR2-Charged+1.cif,1.90235659
59-CdSe-Cd_i_A-POSCAR0-Charged+1.cif,1.9
105-BSb-V_B-POSCAR3-Charged+1.cif,1.9
22-ZnSe-Se_Zn-POSCAR0-Charged+1.cif,1.85861388
220-InAs-In_i_B-POSCAR0-Charged+1.cif,1.85
219-InAs-In_i_A-POSCAR0-Charged+1.cif,1.83618365
219-InAs-In_i_A-POSCAR1-Charged+1.cif,1.83243757
219-InAs-In_i_A-POSCAR2-Charged+1.cif,1.83
301-GeSn-Sn_i_A-POSCAR0-Charged+1.cif,1.83
57-CdSe-V_Se-POSCAR0-Charged+1.cif,1.81
22-ZnSe-Se_Zn-POSCAR1-Charged+1.cif,1.79975628
305-GeSn-Ge_i_B-POSCAR0-Charged+1.cif,1.79380451
305-GeSn-Ge_i_B-POSCAR1-Charged+1.cif,1.79
22-ZnSe-Se_Zn-POSCAR2-Charged+1.cif,1.76303507
22-ZnSe-Se_Zn-POSCAR4-Charged+1.cif,1.76135085
22-ZnSe-Se_Zn-POSCAR5-Charged+1.cif,1.76056216
22-ZnSe-Se_Zn-POSCAR6-Charged+1.cif,1.7604155
22-ZnSe-Se_Zn-POSCAR7-Charged+1.cif,1.76022328
22-ZnSe-Se_Zn-POSCAR11-Charged+1.cif,1.76
22-ZnSe-Se_Zn-POSCAR8-Charged+1.cif,1.75993082
22-ZnSe-Se_Zn-POSCAR9-Charged+1.cif,1.75984592
22-ZnSe-Se_Zn-POSCAR10-Charged+1.cif,1.75932481
22-ZnSe-Se_Zn-POSCAR3-Charged+1.cif,1.7561439
227-InSb-In_Sb-POSCAR0-Charged+1.cif,1.74742898
227-InSb-In_Sb-POSCAR1-Charged+1.cif,1.73842137
227-InSb-In_Sb-POSCAR2-Charged+1.cif,1.73127587
69-CdTe-Cd_i_A-POSCAR0-Charged+1.cif,1.73
227-InSb-In_Sb-POSCAR3-Charged+1.cif,1.73
32-ZnTe-Te_Zn-POSCAR0-Charged+1.cif,1.72863625
187-GaSb-Ga_Sb-POSCAR0-Charged+1.cif,1.71938634
187-GaSb-Ga_Sb-POSCAR1-Charged+1.cif,1.71420203
60-CdSe-Cd_i_B-POSCAR0-Charged+1.cif,1.71
187-GaSb-Ga_Sb-POSCAR2-Charged+1.cif,1.71
31-ZnTe-V_Zn-POSCAR0-Charged+1.cif,1.70280848
31-ZnTe-V_Zn-POSCAR1-Charged+1.cif,1.7
32-ZnTe-Te_Zn-POSCAR1-Charged+1.cif,1.69828047
70-CdTe-Cd_i_B-POSCAR0-Charged+1.cif,1.68
32-ZnTe-Te_Zn-POSCAR4-Charged+1.cif,1.67086834
32-ZnTe-Te_Zn-POSCAR5-Charged+1.cif,1.67029776
32-ZnTe-Te_Zn-POSCAR9-Charged+1.cif,1.67
32-ZnTe-Te_Zn-POSCAR7-Charged+1.cif,1.6699827
32-ZnTe-Te_Zn-POSCAR6-Charged+1.cif,1.66985128
32-ZnTe-Te_Zn-POSCAR8-Charged+1.cif,1.66937392
32-ZnTe-Te_Zn-POSCAR2-Charged+1.cif,1.6676538
32-ZnTe-Te_Zn-POSCAR3-Charged+1.cif,1.66135108
88-BP-P_B-POSCAR0-Charged+1.cif,1.65986297
88-BP-P_B-POSCAR1-Charged+1.cif,1.65
53-CdS-V_S-POSCAR0-Charged+1.cif,1.61
304-GeSn-Ge_i_A-POSCAR0-Charged+1.cif,1.61
122-AlN-N_i_A-POSCAR0-Charged+1.cif,1.58609715
260-GeC-Ge_C-POSCAR0-Charged+1.cif,1.58571084
260-GeC-Ge_C-POSCAR1-Charged+1.cif,1.57477168
56-CdSe-Se_Cd-POSCAR0-Charged+1.cif,1.57
260-GeC-Ge_C-POSCAR2-Charged+1.cif,1.57
163-GaN-N_i_B-POSCAR25-Charged+1.cif,1.56959495
164-GaN-N_i_neut-POSCAR0-Charged+1.cif,1.52739985
190-GaSb-Ga_i_B-POSCAR0-Charged+1.cif,1.52
122-AlN-N_i_A-POSCAR1-Charged+1.cif,1.51945035
149-AlSb-Al_i_A-POSCAR0-Charged+1.cif,1.51326958
149-AlSb-Al_i_A-POSCAR1-Charged+1.cif,1.50699095
149-AlSb-Al_i_A-POSCAR2-Charged+1.cif,1.50256117
149-AlSb-Al_i_A-POSCAR3-Charged+1.cif,1.5
163-GaN-N_i_B-POSCAR26-Charged+1.cif,1.48111708
163-GaN-N_i_B-POSCAR39-Charged+1.cif,1.47409979
163-GaN-N_i_B-POSCAR40-Charged+1.cif,1.47227576
163-GaN-N_i_B-POSCAR38-Charged+1.cif,1.47192593
163-GaN-N_i_B-POSCAR47-Charged+1.cif,1.47022403
163-GaN-N_i_B-POSCAR48-Charged+1.cif,1.47
163-GaN-N_i_B-POSCAR41-Charged+1.cif,1.46976601
163-GaN-N_i_B-POSCAR35-Charged+1.cif,1.46853715
163-GaN-N_i_B-POSCAR43-Charged+1.cif,1.46783957
163-GaN-N_i_B-POSCAR42-Charged+1.cif,1.46757561
163-GaN-N_i_B-POSCAR46-Charged+1.cif,1.46730935
163-GaN-N_i_B-POSCAR44-Charged+1.cif,1.46682293
163-GaN-N_i_B-POSCAR45-Charged+1.cif,1.46680278
163-GaN-N_i_B-POSCAR36-Charged+1.cif,1.46633095
163-GaN-N_i_B-POSCAR37-Charged+1.cif,1.46481027
163-GaN-N_i_B-POSCAR30-Charged+1.cif,1.46356286
163-GaN-N_i_B-POSCAR34-Charged+1.cif,1.46087577
163-GaN-N_i_B-POSCAR31-Charged+1.cif,1.45909754
163-GaN-N_i_B-POSCAR33-Charged+1.cif,1.4554964
163-GaN-N_i_B-POSCAR32-Charged+1.cif,1.44943456
163-GaN-N_i_B-POSCAR29-Charged+1.cif,1.44770975
163-GaN-N_i_B-POSCAR27-Charged+1.cif,1.44613253
245-Sn-Sn_i_A-POSCAR0-Charged+1.cif,1.43211054
245-Sn-Sn_i_A-POSCAR1-Charged+1.cif,1.43
163-GaN-N_i_B-POSCAR28-Charged+1.cif,1.42969831
122-AlN-N_i_A-POSCAR2-Charged+1.cif,1.4271785
155-GaN-V_Ga-POSCAR0-Charged+1.cif,1.42283674
122-AlN-N_i_A-POSCAR3-Charged+1.cif,1.42122161
122-AlN-N_i_A-POSCAR4-Charged+1.cif,1.42
155-GaN-V_Ga-POSCAR1-Charged+1.cif,1.40037985
66-CdTe-Te_Cd-POSCAR2-Charged+1.cif,1.4
66-CdTe-Te_Cd-POSCAR0-Charged+1.cif,1.39887201
66-CdTe-Te_Cd-POSCAR1-Charged+1.cif,1.39301533
208-InP-P_In-POSCAR0-Charged+1.cif,1.3842312
155-GaN-V_Ga-POSCAR2-Charged+1.cif,1.38309819
155-GaN-V_Ga-POSCAR3-Charged+1.cif,1.36549441
155-GaN-V_Ga-POSCAR4-Charged+1.cif,1.3416361
155-GaN-V_Ga-POSCAR5-Charged+1.cif,1.34
164-GaN-N_i_neut-POSCAR73-Charged+1.cif,1.33411481
208-InP-P_In-POSCAR1-Charged+1.cif,1.3063066
164-GaN-N_i_neut-POSCAR1-Charged+1.cif,1.30420877
189-GaSb-Ga_i_A-POSCAR0-Charged+1.cif,1.30190769
189-GaSb-Ga_i_A-POSCAR1-Charged+1.cif,1.3
195-InN-V_In-POSCAR0-Charged+1.cif,1.29120993
208-InP-P_In-POSCAR2-Charged+1.cif,1.26469119
208-InP-P_In-POSCAR3-Charged+1.cif,1.2512302
168-GaP-P_Ga-POSCAR0-Charged+1.cif,1.24062509
195-InN-V_In-POSCAR1-Charged+1.cif,1.23919894
195-InN-V_In-POSCAR2-Charged+1.cif,1.22763475
208-InP-P_In-POSCAR4-Charged+1.cif,1.22612939
208-InP-P_In-POSCAR5-Charged+1.cif,1.22
195-InN-V_In-POSCAR3-Charged+1.cif,1.21362094
203-InN-N_i_B-POSCAR0-Charged+1.cif,1.21060739
195-InN-V_In-POSCAR4-Charged+1.cif,1.19312972
195-InN-V_In-POSCAR5-Charged+1.cif,1.19
230-InSb-In_i_B-POSCAR0-Charged+1.cif,1.18165785
230-InSb-In_i_B-POSCAR1-Charged+1.cif,1.18
168-GaP-P_Ga-POSCAR1-Charged+1.cif,1.14981894
203-InN-N_i_B-POSCAR1-Charged+1.cif,1.13965939
164-GaN-N_i_neut-POSCAR2-Charged+1.cif,1.13884712
168-GaP-P_Ga-POSCAR2-Charged+1.cif,1.12606807
203-InN-N_i_B-POSCAR2-Charged+1.cif,1.12580504
168-GaP-P_Ga-POSCAR3-Charged+1.cif,1.12
203-InN-N_i_B-POSCAR3-Charged+1.cif,1.11907544
203-InN-N_i_B-POSCAR4-Charged+1.cif,1.114069
203-InN-N_i_B-POSCAR6-Charged+1.cif,1.112246
203-InN-N_i_B-POSCAR5-Charged+1.cif,1.11200665
203-InN-N_i_B-POSCAR8-Charged+1.cif,1.11155185
203-InN-N_i_B-POSCAR7-Charged+1.cif,1.11148555
203-InN-N_i_B-POSCAR9-Charged+1.cif,1.11092971
203-InN-N_i_B-POSCAR11-Charged+1.cif,1.11084577
203-InN-N_i_B-POSCAR10-Charged+1.cif,1.11078494
203-InN-N_i_B-POSCAR13-Charged+1.cif,1.11050604
203-InN-N_i_B-POSCAR15-Charged+1.cif,1.110307
203-InN-N_i_B-POSCAR17-Charged+1.cif,1.11009962
203-InN-N_i_B-POSCAR19-Charged+1.cif,1.11
203-InN-N_i_B-POSCAR12-Charged+1.cif,1.10957918
203-InN-N_i_B-POSCAR16-Charged+1.cif,1.10888987
203-InN-N_i_B-POSCAR14-Charged+1.cif,1.10843597
203-InN-N_i_B-POSCAR18-Charged+1.cif,1.10791563
229-InSb-In_i_A-POSCAR0-Charged+1.cif,1.07614593
229-InSb-In_i_A-POSCAR1-Charged+1.cif,1.07383888
229-InSb-In_i_A-POSCAR2-Charged+1.cif,1.07
115-AlN-V_Al-POSCAR0-Charged+1.cif,1.05282923
164-GaN-N_i_neut-POSCAR38-Charged+1.cif,1.05007019
164-GaN-N_i_neut-POSCAR36-Charged+1.cif,1.03389103
164-GaN-N_i_neut-POSCAR16-Charged+1.cif,1.02706783
164-GaN-N_i_neut-POSCAR39-Charged+1.cif,1.02609255
164-GaN-N_i_neut-POSCAR17-Charged+1.cif,1.02169395
164-GaN-N_i_neut-POSCAR3-Charged+1.cif,1.01966993
164-GaN-N_i_neut-POSCAR21-Charged+1.cif,1.01242273
178-GaAs-As_Ga-POSCAR0-Charged+1.cif,1.00747679
164-GaN-N_i_neut-POSCAR48-Charged+1.cif,1.00640293
164-GaN-N_i_neut-POSCAR22-Charged+1.cif,0.99862732
154-AlSb-Sb_i_neut-POSCAR0-Charged+1.cif,0.99693206
164-GaN-N_i_neut-POSCAR70-Charged+1.cif,0.99433585
164-GaN-N_i_neut-POSCAR31-Charged+1.cif,0.98554797
164-GaN-N_i_neut-POSCAR10-Charged+1.cif,0.98501069
164-GaN-N_i_neut-POSCAR32-Charged+1.cif,0.98392274
164-GaN-N_i_neut-POSCAR14-Charged+1.cif,0.9828145
164-GaN-N_i_neut-POSCAR47-Charged+1.cif,0.98268249
164-GaN-N_i_neut-POSCAR15-Charged+1.cif,0.98179445
164-GaN-N_i_neut-POSCAR33-Charged+1.cif,0.98062835
164-GaN-N_i_neut-POSCAR34-Charged+1.cif,0.98062415
115-AlN-V_Al-POSCAR1-Charged+1.cif,0.98034541
164-GaN-N_i_neut-POSCAR71-Charged+1.cif,0.97519306
164-GaN-N_i_neut-POSCAR18-Charged+1.cif,0.97422742
164-GaN-N_i_neut-POSCAR66-Charged+1.cif,0.97256917
164-GaN-N_i_neut-POSCAR26-Charged+1.cif,0.97107776
164-GaN-N_i_neut-POSCAR25-Charged+1.cif,0.97049276
164-GaN-N_i_neut-POSCAR27-Charged+1.cif,0.9627756
164-GaN-N_i_neut-POSCAR23-Charged+1.cif,0.96213374
178-GaAs-As_Ga-POSCAR1-Charged+1.cif,0.96031049
164-GaN-N_i_neut-POSCAR42-Charged+1.cif,0.95965759
164-GaN-N_i_neut-POSCAR41-Charged+1.cif,0.95947129
164-GaN-N_i_neut-POSCAR59-Charged+1.cif,0.95748497
164-GaN-N_i_neut-POSCAR60-Charged+1.cif,0.95748101
164-GaN-N_i_neut-POSCAR54-Charged+1.cif,0.95583954
164-GaN-N_i_neut-POSCAR40-Charged+1.cif,0.95396201
115-AlN-V_Al-POSCAR2-Charged+1.cif,0.95128968
164-GaN-N_i_neut-POSCAR46-Charged+1.cif,0.95072256
164-GaN-N_i_neut-POSCAR43-Charged+1.cif,0.94996626
154-AlSb-Sb_i_neut-POSCAR1-Charged+1.cif,0.94669342
164-GaN-N_i_neut-POSCAR63-Charged+1.cif,0.94602597
164-GaN-N_i_neut-POSCAR24-Charged+1.cif,0.94365615
164-GaN-N_i_neut-POSCAR58-Charged+1.cif,0.94339118
178-GaAs-As_Ga-POSCAR2-Charged+1.cif,0.9423976
164-GaN-N_i_neut-POSCAR55-Charged+1.cif,0.94158086
164-GaN-N_i_neut-POSCAR61-Charged+1.cif,0.941197
164-GaN-N_i_neut-POSCAR67-Charged+1.cif,0.94030002
178-GaAs-As_Ga-POSCAR3-Charged+1.cif,0.94
188-GaSb-Sb_Ga-POSCAR0-Charged+1.cif,0.93939794
164-GaN-N_i_neut-POSCAR64-Charged+1.cif,0.93890607
164-GaN-N_i_neut-POSCAR12-Charged+1.cif,0.93821505
164-GaN-N_i_neut-POSCAR57-Charged+1.cif,0.93779939
164-GaN-N_i_neut-POSCAR62-Charged+1.cif,0.93700388
164-GaN-N_i_neut-POSCAR65-Charged+1.cif,0.93636406
164-GaN-N_i_neut-POSCAR56-Charged+1.cif,0.93557455
164-GaN-N_i_neut-POSCAR69-Charged+1.cif,0.93505439
164-GaN-N_i_neut-POSCAR19-Charged+1.cif,0.93419223
115-AlN-V_Al-POSCAR3-Charged+1.cif,0.93394324
164-GaN-N_i_neut-POSCAR68-Charged+1.cif,0.93240532
164-GaN-N_i_neut-POSCAR13-Charged+1.cif,0.93228066
154-AlSb-Sb_i_neut-POSCAR2-Charged+1.cif,0.92879465
164-GaN-N_i_neut-POSCAR30-Charged+1.cif,0.92838367
164-GaN-N_i_neut-POSCAR28-Charged+1.cif,0.92794951
164-GaN-N_i_neut-POSCAR44-Charged+1.cif,0.92689224
164-GaN-N_i_neut-POSCAR53-Charged+1.cif,0.92592686
154-AlSb-Sb_i_neut-POSCAR3-Charged+1.cif,0.92410186
164-GaN-N_i_neut-POSCAR29-Charged+1.cif,0.92347642
188-GaSb-Sb_Ga-POSCAR1-Charged+1.cif,0.92110387
115-AlN-V_Al-POSCAR4-Charged+1.cif,0.92
154-AlSb-Sb_i_neut-POSCAR4-Charged+1.cif,0.92
218-InAs-As_In-POSCAR0-Charged+1.cif,0.91929542
164-GaN-N_i_neut-POSCAR11-Charged+1.cif,0.91905729
164-GaN-N_i_neut-POSCAR49-Charged+1.cif,0.91491733
188-GaSb-Sb_Ga-POSCAR2-Charged+1.cif,0.91
164-GaN-N_i_neut-POSCAR20-Charged+1.cif,0.90687357
164-GaN-N_i_neut-POSCAR51-Charged+1.cif,0.90219087
164-GaN-N_i_neut-POSCAR72-Charged+1.cif,0.89517503
164-GaN-N_i_neut-POSCAR35-Charged+1.cif,0.89378222
164-GaN-N_i_neut-POSCAR45-Charged+1.cif,0.8827425
164-GaN-N_i_neut-POSCAR9-Charged+1.cif,0.8808519
128-AlP-P_Al-POSCAR0-Charged+1.cif,0.88082268
218-InAs-As_In-POSCAR1-Charged+1.cif,0.87641608
164-GaN-N_i_neut-POSCAR52-Charged+1.cif,0.87251077
218-InAs-As_In-POSCAR2-Charged+1.cif,0.85314735
218-InAs-As_In-POSCAR3-Charged+1.cif,0.85
164-GaN-N_i_neut-POSCAR4-Charged+1.cif,0.84860919
164-GaN-N_i_neut-POSCAR74-Charged+1.cif,0.80619383
228-InSb-Sb_In-POSCAR0-Charged+1.cif,0.79267941
202-InN-N_i_A-POSCAR0-Charged+1.cif,0.78436025
202-InN-N_i_A-POSCAR1-Charged+1.cif,0.78
128-AlP-P_Al-POSCAR1-Charged+1.cif,0.77758565
228-InSb-Sb_In-POSCAR1-Charged+1.cif,0.77350122
148-AlSb-Sb_Al-POSCAR0-Charged+1.cif,0.76574135
164-GaN-N_i_neut-POSCAR5-Charged+1.cif,0.76533343
228-InSb-Sb_In-POSCAR2-Charged+1.cif,0.76
128-AlP-P_Al-POSCAR2-Charged+1.cif,0.75640757
164-GaN-N_i_neut-POSCAR37-Charged+1.cif,0.75459293
128-AlP-P_Al-POSCAR3-Charged+1.cif,0.75
270-SnC-Sn_C-POSCAR0-Charged+1.cif,0.72662679
148-AlSb-Sb_Al-POSCAR1-Charged+1.cif,0.72658396
164-GaN-N_i_neut-POSCAR8-Charged+1.cif,0.71799803
270-SnC-Sn_C-POSCAR1-Charged+1.cif,0.71
164-GaN-N_i_neut-POSCAR6-Charged+1.cif,0.70811251
148-AlSb-Sb_Al-POSCAR2-Charged+1.cif,0.69178777
148-AlSb-Sb_Al-POSCAR3-Charged+1.cif,0.69
124-AlN-N_i_neut-POSCAR1-Charged+1.cif,0.68383595
164-GaN-N_i_neut-POSCAR76-Charged+1.cif,0.67911308
164-GaN-N_i_neut-POSCAR77-Charged+1.cif,0.67704671
164-GaN-N_i_neut-POSCAR7-Charged+1.cif,0.67191811
164-GaN-N_i_neut-POSCAR50-Charged+1.cif,0.67134251
138-AlAs-As_Al-POSCAR0-Charged+1.cif,0.64538992
164-GaN-N_i_neut-POSCAR78-Charged+1.cif,0.62720876
164-GaN-N_i_neut-POSCAR75-Charged+1.cif,0.61580714
268-SnC-V_C-POSCAR0-Charged+1.cif,0.58216887
138-AlAs-As_Al-POSCAR1-Charged+1.cif,0.57824453
138-AlAs-As_Al-POSCAR2-Charged+1.cif,0.56236804
138-AlAs-As_Al-POSCAR3-Charged+1.cif,0.56
268-SnC-V_C-POSCAR1-Charged+1.cif,0.53150313
268-SnC-V_C-POSCAR2-Charged+1.cif,0.52404708
268-SnC-V_C-POSCAR3-Charged+1.cif,0.52100611
268-SnC-V_C-POSCAR4-Charged+1.cif,0.52
75-BN-V_B-POSCAR1-Charged+1.cif,0.4278481
75-BN-V_B-POSCAR0-Charged+1.cif,0.42088082
75-BN-V_B-POSCAR2-Charged+1.cif,0.40127905
75-BN-V_B-POSCAR3-Charged+1.cif,0.40064527
75-BN-V_B-POSCAR4-Charged+1.cif,0.4
164-GaN-N_i_neut-POSCAR80-Charged+1.cif,0.3519677
164-GaN-N_i_neut-POSCAR79-Charged+1.cif,0.33836984
164-GaN-N_i_neut-POSCAR81-Charged+1.cif,0.31699455
164-GaN-N_i_neut-POSCAR82-Charged+1.cif,0.27830655
164-GaN-N_i_neut-POSCAR83-Charged+1.cif,0.26238189
164-GaN-N_i_neut-POSCAR84-Charged+1.cif,0.25719901
204-InN-N_i_neut-POSCAR0-Charged+1.cif,0.25156994
164-GaN-N_i_neut-POSCAR85-Charged+1.cif,0.25
204-InN-N_i_neut-POSCAR1-Charged+1.cif,0.24029202
204-InN-N_i_neut-POSCAR2-Charged+1.cif,0.23657337
204-InN-N_i_neut-POSCAR3-Charged+1.cif,0.2331951
204-InN-N_i_neut-POSCAR4-Charged+1.cif,0.23
289-SiSn-Sn_Si-POSCAR0-Charged+1.cif,0.22166504
280-SiGe-Si_Ge-POSCAR0-Charged+1.cif,0.22
289-SiSn-Sn_Si-POSCAR1-Charged+1.cif,0.22
300-GeSn-Ge_Sn-POSCAR0-Charged+1.cif,0.18
299-GeSn-Sn_Ge-POSCAR0-Charged+1.cif,0.15
290-SiSn-Si_Sn-POSCAR0-Charged+1.cif,0.11193224
290-SiSn-Si_Sn-POSCAR1-Charged+1.cif,0.11
279-SiGe-Ge_Si-POSCAR0-Charged+1.cif,0.1
124-AlN-N_i_neut-POSCAR0-Charged+1.cif,-0.99091238
124-AlN-N_i_neut-POSCAR2-Charged+1.cif,-1.28809437
124-AlN-N_i_neut-POSCAR3-Charged+1.cif,-1.44305881
124-AlN-N_i_neut-POSCAR4-Charged+1.cif,-1.56912851
124-AlN-N_i_neut-POSCAR5-Charged+1.cif,-1.6213017
124-AlN-N_i_neut-POSCAR6-Charged+1.cif,-1.65741713
124-AlN-N_i_neut-POSCAR7-Charged+1.cif,-1.6759826
124-AlN-N_i_neut-POSCAR8-Charged+1.cif,-1.68627917
124-AlN-N_i_neut-POSCAR9-Charged+1.cif,-1.70953482
124-AlN-N_i_neut-POSCAR10-Charged+1.cif,-1.72030152
124-AlN-N_i_neut-POSCAR11-Charged+1.cif,-1.7469191
124-AlN-N_i_neut-POSCAR13-Charged+1.cif,-1.76013944
124-AlN-N_i_neut-POSCAR12-Charged+1.cif,-1.76031736
124-AlN-N_i_neut-POSCAR14-Charged+1.cif,-1.77246712
124-AlN-N_i_neut-POSCAR17-Charged+1.cif,-1.78102471
124-AlN-N_i_neut-POSCAR15-Charged+1.cif,-1.78391353
124-AlN-N_i_neut-POSCAR16-Charged+1.cif,-1.80476781
124-AlN-N_i_neut-POSCAR19-Charged+1.cif,-1.84610534
124-AlN-N_i_neut-POSCAR18-Charged+1.cif,-1.84754142
124-AlN-N_i_neut-POSCAR20-Charged+1.cif,-1.85062374
124-AlN-N_i_neut-POSCAR21-Charged+1.cif,-1.85233699
124-AlN-N_i_neut-POSCAR22-Charged+1.cif,-1.85285762
124-AlN-N_i_neut-POSCAR23-Charged+1.cif,-1.85396028
124-AlN-N_i_neut-POSCAR24-Charged+1.cif,-1.85538179
124-AlN-N_i_neut-POSCAR25-Charged+1.cif,-1.85726005
124-AlN-N_i_neut-POSCAR26-Charged+1.cif,-1.8599405
124-AlN-N_i_neut-POSCAR27-Charged+1.cif,-1.86
198-InN-N_In-POSCAR9-Charged+1.cif,-1.94304455
198-InN-N_In-POSCAR4-Charged+1.cif,-2.2052396
198-InN-N_In-POSCAR0-Charged+1.cif,-2.26622902
198-InN-N_In-POSCAR8-Charged+1.cif,-2.30012085
198-InN-N_In-POSCAR1-Charged+1.cif,-2.40161534
198-InN-N_In-POSCAR2-Charged+1.cif,-2.46850804
198-InN-N_In-POSCAR3-Charged+1.cif,-2.60801395
198-InN-N_In-POSCAR6-Charged+1.cif,-2.63015499
198-InN-N_In-POSCAR7-Charged+1.cif,-2.89378684
198-InN-N_In-POSCAR5-Charged+1.cif,-2.93586156
198-InN-N_In-POSCAR11-Charged+1.cif,-2.98940945
158-GaN-N_Ga-POSCAR0-Charged+1.cif,-3.03279418
198-InN-N_In-POSCAR10-Charged+1.cif,-3.05479007
198-InN-N_In-POSCAR12-Charged+1.cif,-3.07732186
198-InN-N_In-POSCAR13-Charged+1.cif,-3.07948217
198-InN-N_In-POSCAR14-Charged+1.cif,-3.08
158-GaN-N_Ga-POSCAR1-Charged+1.cif,-3.23745044
158-GaN-N_Ga-POSCAR2-Charged+1.cif,-3.30390086
158-GaN-N_Ga-POSCAR3-Charged+1.cif,-3.3494844
158-GaN-N_Ga-POSCAR4-Charged+1.cif,-3.37568462
158-GaN-N_Ga-POSCAR5-Charged+1.cif,-3.38
118-AlN-N_Al-POSCAR0-Charged+1.cif,-3.79536622
118-AlN-N_Al-POSCAR1-Charged+1.cif,-4.00528887
118-AlN-N_Al-POSCAR2-Charged+1.cif,-4.12306443
118-AlN-N_Al-POSCAR3-Charged+1.cif,-4.1660463
118-AlN-N_Al-POSCAR4-Charged+1.cif,-4.19585255
118-AlN-N_Al-POSCAR5-Charged+1.cif,-4.2
78-BN-N_B-POSCAR0-Charged+1.cif,-4.23000527
78-BN-N_B-POSCAR1-Charged+1.cif,-4.26537206
78-BN-N_B-POSCAR2-Charged+1.cif,-4.63782738
78-BN-N_B-POSCAR3-Charged+1.cif,-4.66323762
78-BN-N_B-POSCAR4-Charged+1.cif,-4.66897695
78-BN-N_B-POSCAR5-Charged+1.cif,-4.67