116-AlN-V_N-POSCAR0-Charged-1.cif,14.97508482
116-AlN-V_N-POSCAR1-Charged-1.cif,14.88015599
116-AlN-V_N-POSCAR2-Charged-1.cif,14.83225061
116-AlN-V_N-POSCAR3-Charged-1.cif,14.80638697
116-AlN-V_N-POSCAR4-Charged-1.cif,14.79594991
116-AlN-V_N-POSCAR5-Charged-1.cif,14.78965241
116-AlN-V_N-POSCAR6-Charged-1.cif,14.78
254-SiC-Si_i_A-POSCAR0-Charged-1.cif,14.34230956
254-SiC-Si_i_A-POSCAR1-Charged-1.cif,14.33746315
254-SiC-Si_i_A-POSCAR2-Charged-1.cif,14.33
264-GeC-Ge_i_A-POSCAR0-Charged-1.cif,13.96502257
264-GeC-Ge_i_A-POSCAR1-Charged-1.cif,13.95571756
264-GeC-Ge_i_A-POSCAR2-Charged-1.cif,13.95111818
264-GeC-Ge_i_A-POSCAR3-Charged-1.cif,13.95
256-SiC-Si_i_neut-POSCAR94-Charged-1.cif,13.38738126
256-SiC-Si_i_neut-POSCAR28-Charged-1.cif,13.38503833
256-SiC-Si_i_neut-POSCAR32-Charged-1.cif,13.3841798
256-SiC-Si_i_neut-POSCAR33-Charged-1.cif,13.38176912
256-SiC-Si_i_neut-POSCAR23-Charged-1.cif,13.37984309
256-SiC-Si_i_neut-POSCAR20-Charged-1.cif,13.37976363
256-SiC-Si_i_neut-POSCAR22-Charged-1.cif,13.37962698
256-SiC-Si_i_neut-POSCAR24-Charged-1.cif,13.37961543
256-SiC-Si_i_neut-POSCAR27-Charged-1.cif,13.37958124
256-SiC-Si_i_neut-POSCAR21-Charged-1.cif,13.37935171
256-SiC-Si_i_neut-POSCAR3-Charged-1.cif,13.37928176
256-SiC-Si_i_neut-POSCAR4-Charged-1.cif,13.37823149
256-SiC-Si_i_neut-POSCAR25-Charged-1.cif,13.3777186
256-SiC-Si_i_neut-POSCAR0-Charged-1.cif,13.37771086
256-SiC-Si_i_neut-POSCAR19-Charged-1.cif,13.37764995
256-SiC-Si_i_neut-POSCAR17-Charged-1.cif,13.37761361
256-SiC-Si_i_neut-POSCAR5-Charged-1.cif,13.37760891
256-SiC-Si_i_neut-POSCAR29-Charged-1.cif,13.37750744
256-SiC-Si_i_neut-POSCAR31-Charged-1.cif,13.37712374
256-SiC-Si_i_neut-POSCAR16-Charged-1.cif,13.37690245
256-SiC-Si_i_neut-POSCAR26-Charged-1.cif,13.37675298
256-SiC-Si_i_neut-POSCAR18-Charged-1.cif,13.37651637
256-SiC-Si_i_neut-POSCAR82-Charged-1.cif,13.3763245
256-SiC-Si_i_neut-POSCAR6-Charged-1.cif,13.37616204
256-SiC-Si_i_neut-POSCAR7-Charged-1.cif,13.37603226
256-SiC-Si_i_neut-POSCAR8-Charged-1.cif,13.37581944
256-SiC-Si_i_neut-POSCAR12-Charged-1.cif,13.37581712
256-SiC-Si_i_neut-POSCAR9-Charged-1.cif,13.37568649
256-SiC-Si_i_neut-POSCAR1-Charged-1.cif,13.37567527
256-SiC-Si_i_neut-POSCAR10-Charged-1.cif,13.37541071
256-SiC-Si_i_neut-POSCAR2-Charged-1.cif,13.37527234
256-SiC-Si_i_neut-POSCAR11-Charged-1.cif,13.375203
256-SiC-Si_i_neut-POSCAR90-Charged-1.cif,13.37496686
256-SiC-Si_i_neut-POSCAR73-Charged-1.cif,13.37462739
256-SiC-Si_i_neut-POSCAR93-Charged-1.cif,13.37375352
256-SiC-Si_i_neut-POSCAR15-Charged-1.cif,13.37368751
256-SiC-Si_i_neut-POSCAR13-Charged-1.cif,13.37304388
256-SiC-Si_i_neut-POSCAR83-Charged-1.cif,13.37300073
256-SiC-Si_i_neut-POSCAR84-Charged-1.cif,13.3723927
256-SiC-Si_i_neut-POSCAR14-Charged-1.cif,13.37221784
256-SiC-Si_i_neut-POSCAR46-Charged-1.cif,13.37185087
256-SiC-Si_i_neut-POSCAR96-Charged-1.cif,13.37179547
256-SiC-Si_i_neut-POSCAR91-Charged-1.cif,13.37179414
256-SiC-Si_i_neut-POSCAR95-Charged-1.cif,13.37178783
256-SiC-Si_i_neut-POSCAR78-Charged-1.cif,13.37172123
256-SiC-Si_i_neut-POSCAR98-Charged-1.cif,13.3716247
256-SiC-Si_i_neut-POSCAR92-Charged-1.cif,13.371513
256-SiC-Si_i_neut-POSCAR97-Charged-1.cif,13.37148574
256-SiC-Si_i_neut-POSCAR45-Charged-1.cif,13.37117504
256-SiC-Si_i_neut-POSCAR89-Charged-1.cif,13.37104968
256-SiC-Si_i_neut-POSCAR85-Charged-1.cif,13.37086955
256-SiC-Si_i_neut-POSCAR35-Charged-1.cif,13.3706537
256-SiC-Si_i_neut-POSCAR86-Charged-1.cif,13.37060049
256-SiC-Si_i_neut-POSCAR36-Charged-1.cif,13.37034913
256-SiC-Si_i_neut-POSCAR81-Charged-1.cif,13.37023791
256-SiC-Si_i_neut-POSCAR79-Charged-1.cif,13.37021792
256-SiC-Si_i_neut-POSCAR99-Charged-1.cif,13.37
256-SiC-Si_i_neut-POSCAR80-Charged-1.cif,13.36973001
256-SiC-Si_i_neut-POSCAR30-Charged-1.cif,13.36962845
256-SiC-Si_i_neut-POSCAR57-Charged-1.cif,13.36937216
256-SiC-Si_i_neut-POSCAR34-Charged-1.cif,13.36936991
256-SiC-Si_i_neut-POSCAR56-Charged-1.cif,13.36932374
256-SiC-Si_i_neut-POSCAR37-Charged-1.cif,13.36930122
256-SiC-Si_i_neut-POSCAR75-Charged-1.cif,13.36920656
256-SiC-Si_i_neut-POSCAR88-Charged-1.cif,13.36917431
256-SiC-Si_i_neut-POSCAR74-Charged-1.cif,13.36910533
256-SiC-Si_i_neut-POSCAR60-Charged-1.cif,13.36892703
256-SiC-Si_i_neut-POSCAR77-Charged-1.cif,13.36881897
256-SiC-Si_i_neut-POSCAR38-Charged-1.cif,13.36874312
256-SiC-Si_i_neut-POSCAR87-Charged-1.cif,13.36873025
256-SiC-Si_i_neut-POSCAR63-Charged-1.cif,13.36862994
256-SiC-Si_i_neut-POSCAR76-Charged-1.cif,13.36857333
256-SiC-Si_i_neut-POSCAR50-Charged-1.cif,13.36847229
256-SiC-Si_i_neut-POSCAR48-Charged-1.cif,13.36842348
256-SiC-Si_i_neut-POSCAR62-Charged-1.cif,13.36837744
256-SiC-Si_i_neut-POSCAR47-Charged-1.cif,13.36817641
256-SiC-Si_i_neut-POSCAR49-Charged-1.cif,13.36805447
256-SiC-Si_i_neut-POSCAR40-Charged-1.cif,13.36779589
256-SiC-Si_i_neut-POSCAR52-Charged-1.cif,13.3676594
256-SiC-Si_i_neut-POSCAR59-Charged-1.cif,13.36762881
256-SiC-Si_i_neut-POSCAR58-Charged-1.cif,13.3675871
256-SiC-Si_i_neut-POSCAR41-Charged-1.cif,13.36752401
256-SiC-Si_i_neut-POSCAR51-Charged-1.cif,13.3673839
256-SiC-Si_i_neut-POSCAR42-Charged-1.cif,13.36732566
256-SiC-Si_i_neut-POSCAR64-Charged-1.cif,13.36706235
256-SiC-Si_i_neut-POSCAR55-Charged-1.cif,13.36705198
256-SiC-Si_i_neut-POSCAR53-Charged-1.cif,13.36699501
256-SiC-Si_i_neut-POSCAR65-Charged-1.cif,13.36697873
256-SiC-Si_i_neut-POSCAR39-Charged-1.cif,13.36681147
256-SiC-Si_i_neut-POSCAR66-Charged-1.cif,13.36680036
256-SiC-Si_i_neut-POSCAR67-Charged-1.cif,13.36678684
256-SiC-Si_i_neut-POSCAR72-Charged-1.cif,13.36664302
256-SiC-Si_i_neut-POSCAR61-Charged-1.cif,13.36650471
256-SiC-Si_i_neut-POSCAR54-Charged-1.cif,13.36649629
256-SiC-Si_i_neut-POSCAR43-Charged-1.cif,13.36628791
256-SiC-Si_i_neut-POSCAR44-Charged-1.cif,13.36601072
256-SiC-Si_i_neut-POSCAR68-Charged-1.cif,13.36547664
256-SiC-Si_i_neut-POSCAR69-Charged-1.cif,13.36529429
256-SiC-Si_i_neut-POSCAR71-Charged-1.cif,13.3642111
256-SiC-Si_i_neut-POSCAR70-Charged-1.cif,13.36319274
265-GeC-Ge_i_B-POSCAR0-Charged-1.cif,13.34400482
265-GeC-Ge_i_B-POSCAR1-Charged-1.cif,13.33474378
265-GeC-Ge_i_B-POSCAR2-Charged-1.cif,13.33058394
265-GeC-Ge_i_B-POSCAR3-Charged-1.cif,13.32416383
265-GeC-Ge_i_B-POSCAR4-Charged-1.cif,13.32
252-SiC-C_i_B-POSCAR22-Charged-1.cif,13.28441117
252-SiC-C_i_B-POSCAR7-Charged-1.cif,13.28236056
252-SiC-C_i_B-POSCAR13-Charged-1.cif,13.27623603
252-SiC-C_i_B-POSCAR23-Charged-1.cif,13.26818051
252-SiC-C_i_B-POSCAR28-Charged-1.cif,13.26356005
252-SiC-C_i_B-POSCAR0-Charged-1.cif,13.2588603
252-SiC-C_i_B-POSCAR25-Charged-1.cif,13.25581254
252-SiC-C_i_B-POSCAR20-Charged-1.cif,13.25526574
252-SiC-C_i_B-POSCAR26-Charged-1.cif,13.25099913
252-SiC-C_i_B-POSCAR17-Charged-1.cif,13.24755041
252-SiC-C_i_B-POSCAR11-Charged-1.cif,13.24629567
252-SiC-C_i_B-POSCAR24-Charged-1.cif,13.24375601
252-SiC-C_i_B-POSCAR16-Charged-1.cif,13.24023998
252-SiC-C_i_B-POSCAR29-Charged-1.cif,13.24
252-SiC-C_i_B-POSCAR10-Charged-1.cif,13.23986297
252-SiC-C_i_B-POSCAR9-Charged-1.cif,13.23931352
252-SiC-C_i_B-POSCAR8-Charged-1.cif,13.23598355
252-SiC-C_i_B-POSCAR14-Charged-1.cif,13.22968217
266-GeC-Ge_i_neut-POSCAR0-Charged-1.cif,13.22379623
266-GeC-Ge_i_neut-POSCAR8-Charged-1.cif,13.21235031
266-GeC-Ge_i_neut-POSCAR9-Charged-1.cif,13.21233582
266-GeC-Ge_i_neut-POSCAR10-Charged-1.cif,13.21203703
266-GeC-Ge_i_neut-POSCAR1-Charged-1.cif,13.21147603
252-SiC-C_i_B-POSCAR18-Charged-1.cif,13.21123569
266-GeC-Ge_i_neut-POSCAR11-Charged-1.cif,13.2106769
266-GeC-Ge_i_neut-POSCAR12-Charged-1.cif,13.21
266-GeC-Ge_i_neut-POSCAR7-Charged-1.cif,13.20720678
266-GeC-Ge_i_neut-POSCAR2-Charged-1.cif,13.20594978
266-GeC-Ge_i_neut-POSCAR6-Charged-1.cif,13.20408661
266-GeC-Ge_i_neut-POSCAR3-Charged-1.cif,13.2021016
266-GeC-Ge_i_neut-POSCAR5-Charged-1.cif,13.20099716
266-GeC-Ge_i_neut-POSCAR4-Charged-1.cif,13.19929888
252-SiC-C_i_B-POSCAR15-Charged-1.cif,13.18442855
252-SiC-C_i_B-POSCAR5-Charged-1.cif,13.18213952
252-SiC-C_i_B-POSCAR2-Charged-1.cif,13.18157567
252-SiC-C_i_B-POSCAR4-Charged-1.cif,13.14892027
252-SiC-C_i_B-POSCAR27-Charged-1.cif,13.10309468
252-SiC-C_i_B-POSCAR19-Charged-1.cif,13.09878925
252-SiC-C_i_B-POSCAR21-Charged-1.cif,13.05805829
252-SiC-C_i_B-POSCAR12-Charged-1.cif,13.04311133
252-SiC-C_i_B-POSCAR3-Charged-1.cif,13.02917636
252-SiC-C_i_B-POSCAR1-Charged-1.cif,12.98987924
199-InN-In_i_A-POSCAR0-Charged-1.cif,12.97903439
199-InN-In_i_A-POSCAR1-Charged-1.cif,12.97175493
199-InN-In_i_A-POSCAR2-Charged-1.cif,12.97
252-SiC-C_i_B-POSCAR6-Charged-1.cif,12.81052517
103-BAs-As_i_B-POSCAR0-Charged-1.cif,12.56480137
103-BAs-As_i_B-POSCAR1-Charged-1.cif,12.55611526
103-BAs-As_i_B-POSCAR2-Charged-1.cif,12.55315437
103-BAs-As_i_B-POSCAR3-Charged-1.cif,12.55
82-BN-N_i_A-POSCAR0-Charged-1.cif,12.53284931
82-BN-N_i_A-POSCAR1-Charged-1.cif,12.51593231
93-BP-P_i_B-POSCAR0-Charged-1.cif,12.48929203
4-ZnO-Zn_O-POSCAR0-Charged-1.cif,12.4892816
82-BN-N_i_A-POSCAR2-Charged-1.cif,12.4844544
82-BN-N_i_A-POSCAR7-Charged-1.cif,12.47637118
93-BP-P_i_B-POSCAR1-Charged-1.cif,12.47371726
93-BP-P_i_B-POSCAR2-Charged-1.cif,12.46755752
93-BP-P_i_B-POSCAR3-Charged-1.cif,12.46
82-BN-N_i_A-POSCAR8-Charged-1.cif,12.45289107
82-BN-N_i_A-POSCAR3-Charged-1.cif,12.44997947
82-BN-N_i_A-POSCAR9-Charged-1.cif,12.44612081
82-BN-N_i_A-POSCAR4-Charged-1.cif,12.43581624
82-BN-N_i_A-POSCAR6-Charged-1.cif,12.4322475
82-BN-N_i_A-POSCAR10-Charged-1.cif,12.42957958
82-BN-N_i_A-POSCAR12-Charged-1.cif,12.41998773
82-BN-N_i_A-POSCAR11-Charged-1.cif,12.40940772
82-BN-N_i_A-POSCAR5-Charged-1.cif,12.37853333
82-BN-N_i_A-POSCAR13-Charged-1.cif,12.37004761
82-BN-N_i_A-POSCAR17-Charged-1.cif,12.36522774
82-BN-N_i_A-POSCAR14-Charged-1.cif,12.36478404
255-SiC-Si_i_B-POSCAR0-Charged-1.cif,12.36308075
255-SiC-Si_i_B-POSCAR1-Charged-1.cif,12.36158712
255-SiC-Si_i_B-POSCAR2-Charged-1.cif,12.36
82-BN-N_i_A-POSCAR15-Charged-1.cif,12.35938867
82-BN-N_i_A-POSCAR16-Charged-1.cif,12.35806152
262-GeC-C_i_B-POSCAR0-Charged-1.cif,12.35111755
82-BN-N_i_A-POSCAR18-Charged-1.cif,12.3446146
4-ZnO-Zn_O-POSCAR1-Charged-1.cif,12.33335194
82-BN-N_i_A-POSCAR19-Charged-1.cif,12.32822414
4-ZnO-Zn_O-POSCAR2-Charged-1.cif,12.29048667
4-ZnO-Zn_O-POSCAR3-Charged-1.cif,12.28222097
4-ZnO-Zn_O-POSCAR4-Charged-1.cif,12.28
262-GeC-C_i_B-POSCAR1-Charged-1.cif,12.26203121
82-BN-N_i_A-POSCAR20-Charged-1.cif,12.23767042
82-BN-N_i_A-POSCAR21-Charged-1.cif,12.22528532
82-BN-N_i_A-POSCAR22-Charged-1.cif,12.22418944
262-GeC-C_i_B-POSCAR2-Charged-1.cif,12.21580984
82-BN-N_i_A-POSCAR23-Charged-1.cif,12.19920132
82-BN-N_i_A-POSCAR24-Charged-1.cif,12.18742256
82-BN-N_i_A-POSCAR25-Charged-1.cif,12.17539488
82-BN-N_i_A-POSCAR26-Charged-1.cif,12.17324742
82-BN-N_i_A-POSCAR31-Charged-1.cif,12.17176416
82-BN-N_i_A-POSCAR32-Charged-1.cif,12.17090537
82-BN-N_i_A-POSCAR33-Charged-1.cif,12.17089008
82-BN-N_i_A-POSCAR41-Charged-1.cif,12.17045508
82-BN-N_i_A-POSCAR42-Charged-1.cif,12.17042125
82-BN-N_i_A-POSCAR43-Charged-1.cif,12.17033341
82-BN-N_i_A-POSCAR34-Charged-1.cif,12.17028706
82-BN-N_i_A-POSCAR44-Charged-1.cif,12.17023432
82-BN-N_i_A-POSCAR45-Charged-1.cif,12.17
82-BN-N_i_A-POSCAR40-Charged-1.cif,12.16948818
82-BN-N_i_A-POSCAR35-Charged-1.cif,12.16947998
82-BN-N_i_A-POSCAR36-Charged-1.cif,12.16901009
82-BN-N_i_A-POSCAR30-Charged-1.cif,12.16893639
82-BN-N_i_A-POSCAR37-Charged-1.cif,12.16874175
82-BN-N_i_A-POSCAR39-Charged-1.cif,12.16865144
82-BN-N_i_A-POSCAR29-Charged-1.cif,12.16823346
82-BN-N_i_A-POSCAR27-Charged-1.cif,12.1680678
82-BN-N_i_A-POSCAR38-Charged-1.cif,12.16781837
82-BN-N_i_A-POSCAR28-Charged-1.cif,12.16729499
262-GeC-C_i_B-POSCAR3-Charged-1.cif,12.16115022
262-GeC-C_i_B-POSCAR4-Charged-1.cif,12.13667729
262-GeC-C_i_B-POSCAR6-Charged-1.cif,12.12675815
262-GeC-C_i_B-POSCAR5-Charged-1.cif,12.11988348
262-GeC-C_i_B-POSCAR19-Charged-1.cif,12.09044554
262-GeC-C_i_B-POSCAR17-Charged-1.cif,12.08947028
262-GeC-C_i_B-POSCAR25-Charged-1.cif,12.08684616
262-GeC-C_i_B-POSCAR18-Charged-1.cif,12.0861656
262-GeC-C_i_B-POSCAR27-Charged-1.cif,12.08499632
262-GeC-C_i_B-POSCAR23-Charged-1.cif,12.08318161
262-GeC-C_i_B-POSCAR28-Charged-1.cif,12.08289592
262-GeC-C_i_B-POSCAR54-Charged-1.cif,12.08007844
262-GeC-C_i_B-POSCAR29-Charged-1.cif,12.08004976
262-GeC-C_i_B-POSCAR63-Charged-1.cif,12.08004766
262-GeC-C_i_B-POSCAR55-Charged-1.cif,12.08000013
262-GeC-C_i_B-POSCAR67-Charged-1.cif,12.08
262-GeC-C_i_B-POSCAR53-Charged-1.cif,12.07998027
262-GeC-C_i_B-POSCAR60-Charged-1.cif,12.07987771
262-GeC-C_i_B-POSCAR64-Charged-1.cif,12.07987292
262-GeC-C_i_B-POSCAR65-Charged-1.cif,12.07975751
262-GeC-C_i_B-POSCAR66-Charged-1.cif,12.07967192
262-GeC-C_i_B-POSCAR56-Charged-1.cif,12.07939969
262-GeC-C_i_B-POSCAR62-Charged-1.cif,12.07921806
262-GeC-C_i_B-POSCAR59-Charged-1.cif,12.07902756
262-GeC-C_i_B-POSCAR48-Charged-1.cif,12.07899421
262-GeC-C_i_B-POSCAR57-Charged-1.cif,12.07882554
262-GeC-C_i_B-POSCAR61-Charged-1.cif,12.07870825
262-GeC-C_i_B-POSCAR58-Charged-1.cif,12.07824529
262-GeC-C_i_B-POSCAR45-Charged-1.cif,12.07798571
262-GeC-C_i_B-POSCAR52-Charged-1.cif,12.07769823
262-GeC-C_i_B-POSCAR47-Charged-1.cif,12.07769043
262-GeC-C_i_B-POSCAR42-Charged-1.cif,12.07754091
262-GeC-C_i_B-POSCAR46-Charged-1.cif,12.07750282
262-GeC-C_i_B-POSCAR41-Charged-1.cif,12.07743854
262-GeC-C_i_B-POSCAR22-Charged-1.cif,12.07711032
262-GeC-C_i_B-POSCAR38-Charged-1.cif,12.07704307
262-GeC-C_i_B-POSCAR37-Charged-1.cif,12.07688961
262-GeC-C_i_B-POSCAR36-Charged-1.cif,12.07684632
262-GeC-C_i_B-POSCAR40-Charged-1.cif,12.07674486
262-GeC-C_i_B-POSCAR30-Charged-1.cif,12.07650198
262-GeC-C_i_B-POSCAR35-Charged-1.cif,12.07635357
262-GeC-C_i_B-POSCAR34-Charged-1.cif,12.07563566
262-GeC-C_i_B-POSCAR49-Charged-1.cif,12.07555257
262-GeC-C_i_B-POSCAR50-Charged-1.cif,12.07552164
262-GeC-C_i_B-POSCAR33-Charged-1.cif,12.07510481
262-GeC-C_i_B-POSCAR43-Charged-1.cif,12.07498096
262-GeC-C_i_B-POSCAR51-Charged-1.cif,12.07440102
262-GeC-C_i_B-POSCAR44-Charged-1.cif,12.07361437
262-GeC-C_i_B-POSCAR32-Charged-1.cif,12.07356968
262-GeC-C_i_B-POSCAR16-Charged-1.cif,12.0731387
262-GeC-C_i_B-POSCAR26-Charged-1.cif,12.07282985
262-GeC-C_i_B-POSCAR31-Charged-1.cif,12.07150602
262-GeC-C_i_B-POSCAR21-Charged-1.cif,12.07074846
262-GeC-C_i_B-POSCAR24-Charged-1.cif,12.06913871
262-GeC-C_i_B-POSCAR10-Charged-1.cif,12.0683019
262-GeC-C_i_B-POSCAR39-Charged-1.cif,12.06742579
262-GeC-C_i_B-POSCAR9-Charged-1.cif,12.06717687
262-GeC-C_i_B-POSCAR8-Charged-1.cif,12.06714074
262-GeC-C_i_B-POSCAR11-Charged-1.cif,12.06617968
262-GeC-C_i_B-POSCAR20-Charged-1.cif,12.06349901
262-GeC-C_i_B-POSCAR12-Charged-1.cif,12.05209249
262-GeC-C_i_B-POSCAR15-Charged-1.cif,12.04467634
92-BP-P_i_A-POSCAR0-Charged-1.cif,12.04437129
262-GeC-C_i_B-POSCAR7-Charged-1.cif,12.04373594
262-GeC-C_i_B-POSCAR13-Charged-1.cif,12.04150672
92-BP-P_i_A-POSCAR1-Charged-1.cif,12.04
262-GeC-C_i_B-POSCAR14-Charged-1.cif,12.03379432
102-BAs-As_i_A-POSCAR0-Charged-1.cif,11.73013294
200-InN-In_i_B-POSCAR0-Charged-1.cif,11.70530358
102-BAs-As_i_A-POSCAR1-Charged-1.cif,11.70236892
102-BAs-As_i_A-POSCAR2-Charged-1.cif,11.69307501
200-InN-In_i_B-POSCAR1-Charged-1.cif,11.69174852
102-BAs-As_i_A-POSCAR3-Charged-1.cif,11.69
200-InN-In_i_B-POSCAR2-Charged-1.cif,11.69
113-BSb-Sb_i_B-POSCAR0-Charged-1.cif,11.68249296
201-InN-In_i_neut-POSCAR0-Charged-1.cif,11.67615479
113-BSb-Sb_i_B-POSCAR1-Charged-1.cif,11.67130585
113-BSb-Sb_i_B-POSCAR2-Charged-1.cif,11.66658247
201-InN-In_i_neut-POSCAR1-Charged-1.cif,11.66204758
113-BSb-Sb_i_B-POSCAR3-Charged-1.cif,11.66
201-InN-In_i_neut-POSCAR2-Charged-1.cif,11.66
251-SiC-C_i_A-POSCAR0-Charged-1.cif,11.61773512
156-GaN-V_N-POSCAR0-Charged-1.cif,11.51307814
251-SiC-C_i_A-POSCAR1-Charged-1.cif,11.49735045
156-GaN-V_N-POSCAR1-Charged-1.cif,11.45153842
251-SiC-C_i_A-POSCAR2-Charged-1.cif,11.44778735
156-GaN-V_N-POSCAR2-Charged-1.cif,11.43920053
156-GaN-V_N-POSCAR3-Charged-1.cif,11.4327499
156-GaN-V_N-POSCAR4-Charged-1.cif,11.43
251-SiC-C_i_A-POSCAR3-Charged-1.cif,11.42098514
251-SiC-C_i_A-POSCAR4-Charged-1.cif,11.41432162
251-SiC-C_i_A-POSCAR5-Charged-1.cif,11.40963993
251-SiC-C_i_A-POSCAR6-Charged-1.cif,11.40524021
251-SiC-C_i_A-POSCAR7-Charged-1.cif,11.40210957
251-SiC-C_i_A-POSCAR8-Charged-1.cif,11.4
261-GeC-C_i_A-POSCAR0-Charged-1.cif,11.39526307
253-SiC-C_i_neut-POSCAR0-Charged-1.cif,11.37031361
253-SiC-C_i_neut-POSCAR3-Charged-1.cif,11.370161
253-SiC-C_i_neut-POSCAR4-Charged-1.cif,11.37
253-SiC-C_i_neut-POSCAR1-Charged-1.cif,11.36948971
253-SiC-C_i_neut-POSCAR2-Charged-1.cif,11.3694592
261-GeC-C_i_A-POSCAR1-Charged-1.cif,11.28819495
261-GeC-C_i_A-POSCAR2-Charged-1.cif,11.2315428
261-GeC-C_i_A-POSCAR3-Charged-1.cif,11.22274919
261-GeC-C_i_A-POSCAR4-Charged-1.cif,11.2203408
261-GeC-C_i_A-POSCAR5-Charged-1.cif,11.22
272-SnC-C_i_B-POSCAR0-Charged-1.cif,11.21497784
272-SnC-C_i_B-POSCAR1-Charged-1.cif,11.21189393
272-SnC-C_i_B-POSCAR2-Charged-1.cif,11.21186712
272-SnC-C_i_B-POSCAR3-Charged-1.cif,11.21131917
272-SnC-C_i_B-POSCAR4-Charged-1.cif,11.20978883
272-SnC-C_i_B-POSCAR5-Charged-1.cif,11.20723951
272-SnC-C_i_B-POSCAR7-Charged-1.cif,11.20416727
272-SnC-C_i_B-POSCAR6-Charged-1.cif,11.20370698
272-SnC-C_i_B-POSCAR8-Charged-1.cif,11.20227306
272-SnC-C_i_B-POSCAR9-Charged-1.cif,11.20220782
272-SnC-C_i_B-POSCAR10-Charged-1.cif,11.2020121
272-SnC-C_i_B-POSCAR11-Charged-1.cif,11.20161868
272-SnC-C_i_B-POSCAR12-Charged-1.cif,11.20082576
272-SnC-C_i_B-POSCAR13-Charged-1.cif,11.19922448
272-SnC-C_i_B-POSCAR20-Charged-1.cif,11.19875539
272-SnC-C_i_B-POSCAR14-Charged-1.cif,11.19606354
272-SnC-C_i_B-POSCAR16-Charged-1.cif,11.19285773
272-SnC-C_i_B-POSCAR15-Charged-1.cif,11.19075173
272-SnC-C_i_B-POSCAR17-Charged-1.cif,11.18890293
272-SnC-C_i_B-POSCAR18-Charged-1.cif,11.18210752
272-SnC-C_i_B-POSCAR19-Charged-1.cif,11.16848322
272-SnC-C_i_B-POSCAR21-Charged-1.cif,11.16732487
272-SnC-C_i_B-POSCAR22-Charged-1.cif,11.15324888
272-SnC-C_i_B-POSCAR23-Charged-1.cif,11.11679008
272-SnC-C_i_B-POSCAR25-Charged-1.cif,11.09249765
272-SnC-C_i_B-POSCAR24-Charged-1.cif,11.07077492
272-SnC-C_i_B-POSCAR26-Charged-1.cif,11.0608734
272-SnC-C_i_B-POSCAR27-Charged-1.cif,11.0285621
263-GeC-C_i_neut-POSCAR0-Charged-1.cif,10.99563024
274-SnC-Sn_i_A-POSCAR0-Charged-1.cif,10.99283987
263-GeC-C_i_neut-POSCAR1-Charged-1.cif,10.99203167
263-GeC-C_i_neut-POSCAR2-Charged-1.cif,10.9909097
263-GeC-C_i_neut-POSCAR3-Charged-1.cif,10.99
274-SnC-Sn_i_A-POSCAR1-Charged-1.cif,10.98513315
274-SnC-Sn_i_A-POSCAR2-Charged-1.cif,10.9843845
274-SnC-Sn_i_A-POSCAR3-Charged-1.cif,10.98
272-SnC-C_i_B-POSCAR28-Charged-1.cif,10.92282359
276-SnC-Sn_i_neut-POSCAR0-Charged-1.cif,10.79646853
276-SnC-Sn_i_neut-POSCAR5-Charged-1.cif,10.78227263
276-SnC-Sn_i_neut-POSCAR1-Charged-1.cif,10.78121852
276-SnC-Sn_i_neut-POSCAR6-Charged-1.cif,10.78106855
276-SnC-Sn_i_neut-POSCAR7-Charged-1.cif,10.77808991
276-SnC-Sn_i_neut-POSCAR4-Charged-1.cif,10.77733467
276-SnC-Sn_i_neut-POSCAR2-Charged-1.cif,10.77596988
276-SnC-Sn_i_neut-POSCAR8-Charged-1.cif,10.77370616
276-SnC-Sn_i_neut-POSCAR3-Charged-1.cif,10.77223474
276-SnC-Sn_i_neut-POSCAR9-Charged-1.cif,10.7713012
276-SnC-Sn_i_neut-POSCAR10-Charged-1.cif,10.77
112-BSb-Sb_i_A-POSCAR0-Charged-1.cif,10.7444613
112-BSb-Sb_i_A-POSCAR1-Charged-1.cif,10.74187507
112-BSb-Sb_i_A-POSCAR2-Charged-1.cif,10.74
272-SnC-C_i_B-POSCAR29-Charged-1.cif,10.68216772
272-SnC-C_i_B-POSCAR30-Charged-1.cif,10.5391646
272-SnC-C_i_B-POSCAR31-Charged-1.cif,10.49857498
104-BAs-As_i_neut-POSCAR0-Charged-1.cif,10.48781675
104-BAs-As_i_neut-POSCAR1-Charged-1.cif,10.45416322
272-SnC-C_i_B-POSCAR32-Charged-1.cif,10.44740165
104-BAs-As_i_neut-POSCAR2-Charged-1.cif,10.44411585
104-BAs-As_i_neut-POSCAR3-Charged-1.cif,10.43720126
104-BAs-As_i_neut-POSCAR4-Charged-1.cif,10.43279577
104-BAs-As_i_neut-POSCAR5-Charged-1.cif,10.43
272-SnC-C_i_B-POSCAR33-Charged-1.cif,10.41315423
272-SnC-C_i_B-POSCAR34-Charged-1.cif,10.39034567
275-SnC-Sn_i_B-POSCAR0-Charged-1.cif,10.38304363
275-SnC-Sn_i_B-POSCAR1-Charged-1.cif,10.37458369
275-SnC-Sn_i_B-POSCAR2-Charged-1.cif,10.37237625
275-SnC-Sn_i_B-POSCAR3-Charged-1.cif,10.37
94-BP-P_i_neut-POSCAR0-Charged-1.cif,10.35469166
94-BP-P_i_neut-POSCAR1-Charged-1.cif,10.34343876
94-BP-P_i_neut-POSCAR2-Charged-1.cif,10.33885287
94-BP-P_i_neut-POSCAR3-Charged-1.cif,10.33534612
94-BP-P_i_neut-POSCAR4-Charged-1.cif,10.3321669
94-BP-P_i_neut-POSCAR5-Charged-1.cif,10.33
272-SnC-C_i_B-POSCAR35-Charged-1.cif,10.32067485
272-SnC-C_i_B-POSCAR36-Charged-1.cif,10.13040513
114-BSb-Sb_i_neut-POSCAR0-Charged-1.cif,9.92442504
114-BSb-Sb_i_neut-POSCAR1-Charged-1.cif,9.91737451
114-BSb-Sb_i_neut-POSCAR2-Charged-1.cif,9.91542332
114-BSb-Sb_i_neut-POSCAR3-Charged-1.cif,9.91369439
114-BSb-Sb_i_neut-POSCAR4-Charged-1.cif,9.91217762
114-BSb-Sb_i_neut-POSCAR5-Charged-1.cif,9.91106587
114-BSb-Sb_i_neut-POSCAR6-Charged-1.cif,9.91
272-SnC-C_i_B-POSCAR37-Charged-1.cif,9.84228891
90-BP-B_i_B-POSCAR0-Charged-1.cif,9.78343127
90-BP-B_i_B-POSCAR1-Charged-1.cif,9.78
5-ZnO-Zn_i_A-POSCAR0-Charged-1.cif,9.77
272-SnC-C_i_B-POSCAR38-Charged-1.cif,9.68121511
272-SnC-C_i_B-POSCAR39-Charged-1.cif,9.66396271
7-ZnO-Zn_i_neut-POSCAR4-Charged-1.cif,9.53952892
7-ZnO-Zn_i_neut-POSCAR8-Charged-1.cif,9.51560907
272-SnC-C_i_B-POSCAR40-Charged-1.cif,9.51303437
7-ZnO-Zn_i_neut-POSCAR0-Charged-1.cif,9.49548403
7-ZnO-Zn_i_neut-POSCAR1-Charged-1.cif,9.49400444
7-ZnO-Zn_i_neut-POSCAR2-Charged-1.cif,9.49233844
7-ZnO-Zn_i_neut-POSCAR7-Charged-1.cif,9.4900066
7-ZnO-Zn_i_neut-POSCAR3-Charged-1.cif,9.48473516
7-ZnO-Zn_i_neut-POSCAR5-Charged-1.cif,9.47085863
7-ZnO-Zn_i_neut-POSCAR9-Charged-1.cif,9.47
7-ZnO-Zn_i_neut-POSCAR6-Charged-1.cif,9.43003434
89-BP-B_i_A-POSCAR0-Charged-1.cif,9.32930644
89-BP-B_i_A-POSCAR1-Charged-1.cif,9.32096
89-BP-B_i_A-POSCAR2-Charged-1.cif,9.32
84-BN-N_i_neut-POSCAR1-Charged-1.cif,9.30540794
272-SnC-C_i_B-POSCAR41-Charged-1.cif,9.2764053
272-SnC-C_i_B-POSCAR42-Charged-1.cif,9.27156922
100-BAs-B_i_B-POSCAR0-Charged-1.cif,9.24249505
100-BAs-B_i_B-POSCAR1-Charged-1.cif,9.24
273-SnC-C_i_neut-POSCAR0-Charged-1.cif,9.15350918
273-SnC-C_i_neut-POSCAR1-Charged-1.cif,9.15
272-SnC-C_i_B-POSCAR43-Charged-1.cif,9.12253469
271-SnC-C_i_A-POSCAR0-Charged-1.cif,9.1090976
272-SnC-C_i_B-POSCAR44-Charged-1.cif,9.0782525
6-ZnO-Zn_i_B-POSCAR0-Charged-1.cif,9.04
271-SnC-C_i_A-POSCAR1-Charged-1.cif,9.03472051
271-SnC-C_i_A-POSCAR2-Charged-1.cif,9.0187737
271-SnC-C_i_A-POSCAR3-Charged-1.cif,9.01
272-SnC-C_i_B-POSCAR45-Charged-1.cif,8.9411928
14-ZnS-Zn_S-POSCAR0-Charged-1.cif,8.89775873
272-SnC-C_i_B-POSCAR46-Charged-1.cif,8.87194199
272-SnC-C_i_B-POSCAR47-Charged-1.cif,8.82263681
14-ZnS-Zn_S-POSCAR1-Charged-1.cif,8.79746158
272-SnC-C_i_B-POSCAR48-Charged-1.cif,8.77343959
14-ZnS-Zn_S-POSCAR2-Charged-1.cif,8.74847797
14-ZnS-Zn_S-POSCAR3-Charged-1.cif,8.74182841
14-ZnS-Zn_S-POSCAR4-Charged-1.cif,8.74
272-SnC-C_i_B-POSCAR49-Charged-1.cif,8.73583335
272-SnC-C_i_B-POSCAR50-Charged-1.cif,8.73219167
17-ZnS-Zn_i_neut-POSCAR0-Charged-1.cif,8.72403189
17-ZnS-Zn_i_neut-POSCAR1-Charged-1.cif,8.72133848
17-ZnS-Zn_i_neut-POSCAR2-Charged-1.cif,8.72
272-SnC-C_i_B-POSCAR51-Charged-1.cif,8.70572576
272-SnC-C_i_B-POSCAR52-Charged-1.cif,8.70270437
272-SnC-C_i_B-POSCAR53-Charged-1.cif,8.68978967
272-SnC-C_i_B-POSCAR54-Charged-1.cif,8.67879958
272-SnC-C_i_B-POSCAR55-Charged-1.cif,8.66833913
272-SnC-C_i_B-POSCAR56-Charged-1.cif,8.66303447
272-SnC-C_i_B-POSCAR57-Charged-1.cif,8.6552891
272-SnC-C_i_B-POSCAR58-Charged-1.cif,8.65417058
272-SnC-C_i_B-POSCAR59-Charged-1.cif,8.6490981
272-SnC-C_i_B-POSCAR60-Charged-1.cif,8.64698442
272-SnC-C_i_B-POSCAR61-Charged-1.cif,8.64419133
272-SnC-C_i_B-POSCAR62-Charged-1.cif,8.64022568
272-SnC-C_i_B-POSCAR63-Charged-1.cif,8.63770842
272-SnC-C_i_B-POSCAR64-Charged-1.cif,8.63606167
272-SnC-C_i_B-POSCAR65-Charged-1.cif,8.63439546
272-SnC-C_i_B-POSCAR66-Charged-1.cif,8.63402045
272-SnC-C_i_B-POSCAR67-Charged-1.cif,8.63216066
272-SnC-C_i_B-POSCAR68-Charged-1.cif,8.63097583
272-SnC-C_i_B-POSCAR69-Charged-1.cif,8.63
235-C-V_C-POSCAR1-Charged-1.cif,8.57373497
235-C-V_C-POSCAR0-Charged-1.cif,8.5030895
16-ZnS-Zn_i_B-POSCAR0-Charged-1.cif,8.493364
16-ZnS-Zn_i_B-POSCAR1-Charged-1.cif,8.49
235-C-V_C-POSCAR3-Charged-1.cif,8.47342003
235-C-V_C-POSCAR2-Charged-1.cif,8.47138849
235-C-V_C-POSCAR4-Charged-1.cif,8.47
91-BP-B_i_neut-POSCAR0-Charged-1.cif,8.43636151
91-BP-B_i_neut-POSCAR1-Charged-1.cif,8.43120658
91-BP-B_i_neut-POSCAR2-Charged-1.cif,8.43
15-ZnS-Zn_i_A-POSCAR0-Charged-1.cif,8.1929367
15-ZnS-Zn_i_A-POSCAR1-Charged-1.cif,8.19
247-SiC-V_Si-POSCAR0-Charged-1.cif,8.0106936
247-SiC-V_Si-POSCAR1-Charged-1.cif,8.00054159
247-SiC-V_Si-POSCAR2-Charged-1.cif,7.97083845
247-SiC-V_Si-POSCAR3-Charged-1.cif,7.97
131-AlP-Al_i_neut-POSCAR6-Charged-1.cif,7.9056037
131-AlP-Al_i_neut-POSCAR7-Charged-1.cif,7.90385938
131-AlP-Al_i_neut-POSCAR5-Charged-1.cif,7.9028817
131-AlP-Al_i_neut-POSCAR8-Charged-1.cif,7.8995241
131-AlP-Al_i_neut-POSCAR9-Charged-1.cif,7.89439132
131-AlP-Al_i_neut-POSCAR10-Charged-1.cif,7.89116379
131-AlP-Al_i_neut-POSCAR12-Charged-1.cif,7.88874397
131-AlP-Al_i_neut-POSCAR13-Charged-1.cif,7.88837702
131-AlP-Al_i_neut-POSCAR11-Charged-1.cif,7.88793277
131-AlP-Al_i_neut-POSCAR14-Charged-1.cif,7.88590022
131-AlP-Al_i_neut-POSCAR0-Charged-1.cif,7.88572274
131-AlP-Al_i_neut-POSCAR29-Charged-1.cif,7.8815496
131-AlP-Al_i_neut-POSCAR4-Charged-1.cif,7.88144077
131-AlP-Al_i_neut-POSCAR28-Charged-1.cif,7.88078125
131-AlP-Al_i_neut-POSCAR15-Charged-1.cif,7.88007215
131-AlP-Al_i_neut-POSCAR30-Charged-1.cif,7.88
131-AlP-Al_i_neut-POSCAR27-Charged-1.cif,7.87691137
131-AlP-Al_i_neut-POSCAR16-Charged-1.cif,7.8763341
131-AlP-Al_i_neut-POSCAR17-Charged-1.cif,7.87596143
131-AlP-Al_i_neut-POSCAR18-Charged-1.cif,7.87587656
131-AlP-Al_i_neut-POSCAR26-Charged-1.cif,7.87532973
131-AlP-Al_i_neut-POSCAR19-Charged-1.cif,7.87497691
131-AlP-Al_i_neut-POSCAR22-Charged-1.cif,7.87357868
131-AlP-Al_i_neut-POSCAR20-Charged-1.cif,7.87336562
131-AlP-Al_i_neut-POSCAR1-Charged-1.cif,7.87330781
131-AlP-Al_i_neut-POSCAR24-Charged-1.cif,7.87317161
131-AlP-Al_i_neut-POSCAR23-Charged-1.cif,7.87311514
131-AlP-Al_i_neut-POSCAR21-Charged-1.cif,7.87255981
131-AlP-Al_i_neut-POSCAR25-Charged-1.cif,7.87186934
99-BAs-B_i_A-POSCAR0-Charged-1.cif,7.86919183
131-AlP-Al_i_neut-POSCAR2-Charged-1.cif,7.86369185
131-AlP-Al_i_neut-POSCAR3-Charged-1.cif,7.86302517
99-BAs-B_i_A-POSCAR1-Charged-1.cif,7.86242197
99-BAs-B_i_A-POSCAR2-Charged-1.cif,7.86
44-CdO-Cd_O-POSCAR0-Charged-1.cif,7.80140618
44-CdO-Cd_O-POSCAR1-Charged-1.cif,7.8
196-InN-V_N-POSCAR0-Charged-1.cif,7.60468236
196-InN-V_N-POSCAR1-Charged-1.cif,7.5967973
196-InN-V_N-POSCAR2-Charged-1.cif,7.59319157
196-InN-V_N-POSCAR3-Charged-1.cif,7.59
24-ZnSe-Zn_Se-POSCAR0-Charged-1.cif,7.54912639
101-BAs-B_i_neut-POSCAR0-Charged-1.cif,7.53840781
101-BAs-B_i_neut-POSCAR1-Charged-1.cif,7.51294208
101-BAs-B_i_neut-POSCAR2-Charged-1.cif,7.49842377
101-BAs-B_i_neut-POSCAR3-Charged-1.cif,7.47896129
24-ZnSe-Zn_Se-POSCAR1-Charged-1.cif,7.4715446
101-BAs-B_i_neut-POSCAR4-Charged-1.cif,7.47
24-ZnSe-Zn_Se-POSCAR2-Charged-1.cif,7.42699802
24-ZnSe-Zn_Se-POSCAR3-Charged-1.cif,7.42284421
24-ZnSe-Zn_Se-POSCAR4-Charged-1.cif,7.42
130-AlP-Al_i_B-POSCAR0-Charged-1.cif,7.28663729
130-AlP-Al_i_B-POSCAR1-Charged-1.cif,7.28229207
130-AlP-Al_i_B-POSCAR2-Charged-1.cif,7.28
129-AlP-Al_i_A-POSCAR0-Charged-1.cif,7.21626522
129-AlP-Al_i_A-POSCAR1-Charged-1.cif,7.21
54-CdS-Cd_S-POSCAR0-Charged-1.cif,7.2
141-AlAs-Al_i_neut-POSCAR6-Charged-1.cif,7.10792191
141-AlAs-Al_i_neut-POSCAR5-Charged-1.cif,7.10691498
141-AlAs-Al_i_neut-POSCAR7-Charged-1.cif,7.10650945
141-AlAs-Al_i_neut-POSCAR8-Charged-1.cif,7.10389773
141-AlAs-Al_i_neut-POSCAR9-Charged-1.cif,7.10139494
141-AlAs-Al_i_neut-POSCAR16-Charged-1.cif,7.10001097
141-AlAs-Al_i_neut-POSCAR17-Charged-1.cif,7.09991848
141-AlAs-Al_i_neut-POSCAR15-Charged-1.cif,7.09906327
141-AlAs-Al_i_neut-POSCAR10-Charged-1.cif,7.0989419
141-AlAs-Al_i_neut-POSCAR18-Charged-1.cif,7.09872346
141-AlAs-Al_i_neut-POSCAR14-Charged-1.cif,7.09789675
141-AlAs-Al_i_neut-POSCAR11-Charged-1.cif,7.09732075
141-AlAs-Al_i_neut-POSCAR13-Charged-1.cif,7.09701799
141-AlAs-Al_i_neut-POSCAR19-Charged-1.cif,7.09691324
141-AlAs-Al_i_neut-POSCAR12-Charged-1.cif,7.09660613
141-AlAs-Al_i_neut-POSCAR4-Charged-1.cif,7.09627499
141-AlAs-Al_i_neut-POSCAR20-Charged-1.cif,7.09500077
141-AlAs-Al_i_neut-POSCAR25-Charged-1.cif,7.09431843
141-AlAs-Al_i_neut-POSCAR24-Charged-1.cif,7.09431083
141-AlAs-Al_i_neut-POSCAR21-Charged-1.cif,7.0936443
141-AlAs-Al_i_neut-POSCAR26-Charged-1.cif,7.09348871
141-AlAs-Al_i_neut-POSCAR22-Charged-1.cif,7.09335329
141-AlAs-Al_i_neut-POSCAR27-Charged-1.cif,7.09273043
141-AlAs-Al_i_neut-POSCAR23-Charged-1.cif,7.09268149
141-AlAs-Al_i_neut-POSCAR28-Charged-1.cif,7.09143917
141-AlAs-Al_i_neut-POSCAR29-Charged-1.cif,7.09090175
141-AlAs-Al_i_neut-POSCAR30-Charged-1.cif,7.09
171-GaP-Ga_i_neut-POSCAR0-Charged-1.cif,7.08929293
141-AlAs-Al_i_neut-POSCAR0-Charged-1.cif,7.08880834
141-AlAs-Al_i_neut-POSCAR1-Charged-1.cif,7.07994561
171-GaP-Ga_i_neut-POSCAR7-Charged-1.cif,7.07781183
171-GaP-Ga_i_neut-POSCAR1-Charged-1.cif,7.07777948
171-GaP-Ga_i_neut-POSCAR6-Charged-1.cif,7.07727763
171-GaP-Ga_i_neut-POSCAR8-Charged-1.cif,7.07597999
171-GaP-Ga_i_neut-POSCAR9-Charged-1.cif,7.07393683
141-AlAs-Al_i_neut-POSCAR3-Charged-1.cif,7.07371409
171-GaP-Ga_i_neut-POSCAR16-Charged-1.cif,7.07266183
171-GaP-Ga_i_neut-POSCAR2-Charged-1.cif,7.07251492
171-GaP-Ga_i_neut-POSCAR17-Charged-1.cif,7.07225618
171-GaP-Ga_i_neut-POSCAR15-Charged-1.cif,7.07201848
141-AlAs-Al_i_neut-POSCAR2-Charged-1.cif,7.07180271
171-GaP-Ga_i_neut-POSCAR18-Charged-1.cif,7.07114659
171-GaP-Ga_i_neut-POSCAR10-Charged-1.cif,7.07112509
171-GaP-Ga_i_neut-POSCAR14-Charged-1.cif,7.07079783
171-GaP-Ga_i_neut-POSCAR11-Charged-1.cif,7.0701838
171-GaP-Ga_i_neut-POSCAR19-Charged-1.cif,7.07
171-GaP-Ga_i_neut-POSCAR13-Charged-1.cif,7.06995813
171-GaP-Ga_i_neut-POSCAR12-Charged-1.cif,7.06911141
171-GaP-Ga_i_neut-POSCAR5-Charged-1.cif,7.06895254
171-GaP-Ga_i_neut-POSCAR3-Charged-1.cif,7.0667671
171-GaP-Ga_i_neut-POSCAR4-Charged-1.cif,7.06295171
84-BN-N_i_neut-POSCAR0-Charged-1.cif,7.05829097
250-SiC-Si_C-POSCAR0-Charged-1.cif,7.0520748
250-SiC-Si_C-POSCAR1-Charged-1.cif,7.05151519
250-SiC-Si_C-POSCAR2-Charged-1.cif,7.05
27-ZnSe-Zn_i_neut-POSCAR0-Charged-1.cif,7.04633442
27-ZnSe-Zn_i_neut-POSCAR1-Charged-1.cif,7.04217983
27-ZnSe-Zn_i_neut-POSCAR2-Charged-1.cif,7.04
86-BP-V_P-POSCAR0-Charged-1.cif,7.03665082
86-BP-V_P-POSCAR1-Charged-1.cif,7.01659684
127-AlP-Al_P-POSCAR0-Charged-1.cif,7.01619105
86-BP-V_P-POSCAR2-Charged-1.cif,7.01097909
86-BP-V_P-POSCAR3-Charged-1.cif,7.01
248-SiC-V_C-POSCAR0-Charged-1.cif,6.99717088
248-SiC-V_C-POSCAR1-Charged-1.cif,6.96596528
257-GeC-V_Ge-POSCAR0-Charged-1.cif,6.95107846
248-SiC-V_C-POSCAR2-Charged-1.cif,6.94748581
248-SiC-V_C-POSCAR3-Charged-1.cif,6.94346657
248-SiC-V_C-POSCAR4-Charged-1.cif,6.94104165
248-SiC-V_C-POSCAR5-Charged-1.cif,6.94
110-BSb-B_i_B-POSCAR0-Charged-1.cif,6.92547338
127-AlP-Al_P-POSCAR1-Charged-1.cif,6.92402935
110-BSb-B_i_B-POSCAR1-Charged-1.cif,6.92
127-AlP-Al_P-POSCAR2-Charged-1.cif,6.90463977
127-AlP-Al_P-POSCAR3-Charged-1.cif,6.9
154-AlSb-Sb_i_neut-POSCAR0-Charged-1.cif,6.87465472
257-GeC-V_Ge-POSCAR1-Charged-1.cif,6.85434191
154-AlSb-Sb_i_neut-POSCAR1-Charged-1.cif,6.83181085
257-GeC-V_Ge-POSCAR2-Charged-1.cif,6.83085434
172-GaP-P_i_A-POSCAR0-Charged-1.cif,6.82246113
257-GeC-V_Ge-POSCAR3-Charged-1.cif,6.81962884
26-ZnSe-Zn_i_B-POSCAR0-Charged-1.cif,6.81852709
26-ZnSe-Zn_i_B-POSCAR1-Charged-1.cif,6.81396266
257-GeC-V_Ge-POSCAR4-Charged-1.cif,6.81287434
173-GaP-P_i_B-POSCAR0-Charged-1.cif,6.81113574
26-ZnSe-Zn_i_B-POSCAR2-Charged-1.cif,6.81
257-GeC-V_Ge-POSCAR5-Charged-1.cif,6.81
154-AlSb-Sb_i_neut-POSCAR2-Charged-1.cif,6.80478991
154-AlSb-Sb_i_neut-POSCAR3-Charged-1.cif,6.79742087
173-GaP-P_i_B-POSCAR1-Charged-1.cif,6.79351625
173-GaP-P_i_B-POSCAR2-Charged-1.cif,6.79
154-AlSb-Sb_i_neut-POSCAR4-Charged-1.cif,6.78705139
154-AlSb-Sb_i_neut-POSCAR5-Charged-1.cif,6.78154521
154-AlSb-Sb_i_neut-POSCAR6-Charged-1.cif,6.77543199
172-GaP-P_i_A-POSCAR1-Charged-1.cif,6.77255485
154-AlSb-Sb_i_neut-POSCAR7-Charged-1.cif,6.77088711
154-AlSb-Sb_i_neut-POSCAR8-Charged-1.cif,6.76538153
154-AlSb-Sb_i_neut-POSCAR9-Charged-1.cif,6.76184034
154-AlSb-Sb_i_neut-POSCAR10-Charged-1.cif,6.76
172-GaP-P_i_A-POSCAR2-Charged-1.cif,6.75372537
172-GaP-P_i_A-POSCAR3-Charged-1.cif,6.73157285
84-BN-N_i_neut-POSCAR3-Charged-1.cif,6.72497409
172-GaP-P_i_A-POSCAR4-Charged-1.cif,6.72
84-BN-N_i_neut-POSCAR2-Charged-1.cif,6.69266634
123-AlN-N_i_B-POSCAR0-Charged-1.cif,6.69092921
84-BN-N_i_neut-POSCAR4-Charged-1.cif,6.66425001
133-AlP-P_i_B-POSCAR0-Charged-1.cif,6.66149073
84-BN-N_i_neut-POSCAR5-Charged-1.cif,6.65198385
84-BN-N_i_neut-POSCAR6-Charged-1.cif,6.65080661
84-BN-N_i_neut-POSCAR7-Charged-1.cif,6.65
96-BAs-V_As-POSCAR0-Charged-1.cif,6.64038773
140-AlAs-Al_i_B-POSCAR0-Charged-1.cif,6.63058414
140-AlAs-Al_i_B-POSCAR1-Charged-1.cif,6.62154718
96-BAs-V_As-POSCAR1-Charged-1.cif,6.61835723
96-BAs-V_As-POSCAR2-Charged-1.cif,6.61504057
96-BAs-V_As-POSCAR3-Charged-1.cif,6.61279567
140-AlAs-Al_i_B-POSCAR2-Charged-1.cif,6.61182017
96-BAs-V_As-POSCAR4-Charged-1.cif,6.61103746
96-BAs-V_As-POSCAR5-Charged-1.cif,6.61
140-AlAs-Al_i_B-POSCAR3-Charged-1.cif,6.6054772
133-AlP-P_i_B-POSCAR1-Charged-1.cif,6.60419848
140-AlAs-Al_i_B-POSCAR4-Charged-1.cif,6.6
269-SnC-C_Sn-POSCAR0-Charged-1.cif,6.59522999
269-SnC-C_Sn-POSCAR1-Charged-1.cif,6.58195943
269-SnC-C_Sn-POSCAR2-Charged-1.cif,6.58
133-AlP-P_i_B-POSCAR2-Charged-1.cif,6.56910661
123-AlN-N_i_B-POSCAR1-Charged-1.cif,6.54909708
133-AlP-P_i_B-POSCAR3-Charged-1.cif,6.53869743
133-AlP-P_i_B-POSCAR4-Charged-1.cif,6.51779837
133-AlP-P_i_B-POSCAR5-Charged-1.cif,6.51
25-ZnSe-Zn_i_A-POSCAR0-Charged-1.cif,6.42711256
25-ZnSe-Zn_i_A-POSCAR1-Charged-1.cif,6.42379436
25-ZnSe-Zn_i_A-POSCAR2-Charged-1.cif,6.42
132-AlP-P_i_A-POSCAR0-Charged-1.cif,6.39032585
139-AlAs-Al_i_A-POSCAR0-Charged-1.cif,6.36975072
139-AlAs-Al_i_A-POSCAR1-Charged-1.cif,6.36
20-ZnS-S_i_neut-POSCAR0-Charged-1.cif,6.3565783
170-GaP-Ga_i_B-POSCAR0-Charged-1.cif,6.35
58-CdSe-Cd_Se-POSCAR0-Charged-1.cif,6.34
267-SnC-V_Sn-POSCAR0-Charged-1.cif,6.3280813
132-AlP-P_i_A-POSCAR1-Charged-1.cif,6.319507
132-AlP-P_i_A-POSCAR2-Charged-1.cif,6.29910059
169-GaP-Ga_i_A-POSCAR0-Charged-1.cif,6.29
132-AlP-P_i_A-POSCAR3-Charged-1.cif,6.28
123-AlN-N_i_B-POSCAR2-Charged-1.cif,6.27724762
267-SnC-V_Sn-POSCAR1-Charged-1.cif,6.27556119
29-ZnSe-Se_i_B-POSCAR0-Charged-1.cif,6.27073907
163-GaN-N_i_B-POSCAR36-Charged-1.cif,6.27041741
267-SnC-V_Sn-POSCAR2-Charged-1.cif,6.26651849
267-SnC-V_Sn-POSCAR3-Charged-1.cif,6.26184085
267-SnC-V_Sn-POSCAR4-Charged-1.cif,6.26
211-InP-In_i_neut-POSCAR0-Charged-1.cif,6.23199282
211-InP-In_i_neut-POSCAR1-Charged-1.cif,6.22761079
211-InP-In_i_neut-POSCAR2-Charged-1.cif,6.22512834
211-InP-In_i_neut-POSCAR6-Charged-1.cif,6.22489976
211-InP-In_i_neut-POSCAR7-Charged-1.cif,6.22484101
211-InP-In_i_neut-POSCAR8-Charged-1.cif,6.22384942
211-InP-In_i_neut-POSCAR5-Charged-1.cif,6.22372312
211-InP-In_i_neut-POSCAR3-Charged-1.cif,6.22292452
211-InP-In_i_neut-POSCAR9-Charged-1.cif,6.22217237
211-InP-In_i_neut-POSCAR4-Charged-1.cif,6.2219134
211-InP-In_i_neut-POSCAR10-Charged-1.cif,6.22101815
211-InP-In_i_neut-POSCAR14-Charged-1.cif,6.22080758
211-InP-In_i_neut-POSCAR15-Charged-1.cif,6.22080198
123-AlN-N_i_B-POSCAR3-Charged-1.cif,6.22016993
211-InP-In_i_neut-POSCAR11-Charged-1.cif,6.22014969
211-InP-In_i_neut-POSCAR12-Charged-1.cif,6.22010577
211-InP-In_i_neut-POSCAR16-Charged-1.cif,6.22
211-InP-In_i_neut-POSCAR13-Charged-1.cif,6.21798426
123-AlN-N_i_B-POSCAR5-Charged-1.cif,6.2112367
123-AlN-N_i_B-POSCAR6-Charged-1.cif,6.2033577
174-GaP-P_i_neut-POSCAR0-Charged-1.cif,6.20077204
123-AlN-N_i_B-POSCAR8-Charged-1.cif,6.19985662
123-AlN-N_i_B-POSCAR9-Charged-1.cif,6.19544457
123-AlN-N_i_B-POSCAR10-Charged-1.cif,6.19327061
123-AlN-N_i_B-POSCAR7-Charged-1.cif,6.19272233
123-AlN-N_i_B-POSCAR12-Charged-1.cif,6.19213369
123-AlN-N_i_B-POSCAR11-Charged-1.cif,6.19145915
123-AlN-N_i_B-POSCAR13-Charged-1.cif,6.19073163
123-AlN-N_i_B-POSCAR15-Charged-1.cif,6.19043317
123-AlN-N_i_B-POSCAR14-Charged-1.cif,6.19036093
123-AlN-N_i_B-POSCAR16-Charged-1.cif,6.19
13-ZnS-V_S-POSCAR0-Charged-1.cif,6.18226575
123-AlN-N_i_B-POSCAR4-Charged-1.cif,6.18020534
174-GaP-P_i_neut-POSCAR1-Charged-1.cif,6.171821
20-ZnS-S_i_neut-POSCAR1-Charged-1.cif,6.17007904
29-ZnSe-Se_i_B-POSCAR1-Charged-1.cif,6.16931182
134-AlP-P_i_neut-POSCAR0-Charged-1.cif,6.15357102
13-ZnS-V_S-POSCAR1-Charged-1.cif,6.14881203
174-GaP-P_i_neut-POSCAR2-Charged-1.cif,6.14615072
126-AlP-V_P-POSCAR0-Charged-1.cif,6.14360216
143-AlAs-As_i_B-POSCAR0-Charged-1.cif,6.13295502
20-ZnS-S_i_neut-POSCAR2-Charged-1.cif,6.13228536
29-ZnSe-Se_i_B-POSCAR2-Charged-1.cif,6.12967456
18-ZnS-S_i_A-POSCAR0-Charged-1.cif,6.12862823
174-GaP-P_i_neut-POSCAR3-Charged-1.cif,6.12824273
13-ZnS-V_S-POSCAR2-Charged-1.cif,6.11927352
174-GaP-P_i_neut-POSCAR4-Charged-1.cif,6.11422545
20-ZnS-S_i_neut-POSCAR3-Charged-1.cif,6.110607
20-ZnS-S_i_neut-POSCAR4-Charged-1.cif,6.11026976
126-AlP-V_P-POSCAR1-Charged-1.cif,6.10983737
20-ZnS-S_i_neut-POSCAR7-Charged-1.cif,6.1072417
13-ZnS-V_S-POSCAR3-Charged-1.cif,6.10582233
39-ZnTe-Te_i_B-POSCAR0-Charged-1.cif,6.10498599
174-GaP-P_i_neut-POSCAR5-Charged-1.cif,6.10358485
20-ZnS-S_i_neut-POSCAR8-Charged-1.cif,6.10129984
20-ZnS-S_i_neut-POSCAR11-Charged-1.cif,6.10051674
20-ZnS-S_i_neut-POSCAR10-Charged-1.cif,6.1003755
20-ZnS-S_i_neut-POSCAR12-Charged-1.cif,6.1
20-ZnS-S_i_neut-POSCAR9-Charged-1.cif,6.09999543
20-ZnS-S_i_neut-POSCAR5-Charged-1.cif,6.09867953
20-ZnS-S_i_neut-POSCAR6-Charged-1.cif,6.09663821
174-GaP-P_i_neut-POSCAR6-Charged-1.cif,6.09569277
174-GaP-P_i_neut-POSCAR7-Charged-1.cif,6.08738369
29-ZnSe-Se_i_B-POSCAR3-Charged-1.cif,6.08573949
134-AlP-P_i_neut-POSCAR1-Charged-1.cif,6.08424414
3-ZnO-V_O-POSCAR0-Charged-1.cif,6.08
126-AlP-V_P-POSCAR2-Charged-1.cif,6.07898436
13-ZnS-V_S-POSCAR4-Charged-1.cif,6.07855111
174-GaP-P_i_neut-POSCAR8-Charged-1.cif,6.0764867
143-AlAs-As_i_B-POSCAR1-Charged-1.cif,6.0762004
29-ZnSe-Se_i_B-POSCAR4-Charged-1.cif,6.07423308
13-ZnS-V_S-POSCAR5-Charged-1.cif,6.07
174-GaP-P_i_neut-POSCAR10-Charged-1.cif,6.06850463
174-GaP-P_i_neut-POSCAR11-Charged-1.cif,6.06729202
174-GaP-P_i_neut-POSCAR9-Charged-1.cif,6.06646582
29-ZnSe-Se_i_B-POSCAR6-Charged-1.cif,6.0643709
29-ZnSe-Se_i_B-POSCAR5-Charged-1.cif,6.06435072
29-ZnSe-Se_i_B-POSCAR68-Charged-1.cif,6.06126588
174-GaP-P_i_neut-POSCAR12-Charged-1.cif,6.06100237
29-ZnSe-Se_i_B-POSCAR74-Charged-1.cif,6.06090917
174-GaP-P_i_neut-POSCAR14-Charged-1.cif,6.06083471
174-GaP-P_i_neut-POSCAR15-Charged-1.cif,6.06081326
29-ZnSe-Se_i_B-POSCAR69-Charged-1.cif,6.06039567
29-ZnSe-Se_i_B-POSCAR70-Charged-1.cif,6.0603305
29-ZnSe-Se_i_B-POSCAR77-Charged-1.cif,6.06002254
29-ZnSe-Se_i_B-POSCAR79-Charged-1.cif,6.06
174-GaP-P_i_neut-POSCAR16-Charged-1.cif,6.06
174-GaP-P_i_neut-POSCAR13-Charged-1.cif,6.05992895
29-ZnSe-Se_i_B-POSCAR75-Charged-1.cif,6.05989153
29-ZnSe-Se_i_B-POSCAR76-Charged-1.cif,6.05958779
29-ZnSe-Se_i_B-POSCAR78-Charged-1.cif,6.05947128
29-ZnSe-Se_i_B-POSCAR66-Charged-1.cif,6.05911752
29-ZnSe-Se_i_B-POSCAR71-Charged-1.cif,6.05910854
29-ZnSe-Se_i_B-POSCAR48-Charged-1.cif,6.05905739
29-ZnSe-Se_i_B-POSCAR65-Charged-1.cif,6.05883571
29-ZnSe-Se_i_B-POSCAR72-Charged-1.cif,6.0587999
29-ZnSe-Se_i_B-POSCAR47-Charged-1.cif,6.05866199
29-ZnSe-Se_i_B-POSCAR50-Charged-1.cif,6.05849163
29-ZnSe-Se_i_B-POSCAR49-Charged-1.cif,6.05816485
29-ZnSe-Se_i_B-POSCAR9-Charged-1.cif,6.0574416
29-ZnSe-Se_i_B-POSCAR67-Charged-1.cif,6.05736377
29-ZnSe-Se_i_B-POSCAR62-Charged-1.cif,6.05726832
29-ZnSe-Se_i_B-POSCAR61-Charged-1.cif,6.05706285
29-ZnSe-Se_i_B-POSCAR73-Charged-1.cif,6.05703654
29-ZnSe-Se_i_B-POSCAR57-Charged-1.cif,6.05698035
29-ZnSe-Se_i_B-POSCAR64-Charged-1.cif,6.05692647
29-ZnSe-Se_i_B-POSCAR7-Charged-1.cif,6.05676065
29-ZnSe-Se_i_B-POSCAR58-Charged-1.cif,6.0567465
29-ZnSe-Se_i_B-POSCAR16-Charged-1.cif,6.05649498
29-ZnSe-Se_i_B-POSCAR51-Charged-1.cif,6.05637199
29-ZnSe-Se_i_B-POSCAR11-Charged-1.cif,6.05624953
29-ZnSe-Se_i_B-POSCAR21-Charged-1.cif,6.05590412
29-ZnSe-Se_i_B-POSCAR10-Charged-1.cif,6.055685
29-ZnSe-Se_i_B-POSCAR59-Charged-1.cif,6.05548336
29-ZnSe-Se_i_B-POSCAR63-Charged-1.cif,6.05546334
29-ZnSe-Se_i_B-POSCAR54-Charged-1.cif,6.0553626
29-ZnSe-Se_i_B-POSCAR56-Charged-1.cif,6.05523462
29-ZnSe-Se_i_B-POSCAR34-Charged-1.cif,6.05510753
29-ZnSe-Se_i_B-POSCAR27-Charged-1.cif,6.05510021
29-ZnSe-Se_i_B-POSCAR28-Charged-1.cif,6.05504793
29-ZnSe-Se_i_B-POSCAR53-Charged-1.cif,6.05491679
29-ZnSe-Se_i_B-POSCAR52-Charged-1.cif,6.05486237
29-ZnSe-Se_i_B-POSCAR22-Charged-1.cif,6.05471217
29-ZnSe-Se_i_B-POSCAR24-Charged-1.cif,6.05463868
29-ZnSe-Se_i_B-POSCAR17-Charged-1.cif,6.0545721
29-ZnSe-Se_i_B-POSCAR29-Charged-1.cif,6.05455416
29-ZnSe-Se_i_B-POSCAR19-Charged-1.cif,6.05452132
29-ZnSe-Se_i_B-POSCAR20-Charged-1.cif,6.05427821
29-ZnSe-Se_i_B-POSCAR30-Charged-1.cif,6.05402155
29-ZnSe-Se_i_B-POSCAR25-Charged-1.cif,6.05382702
29-ZnSe-Se_i_B-POSCAR60-Charged-1.cif,6.05380325
29-ZnSe-Se_i_B-POSCAR13-Charged-1.cif,6.05371706
29-ZnSe-Se_i_B-POSCAR55-Charged-1.cif,6.0535417
29-ZnSe-Se_i_B-POSCAR14-Charged-1.cif,6.05352209
29-ZnSe-Se_i_B-POSCAR36-Charged-1.cif,6.05289125
29-ZnSe-Se_i_B-POSCAR35-Charged-1.cif,6.05283028
29-ZnSe-Se_i_B-POSCAR12-Charged-1.cif,6.05277616
29-ZnSe-Se_i_B-POSCAR41-Charged-1.cif,6.05251024
134-AlP-P_i_neut-POSCAR2-Charged-1.cif,6.05229329
29-ZnSe-Se_i_B-POSCAR32-Charged-1.cif,6.05162768
29-ZnSe-Se_i_B-POSCAR42-Charged-1.cif,6.05137375
29-ZnSe-Se_i_B-POSCAR18-Charged-1.cif,6.05115879
29-ZnSe-Se_i_B-POSCAR31-Charged-1.cif,6.05114626
29-ZnSe-Se_i_B-POSCAR23-Charged-1.cif,6.05062053
29-ZnSe-Se_i_B-POSCAR37-Charged-1.cif,6.05060938
29-ZnSe-Se_i_B-POSCAR26-Charged-1.cif,6.05057254
29-ZnSe-Se_i_B-POSCAR45-Charged-1.cif,6.04979062
29-ZnSe-Se_i_B-POSCAR43-Charged-1.cif,6.0495817
29-ZnSe-Se_i_B-POSCAR39-Charged-1.cif,6.04957684
29-ZnSe-Se_i_B-POSCAR15-Charged-1.cif,6.04854745
29-ZnSe-Se_i_B-POSCAR8-Charged-1.cif,6.04833211
29-ZnSe-Se_i_B-POSCAR33-Charged-1.cif,6.04770854
29-ZnSe-Se_i_B-POSCAR44-Charged-1.cif,6.0472719
29-ZnSe-Se_i_B-POSCAR46-Charged-1.cif,6.0461267
29-ZnSe-Se_i_B-POSCAR40-Charged-1.cif,6.04503621
39-ZnTe-Te_i_B-POSCAR1-Charged-1.cif,6.04439482
143-AlAs-As_i_B-POSCAR2-Charged-1.cif,6.04429765
126-AlP-V_P-POSCAR3-Charged-1.cif,6.0426244
29-ZnSe-Se_i_B-POSCAR38-Charged-1.cif,6.0425767
134-AlP-P_i_neut-POSCAR3-Charged-1.cif,6.03535
126-AlP-V_P-POSCAR4-Charged-1.cif,6.02660461
134-AlP-P_i_neut-POSCAR4-Charged-1.cif,6.02328023
143-AlAs-As_i_B-POSCAR3-Charged-1.cif,6.02026486
134-AlP-P_i_neut-POSCAR18-Charged-1.cif,6.01666431
134-AlP-P_i_neut-POSCAR15-Charged-1.cif,6.01658166
134-AlP-P_i_neut-POSCAR17-Charged-1.cif,6.01585015
134-AlP-P_i_neut-POSCAR21-Charged-1.cif,6.01582369
134-AlP-P_i_neut-POSCAR24-Charged-1.cif,6.01523802
134-AlP-P_i_neut-POSCAR23-Charged-1.cif,6.01516621
134-AlP-P_i_neut-POSCAR19-Charged-1.cif,6.01495435
134-AlP-P_i_neut-POSCAR22-Charged-1.cif,6.01483346
39-ZnTe-Te_i_B-POSCAR2-Charged-1.cif,6.0144296
134-AlP-P_i_neut-POSCAR26-Charged-1.cif,6.01440999
134-AlP-P_i_neut-POSCAR27-Charged-1.cif,6.01439861
134-AlP-P_i_neut-POSCAR20-Charged-1.cif,6.01421286
134-AlP-P_i_neut-POSCAR25-Charged-1.cif,6.01403867
134-AlP-P_i_neut-POSCAR6-Charged-1.cif,6.01344179
134-AlP-P_i_neut-POSCAR30-Charged-1.cif,6.01342095
134-AlP-P_i_neut-POSCAR7-Charged-1.cif,6.01337075
134-AlP-P_i_neut-POSCAR28-Charged-1.cif,6.01335378
134-AlP-P_i_neut-POSCAR32-Charged-1.cif,6.01320909
134-AlP-P_i_neut-POSCAR33-Charged-1.cif,6.01317977
134-AlP-P_i_neut-POSCAR29-Charged-1.cif,6.01287327
134-AlP-P_i_neut-POSCAR31-Charged-1.cif,6.01270095
134-AlP-P_i_neut-POSCAR34-Charged-1.cif,6.01234204
134-AlP-P_i_neut-POSCAR36-Charged-1.cif,6.01216951
134-AlP-P_i_neut-POSCAR16-Charged-1.cif,6.0119709
134-AlP-P_i_neut-POSCAR39-Charged-1.cif,6.01192985
134-AlP-P_i_neut-POSCAR38-Charged-1.cif,6.01188423
134-AlP-P_i_neut-POSCAR35-Charged-1.cif,6.01173054
134-AlP-P_i_neut-POSCAR37-Charged-1.cif,6.01171512
134-AlP-P_i_neut-POSCAR42-Charged-1.cif,6.0115153
134-AlP-P_i_neut-POSCAR40-Charged-1.cif,6.01136853
134-AlP-P_i_neut-POSCAR45-Charged-1.cif,6.01131485
134-AlP-P_i_neut-POSCAR44-Charged-1.cif,6.01128528
134-AlP-P_i_neut-POSCAR43-Charged-1.cif,6.01112689
134-AlP-P_i_neut-POSCAR41-Charged-1.cif,6.01109711
134-AlP-P_i_neut-POSCAR48-Charged-1.cif,6.01086399
134-AlP-P_i_neut-POSCAR46-Charged-1.cif,6.01086252
134-AlP-P_i_neut-POSCAR51-Charged-1.cif,6.01069483
134-AlP-P_i_neut-POSCAR50-Charged-1.cif,6.01065242
134-AlP-P_i_neut-POSCAR49-Charged-1.cif,6.01057529
134-AlP-P_i_neut-POSCAR47-Charged-1.cif,6.01054046
134-AlP-P_i_neut-POSCAR54-Charged-1.cif,6.01042525
134-AlP-P_i_neut-POSCAR53-Charged-1.cif,6.01040547
134-AlP-P_i_neut-POSCAR52-Charged-1.cif,6.0103486
134-AlP-P_i_neut-POSCAR55-Charged-1.cif,6.01011365
134-AlP-P_i_neut-POSCAR57-Charged-1.cif,6.01010547
126-AlP-V_P-POSCAR5-Charged-1.cif,6.01
134-AlP-P_i_neut-POSCAR60-Charged-1.cif,6.01
143-AlAs-As_i_B-POSCAR4-Charged-1.cif,6.01
134-AlP-P_i_neut-POSCAR59-Charged-1.cif,6.00998844
134-AlP-P_i_neut-POSCAR58-Charged-1.cif,6.00991937
134-AlP-P_i_neut-POSCAR56-Charged-1.cif,6.00988627
18-ZnS-S_i_A-POSCAR1-Charged-1.cif,6.0081863
134-AlP-P_i_neut-POSCAR5-Charged-1.cif,6.00671693
39-ZnTe-Te_i_B-POSCAR3-Charged-1.cif,6.00627935
134-AlP-P_i_neut-POSCAR14-Charged-1.cif,6.00412743
134-AlP-P_i_neut-POSCAR9-Charged-1.cif,5.99162478
39-ZnTe-Te_i_B-POSCAR4-Charged-1.cif,5.99
134-AlP-P_i_neut-POSCAR12-Charged-1.cif,5.98913851
134-AlP-P_i_neut-POSCAR8-Charged-1.cif,5.98686212
134-AlP-P_i_neut-POSCAR10-Charged-1.cif,5.98274759
134-AlP-P_i_neut-POSCAR11-Charged-1.cif,5.98240171
163-GaN-N_i_B-POSCAR0-Charged-1.cif,5.96850173
18-ZnS-S_i_A-POSCAR2-Charged-1.cif,5.96830617
18-ZnS-S_i_A-POSCAR3-Charged-1.cif,5.94887376
134-AlP-P_i_neut-POSCAR13-Charged-1.cif,5.94585687
18-ZnS-S_i_A-POSCAR7-Charged-1.cif,5.93
18-ZnS-S_i_A-POSCAR6-Charged-1.cif,5.92988065
18-ZnS-S_i_A-POSCAR5-Charged-1.cif,5.9255788
18-ZnS-S_i_A-POSCAR4-Charged-1.cif,5.92278973
163-GaN-N_i_B-POSCAR37-Charged-1.cif,5.83808131
106-BSb-V_Sb-POSCAR0-Charged-1.cif,5.81317058
163-GaN-N_i_B-POSCAR38-Charged-1.cif,5.80575345
183-GaAs-As_i_B-POSCAR0-Charged-1.cif,5.80023581
106-BSb-V_Sb-POSCAR1-Charged-1.cif,5.7952469
106-BSb-V_Sb-POSCAR2-Charged-1.cif,5.79328858
106-BSb-V_Sb-POSCAR3-Charged-1.cif,5.79157939
106-BSb-V_Sb-POSCAR4-Charged-1.cif,5.79
183-GaAs-As_i_B-POSCAR1-Charged-1.cif,5.78489111
163-GaN-N_i_B-POSCAR1-Charged-1.cif,5.7812761
183-GaAs-As_i_B-POSCAR2-Charged-1.cif,5.77079857
34-ZnTe-Zn_Te-POSCAR0-Charged-1.cif,5.76166789
183-GaAs-As_i_B-POSCAR3-Charged-1.cif,5.76150926
183-GaAs-As_i_B-POSCAR4-Charged-1.cif,5.75245732
183-GaAs-As_i_B-POSCAR5-Charged-1.cif,5.74403952
183-GaAs-As_i_B-POSCAR6-Charged-1.cif,5.73
163-GaN-N_i_B-POSCAR41-Charged-1.cif,5.72990232
163-GaN-N_i_B-POSCAR39-Charged-1.cif,5.72105225
34-ZnTe-Zn_Te-POSCAR1-Charged-1.cif,5.70413207
47-CdO-Cd_i_neut-POSCAR9-Charged-1.cif,5.7
47-CdO-Cd_i_neut-POSCAR6-Charged-1.cif,5.69990427
47-CdO-Cd_i_neut-POSCAR0-Charged-1.cif,5.69916124
47-CdO-Cd_i_neut-POSCAR1-Charged-1.cif,5.69889034
47-CdO-Cd_i_neut-POSCAR4-Charged-1.cif,5.6986973
47-CdO-Cd_i_neut-POSCAR7-Charged-1.cif,5.69859738
47-CdO-Cd_i_neut-POSCAR2-Charged-1.cif,5.6984792
47-CdO-Cd_i_neut-POSCAR3-Charged-1.cif,5.69847201
47-CdO-Cd_i_neut-POSCAR5-Charged-1.cif,5.6982683
47-CdO-Cd_i_neut-POSCAR8-Charged-1.cif,5.69753284
163-GaN-N_i_B-POSCAR40-Charged-1.cif,5.69328564
163-GaN-N_i_B-POSCAR34-Charged-1.cif,5.68444901
142-AlAs-As_i_A-POSCAR0-Charged-1.cif,5.68394034
19-ZnS-S_i_B-POSCAR0-Charged-1.cif,5.68120934
19-ZnS-S_i_B-POSCAR1-Charged-1.cif,5.68
137-AlAs-Al_As-POSCAR0-Charged-1.cif,5.6586288
163-GaN-N_i_B-POSCAR2-Charged-1.cif,5.65831067
109-BSb-B_i_A-POSCAR0-Charged-1.cif,5.65567878
163-GaN-N_i_B-POSCAR42-Charged-1.cif,5.64857699
109-BSb-B_i_A-POSCAR1-Charged-1.cif,5.63787421
34-ZnTe-Zn_Te-POSCAR2-Charged-1.cif,5.63212988
142-AlAs-As_i_A-POSCAR1-Charged-1.cif,5.62602888
109-BSb-B_i_A-POSCAR2-Charged-1.cif,5.62409492
34-ZnTe-Zn_Te-POSCAR3-Charged-1.cif,5.62234542
144-AlAs-As_i_neut-POSCAR0-Charged-1.cif,5.6214309
144-AlAs-As_i_neut-POSCAR1-Charged-1.cif,5.61013799
34-ZnTe-Zn_Te-POSCAR4-Charged-1.cif,5.61
109-BSb-B_i_A-POSCAR3-Charged-1.cif,5.61
142-AlAs-As_i_A-POSCAR2-Charged-1.cif,5.60673585
45-CdO-Cd_i_A-POSCAR0-Charged-1.cif,5.6
144-AlAs-As_i_neut-POSCAR8-Charged-1.cif,5.59229176
144-AlAs-As_i_neut-POSCAR7-Charged-1.cif,5.59192678
144-AlAs-As_i_neut-POSCAR15-Charged-1.cif,5.59160651
144-AlAs-As_i_neut-POSCAR9-Charged-1.cif,5.59156212
144-AlAs-As_i_neut-POSCAR14-Charged-1.cif,5.59149375
144-AlAs-As_i_neut-POSCAR16-Charged-1.cif,5.59136213
144-AlAs-As_i_neut-POSCAR10-Charged-1.cif,5.59118871
144-AlAs-As_i_neut-POSCAR12-Charged-1.cif,5.59110404
144-AlAs-As_i_neut-POSCAR17-Charged-1.cif,5.59087883
30-ZnSe-Se_i_neut-POSCAR0-Charged-1.cif,5.59086362
144-AlAs-As_i_neut-POSCAR11-Charged-1.cif,5.59083477
144-AlAs-As_i_neut-POSCAR24-Charged-1.cif,5.59073028
144-AlAs-As_i_neut-POSCAR23-Charged-1.cif,5.59070194
144-AlAs-As_i_neut-POSCAR19-Charged-1.cif,5.59066828
144-AlAs-As_i_neut-POSCAR21-Charged-1.cif,5.59064272
144-AlAs-As_i_neut-POSCAR20-Charged-1.cif,5.59061557
144-AlAs-As_i_neut-POSCAR13-Charged-1.cif,5.59057061
144-AlAs-As_i_neut-POSCAR22-Charged-1.cif,5.59043889
144-AlAs-As_i_neut-POSCAR25-Charged-1.cif,5.5904292
144-AlAs-As_i_neut-POSCAR18-Charged-1.cif,5.59038018
144-AlAs-As_i_neut-POSCAR27-Charged-1.cif,5.59022341
144-AlAs-As_i_neut-POSCAR28-Charged-1.cif,5.59021496
144-AlAs-As_i_neut-POSCAR26-Charged-1.cif,5.59010514
144-AlAs-As_i_neut-POSCAR31-Charged-1.cif,5.59008366
144-AlAs-As_i_neut-POSCAR34-Charged-1.cif,5.59006041
144-AlAs-As_i_neut-POSCAR33-Charged-1.cif,5.5900424
144-AlAs-As_i_neut-POSCAR32-Charged-1.cif,5.59000004
142-AlAs-As_i_A-POSCAR3-Charged-1.cif,5.59
144-AlAs-As_i_neut-POSCAR36-Charged-1.cif,5.59
144-AlAs-As_i_neut-POSCAR29-Charged-1.cif,5.58993263
144-AlAs-As_i_neut-POSCAR30-Charged-1.cif,5.58986691
144-AlAs-As_i_neut-POSCAR35-Charged-1.cif,5.58981628
144-AlAs-As_i_neut-POSCAR2-Charged-1.cif,5.58978051
144-AlAs-As_i_neut-POSCAR4-Charged-1.cif,5.58974572
144-AlAs-As_i_neut-POSCAR3-Charged-1.cif,5.5896978
144-AlAs-As_i_neut-POSCAR6-Charged-1.cif,5.58875971
163-GaN-N_i_B-POSCAR3-Charged-1.cif,5.58779366
144-AlAs-As_i_neut-POSCAR5-Charged-1.cif,5.58718139
137-AlAs-Al_As-POSCAR1-Charged-1.cif,5.58105057
163-GaN-N_i_B-POSCAR44-Charged-1.cif,5.5770151
163-GaN-N_i_B-POSCAR43-Charged-1.cif,5.57613619
163-GaN-N_i_B-POSCAR4-Charged-1.cif,5.56761493
137-AlAs-Al_As-POSCAR2-Charged-1.cif,5.56292131
137-AlAs-Al_As-POSCAR3-Charged-1.cif,5.56
136-AlAs-V_As-POSCAR0-Charged-1.cif,5.54414444
163-GaN-N_i_B-POSCAR45-Charged-1.cif,5.54359349
259-GeC-C_Ge-POSCAR0-Charged-1.cif,5.54240008
259-GeC-C_Ge-POSCAR1-Charged-1.cif,5.54
212-InP-P_i_A-POSCAR0-Charged-1.cif,5.53189943
23-ZnSe-V_Se-POSCAR0-Charged-1.cif,5.53122368
163-GaN-N_i_B-POSCAR5-Charged-1.cif,5.5234893
23-ZnSe-V_Se-POSCAR1-Charged-1.cif,5.51148248
163-GaN-N_i_B-POSCAR32-Charged-1.cif,5.50269505
212-InP-P_i_A-POSCAR1-Charged-1.cif,5.4952631
23-ZnSe-V_Se-POSCAR2-Charged-1.cif,5.48823604
136-AlAs-V_As-POSCAR1-Charged-1.cif,5.48537624
213-InP-P_i_B-POSCAR0-Charged-1.cif,5.48393974
212-InP-P_i_A-POSCAR2-Charged-1.cif,5.48225777
30-ZnSe-Se_i_neut-POSCAR1-Charged-1.cif,5.48185514
23-ZnSe-V_Se-POSCAR3-Charged-1.cif,5.47826491
163-GaN-N_i_B-POSCAR6-Charged-1.cif,5.4703435
181-GaAs-Ga_i_neut-POSCAR0-Charged-1.cif,5.47025733
212-InP-P_i_A-POSCAR3-Charged-1.cif,5.47
163-GaN-N_i_B-POSCAR7-Charged-1.cif,5.46988294
213-InP-P_i_B-POSCAR1-Charged-1.cif,5.46850233
213-InP-P_i_B-POSCAR2-Charged-1.cif,5.46210171
213-InP-P_i_B-POSCAR3-Charged-1.cif,5.46
181-GaAs-Ga_i_neut-POSCAR1-Charged-1.cif,5.45474762
30-ZnSe-Se_i_neut-POSCAR2-Charged-1.cif,5.45124941
181-GaAs-Ga_i_neut-POSCAR2-Charged-1.cif,5.44900251
28-ZnSe-Se_i_A-POSCAR0-Charged-1.cif,5.44745875
153-AlSb-Sb_i_B-POSCAR0-Charged-1.cif,5.4468241
23-ZnSe-V_Se-POSCAR4-Charged-1.cif,5.4461122
136-AlAs-V_As-POSCAR2-Charged-1.cif,5.44503839
181-GaAs-Ga_i_neut-POSCAR3-Charged-1.cif,5.44405695
181-GaAs-Ga_i_neut-POSCAR11-Charged-1.cif,5.44333328
181-GaAs-Ga_i_neut-POSCAR12-Charged-1.cif,5.44293921
181-GaAs-Ga_i_neut-POSCAR10-Charged-1.cif,5.44249788
30-ZnSe-Se_i_neut-POSCAR3-Charged-1.cif,5.44202689
181-GaAs-Ga_i_neut-POSCAR13-Charged-1.cif,5.44170761
181-GaAs-Ga_i_neut-POSCAR9-Charged-1.cif,5.44010594
23-ZnSe-V_Se-POSCAR5-Charged-1.cif,5.44
181-GaAs-Ga_i_neut-POSCAR14-Charged-1.cif,5.44
181-GaAs-Ga_i_neut-POSCAR4-Charged-1.cif,5.43922653
181-GaAs-Ga_i_neut-POSCAR8-Charged-1.cif,5.43911383
181-GaAs-Ga_i_neut-POSCAR7-Charged-1.cif,5.4391066
181-GaAs-Ga_i_neut-POSCAR6-Charged-1.cif,5.43885013
181-GaAs-Ga_i_neut-POSCAR5-Charged-1.cif,5.43654377
163-GaN-N_i_B-POSCAR33-Charged-1.cif,5.4359546
30-ZnSe-Se_i_neut-POSCAR4-Charged-1.cif,5.43422021
30-ZnSe-Se_i_neut-POSCAR5-Charged-1.cif,5.43
38-ZnTe-Te_i_A-POSCAR0-Charged-1.cif,5.42059621
153-AlSb-Sb_i_B-POSCAR1-Charged-1.cif,5.41524883
163-GaN-N_i_B-POSCAR35-Charged-1.cif,5.41428872
163-GaN-N_i_B-POSCAR8-Charged-1.cif,5.41359757
61-CdSe-Cd_i_neut-POSCAR0-Charged-1.cif,5.41
136-AlAs-V_As-POSCAR3-Charged-1.cif,5.40764511
153-AlSb-Sb_i_B-POSCAR2-Charged-1.cif,5.39544202
153-AlSb-Sb_i_B-POSCAR3-Charged-1.cif,5.38882516
136-AlAs-V_As-POSCAR4-Charged-1.cif,5.38408695
163-GaN-N_i_B-POSCAR46-Charged-1.cif,5.380543
153-AlSb-Sb_i_B-POSCAR4-Charged-1.cif,5.38
38-ZnTe-Te_i_A-POSCAR1-Charged-1.cif,5.37099518
136-AlAs-V_As-POSCAR5-Charged-1.cif,5.37
28-ZnSe-Se_i_A-POSCAR1-Charged-1.cif,5.36278676
182-GaAs-As_i_A-POSCAR0-Charged-1.cif,5.35437295
209-InP-In_i_A-POSCAR0-Charged-1.cif,5.35225229
209-InP-In_i_A-POSCAR1-Charged-1.cif,5.35
40-ZnTe-Te_i_neut-POSCAR0-Charged-1.cif,5.34532638
38-ZnTe-Te_i_A-POSCAR2-Charged-1.cif,5.32913163
182-GaAs-As_i_A-POSCAR1-Charged-1.cif,5.32786999
36-ZnTe-Zn_i_B-POSCAR0-Charged-1.cif,5.32558045
36-ZnTe-Zn_i_B-POSCAR1-Charged-1.cif,5.32346892
28-ZnSe-Se_i_A-POSCAR2-Charged-1.cif,5.32043333
36-ZnTe-Zn_i_B-POSCAR2-Charged-1.cif,5.32
182-GaAs-As_i_A-POSCAR2-Charged-1.cif,5.31737649
38-ZnTe-Te_i_A-POSCAR3-Charged-1.cif,5.31658893
182-GaAs-As_i_A-POSCAR3-Charged-1.cif,5.3084786
28-ZnSe-Se_i_A-POSCAR3-Charged-1.cif,5.30447835
182-GaAs-As_i_A-POSCAR4-Charged-1.cif,5.3
210-InP-In_i_B-POSCAR0-Charged-1.cif,5.3
38-ZnTe-Te_i_A-POSCAR4-Charged-1.cif,5.29
40-ZnTe-Te_i_neut-POSCAR1-Charged-1.cif,5.28136245
28-ZnSe-Se_i_A-POSCAR4-Charged-1.cif,5.28
68-CdTe-Cd_Te-POSCAR0-Charged-1.cif,5.28
163-GaN-N_i_B-POSCAR47-Charged-1.cif,5.27630812
108-BSb-Sb_B-POSCAR0-Charged-1.cif,5.26491314
163-GaN-N_i_B-POSCAR9-Charged-1.cif,5.26473858
108-BSb-Sb_B-POSCAR1-Charged-1.cif,5.26112273
108-BSb-Sb_B-POSCAR2-Charged-1.cif,5.26
40-ZnTe-Te_i_neut-POSCAR2-Charged-1.cif,5.25179683
163-GaN-N_i_B-POSCAR10-Charged-1.cif,5.24656541
40-ZnTe-Te_i_neut-POSCAR3-Charged-1.cif,5.2412424
163-GaN-N_i_B-POSCAR48-Charged-1.cif,5.23456082
40-ZnTe-Te_i_neut-POSCAR4-Charged-1.cif,5.23274537
40-ZnTe-Te_i_neut-POSCAR5-Charged-1.cif,5.23
163-GaN-N_i_B-POSCAR30-Charged-1.cif,5.22907002
163-GaN-N_i_B-POSCAR11-Charged-1.cif,5.22602567
163-GaN-N_i_B-POSCAR29-Charged-1.cif,5.22538366
111-BSb-B_i_neut-POSCAR0-Charged-1.cif,5.21252803
163-GaN-N_i_B-POSCAR12-Charged-1.cif,5.21211521
163-GaN-N_i_B-POSCAR15-Charged-1.cif,5.20827575
163-GaN-N_i_B-POSCAR28-Charged-1.cif,5.20785378
163-GaN-N_i_B-POSCAR13-Charged-1.cif,5.20594204
163-GaN-N_i_B-POSCAR16-Charged-1.cif,5.20088512
163-GaN-N_i_B-POSCAR17-Charged-1.cif,5.200277
46-CdO-Cd_i_B-POSCAR0-Charged-1.cif,5.2
163-GaN-N_i_B-POSCAR19-Charged-1.cif,5.19983846
163-GaN-N_i_B-POSCAR26-Charged-1.cif,5.19978805
111-BSb-B_i_neut-POSCAR1-Charged-1.cif,5.19973886
163-GaN-N_i_B-POSCAR18-Charged-1.cif,5.19956459
163-GaN-N_i_B-POSCAR49-Charged-1.cif,5.19870737
163-GaN-N_i_B-POSCAR24-Charged-1.cif,5.19648562
163-GaN-N_i_B-POSCAR25-Charged-1.cif,5.19612556
111-BSb-B_i_neut-POSCAR2-Charged-1.cif,5.19538073
163-GaN-N_i_B-POSCAR20-Charged-1.cif,5.19473113
163-GaN-N_i_B-POSCAR23-Charged-1.cif,5.19397572
163-GaN-N_i_B-POSCAR21-Charged-1.cif,5.19297596
111-BSb-B_i_neut-POSCAR3-Charged-1.cif,5.19100376
111-BSb-B_i_neut-POSCAR4-Charged-1.cif,5.19
163-GaN-N_i_B-POSCAR50-Charged-1.cif,5.18881405
163-GaN-N_i_B-POSCAR22-Charged-1.cif,5.18611331
163-GaN-N_i_B-POSCAR51-Charged-1.cif,5.18595398
163-GaN-N_i_B-POSCAR54-Charged-1.cif,5.18592275
163-GaN-N_i_B-POSCAR55-Charged-1.cif,5.18580855
163-GaN-N_i_B-POSCAR52-Charged-1.cif,5.18544927
163-GaN-N_i_B-POSCAR53-Charged-1.cif,5.18540731
163-GaN-N_i_B-POSCAR56-Charged-1.cif,5.18520942
163-GaN-N_i_B-POSCAR58-Charged-1.cif,5.18425874
163-GaN-N_i_B-POSCAR57-Charged-1.cif,5.1834724
163-GaN-N_i_B-POSCAR59-Charged-1.cif,5.18342015
163-GaN-N_i_B-POSCAR60-Charged-1.cif,5.18328077
163-GaN-N_i_B-POSCAR14-Charged-1.cif,5.18327999
163-GaN-N_i_B-POSCAR61-Charged-1.cif,5.18327751
163-GaN-N_i_B-POSCAR62-Charged-1.cif,5.18207546
163-GaN-N_i_B-POSCAR64-Charged-1.cif,5.18191171
163-GaN-N_i_B-POSCAR63-Charged-1.cif,5.18189783
163-GaN-N_i_B-POSCAR66-Charged-1.cif,5.18158912
163-GaN-N_i_B-POSCAR67-Charged-1.cif,5.1813776
163-GaN-N_i_B-POSCAR65-Charged-1.cif,5.18118288
163-GaN-N_i_B-POSCAR68-Charged-1.cif,5.1811318
163-GaN-N_i_B-POSCAR70-Charged-1.cif,5.18070502
163-GaN-N_i_B-POSCAR69-Charged-1.cif,5.18066562
163-GaN-N_i_B-POSCAR71-Charged-1.cif,5.18051754
163-GaN-N_i_B-POSCAR72-Charged-1.cif,5.18047349
163-GaN-N_i_B-POSCAR73-Charged-1.cif,5.18036076
163-GaN-N_i_B-POSCAR74-Charged-1.cif,5.18009496
163-GaN-N_i_B-POSCAR76-Charged-1.cif,5.18
163-GaN-N_i_B-POSCAR75-Charged-1.cif,5.17993347
33-ZnTe-V_Te-POSCAR0-Charged-1.cif,5.16874369
163-GaN-N_i_B-POSCAR27-Charged-1.cif,5.16420676
98-BAs-As_B-POSCAR0-Charged-1.cif,5.15160117
98-BAs-As_B-POSCAR1-Charged-1.cif,5.15
2-ZnO-O_Zn-POSCAR0-Charged-1.cif,5.13
193-GaSb-Sb_i_B-POSCAR0-Charged-1.cif,5.09301791
193-GaSb-Sb_i_B-POSCAR1-Charged-1.cif,5.08315926
193-GaSb-Sb_i_B-POSCAR2-Charged-1.cif,5.07322975
42-CdO-O_Cd-POSCAR0-Charged-1.cif,5.07
193-GaSb-Sb_i_B-POSCAR3-Charged-1.cif,5.07
285-SiGe-Si_i_B-POSCAR0-Charged-1.cif,5.06345048
285-SiGe-Si_i_B-POSCAR1-Charged-1.cif,5.05674142
60-CdSe-Cd_i_B-POSCAR0-Charged-1.cif,5.05
285-SiGe-Si_i_B-POSCAR2-Charged-1.cif,5.05
59-CdSe-Cd_i_A-POSCAR0-Charged-1.cif,5.03
152-AlSb-Sb_i_A-POSCAR0-Charged-1.cif,5.02037185
184-GaAs-As_i_neut-POSCAR0-Charged-1.cif,5.0196806
33-ZnTe-V_Te-POSCAR1-Charged-1.cif,5.01900715
249-SiC-C_Si-POSCAR0-Charged-1.cif,5.00046379
249-SiC-C_Si-POSCAR1-Charged-1.cif,5
184-GaAs-As_i_neut-POSCAR1-Charged-1.cif,4.99534292
152-AlSb-Sb_i_A-POSCAR1-Charged-1.cif,4.99131971
184-GaAs-As_i_neut-POSCAR2-Charged-1.cif,4.97605096
152-AlSb-Sb_i_A-POSCAR2-Charged-1.cif,4.97217202
152-AlSb-Sb_i_A-POSCAR3-Charged-1.cif,4.96351557
184-GaAs-As_i_neut-POSCAR3-Charged-1.cif,4.96336805
184-GaAs-As_i_neut-POSCAR4-Charged-1.cif,4.96048226
184-GaAs-As_i_neut-POSCAR5-Charged-1.cif,4.95394096
184-GaAs-As_i_neut-POSCAR6-Charged-1.cif,4.95089188
152-AlSb-Sb_i_A-POSCAR4-Charged-1.cif,4.95
184-GaAs-As_i_neut-POSCAR7-Charged-1.cif,4.9472863
184-GaAs-As_i_neut-POSCAR8-Charged-1.cif,4.94406324
184-GaAs-As_i_neut-POSCAR9-Charged-1.cif,4.94112042
184-GaAs-As_i_neut-POSCAR10-Charged-1.cif,4.94
9-ZnO-O_i_B-POSCAR39-Charged-1.cif,4.92964541
282-SiGe-Ge_i_B-POSCAR0-Charged-1.cif,4.92702164
282-SiGe-Ge_i_B-POSCAR1-Charged-1.cif,4.91954051
151-AlSb-Al_i_neut-POSCAR9-Charged-1.cif,4.91539776
151-AlSb-Al_i_neut-POSCAR10-Charged-1.cif,4.91393035
282-SiGe-Ge_i_B-POSCAR2-Charged-1.cif,4.91392087
151-AlSb-Al_i_neut-POSCAR8-Charged-1.cif,4.91346462
151-AlSb-Al_i_neut-POSCAR11-Charged-1.cif,4.91089414
151-AlSb-Al_i_neut-POSCAR22-Charged-1.cif,4.91
282-SiGe-Ge_i_B-POSCAR3-Charged-1.cif,4.91
151-AlSb-Al_i_neut-POSCAR21-Charged-1.cif,4.90960711
151-AlSb-Al_i_neut-POSCAR12-Charged-1.cif,4.90882144
151-AlSb-Al_i_neut-POSCAR20-Charged-1.cif,4.90879572
9-ZnO-O_i_B-POSCAR0-Charged-1.cif,4.90860145
151-AlSb-Al_i_neut-POSCAR7-Charged-1.cif,4.90717989
151-AlSb-Al_i_neut-POSCAR19-Charged-1.cif,4.90655498
151-AlSb-Al_i_neut-POSCAR13-Charged-1.cif,4.90612287
151-AlSb-Al_i_neut-POSCAR18-Charged-1.cif,4.9059981
151-AlSb-Al_i_neut-POSCAR14-Charged-1.cif,4.90575829
151-AlSb-Al_i_neut-POSCAR0-Charged-1.cif,4.90545737
151-AlSb-Al_i_neut-POSCAR16-Charged-1.cif,4.90389935
151-AlSb-Al_i_neut-POSCAR17-Charged-1.cif,4.9023983
151-AlSb-Al_i_neut-POSCAR15-Charged-1.cif,4.90177714
9-ZnO-O_i_B-POSCAR4-Charged-1.cif,4.90134543
71-CdTe-Cd_i_neut-POSCAR0-Charged-1.cif,4.9
151-AlSb-Al_i_neut-POSCAR1-Charged-1.cif,4.89772713
9-ZnO-O_i_B-POSCAR1-Charged-1.cif,4.89772489
151-AlSb-Al_i_neut-POSCAR6-Charged-1.cif,4.89566006
9-ZnO-O_i_B-POSCAR2-Charged-1.cif,4.89507959
9-ZnO-O_i_B-POSCAR8-Charged-1.cif,4.89389901
151-AlSb-Al_i_neut-POSCAR2-Charged-1.cif,4.89139407
151-AlSb-Al_i_neut-POSCAR5-Charged-1.cif,4.88993801
9-ZnO-O_i_B-POSCAR5-Charged-1.cif,4.88751598
151-AlSb-Al_i_neut-POSCAR3-Charged-1.cif,4.88745671
151-AlSb-Al_i_neut-POSCAR4-Charged-1.cif,4.88492302
9-ZnO-O_i_B-POSCAR12-Charged-1.cif,4.8843867
9-ZnO-O_i_B-POSCAR6-Charged-1.cif,4.88426783
9-ZnO-O_i_B-POSCAR44-Charged-1.cif,4.88200781
9-ZnO-O_i_B-POSCAR3-Charged-1.cif,4.88164515
9-ZnO-O_i_B-POSCAR9-Charged-1.cif,4.88086953
9-ZnO-O_i_B-POSCAR43-Charged-1.cif,4.87765042
239-Si-Si_i_A-POSCAR0-Charged-1.cif,4.87656904
9-ZnO-O_i_B-POSCAR10-Charged-1.cif,4.87641696
9-ZnO-O_i_B-POSCAR45-Charged-1.cif,4.87300634
239-Si-Si_i_A-POSCAR1-Charged-1.cif,4.87284649
9-ZnO-O_i_B-POSCAR13-Charged-1.cif,4.87272572
9-ZnO-O_i_B-POSCAR16-Charged-1.cif,4.87212638
9-ZnO-O_i_B-POSCAR7-Charged-1.cif,4.87080622
9-ZnO-O_i_B-POSCAR42-Charged-1.cif,4.8706602
239-Si-Si_i_A-POSCAR2-Charged-1.cif,4.87
9-ZnO-O_i_B-POSCAR14-Charged-1.cif,4.86679562
9-ZnO-O_i_B-POSCAR41-Charged-1.cif,4.86653722
9-ZnO-O_i_B-POSCAR11-Charged-1.cif,4.86268864
9-ZnO-O_i_B-POSCAR17-Charged-1.cif,4.8614256
9-ZnO-O_i_B-POSCAR46-Charged-1.cif,4.85954218
9-ZnO-O_i_B-POSCAR20-Charged-1.cif,4.85832808
9-ZnO-O_i_B-POSCAR18-Charged-1.cif,4.85407783
9-ZnO-O_i_B-POSCAR40-Charged-1.cif,4.85361528
9-ZnO-O_i_B-POSCAR15-Charged-1.cif,4.8528517
9-ZnO-O_i_B-POSCAR47-Charged-1.cif,4.85164828
9-ZnO-O_i_B-POSCAR21-Charged-1.cif,4.84779927
33-ZnTe-V_Te-POSCAR2-Charged-1.cif,4.8434322
9-ZnO-O_i_B-POSCAR24-Charged-1.cif,4.84248553
9-ZnO-O_i_B-POSCAR19-Charged-1.cif,4.83981274
9-ZnO-O_i_B-POSCAR22-Charged-1.cif,4.83941041
9-ZnO-O_i_B-POSCAR48-Charged-1.cif,4.83915373
9-ZnO-O_i_B-POSCAR49-Charged-1.cif,4.82950944
9-ZnO-O_i_B-POSCAR50-Charged-1.cif,4.82827336
9-ZnO-O_i_B-POSCAR25-Charged-1.cif,4.82771529
9-ZnO-O_i_B-POSCAR51-Charged-1.cif,4.82672204
9-ZnO-O_i_B-POSCAR23-Charged-1.cif,4.82455638
214-InP-P_i_neut-POSCAR0-Charged-1.cif,4.82454047
9-ZnO-O_i_B-POSCAR52-Charged-1.cif,4.82394953
9-ZnO-O_i_B-POSCAR68-Charged-1.cif,4.82245729
9-ZnO-O_i_B-POSCAR67-Charged-1.cif,4.82227278
9-ZnO-O_i_B-POSCAR69-Charged-1.cif,4.82193982
9-ZnO-O_i_B-POSCAR28-Charged-1.cif,4.82152377
9-ZnO-O_i_B-POSCAR70-Charged-1.cif,4.82109403
9-ZnO-O_i_B-POSCAR26-Charged-1.cif,4.8209533
9-ZnO-O_i_B-POSCAR53-Charged-1.cif,4.82062791
9-ZnO-O_i_B-POSCAR76-Charged-1.cif,4.82
214-InP-P_i_neut-POSCAR1-Charged-1.cif,4.82
9-ZnO-O_i_B-POSCAR66-Charged-1.cif,4.81940133
9-ZnO-O_i_B-POSCAR71-Charged-1.cif,4.81891811
9-ZnO-O_i_B-POSCAR75-Charged-1.cif,4.8188359
9-ZnO-O_i_B-POSCAR54-Charged-1.cif,4.81871023
9-ZnO-O_i_B-POSCAR65-Charged-1.cif,4.81843828
9-ZnO-O_i_B-POSCAR72-Charged-1.cif,4.81787749
9-ZnO-O_i_B-POSCAR61-Charged-1.cif,4.81787446
9-ZnO-O_i_B-POSCAR73-Charged-1.cif,4.81777358
9-ZnO-O_i_B-POSCAR74-Charged-1.cif,4.81752682
9-ZnO-O_i_B-POSCAR55-Charged-1.cif,4.81580042
9-ZnO-O_i_B-POSCAR62-Charged-1.cif,4.81575073
9-ZnO-O_i_B-POSCAR63-Charged-1.cif,4.81553598
9-ZnO-O_i_B-POSCAR64-Charged-1.cif,4.81540709
9-ZnO-O_i_B-POSCAR56-Charged-1.cif,4.81386578
9-ZnO-O_i_B-POSCAR57-Charged-1.cif,4.81357055
9-ZnO-O_i_B-POSCAR58-Charged-1.cif,4.81327912
9-ZnO-O_i_B-POSCAR59-Charged-1.cif,4.81260246
9-ZnO-O_i_B-POSCAR60-Charged-1.cif,4.81211222
33-ZnTe-V_Te-POSCAR3-Charged-1.cif,4.81038589
9-ZnO-O_i_B-POSCAR27-Charged-1.cif,4.80457384
9-ZnO-O_i_B-POSCAR29-Charged-1.cif,4.80401221
37-ZnTe-Zn_i_neut-POSCAR0-Charged-1.cif,4.80167134
37-ZnTe-Zn_i_neut-POSCAR1-Charged-1.cif,4.8
9-ZnO-O_i_B-POSCAR30-Charged-1.cif,4.79813675
9-ZnO-O_i_B-POSCAR38-Charged-1.cif,4.79369214
9-ZnO-O_i_B-POSCAR32-Charged-1.cif,4.79256476
9-ZnO-O_i_B-POSCAR31-Charged-1.cif,4.78005564
9-ZnO-O_i_B-POSCAR33-Charged-1.cif,4.77391092
9-ZnO-O_i_B-POSCAR34-Charged-1.cif,4.76912602
33-ZnTe-V_Te-POSCAR4-Charged-1.cif,4.76364545
33-ZnTe-V_Te-POSCAR5-Charged-1.cif,4.75486394
9-ZnO-O_i_B-POSCAR36-Charged-1.cif,4.75273628
9-ZnO-O_i_B-POSCAR35-Charged-1.cif,4.75003807
35-ZnTe-Zn_i_A-POSCAR0-Charged-1.cif,4.74594854
35-ZnTe-Zn_i_A-POSCAR1-Charged-1.cif,4.74367052
33-ZnTe-V_Te-POSCAR6-Charged-1.cif,4.74
35-ZnTe-Zn_i_A-POSCAR2-Charged-1.cif,4.74
221-InAs-In_i_neut-POSCAR5-Charged-1.cif,4.74
221-InAs-In_i_neut-POSCAR0-Charged-1.cif,4.73827185
221-InAs-In_i_neut-POSCAR1-Charged-1.cif,4.73609911
221-InAs-In_i_neut-POSCAR4-Charged-1.cif,4.73531866
221-InAs-In_i_neut-POSCAR3-Charged-1.cif,4.7338901
221-InAs-In_i_neut-POSCAR2-Charged-1.cif,4.73387629
180-GaAs-Ga_i_B-POSCAR0-Charged-1.cif,4.73303216
180-GaAs-Ga_i_B-POSCAR1-Charged-1.cif,4.73
240-Si-Si_i_neut-POSCAR0-Charged-1.cif,4.72
163-GaN-N_i_B-POSCAR31-Charged-1.cif,4.71651311
52-CdS-S_Cd-POSCAR0-Charged-1.cif,4.7
9-ZnO-O_i_B-POSCAR37-Charged-1.cif,4.69472446
150-AlSb-Al_i_B-POSCAR0-Charged-1.cif,4.68425682
150-AlSb-Al_i_B-POSCAR1-Charged-1.cif,4.68253585
150-AlSb-Al_i_B-POSCAR2-Charged-1.cif,4.68
122-AlN-N_i_A-POSCAR0-Charged-1.cif,4.67974593
283-SiGe-Ge_i_neut-POSCAR0-Charged-1.cif,4.66305658
283-SiGe-Ge_i_neut-POSCAR1-Charged-1.cif,4.6610452
283-SiGe-Ge_i_neut-POSCAR2-Charged-1.cif,4.66
281-SiGe-Ge_i_A-POSCAR0-Charged-1.cif,4.62309316
284-SiGe-Si_i_A-POSCAR0-Charged-1.cif,4.62036102
73-CdTe-Te_i_B-POSCAR0-Charged-1.cif,4.62
281-SiGe-Ge_i_A-POSCAR1-Charged-1.cif,4.62
284-SiGe-Si_i_A-POSCAR1-Charged-1.cif,4.61346945
284-SiGe-Si_i_A-POSCAR2-Charged-1.cif,4.61
166-GaP-V_P-POSCAR0-Charged-1.cif,4.59464381
292-SiSn-Sn_i_B-POSCAR0-Charged-1.cif,4.5613812
122-AlN-N_i_A-POSCAR1-Charged-1.cif,4.55883105
292-SiSn-Sn_i_B-POSCAR1-Charged-1.cif,4.55652279
70-CdTe-Cd_i_B-POSCAR0-Charged-1.cif,4.55
292-SiSn-Sn_i_B-POSCAR2-Charged-1.cif,4.55
192-GaSb-Ab_i_A-POSCAR0-Charged-1.cif,4.54378416
286-SiGe-Si_i_neut-POSCAR0-Charged-1.cif,4.5436324
286-SiGe-Si_i_neut-POSCAR1-Charged-1.cif,4.5414962
286-SiGe-Si_i_neut-POSCAR2-Charged-1.cif,4.54105674
88-BP-P_B-POSCAR0-Charged-1.cif,4.54073163
22-ZnSe-Se_Zn-POSCAR0-Charged-1.cif,4.54011506
192-GaSb-Ab_i_A-POSCAR1-Charged-1.cif,4.54
286-SiGe-Si_i_neut-POSCAR3-Charged-1.cif,4.54
166-GaP-V_P-POSCAR1-Charged-1.cif,4.5336079
293-SiSn-Sn_i_neut-POSCAR0-Charged-1.cif,4.52413588
88-BP-P_B-POSCAR1-Charged-1.cif,4.52222693
293-SiSn-Sn_i_neut-POSCAR1-Charged-1.cif,4.52184004
293-SiSn-Sn_i_neut-POSCAR2-Charged-1.cif,4.52006418
88-BP-P_B-POSCAR2-Charged-1.cif,4.52
293-SiSn-Sn_i_neut-POSCAR3-Charged-1.cif,4.51725424
293-SiSn-Sn_i_neut-POSCAR4-Charged-1.cif,4.51395866
293-SiSn-Sn_i_neut-POSCAR29-Charged-1.cif,4.51
293-SiSn-Sn_i_neut-POSCAR5-Charged-1.cif,4.5099498
293-SiSn-Sn_i_neut-POSCAR6-Charged-1.cif,4.50815292
293-SiSn-Sn_i_neut-POSCAR28-Charged-1.cif,4.50754236
293-SiSn-Sn_i_neut-POSCAR9-Charged-1.cif,4.50682598
293-SiSn-Sn_i_neut-POSCAR7-Charged-1.cif,4.50674012
293-SiSn-Sn_i_neut-POSCAR10-Charged-1.cif,4.50647789
293-SiSn-Sn_i_neut-POSCAR8-Charged-1.cif,4.50644042
293-SiSn-Sn_i_neut-POSCAR11-Charged-1.cif,4.50437702
293-SiSn-Sn_i_neut-POSCAR13-Charged-1.cif,4.50436521
293-SiSn-Sn_i_neut-POSCAR12-Charged-1.cif,4.50424433
293-SiSn-Sn_i_neut-POSCAR15-Charged-1.cif,4.50386963
293-SiSn-Sn_i_neut-POSCAR14-Charged-1.cif,4.50381789
293-SiSn-Sn_i_neut-POSCAR27-Charged-1.cif,4.5036706
293-SiSn-Sn_i_neut-POSCAR17-Charged-1.cif,4.5032066
293-SiSn-Sn_i_neut-POSCAR16-Charged-1.cif,4.50294579
293-SiSn-Sn_i_neut-POSCAR19-Charged-1.cif,4.5026832
293-SiSn-Sn_i_neut-POSCAR18-Charged-1.cif,4.50235855
293-SiSn-Sn_i_neut-POSCAR26-Charged-1.cif,4.50218507
293-SiSn-Sn_i_neut-POSCAR21-Charged-1.cif,4.5018017
293-SiSn-Sn_i_neut-POSCAR20-Charged-1.cif,4.50167747
293-SiSn-Sn_i_neut-POSCAR24-Charged-1.cif,4.50107816
293-SiSn-Sn_i_neut-POSCAR22-Charged-1.cif,4.50102956
293-SiSn-Sn_i_neut-POSCAR23-Charged-1.cif,4.5007064
293-SiSn-Sn_i_neut-POSCAR25-Charged-1.cif,4.50051909
166-GaP-V_P-POSCAR2-Charged-1.cif,4.49900583
22-ZnSe-Se_Zn-POSCAR1-Charged-1.cif,4.47033078
166-GaP-V_P-POSCAR3-Charged-1.cif,4.45992317
12-ZnS-S_Zn-POSCAR0-Charged-1.cif,4.45470425
179-GaAs-Ga_i_A-POSCAR0-Charged-1.cif,4.45249269
179-GaAs-Ga_i_A-POSCAR1-Charged-1.cif,4.45
166-GaP-V_P-POSCAR4-Charged-1.cif,4.43844878
22-ZnSe-Se_Zn-POSCAR2-Charged-1.cif,4.43008728
166-GaP-V_P-POSCAR5-Charged-1.cif,4.43
22-ZnSe-Se_Zn-POSCAR3-Charged-1.cif,4.42504448
22-ZnSe-Se_Zn-POSCAR4-Charged-1.cif,4.42
63-CdSe-Se_i_B-POSCAR0-Charged-1.cif,4.42
125-AlP-V_Al-POSCAR0-Charged-1.cif,4.41681998
53-CdS-V_S-POSCAR0-Charged-1.cif,4.41
223-InAs-As_i_B-POSCAR0-Charged-1.cif,4.37878439
258-GeC-V_C-POSCAR0-Charged-1.cif,4.37838287
223-InAs-As_i_B-POSCAR1-Charged-1.cif,4.37352881
223-InAs-As_i_B-POSCAR2-Charged-1.cif,4.37
125-AlP-V_Al-POSCAR1-Charged-1.cif,4.36919388
194-GaSb-Sb_i_neut-POSCAR0-Charged-1.cif,4.36301246
125-AlP-V_Al-POSCAR2-Charged-1.cif,4.35852077
194-GaSb-Sb_i_neut-POSCAR1-Charged-1.cif,4.35723069
125-AlP-V_Al-POSCAR3-Charged-1.cif,4.35269589
194-GaSb-Sb_i_neut-POSCAR2-Charged-1.cif,4.3521627
146-AlSb-V_Sb-POSCAR0-Charged-1.cif,4.35214945
194-GaSb-Sb_i_neut-POSCAR3-Charged-1.cif,4.35
125-AlP-V_Al-POSCAR4-Charged-1.cif,4.34583656
32-ZnTe-Te_Zn-POSCAR0-Charged-1.cif,4.34350165
125-AlP-V_Al-POSCAR5-Charged-1.cif,4.34
146-AlSb-V_Sb-POSCAR1-Charged-1.cif,4.32364305
295-SiSn-Si_i_B-POSCAR0-Charged-1.cif,4.32232166
69-CdTe-Cd_i_A-POSCAR0-Charged-1.cif,4.32
295-SiSn-Si_i_B-POSCAR1-Charged-1.cif,4.32
32-ZnTe-Te_Zn-POSCAR1-Charged-1.cif,4.30935028
74-CdTe-Te_i_neut-POSCAR0-Charged-1.cif,4.3
12-ZnS-S_Zn-POSCAR1-Charged-1.cif,4.29838439
146-AlSb-V_Sb-POSCAR2-Charged-1.cif,4.29736948
122-AlN-N_i_A-POSCAR2-Charged-1.cif,4.29558892
146-AlSb-V_Sb-POSCAR3-Charged-1.cif,4.28421947
32-ZnTe-Te_Zn-POSCAR2-Charged-1.cif,4.281798
222-InAs-As_i_A-POSCAR0-Charged-1.cif,4.28169444
32-ZnTe-Te_Zn-POSCAR3-Charged-1.cif,4.28
258-GeC-V_C-POSCAR1-Charged-1.cif,4.27328337
222-InAs-As_i_A-POSCAR1-Charged-1.cif,4.26607822
122-AlN-N_i_A-POSCAR3-Charged-1.cif,4.26306296
222-InAs-As_i_A-POSCAR2-Charged-1.cif,4.26
146-AlSb-V_Sb-POSCAR4-Charged-1.cif,4.25782704
122-AlN-N_i_A-POSCAR4-Charged-1.cif,4.24866002
122-AlN-N_i_A-POSCAR8-Charged-1.cif,4.24769184
122-AlN-N_i_A-POSCAR9-Charged-1.cif,4.24430244
258-GeC-V_C-POSCAR2-Charged-1.cif,4.24168529
122-AlN-N_i_A-POSCAR10-Charged-1.cif,4.24098297
122-AlN-N_i_A-POSCAR13-Charged-1.cif,4.24065802
122-AlN-N_i_A-POSCAR12-Charged-1.cif,4.24036944
122-AlN-N_i_A-POSCAR15-Charged-1.cif,4.24
122-AlN-N_i_A-POSCAR14-Charged-1.cif,4.2397996
122-AlN-N_i_A-POSCAR11-Charged-1.cif,4.23958657
146-AlSb-V_Sb-POSCAR5-Charged-1.cif,4.2393076
122-AlN-N_i_A-POSCAR5-Charged-1.cif,4.23483383
258-GeC-V_C-POSCAR3-Charged-1.cif,4.23334375
122-AlN-N_i_A-POSCAR7-Charged-1.cif,4.23174638
258-GeC-V_C-POSCAR4-Charged-1.cif,4.23
122-AlN-N_i_A-POSCAR6-Charged-1.cif,4.229231
12-ZnS-S_Zn-POSCAR2-Charged-1.cif,4.22895409
162-GaN-N_i_A-POSCAR0-Charged-1.cif,4.22574085
8-ZnO-O_i_A-POSCAR0-Charged-1.cif,4.22
146-AlSb-V_Sb-POSCAR6-Charged-1.cif,4.22
57-CdSe-V_Se-POSCAR0-Charged-1.cif,4.21
64-CdSe-Se_i_neut-POSCAR0-Charged-1.cif,4.21
12-ZnS-S_Zn-POSCAR3-Charged-1.cif,4.1909252
10-ZnO-O_i_neut-POSCAR0-Charged-1.cif,4.19
72-CdTe-Te_i_A-POSCAR0-Charged-1.cif,4.18
164-GaN-N_i_neut-POSCAR0-Charged-1.cif,4.16688132
12-ZnS-S_Zn-POSCAR4-Charged-1.cif,4.1479177
12-ZnS-S_Zn-POSCAR5-Charged-1.cif,4.12648981
87-BP-B_P-POSCAR0-Charged-1.cif,4.12243564
167-GaP-Ga_P-POSCAR0-Charged-1.cif,4.120758
87-BP-B_P-POSCAR1-Charged-1.cif,4.11205555
87-BP-B_P-POSCAR2-Charged-1.cif,4.11
291-SiSn-Sn_i_A-POSCAR0-Charged-1.cif,4.10609484
12-ZnS-S_Zn-POSCAR6-Charged-1.cif,4.10334163
291-SiSn-Sn_i_A-POSCAR1-Charged-1.cif,4.1
12-ZnS-S_Zn-POSCAR7-Charged-1.cif,4.09238974
12-ZnS-S_Zn-POSCAR8-Charged-1.cif,4.08120915
12-ZnS-S_Zn-POSCAR15-Charged-1.cif,4.07617689
12-ZnS-S_Zn-POSCAR14-Charged-1.cif,4.07504065
12-ZnS-S_Zn-POSCAR16-Charged-1.cif,4.07442377
12-ZnS-S_Zn-POSCAR9-Charged-1.cif,4.07400938
12-ZnS-S_Zn-POSCAR13-Charged-1.cif,4.07299552
12-ZnS-S_Zn-POSCAR17-Charged-1.cif,4.07121289
162-GaN-N_i_A-POSCAR1-Charged-1.cif,4.07108821
12-ZnS-S_Zn-POSCAR11-Charged-1.cif,4.07053212
149-AlSb-Al_i_A-POSCAR0-Charged-1.cif,4.07
12-ZnS-S_Zn-POSCAR23-Charged-1.cif,4.06921757
12-ZnS-S_Zn-POSCAR10-Charged-1.cif,4.06880734
12-ZnS-S_Zn-POSCAR24-Charged-1.cif,4.06869783
12-ZnS-S_Zn-POSCAR12-Charged-1.cif,4.06847222
12-ZnS-S_Zn-POSCAR18-Charged-1.cif,4.06838915
12-ZnS-S_Zn-POSCAR22-Charged-1.cif,4.06775615
12-ZnS-S_Zn-POSCAR21-Charged-1.cif,4.06698813
12-ZnS-S_Zn-POSCAR25-Charged-1.cif,4.06677379
12-ZnS-S_Zn-POSCAR19-Charged-1.cif,4.06665139
12-ZnS-S_Zn-POSCAR20-Charged-1.cif,4.06533348
12-ZnS-S_Zn-POSCAR28-Charged-1.cif,4.06435115
12-ZnS-S_Zn-POSCAR26-Charged-1.cif,4.06403912
167-GaP-Ga_P-POSCAR1-Charged-1.cif,4.06359245
12-ZnS-S_Zn-POSCAR27-Charged-1.cif,4.0634725
12-ZnS-S_Zn-POSCAR29-Charged-1.cif,4.0628988
12-ZnS-S_Zn-POSCAR32-Charged-1.cif,4.06176357
12-ZnS-S_Zn-POSCAR30-Charged-1.cif,4.06146999
12-ZnS-S_Zn-POSCAR33-Charged-1.cif,4.06135375
12-ZnS-S_Zn-POSCAR31-Charged-1.cif,4.06130855
12-ZnS-S_Zn-POSCAR34-Charged-1.cif,4.06
167-GaP-Ga_P-POSCAR2-Charged-1.cif,4.05272346
167-GaP-Ga_P-POSCAR3-Charged-1.cif,4.05
164-GaN-N_i_neut-POSCAR1-Charged-1.cif,4.0342306
162-GaN-N_i_A-POSCAR2-Charged-1.cif,3.98574014
162-GaN-N_i_A-POSCAR3-Charged-1.cif,3.95721838
260-GeC-Ge_C-POSCAR0-Charged-1.cif,3.95464643
260-GeC-Ge_C-POSCAR1-Charged-1.cif,3.95116874
162-GaN-N_i_A-POSCAR5-Charged-1.cif,3.95095465
62-CdSe-Se_i_A-POSCAR0-Charged-1.cif,3.95
260-GeC-Ge_C-POSCAR2-Charged-1.cif,3.95
162-GaN-N_i_A-POSCAR4-Charged-1.cif,3.94516328
162-GaN-N_i_A-POSCAR6-Charged-1.cif,3.94195917
162-GaN-N_i_A-POSCAR7-Charged-1.cif,3.93658069
162-GaN-N_i_A-POSCAR11-Charged-1.cif,3.92655906
162-GaN-N_i_A-POSCAR9-Charged-1.cif,3.92596226
162-GaN-N_i_A-POSCAR10-Charged-1.cif,3.92588813
162-GaN-N_i_A-POSCAR8-Charged-1.cif,3.92545206
233-InSb-Sb_i_B-POSCAR0-Charged-1.cif,3.91549211
205-InP-V_In-POSCAR0-Charged-1.cif,3.90733788
233-InSb-Sb_i_B-POSCAR1-Charged-1.cif,3.90715913
162-GaN-N_i_A-POSCAR12-Charged-1.cif,3.90598479
205-InP-V_In-POSCAR1-Charged-1.cif,3.90016593
233-InSb-Sb_i_B-POSCAR2-Charged-1.cif,3.9
162-GaN-N_i_A-POSCAR13-Charged-1.cif,3.89807939
205-InP-V_In-POSCAR2-Charged-1.cif,3.89552693
205-InP-V_In-POSCAR3-Charged-1.cif,3.89274321
162-GaN-N_i_A-POSCAR14-Charged-1.cif,3.89173534
162-GaN-N_i_A-POSCAR15-Charged-1.cif,3.89055122
162-GaN-N_i_A-POSCAR16-Charged-1.cif,3.89040938
162-GaN-N_i_A-POSCAR17-Charged-1.cif,3.89038761
162-GaN-N_i_A-POSCAR18-Charged-1.cif,3.89
205-InP-V_In-POSCAR4-Charged-1.cif,3.88705413
205-InP-V_In-POSCAR5-Charged-1.cif,3.88
243-Ge-Ge_i_neut-POSCAR0-Charged-1.cif,3.86347955
238-Si-V_Si-POSCAR0-Charged-1.cif,3.8575574
243-Ge-Ge_i_neut-POSCAR1-Charged-1.cif,3.85642807
243-Ge-Ge_i_neut-POSCAR2-Charged-1.cif,3.85347216
243-Ge-Ge_i_neut-POSCAR3-Charged-1.cif,3.85
67-CdTe-V_Te-POSCAR0-Charged-1.cif,3.84
220-InAs-In_i_B-POSCAR0-Charged-1.cif,3.83
164-GaN-N_i_neut-POSCAR2-Charged-1.cif,3.82999175
219-InAs-In_i_A-POSCAR0-Charged-1.cif,3.82659921
219-InAs-In_i_A-POSCAR1-Charged-1.cif,3.82389327
238-Si-V_Si-POSCAR1-Charged-1.cif,3.8231752
219-InAs-In_i_A-POSCAR2-Charged-1.cif,3.82
238-Si-V_Si-POSCAR2-Charged-1.cif,3.81020703
207-InP-In_P-POSCAR0-Charged-1.cif,3.80735069
85-BP-V_B-POSCAR0-Charged-1.cif,3.80665659
224-InAs-As_i_neut-POSCAR0-Charged-1.cif,3.80331972
224-InAs-As_i_neut-POSCAR1-Charged-1.cif,3.8
238-Si-V_Si-POSCAR3-Charged-1.cif,3.79641424
242-Ge-Ge_i_A-POSCAR0-Charged-1.cif,3.79205788
242-Ge-Ge_i_A-POSCAR1-Charged-1.cif,3.79
85-BP-V_B-POSCAR1-Charged-1.cif,3.78547179
85-BP-V_B-POSCAR2-Charged-1.cif,3.78112689
238-Si-V_Si-POSCAR4-Charged-1.cif,3.78030533
85-BP-V_B-POSCAR3-Charged-1.cif,3.78
303-GeSn-Sn_i_neut-POSCAR0-Charged-1.cif,3.77993239
303-GeSn-Sn_i_neut-POSCAR1-Charged-1.cif,3.76583044
238-Si-V_Si-POSCAR5-Charged-1.cif,3.76
303-GeSn-Sn_i_neut-POSCAR2-Charged-1.cif,3.75611329
164-GaN-N_i_neut-POSCAR3-Charged-1.cif,3.75482662
303-GeSn-Sn_i_neut-POSCAR3-Charged-1.cif,3.75099777
303-GeSn-Sn_i_neut-POSCAR4-Charged-1.cif,3.73897345
207-InP-In_P-POSCAR1-Charged-1.cif,3.73838369
303-GeSn-Sn_i_neut-POSCAR5-Charged-1.cif,3.73040578
303-GeSn-Sn_i_neut-POSCAR6-Charged-1.cif,3.72259338
176-GaAs-V_As-POSCAR0-Charged-1.cif,3.7223162
56-CdSe-Se_Cd-POSCAR0-Charged-1.cif,3.72
165-GaP-V_Ga-POSCAR0-Charged-1.cif,3.71901016
303-GeSn-Sn_i_neut-POSCAR7-Charged-1.cif,3.7172813
164-GaN-N_i_neut-POSCAR4-Charged-1.cif,3.71727024
207-InP-In_P-POSCAR2-Charged-1.cif,3.71445369
232-InSb-Ab_i_A-POSCAR0-Charged-1.cif,3.71403789
303-GeSn-Sn_i_neut-POSCAR8-Charged-1.cif,3.71075937
207-InP-In_P-POSCAR3-Charged-1.cif,3.71
232-InSb-Ab_i_A-POSCAR1-Charged-1.cif,3.71
165-GaP-V_Ga-POSCAR1-Charged-1.cif,3.70967423
303-GeSn-Sn_i_neut-POSCAR9-Charged-1.cif,3.70666767
165-GaP-V_Ga-POSCAR2-Charged-1.cif,3.70526298
303-GeSn-Sn_i_neut-POSCAR10-Charged-1.cif,3.70247366
165-GaP-V_Ga-POSCAR3-Charged-1.cif,3.70214023
303-GeSn-Sn_i_neut-POSCAR11-Charged-1.cif,3.70011754
165-GaP-V_Ga-POSCAR4-Charged-1.cif,3.7
303-GeSn-Sn_i_neut-POSCAR12-Charged-1.cif,3.69615567
303-GeSn-Sn_i_neut-POSCAR13-Charged-1.cif,3.69424018
128-AlP-P_Al-POSCAR0-Charged-1.cif,3.69195906
303-GeSn-Sn_i_neut-POSCAR30-Charged-1.cif,3.69058243
303-GeSn-Sn_i_neut-POSCAR31-Charged-1.cif,3.69056129
128-AlP-P_Al-POSCAR1-Charged-1.cif,3.69
303-GeSn-Sn_i_neut-POSCAR32-Charged-1.cif,3.69
303-GeSn-Sn_i_neut-POSCAR29-Charged-1.cif,3.68946477
303-GeSn-Sn_i_neut-POSCAR28-Charged-1.cif,3.68916644
303-GeSn-Sn_i_neut-POSCAR21-Charged-1.cif,3.68907899
303-GeSn-Sn_i_neut-POSCAR22-Charged-1.cif,3.6890583
303-GeSn-Sn_i_neut-POSCAR23-Charged-1.cif,3.68864922
303-GeSn-Sn_i_neut-POSCAR24-Charged-1.cif,3.68849825
303-GeSn-Sn_i_neut-POSCAR26-Charged-1.cif,3.68829485
303-GeSn-Sn_i_neut-POSCAR25-Charged-1.cif,3.68825433
303-GeSn-Sn_i_neut-POSCAR20-Charged-1.cif,3.68821456
303-GeSn-Sn_i_neut-POSCAR15-Charged-1.cif,3.68804881
303-GeSn-Sn_i_neut-POSCAR14-Charged-1.cif,3.68802264
303-GeSn-Sn_i_neut-POSCAR27-Charged-1.cif,3.68786733
303-GeSn-Sn_i_neut-POSCAR16-Charged-1.cif,3.68779087
303-GeSn-Sn_i_neut-POSCAR19-Charged-1.cif,3.68766471
303-GeSn-Sn_i_neut-POSCAR17-Charged-1.cif,3.68730447
303-GeSn-Sn_i_neut-POSCAR18-Charged-1.cif,3.68694545
66-CdTe-Te_Cd-POSCAR0-Charged-1.cif,3.68663076
176-GaAs-V_As-POSCAR1-Charged-1.cif,3.68087242
66-CdTe-Te_Cd-POSCAR1-Charged-1.cif,3.68051495
66-CdTe-Te_Cd-POSCAR2-Charged-1.cif,3.67
164-GaN-N_i_neut-POSCAR5-Charged-1.cif,3.66568776
176-GaAs-V_As-POSCAR2-Charged-1.cif,3.64719067
164-GaN-N_i_neut-POSCAR6-Charged-1.cif,3.64464904
191-GaSb-Ga_i_neut-POSCAR0-Charged-1.cif,3.64374885
43-CdO-V_O-POSCAR0-Charged-1.cif,3.64
164-GaN-N_i_neut-POSCAR7-Charged-1.cif,3.63276461
191-GaSb-Ga_i_neut-POSCAR1-Charged-1.cif,3.63191466
191-GaSb-Ga_i_neut-POSCAR6-Charged-1.cif,3.62746411
191-GaSb-Ga_i_neut-POSCAR7-Charged-1.cif,3.62732053
191-GaSb-Ga_i_neut-POSCAR5-Charged-1.cif,3.62637164
164-GaN-N_i_neut-POSCAR9-Charged-1.cif,3.62577754
191-GaSb-Ga_i_neut-POSCAR8-Charged-1.cif,3.62574305
191-GaSb-Ga_i_neut-POSCAR2-Charged-1.cif,3.62549452
176-GaAs-V_As-POSCAR3-Charged-1.cif,3.62511442
164-GaN-N_i_neut-POSCAR8-Charged-1.cif,3.62454675
191-GaSb-Ga_i_neut-POSCAR9-Charged-1.cif,3.62341073
191-GaSb-Ga_i_neut-POSCAR3-Charged-1.cif,3.62228485
191-GaSb-Ga_i_neut-POSCAR10-Charged-1.cif,3.6218742
191-GaSb-Ga_i_neut-POSCAR18-Charged-1.cif,3.62145146
164-GaN-N_i_neut-POSCAR10-Charged-1.cif,3.62138805
191-GaSb-Ga_i_neut-POSCAR19-Charged-1.cif,3.62117773
191-GaSb-Ga_i_neut-POSCAR17-Charged-1.cif,3.62092285
191-GaSb-Ga_i_neut-POSCAR16-Charged-1.cif,3.62062606
191-GaSb-Ga_i_neut-POSCAR11-Charged-1.cif,3.62030805
191-GaSb-Ga_i_neut-POSCAR13-Charged-1.cif,3.62020046
191-GaSb-Ga_i_neut-POSCAR14-Charged-1.cif,3.62016952
191-GaSb-Ga_i_neut-POSCAR12-Charged-1.cif,3.62010372
191-GaSb-Ga_i_neut-POSCAR20-Charged-1.cif,3.62
191-GaSb-Ga_i_neut-POSCAR15-Charged-1.cif,3.61937576
191-GaSb-Ga_i_neut-POSCAR4-Charged-1.cif,3.61937203
164-GaN-N_i_neut-POSCAR11-Charged-1.cif,3.616663
164-GaN-N_i_neut-POSCAR12-Charged-1.cif,3.61409697
164-GaN-N_i_neut-POSCAR13-Charged-1.cif,3.61146304
164-GaN-N_i_neut-POSCAR14-Charged-1.cif,3.61067494
164-GaN-N_i_neut-POSCAR15-Charged-1.cif,3.61
176-GaAs-V_As-POSCAR4-Charged-1.cif,3.59573212
168-GaP-P_Ga-POSCAR0-Charged-1.cif,3.59
176-GaAs-V_As-POSCAR5-Charged-1.cif,3.58
278-SiGe-V_Ge-POSCAR0-Charged-1.cif,3.53060577
124-AlN-N_i_neut-POSCAR1-Charged-1.cif,3.52320225
231-InSb-In_i_neut-POSCAR0-Charged-1.cif,3.51480705
231-InSb-In_i_neut-POSCAR1-Charged-1.cif,3.51280091
234-InSb-Sb_i_neut-POSCAR0-Charged-1.cif,3.51210039
231-InSb-In_i_neut-POSCAR2-Charged-1.cif,3.51
234-InSb-Sb_i_neut-POSCAR1-Charged-1.cif,3.50745366
234-InSb-Sb_i_neut-POSCAR2-Charged-1.cif,3.5
278-SiGe-V_Ge-POSCAR1-Charged-1.cif,3.49736097
50-CdO-O_i_neut-POSCAR0-Charged-1.cif,3.4926514
50-CdO-O_i_neut-POSCAR1-Charged-1.cif,3.4922756
50-CdO-O_i_neut-POSCAR2-Charged-1.cif,3.49182819
41-CdO-V_Cd-POSCAR0-Charged-1.cif,3.49
50-CdO-O_i_neut-POSCAR3-Charged-1.cif,3.49
278-SiGe-V_Ge-POSCAR2-Charged-1.cif,3.47761253
49-CdO-O_i_B-POSCAR0-Charged-1.cif,3.47044897
49-CdO-O_i_B-POSCAR1-Charged-1.cif,3.47
206-InP-V_P-POSCAR0-Charged-1.cif,3.46357816
278-SiGe-V_Ge-POSCAR3-Charged-1.cif,3.45340889
206-InP-V_P-POSCAR1-Charged-1.cif,3.42807877
278-SiGe-V_Ge-POSCAR4-Charged-1.cif,3.42438439
278-SiGe-V_Ge-POSCAR5-Charged-1.cif,3.4
206-InP-V_P-POSCAR2-Charged-1.cif,3.39915093
135-AlAs-V_Al-POSCAR0-Charged-1.cif,3.38126376
206-InP-V_P-POSCAR3-Charged-1.cif,3.38108726
135-AlAs-V_Al-POSCAR1-Charged-1.cif,3.36412203
206-InP-V_P-POSCAR4-Charged-1.cif,3.35986636
135-AlAs-V_Al-POSCAR2-Charged-1.cif,3.35774502
135-AlAs-V_Al-POSCAR3-Charged-1.cif,3.35540927
135-AlAs-V_Al-POSCAR4-Charged-1.cif,3.35267359
1-ZnO-V_Zn-POSCAR0-Charged-1.cif,3.35
135-AlAs-V_Al-POSCAR5-Charged-1.cif,3.35
206-InP-V_P-POSCAR5-Charged-1.cif,3.35
296-SiSn-Si_i_neut-POSCAR0-Charged-1.cif,3.34119986
296-SiSn-Si_i_neut-POSCAR1-Charged-1.cif,3.34
294-SiSn-Si_i_A-POSCAR0-Charged-1.cif,3.32164481
302-GeSn-Sn_i_B-POSCAR0-Charged-1.cif,3.32
294-SiSn-Si_i_A-POSCAR1-Charged-1.cif,3.31738079
294-SiSn-Si_i_A-POSCAR2-Charged-1.cif,3.31217934
294-SiSn-Si_i_A-POSCAR3-Charged-1.cif,3.31
288-SiSn-V_Sn-POSCAR0-Charged-1.cif,3.23563081
288-SiSn-V_Sn-POSCAR1-Charged-1.cif,3.21633923
288-SiSn-V_Sn-POSCAR2-Charged-1.cif,3.19890457
208-InP-P_In-POSCAR0-Charged-1.cif,3.19373338
208-InP-P_In-POSCAR1-Charged-1.cif,3.19
288-SiSn-V_Sn-POSCAR3-Charged-1.cif,3.18602909
277-SiGe-V_Si-POSCAR0-Charged-1.cif,3.18091443
288-SiSn-V_Sn-POSCAR4-Charged-1.cif,3.16280191
277-SiGe-V_Si-POSCAR1-Charged-1.cif,3.14911513
287-SiSn-V_Si-POSCAR0-Charged-1.cif,3.14535625
287-SiSn-V_Si-POSCAR1-Charged-1.cif,3.13326377
288-SiSn-V_Sn-POSCAR5-Charged-1.cif,3.13282482
277-SiGe-V_Si-POSCAR2-Charged-1.cif,3.1305218
147-AlSb-Al_Sb-POSCAR0-Charged-1.cif,3.13042647
287-SiSn-V_Si-POSCAR2-Charged-1.cif,3.12398569
124-AlN-N_i_neut-POSCAR0-Charged-1.cif,3.12033509
287-SiSn-V_Si-POSCAR3-Charged-1.cif,3.11843435
147-AlSb-Al_Sb-POSCAR1-Charged-1.cif,3.11087502
287-SiSn-V_Si-POSCAR4-Charged-1.cif,3.11078129
288-SiSn-V_Sn-POSCAR6-Charged-1.cif,3.11
277-SiGe-V_Si-POSCAR3-Charged-1.cif,3.10833968
217-InAs-In_As-POSCAR0-Charged-1.cif,3.10593468
287-SiSn-V_Si-POSCAR5-Charged-1.cif,3.1016841
147-AlSb-Al_Sb-POSCAR2-Charged-1.cif,3.1013186
147-AlSb-Al_Sb-POSCAR3-Charged-1.cif,3.093255
301-GeSn-Sn_i_A-POSCAR0-Charged-1.cif,3.09146395
147-AlSb-Al_Sb-POSCAR4-Charged-1.cif,3.09
287-SiSn-V_Si-POSCAR6-Charged-1.cif,3.09
301-GeSn-Sn_i_A-POSCAR1-Charged-1.cif,3.09
277-SiGe-V_Si-POSCAR4-Charged-1.cif,3.08392571
186-GaSb-V_Sb-POSCAR0-Charged-1.cif,3.07149519
217-InAs-In_As-POSCAR1-Charged-1.cif,3.07064832
216-InAs-V_As-POSCAR0-Charged-1.cif,3.06451371
277-SiGe-V_Si-POSCAR5-Charged-1.cif,3.06
217-InAs-In_As-POSCAR2-Charged-1.cif,3.05283839
217-InAs-In_As-POSCAR3-Charged-1.cif,3.05
216-InAs-V_As-POSCAR1-Charged-1.cif,3.04450583
186-GaSb-V_Sb-POSCAR1-Charged-1.cif,3.03575365
216-InAs-V_As-POSCAR2-Charged-1.cif,3.02073729
48-CdO-O_i_A-POSCAR0-Charged-1.cif,3.02
190-GaSb-Ga_i_B-POSCAR0-Charged-1.cif,3.01172067
190-GaSb-Ga_i_B-POSCAR1-Charged-1.cif,3.01
216-InAs-V_As-POSCAR3-Charged-1.cif,3.0095219
216-InAs-V_As-POSCAR4-Charged-1.cif,2.9904829
51-CdS-V_Cd-POSCAR0-Charged-1.cif,2.99
186-GaSb-V_Sb-POSCAR2-Charged-1.cif,2.98955108
216-InAs-V_As-POSCAR5-Charged-1.cif,2.98
306-GeSn-Ge_i_neut-POSCAR0-Charged-1.cif,2.96694224
186-GaSb-V_Sb-POSCAR3-Charged-1.cif,2.96426269
305-GeSn-Ge_i_B-POSCAR0-Charged-1.cif,2.96330216
305-GeSn-Ge_i_B-POSCAR1-Charged-1.cif,2.96
138-AlAs-As_Al-POSCAR0-Charged-1.cif,2.95
306-GeSn-Ge_i_neut-POSCAR1-Charged-1.cif,2.9483519
306-GeSn-Ge_i_neut-POSCAR2-Charged-1.cif,2.93817382
306-GeSn-Ge_i_neut-POSCAR3-Charged-1.cif,2.93183999
177-GaAs-Ga_As-POSCAR0-Charged-1.cif,2.92831265
306-GeSn-Ge_i_neut-POSCAR4-Charged-1.cif,2.92139358
306-GeSn-Ge_i_neut-POSCAR5-Charged-1.cif,2.91474393
306-GeSn-Ge_i_neut-POSCAR6-Charged-1.cif,2.91
186-GaSb-V_Sb-POSCAR4-Charged-1.cif,2.9065887
177-GaAs-Ga_As-POSCAR1-Charged-1.cif,2.889132
177-GaAs-Ga_As-POSCAR2-Charged-1.cif,2.87318751
177-GaAs-Ga_As-POSCAR3-Charged-1.cif,2.87
11-ZnS-V_Zn-POSCAR0-Charged-1.cif,2.86791999
186-GaSb-V_Sb-POSCAR5-Charged-1.cif,2.8665786
11-ZnS-V_Zn-POSCAR1-Charged-1.cif,2.85070435
186-GaSb-V_Sb-POSCAR6-Charged-1.cif,2.84
11-ZnS-V_Zn-POSCAR2-Charged-1.cif,2.83634323
11-ZnS-V_Zn-POSCAR3-Charged-1.cif,2.83198894
124-AlN-N_i_neut-POSCAR2-Charged-1.cif,2.82955185
11-ZnS-V_Zn-POSCAR4-Charged-1.cif,2.82271918
11-ZnS-V_Zn-POSCAR5-Charged-1.cif,2.82
270-SnC-Sn_C-POSCAR0-Charged-1.cif,2.80582197
246-Sn-Sn_i_neut-POSCAR0-Charged-1.cif,2.80478856
270-SnC-Sn_C-POSCAR1-Charged-1.cif,2.8
246-Sn-Sn_i_neut-POSCAR1-Charged-1.cif,2.79542667
246-Sn-Sn_i_neut-POSCAR2-Charged-1.cif,2.789305
246-Sn-Sn_i_neut-POSCAR3-Charged-1.cif,2.78380181
215-InAs-V_In-POSCAR0-Charged-1.cif,2.78336384
215-InAs-V_In-POSCAR1-Charged-1.cif,2.77783808
246-Sn-Sn_i_neut-POSCAR4-Charged-1.cif,2.77597704
215-InAs-V_In-POSCAR2-Charged-1.cif,2.77202496
246-Sn-Sn_i_neut-POSCAR5-Charged-1.cif,2.77
215-InAs-V_In-POSCAR3-Charged-1.cif,2.76893636
215-InAs-V_In-POSCAR4-Charged-1.cif,2.76312571
215-InAs-V_In-POSCAR5-Charged-1.cif,2.76
124-AlN-N_i_neut-POSCAR3-Charged-1.cif,2.75239831
226-InSb-V_Sb-POSCAR0-Charged-1.cif,2.72669795
124-AlN-N_i_neut-POSCAR4-Charged-1.cif,2.71798405
124-AlN-N_i_neut-POSCAR5-Charged-1.cif,2.70775284
226-InSb-V_Sb-POSCAR1-Charged-1.cif,2.70543681
124-AlN-N_i_neut-POSCAR6-Charged-1.cif,2.7039161
124-AlN-N_i_neut-POSCAR7-Charged-1.cif,2.69921767
124-AlN-N_i_neut-POSCAR8-Charged-1.cif,2.69404333
304-GeSn-Ge_i_A-POSCAR0-Charged-1.cif,2.69337356
304-GeSn-Ge_i_A-POSCAR1-Charged-1.cif,2.69
124-AlN-N_i_neut-POSCAR12-Charged-1.cif,2.68955993
124-AlN-N_i_neut-POSCAR11-Charged-1.cif,2.68945527
124-AlN-N_i_neut-POSCAR13-Charged-1.cif,2.68756005
124-AlN-N_i_neut-POSCAR10-Charged-1.cif,2.68678595
124-AlN-N_i_neut-POSCAR9-Charged-1.cif,2.68573774
124-AlN-N_i_neut-POSCAR14-Charged-1.cif,2.68423607
95-BAs-V_B-POSCAR0-Charged-1.cif,2.68046407
124-AlN-N_i_neut-POSCAR15-Charged-1.cif,2.68
226-InSb-V_Sb-POSCAR2-Charged-1.cif,2.66833247
230-InSb-In_i_B-POSCAR0-Charged-1.cif,2.66188902
148-AlSb-Sb_Al-POSCAR0-Charged-1.cif,2.66
230-InSb-In_i_B-POSCAR1-Charged-1.cif,2.66
226-InSb-V_Sb-POSCAR3-Charged-1.cif,2.65191606
95-BAs-V_B-POSCAR1-Charged-1.cif,2.6429257
95-BAs-V_B-POSCAR2-Charged-1.cif,2.63612729
95-BAs-V_B-POSCAR3-Charged-1.cif,2.63163585
95-BAs-V_B-POSCAR4-Charged-1.cif,2.63
226-InSb-V_Sb-POSCAR4-Charged-1.cif,2.61013717
189-GaSb-Ga_i_A-POSCAR0-Charged-1.cif,2.6
115-AlN-V_Al-POSCAR0-Charged-1.cif,2.59463763
226-InSb-V_Sb-POSCAR5-Charged-1.cif,2.5863551
226-InSb-V_Sb-POSCAR6-Charged-1.cif,2.56
115-AlN-V_Al-POSCAR1-Charged-1.cif,2.5401094
229-InSb-In_i_A-POSCAR0-Charged-1.cif,2.49876336
229-InSb-In_i_A-POSCAR1-Charged-1.cif,2.49654316
229-InSb-In_i_A-POSCAR2-Charged-1.cif,2.49
115-AlN-V_Al-POSCAR2-Charged-1.cif,2.47154694
115-AlN-V_Al-POSCAR3-Charged-1.cif,2.47
145-AlSb-V_Al-POSCAR0-Charged-1.cif,2.36277973
175-GaAs-V_Ga-POSCAR0-Charged-1.cif,2.35958508
145-AlSb-V_Al-POSCAR1-Charged-1.cif,2.35446662
97-BAs-B_As-POSCAR0-Charged-1.cif,2.35377409
175-GaAs-V_Ga-POSCAR1-Charged-1.cif,2.35314068
97-BAs-B_As-POSCAR1-Charged-1.cif,2.35
145-AlSb-V_Al-POSCAR2-Charged-1.cif,2.35
175-GaAs-V_Ga-POSCAR2-Charged-1.cif,2.35
245-Sn-Sn_i_A-POSCAR0-Charged-1.cif,2.3
55-CdSe-V_Cd-POSCAR0-Charged-1.cif,2.27
204-InN-N_i_neut-POSCAR0-Charged-1.cif,2.26543752
204-InN-N_i_neut-POSCAR1-Charged-1.cif,2.25360596
203-InN-N_i_B-POSCAR0-Charged-1.cif,2.24382323
204-InN-N_i_neut-POSCAR2-Charged-1.cif,2.24295865
178-GaAs-As_Ga-POSCAR0-Charged-1.cif,2.24
204-InN-N_i_neut-POSCAR3-Charged-1.cif,2.2345846
203-InN-N_i_B-POSCAR1-Charged-1.cif,2.23266473
203-InN-N_i_B-POSCAR2-Charged-1.cif,2.22770661
204-InN-N_i_neut-POSCAR4-Charged-1.cif,2.22313926
203-InN-N_i_B-POSCAR3-Charged-1.cif,2.22
204-InN-N_i_neut-POSCAR5-Charged-1.cif,2.21315059
204-InN-N_i_neut-POSCAR6-Charged-1.cif,2.21007201
204-InN-N_i_neut-POSCAR7-Charged-1.cif,2.20642502
204-InN-N_i_neut-POSCAR8-Charged-1.cif,2.20571359
204-InN-N_i_neut-POSCAR9-Charged-1.cif,2.20256836
204-InN-N_i_neut-POSCAR10-Charged-1.cif,2.20199294
204-InN-N_i_neut-POSCAR11-Charged-1.cif,2.20049165
204-InN-N_i_neut-POSCAR13-Charged-1.cif,2.2
204-InN-N_i_neut-POSCAR12-Charged-1.cif,2.19998919
297-GeSn-V_Ge-POSCAR0-Charged-1.cif,2.14
155-GaN-V_Ga-POSCAR0-Charged-1.cif,2.11694762
268-SnC-V_C-POSCAR0-Charged-1.cif,2.08265234
241-Ge-V_Ge-POSCAR0-Charged-1.cif,2.07530008
188-GaSb-Sb_Ga-POSCAR0-Charged-1.cif,2.05667482
188-GaSb-Sb_Ga-POSCAR1-Charged-1.cif,2.05275487
21-ZnSe-V_Zn-POSCAR0-Charged-1.cif,2.05109484
188-GaSb-Sb_Ga-POSCAR2-Charged-1.cif,2.05
155-GaN-V_Ga-POSCAR1-Charged-1.cif,2.04882887
241-Ge-V_Ge-POSCAR1-Charged-1.cif,2.04599822
21-ZnSe-V_Zn-POSCAR1-Charged-1.cif,2.04494668
21-ZnSe-V_Zn-POSCAR2-Charged-1.cif,2.04133582
21-ZnSe-V_Zn-POSCAR3-Charged-1.cif,2.04
298-GeSn-V_Sn-POSCAR0-Charged-1.cif,2.03
155-GaN-V_Ga-POSCAR2-Charged-1.cif,2.02302206
241-Ge-V_Ge-POSCAR2-Charged-1.cif,2.02256209
155-GaN-V_Ga-POSCAR3-Charged-1.cif,2.0211148
155-GaN-V_Ga-POSCAR4-Charged-1.cif,2.02
241-Ge-V_Ge-POSCAR3-Charged-1.cif,2.00441951
268-SnC-V_C-POSCAR1-Charged-1.cif,1.99034899
241-Ge-V_Ge-POSCAR4-Charged-1.cif,1.97636579
268-SnC-V_C-POSCAR2-Charged-1.cif,1.97233166
218-InAs-As_In-POSCAR0-Charged-1.cif,1.97
268-SnC-V_C-POSCAR3-Charged-1.cif,1.96318158
241-Ge-V_Ge-POSCAR5-Charged-1.cif,1.96
268-SnC-V_C-POSCAR4-Charged-1.cif,1.96
78-BN-N_B-POSCAR1-Charged-1.cif,1.9372047
78-BN-N_B-POSCAR0-Charged-1.cif,1.93423131
105-BSb-V_B-POSCAR0-Charged-1.cif,1.91157925
225-InSb-V_In-POSCAR0-Charged-1.cif,1.88911605
225-InSb-V_In-POSCAR1-Charged-1.cif,1.88486707
105-BSb-V_B-POSCAR1-Charged-1.cif,1.88120445
225-InSb-V_In-POSCAR2-Charged-1.cif,1.88
105-BSb-V_B-POSCAR2-Charged-1.cif,1.8731341
105-BSb-V_B-POSCAR3-Charged-1.cif,1.86193074
105-BSb-V_B-POSCAR4-Charged-1.cif,1.86
227-InSb-In_Sb-POSCAR0-Charged-1.cif,1.83277796
227-InSb-In_Sb-POSCAR1-Charged-1.cif,1.81176362
195-InN-V_In-POSCAR0-Charged-1.cif,1.80129789
227-InSb-In_Sb-POSCAR2-Charged-1.cif,1.79297239
227-InSb-In_Sb-POSCAR3-Charged-1.cif,1.79
78-BN-N_B-POSCAR2-Charged-1.cif,1.77346967
78-BN-N_B-POSCAR4-Charged-1.cif,1.77123765
78-BN-N_B-POSCAR7-Charged-1.cif,1.76990623
202-InN-N_i_A-POSCAR0-Charged-1.cif,1.76810817
195-InN-V_In-POSCAR1-Charged-1.cif,1.74820006
195-InN-V_In-POSCAR2-Charged-1.cif,1.74435515
195-InN-V_In-POSCAR3-Charged-1.cif,1.74209307
202-InN-N_i_A-POSCAR1-Charged-1.cif,1.74187968
195-InN-V_In-POSCAR4-Charged-1.cif,1.74
202-InN-N_i_A-POSCAR2-Charged-1.cif,1.73426396
202-InN-N_i_A-POSCAR3-Charged-1.cif,1.72410955
202-InN-N_i_A-POSCAR4-Charged-1.cif,1.72
78-BN-N_B-POSCAR6-Charged-1.cif,1.6894121
65-CdTe-V_Cd-POSCAR0-Charged-1.cif,1.68
228-InSb-Sb_In-POSCAR0-Charged-1.cif,1.67542356
78-BN-N_B-POSCAR3-Charged-1.cif,1.67316314
228-InSb-Sb_In-POSCAR1-Charged-1.cif,1.67290903
228-InSb-Sb_In-POSCAR2-Charged-1.cif,1.67
78-BN-N_B-POSCAR5-Charged-1.cif,1.5981979
75-BN-V_B-POSCAR1-Charged-1.cif,1.55082423
185-GaSb-V_Ga-POSCAR0-Charged-1.cif,1.48856552
185-GaSb-V_Ga-POSCAR1-Charged-1.cif,1.48371576
31-ZnTe-V_Zn-POSCAR0-Charged-1.cif,1.48294108
31-ZnTe-V_Zn-POSCAR1-Charged-1.cif,1.48
185-GaSb-V_Ga-POSCAR2-Charged-1.cif,1.48
75-BN-V_B-POSCAR0-Charged-1.cif,1.4328248
187-GaSb-Ga_Sb-POSCAR0-Charged-1.cif,1.35533676
187-GaSb-Ga_Sb-POSCAR1-Charged-1.cif,1.34559164
75-BN-V_B-POSCAR3-Charged-1.cif,1.34215516
75-BN-V_B-POSCAR2-Charged-1.cif,1.3420528
75-BN-V_B-POSCAR4-Charged-1.cif,1.34
187-GaSb-Ga_Sb-POSCAR2-Charged-1.cif,1.34
244-Sn-V_Sn-POSCAR0-Charged-1.cif,1.26
107-BSb-B_Sb-POSCAR0-Charged-1.cif,1.18184386
107-BSb-B_Sb-POSCAR1-Charged-1.cif,1.18
78-BN-N_B-POSCAR8-Charged-1.cif,1.12494104
78-BN-N_B-POSCAR9-Charged-1.cif,0.92074504
78-BN-N_B-POSCAR10-Charged-1.cif,0.77824543
289-SiSn-Sn_Si-POSCAR0-Charged-1.cif,0.76
78-BN-N_B-POSCAR11-Charged-1.cif,0.75960304
280-SiGe-Si_Ge-POSCAR0-Charged-1.cif,0.74201907
280-SiGe-Si_Ge-POSCAR1-Charged-1.cif,0.74
78-BN-N_B-POSCAR12-Charged-1.cif,0.70708475
78-BN-N_B-POSCAR13-Charged-1.cif,0.67089106
279-SiGe-Ge_Si-POSCAR0-Charged-1.cif,0.66
78-BN-N_B-POSCAR14-Charged-1.cif,0.64260226
78-BN-N_B-POSCAR15-Charged-1.cif,0.63284499
78-BN-N_B-POSCAR16-Charged-1.cif,0.63145955
78-BN-N_B-POSCAR17-Charged-1.cif,0.63050199
78-BN-N_B-POSCAR18-Charged-1.cif,0.63
299-GeSn-Sn_Ge-POSCAR0-Charged-1.cif,0.37
290-SiSn-Si_Sn-POSCAR0-Charged-1.cif,0.36
300-GeSn-Ge_Sn-POSCAR0-Charged-1.cif,0.23
158-GaN-N_Ga-POSCAR0-Charged-1.cif,-0.27520753
158-GaN-N_Ga-POSCAR1-Charged-1.cif,-0.31544168
158-GaN-N_Ga-POSCAR2-Charged-1.cif,-0.32656577
158-GaN-N_Ga-POSCAR3-Charged-1.cif,-0.33518117
158-GaN-N_Ga-POSCAR7-Charged-1.cif,-0.33974905
158-GaN-N_Ga-POSCAR9-Charged-1.cif,-0.3398343
158-GaN-N_Ga-POSCAR4-Charged-1.cif,-0.33993834
158-GaN-N_Ga-POSCAR13-Charged-1.cif,-0.34
158-GaN-N_Ga-POSCAR5-Charged-1.cif,-0.34021519
158-GaN-N_Ga-POSCAR11-Charged-1.cif,-0.340254
158-GaN-N_Ga-POSCAR10-Charged-1.cif,-0.34090638
158-GaN-N_Ga-POSCAR12-Charged-1.cif,-0.34110619
158-GaN-N_Ga-POSCAR6-Charged-1.cif,-0.34131555
158-GaN-N_Ga-POSCAR8-Charged-1.cif,-0.34170213
118-AlN-N_Al-POSCAR5-Charged-1.cif,-1.05057481
118-AlN-N_Al-POSCAR6-Charged-1.cif,-1.05070795
118-AlN-N_Al-POSCAR7-Charged-1.cif,-1.0528211
118-AlN-N_Al-POSCAR8-Charged-1.cif,-1.05646305
118-AlN-N_Al-POSCAR0-Charged-1.cif,-1.05657084
118-AlN-N_Al-POSCAR9-Charged-1.cif,-1.05821468
118-AlN-N_Al-POSCAR10-Charged-1.cif,-1.06
118-AlN-N_Al-POSCAR1-Charged-1.cif,-1.06177691
118-AlN-N_Al-POSCAR2-Charged-1.cif,-1.06559588
118-AlN-N_Al-POSCAR4-Charged-1.cif,-1.06627474
118-AlN-N_Al-POSCAR3-Charged-1.cif,-1.07106437
198-InN-N_In-POSCAR0-Charged-1.cif,-1.18485657
198-InN-N_In-POSCAR1-Charged-1.cif,-1.20150018
198-InN-N_In-POSCAR2-Charged-1.cif,-1.20709896
198-InN-N_In-POSCAR3-Charged-1.cif,-1.21