1-CdTe-V_Cd-POSCAR0-Charged-1.cif,2.62
2-CdTe-V_Te-POSCAR0-Charged-1.cif,2.92
3-CdTe-Cd_i_1-POSCAR0-Charged-1.cif,3.39
4-CdTe-Te_i_1-POSCAR0-Charged-1.cif,5.1
5-CdTe-Cd_Te-POSCAR0-Charged-1.cif,3.41
6-CdTe-Te_Cd-POSCAR0-Charged-1.cif,4.91663076
6-CdTe-Te_Cd-POSCAR1-Charged-1.cif,4.91051495
6-CdTe-Te_Cd-POSCAR2-Charged-1.cif,4.9
7-Cd_Te0.250_Se0.750-V_Cd-POSCAR0-Charged-1.cif,3.16620205
7-Cd_Te0.250_Se0.750-V_Cd-POSCAR1-Charged-1.cif,3.1632136
7-Cd_Te0.250_Se0.750-V_Cd-POSCAR2-Charged-1.cif,3.16
8-Cd_Te0.250_Se0.750-V_Te-POSCAR0-Charged-1.cif,1.38581069
8-Cd_Te0.250_Se0.750-V_Te-POSCAR1-Charged-1.cif,1.38368894
8-Cd_Te0.250_Se0.750-V_Te-POSCAR2-Charged-1.cif,1.3809425
8-Cd_Te0.250_Se0.750-V_Te-POSCAR3-Charged-1.cif,1.38
9-Cd_Te0.250_Se0.750-V_Se-POSCAR0-Charged-1.cif,4.44264505
9-Cd_Te0.250_Se0.750-V_Se-POSCAR1-Charged-1.cif,4.43722232
9-Cd_Te0.250_Se0.750-V_Se-POSCAR2-Charged-1.cif,4.47719595
9-Cd_Te0.250_Se0.750-V_Se-POSCAR3-Charged-1.cif,4.51254165
9-Cd_Te0.250_Se0.750-V_Se-POSCAR4-Charged-1.cif,4.55943734
9-Cd_Te0.250_Se0.750-V_Se-POSCAR5-Charged-1.cif,4.5148283
9-Cd_Te0.250_Se0.750-V_Se-POSCAR6-Charged-1.cif,4.49848006
9-Cd_Te0.250_Se0.750-V_Se-POSCAR7-Charged-1.cif,4.53796664
9-Cd_Te0.250_Se0.750-V_Se-POSCAR8-Charged-1.cif,4.54553109
9-Cd_Te0.250_Se0.750-V_Se-POSCAR9-Charged-1.cif,4.5352032
9-Cd_Te0.250_Se0.750-V_Se-POSCAR10-Charged-1.cif,4.50712557
9-Cd_Te0.250_Se0.750-V_Se-POSCAR11-Charged-1.cif,4.53274056
9-Cd_Te0.250_Se0.750-V_Se-POSCAR12-Charged-1.cif,4.54826106
9-Cd_Te0.250_Se0.750-V_Se-POSCAR13-Charged-1.cif,4.49756241
9-Cd_Te0.250_Se0.750-V_Se-POSCAR14-Charged-1.cif,4.58214381
9-Cd_Te0.250_Se0.750-V_Se-POSCAR15-Charged-1.cif,4.46058257
9-Cd_Te0.250_Se0.750-V_Se-POSCAR16-Charged-1.cif,4.7
10-Cd_Te0.250_Se0.750-Cd_i-POSCAR0-Charged-1.cif,3.6675064
10-Cd_Te0.250_Se0.750-Cd_i-POSCAR1-Charged-1.cif,3.65301271
10-Cd_Te0.250_Se0.750-Cd_i-POSCAR2-Charged-1.cif,3.63784045
10-Cd_Te0.250_Se0.750-Cd_i-POSCAR3-Charged-1.cif,3.63593279
10-Cd_Te0.250_Se0.750-Cd_i-POSCAR4-Charged-1.cif,3.63201954
10-Cd_Te0.250_Se0.750-Cd_i-POSCAR5-Charged-1.cif,3.62659469
10-Cd_Te0.250_Se0.750-Cd_i-POSCAR6-Charged-1.cif,3.62
11-Cd_Te0.250_Se0.750-Te_i-POSCAR0-Charged-1.cif,5.86250942
11-Cd_Te0.250_Se0.750-Te_i-POSCAR1-Charged-1.cif,5.86
12-Cd_Te0.250_Se0.750-Se_i-POSCAR0-Charged-1.cif,4.17205961
12-Cd_Te0.250_Se0.750-Se_i-POSCAR1-Charged-1.cif,4.17
13-Cd_Te0.250_Se0.750-Cd_Te-POSCAR0-Charged-1.cif,1.97650309
13-Cd_Te0.250_Se0.750-Cd_Te-POSCAR1-Charged-1.cif,1.97505539
13-Cd_Te0.250_Se0.750-Cd_Te-POSCAR2-Charged-1.cif,1.97254108
13-Cd_Te0.250_Se0.750-Cd_Te-POSCAR3-Charged-1.cif,1.97128295
13-Cd_Te0.250_Se0.750-Cd_Te-POSCAR4-Charged-1.cif,1.96921353
13-Cd_Te0.250_Se0.750-Cd_Te-POSCAR5-Charged-1.cif,1.96749424
13-Cd_Te0.250_Se0.750-Cd_Te-POSCAR6-Charged-1.cif,1.97130507
13-Cd_Te0.250_Se0.750-Cd_Te-POSCAR7-Charged-1.cif,1.96859372
13-Cd_Te0.250_Se0.750-Cd_Te-POSCAR8-Charged-1.cif,1.96503557
13-Cd_Te0.250_Se0.750-Cd_Te-POSCAR9-Charged-1.cif,1.96910528
13-Cd_Te0.250_Se0.750-Cd_Te-POSCAR10-Charged-1.cif,1.96122801
13-Cd_Te0.250_Se0.750-Cd_Te-POSCAR11-Charged-1.cif,1.96502734
13-Cd_Te0.250_Se0.750-Cd_Te-POSCAR12-Charged-1.cif,1.95825385
13-Cd_Te0.250_Se0.750-Cd_Te-POSCAR13-Charged-1.cif,1.95654234
13-Cd_Te0.250_Se0.750-Cd_Te-POSCAR14-Charged-1.cif,1.98671175
13-Cd_Te0.250_Se0.750-Cd_Te-POSCAR15-Charged-1.cif,1.97295873
13-Cd_Te0.250_Se0.750-Cd_Te-POSCAR16-Charged-1.cif,1.9636189
13-Cd_Te0.250_Se0.750-Cd_Te-POSCAR17-Charged-1.cif,1.95545942
13-Cd_Te0.250_Se0.750-Cd_Te-POSCAR18-Charged-1.cif,1.96
14-Cd_Te0.250_Se0.750-Cd_Se-POSCAR0-Charged-1.cif,4.01200415
14-Cd_Te0.250_Se0.750-Cd_Se-POSCAR1-Charged-1.cif,4.00677697
14-Cd_Te0.250_Se0.750-Cd_Se-POSCAR2-Charged-1.cif,3.99072326
14-Cd_Te0.250_Se0.750-Cd_Se-POSCAR3-Charged-1.cif,3.98244151
14-Cd_Te0.250_Se0.750-Cd_Se-POSCAR4-Charged-1.cif,3.98670664
14-Cd_Te0.250_Se0.750-Cd_Se-POSCAR5-Charged-1.cif,3.98506448
14-Cd_Te0.250_Se0.750-Cd_Se-POSCAR6-Charged-1.cif,4.05462575
14-Cd_Te0.250_Se0.750-Cd_Se-POSCAR7-Charged-1.cif,4.03754088
14-Cd_Te0.250_Se0.750-Cd_Se-POSCAR8-Charged-1.cif,4.04613667
14-Cd_Te0.250_Se0.750-Cd_Se-POSCAR9-Charged-1.cif,4.08564462
14-Cd_Te0.250_Se0.750-Cd_Se-POSCAR10-Charged-1.cif,4.07814518
14-Cd_Te0.250_Se0.750-Cd_Se-POSCAR11-Charged-1.cif,4.05776523
14-Cd_Te0.250_Se0.750-Cd_Se-POSCAR12-Charged-1.cif,4.05682829
14-Cd_Te0.250_Se0.750-Cd_Se-POSCAR13-Charged-1.cif,4.05975896
14-Cd_Te0.250_Se0.750-Cd_Se-POSCAR14-Charged-1.cif,4.06330973
14-Cd_Te0.250_Se0.750-Cd_Se-POSCAR15-Charged-1.cif,4.0785488
14-Cd_Te0.250_Se0.750-Cd_Se-POSCAR16-Charged-1.cif,4.07058126
14-Cd_Te0.250_Se0.750-Cd_Se-POSCAR17-Charged-1.cif,4.04927193
14-Cd_Te0.250_Se0.750-Cd_Se-POSCAR18-Charged-1.cif,4.07644562
14-Cd_Te0.250_Se0.750-Cd_Se-POSCAR19-Charged-1.cif,4.08
15-Cd_Te0.250_Se0.750-Te_Cd-POSCAR0-Charged-1.cif,6.04736141
15-Cd_Te0.250_Se0.750-Te_Cd-POSCAR1-Charged-1.cif,6.04691624
15-Cd_Te0.250_Se0.750-Te_Cd-POSCAR2-Charged-1.cif,6.04287411
15-Cd_Te0.250_Se0.750-Te_Cd-POSCAR3-Charged-1.cif,6.04
16-Cd_Te0.250_Se0.750-Se_Cd-POSCAR0-Charged-1.cif,4.82036853
16-Cd_Te0.250_Se0.750-Se_Cd-POSCAR1-Charged-1.cif,4.7497214
16-Cd_Te0.250_Se0.750-Se_Cd-POSCAR2-Charged-1.cif,4.68465856
16-Cd_Te0.250_Se0.750-Se_Cd-POSCAR3-Charged-1.cif,4.66110072
16-Cd_Te0.250_Se0.750-Se_Cd-POSCAR4-Charged-1.cif,4.62197423
16-Cd_Te0.250_Se0.750-Se_Cd-POSCAR5-Charged-1.cif,4.59875806
16-Cd_Te0.250_Se0.750-Se_Cd-POSCAR6-Charged-1.cif,4.57429702
16-Cd_Te0.250_Se0.750-Se_Cd-POSCAR7-Charged-1.cif,4.55939714
16-Cd_Te0.250_Se0.750-Se_Cd-POSCAR8-Charged-1.cif,4.5496752
16-Cd_Te0.250_Se0.750-Se_Cd-POSCAR9-Charged-1.cif,4.54376588
16-Cd_Te0.250_Se0.750-Se_Cd-POSCAR10-Charged-1.cif,4.53768012
16-Cd_Te0.250_Se0.750-Se_Cd-POSCAR11-Charged-1.cif,4.53188983
16-Cd_Te0.250_Se0.750-Se_Cd-POSCAR12-Charged-1.cif,4.52528961
16-Cd_Te0.250_Se0.750-Se_Cd-POSCAR13-Charged-1.cif,4.52026963
16-Cd_Te0.250_Se0.750-Se_Cd-POSCAR14-Charged-1.cif,4.51565286
16-Cd_Te0.250_Se0.750-Se_Cd-POSCAR15-Charged-1.cif,4.51241257
16-Cd_Te0.250_Se0.750-Se_Cd-POSCAR16-Charged-1.cif,4.50956324
16-Cd_Te0.250_Se0.750-Se_Cd-POSCAR17-Charged-1.cif,4.50686019
16-Cd_Te0.250_Se0.750-Se_Cd-POSCAR18-Charged-1.cif,4.50422896
16-Cd_Te0.250_Se0.750-Se_Cd-POSCAR19-Charged-1.cif,4.5011157
16-Cd_Te0.250_Se0.750-Se_Cd-POSCAR20-Charged-1.cif,4.49705682
16-Cd_Te0.250_Se0.750-Se_Cd-POSCAR21-Charged-1.cif,4.49045266
16-Cd_Te0.250_Se0.750-Se_Cd-POSCAR22-Charged-1.cif,4.48202448
16-Cd_Te0.250_Se0.750-Se_Cd-POSCAR23-Charged-1.cif,4.48
17-Cd_Te0.500_Se0.500-V_Cd-POSCAR0-Charged-1.cif,2.6992288
17-Cd_Te0.500_Se0.500-V_Cd-POSCAR1-Charged-1.cif,2.69073907
17-Cd_Te0.500_Se0.500-V_Cd-POSCAR2-Charged-1.cif,2.68379685
17-Cd_Te0.500_Se0.500-V_Cd-POSCAR3-Charged-1.cif,2.68271414
17-Cd_Te0.500_Se0.500-V_Cd-POSCAR4-Charged-1.cif,2.68
18-Cd_Te0.500_Se0.500-V_Te-POSCAR0-Charged-1.cif,3.86096482
18-Cd_Te0.500_Se0.500-V_Te-POSCAR1-Charged-1.cif,3.85910214
18-Cd_Te0.500_Se0.500-V_Te-POSCAR2-Charged-1.cif,3.84910986
18-Cd_Te0.500_Se0.500-V_Te-POSCAR3-Charged-1.cif,3.83524563
18-Cd_Te0.500_Se0.500-V_Te-POSCAR4-Charged-1.cif,3.8372505
18-Cd_Te0.500_Se0.500-V_Te-POSCAR5-Charged-1.cif,3.83791324
18-Cd_Te0.500_Se0.500-V_Te-POSCAR6-Charged-1.cif,3.83501968
18-Cd_Te0.500_Se0.500-V_Te-POSCAR7-Charged-1.cif,3.83535812
18-Cd_Te0.500_Se0.500-V_Te-POSCAR8-Charged-1.cif,3.83350617
18-Cd_Te0.500_Se0.500-V_Te-POSCAR9-Charged-1.cif,3.83371198
18-Cd_Te0.500_Se0.500-V_Te-POSCAR10-Charged-1.cif,3.83196491
18-Cd_Te0.500_Se0.500-V_Te-POSCAR11-Charged-1.cif,3.83105388
18-Cd_Te0.500_Se0.500-V_Te-POSCAR12-Charged-1.cif,3.83484726
18-Cd_Te0.500_Se0.500-V_Te-POSCAR13-Charged-1.cif,3.83233203
18-Cd_Te0.500_Se0.500-V_Te-POSCAR14-Charged-1.cif,3.83184763
18-Cd_Te0.500_Se0.500-V_Te-POSCAR15-Charged-1.cif,3.83226196
18-Cd_Te0.500_Se0.500-V_Te-POSCAR16-Charged-1.cif,3.83246376
18-Cd_Te0.500_Se0.500-V_Te-POSCAR17-Charged-1.cif,3.83110502
18-Cd_Te0.500_Se0.500-V_Te-POSCAR18-Charged-1.cif,3.82962217
18-Cd_Te0.500_Se0.500-V_Te-POSCAR19-Charged-1.cif,3.84417114
18-Cd_Te0.500_Se0.500-V_Te-POSCAR20-Charged-1.cif,3.84100365
18-Cd_Te0.500_Se0.500-V_Te-POSCAR21-Charged-1.cif,3.83624504
18-Cd_Te0.500_Se0.500-V_Te-POSCAR22-Charged-1.cif,3.83521468
18-Cd_Te0.500_Se0.500-V_Te-POSCAR23-Charged-1.cif,3.84783249
18-Cd_Te0.500_Se0.500-V_Te-POSCAR24-Charged-1.cif,3.84304563
18-Cd_Te0.500_Se0.500-V_Te-POSCAR25-Charged-1.cif,3.83966304
18-Cd_Te0.500_Se0.500-V_Te-POSCAR26-Charged-1.cif,3.83981711
18-Cd_Te0.500_Se0.500-V_Te-POSCAR27-Charged-1.cif,3.85095778
18-Cd_Te0.500_Se0.500-V_Te-POSCAR28-Charged-1.cif,3.86166507
18-Cd_Te0.500_Se0.500-V_Te-POSCAR29-Charged-1.cif,3.8612312
18-Cd_Te0.500_Se0.500-V_Te-POSCAR30-Charged-1.cif,3.8588544
18-Cd_Te0.500_Se0.500-V_Te-POSCAR31-Charged-1.cif,3.85784343
18-Cd_Te0.500_Se0.500-V_Te-POSCAR32-Charged-1.cif,3.85835015
18-Cd_Te0.500_Se0.500-V_Te-POSCAR33-Charged-1.cif,3.86827472
18-Cd_Te0.500_Se0.500-V_Te-POSCAR34-Charged-1.cif,3.848908
18-Cd_Te0.500_Se0.500-V_Te-POSCAR35-Charged-1.cif,3.84926232
18-Cd_Te0.500_Se0.500-V_Te-POSCAR36-Charged-1.cif,3.84944785
18-Cd_Te0.500_Se0.500-V_Te-POSCAR37-Charged-1.cif,3.84845616
18-Cd_Te0.500_Se0.500-V_Te-POSCAR38-Charged-1.cif,3.84996972
18-Cd_Te0.500_Se0.500-V_Te-POSCAR39-Charged-1.cif,3.84797999
18-Cd_Te0.500_Se0.500-V_Te-POSCAR40-Charged-1.cif,3.84697045
18-Cd_Te0.500_Se0.500-V_Te-POSCAR41-Charged-1.cif,3.87759603
18-Cd_Te0.500_Se0.500-V_Te-POSCAR42-Charged-1.cif,3.84427758
18-Cd_Te0.500_Se0.500-V_Te-POSCAR43-Charged-1.cif,3.84461853
18-Cd_Te0.500_Se0.500-V_Te-POSCAR44-Charged-1.cif,3.85648284
18-Cd_Te0.500_Se0.500-V_Te-POSCAR45-Charged-1.cif,3.84395156
18-Cd_Te0.500_Se0.500-V_Te-POSCAR46-Charged-1.cif,3.84324463
18-Cd_Te0.500_Se0.500-V_Te-POSCAR47-Charged-1.cif,3.85907674
18-Cd_Te0.500_Se0.500-V_Te-POSCAR48-Charged-1.cif,3.87612659
18-Cd_Te0.500_Se0.500-V_Te-POSCAR49-Charged-1.cif,3.83317128
18-Cd_Te0.500_Se0.500-V_Te-POSCAR50-Charged-1.cif,3.87288147
18-Cd_Te0.500_Se0.500-V_Te-POSCAR51-Charged-1.cif,3.89519096
18-Cd_Te0.500_Se0.500-V_Te-POSCAR52-Charged-1.cif,3.84
19-Cd_Te0.500_Se0.500-V_Se-POSCAR0-Charged-1.cif,2.77009538
19-Cd_Te0.500_Se0.500-V_Se-POSCAR1-Charged-1.cif,2.76701922
19-Cd_Te0.500_Se0.500-V_Se-POSCAR2-Charged-1.cif,2.76543996
19-Cd_Te0.500_Se0.500-V_Se-POSCAR3-Charged-1.cif,2.76375636
19-Cd_Te0.500_Se0.500-V_Se-POSCAR4-Charged-1.cif,2.76
20-Cd_Te0.500_Se0.500-Cd_i-POSCAR0-Charged-1.cif,3.41590259
20-Cd_Te0.500_Se0.500-Cd_i-POSCAR1-Charged-1.cif,3.4091652
20-Cd_Te0.500_Se0.500-Cd_i-POSCAR2-Charged-1.cif,3.40298676
20-Cd_Te0.500_Se0.500-Cd_i-POSCAR3-Charged-1.cif,3.40141261
20-Cd_Te0.500_Se0.500-Cd_i-POSCAR4-Charged-1.cif,3.39
21-Cd_Te0.500_Se0.500-Te_i-POSCAR0-Charged-1.cif,4.51151844
21-Cd_Te0.500_Se0.500-Te_i-POSCAR1-Charged-1.cif,4.51
22-Cd_Te0.500_Se0.500-Se_i-POSCAR0-Charged-1.cif,4.02156598
22-Cd_Te0.500_Se0.500-Se_i-POSCAR1-Charged-1.cif,4.02
23-Cd_Te0.500_Se0.500-Cd_Te-POSCAR0-Charged-1.cif,2.96933742
23-Cd_Te0.500_Se0.500-Cd_Te-POSCAR1-Charged-1.cif,2.96796878
23-Cd_Te0.500_Se0.500-Cd_Te-POSCAR2-Charged-1.cif,2.99621755
23-Cd_Te0.500_Se0.500-Cd_Te-POSCAR3-Charged-1.cif,2.96852425
23-Cd_Te0.500_Se0.500-Cd_Te-POSCAR4-Charged-1.cif,2.96530575
23-Cd_Te0.500_Se0.500-Cd_Te-POSCAR5-Charged-1.cif,3.00602325
23-Cd_Te0.500_Se0.500-Cd_Te-POSCAR6-Charged-1.cif,2.97723047
23-Cd_Te0.500_Se0.500-Cd_Te-POSCAR7-Charged-1.cif,2.97985456
23-Cd_Te0.500_Se0.500-Cd_Te-POSCAR8-Charged-1.cif,2.95987919
23-Cd_Te0.500_Se0.500-Cd_Te-POSCAR9-Charged-1.cif,2.97100888
23-Cd_Te0.500_Se0.500-Cd_Te-POSCAR10-Charged-1.cif,2.94355359
23-Cd_Te0.500_Se0.500-Cd_Te-POSCAR11-Charged-1.cif,2.93060206
23-Cd_Te0.500_Se0.500-Cd_Te-POSCAR12-Charged-1.cif,2.92336345
23-Cd_Te0.500_Se0.500-Cd_Te-POSCAR13-Charged-1.cif,2.90169688
23-Cd_Te0.500_Se0.500-Cd_Te-POSCAR14-Charged-1.cif,2.89510774
23-Cd_Te0.500_Se0.500-Cd_Te-POSCAR15-Charged-1.cif,2.88512449
23-Cd_Te0.500_Se0.500-Cd_Te-POSCAR16-Charged-1.cif,2.87
24-Cd_Te0.500_Se0.500-Cd_Se-POSCAR0-Charged-1.cif,3.14951606
24-Cd_Te0.500_Se0.500-Cd_Se-POSCAR1-Charged-1.cif,3.13705593
24-Cd_Te0.500_Se0.500-Cd_Se-POSCAR2-Charged-1.cif,3.11994359
24-Cd_Te0.500_Se0.500-Cd_Se-POSCAR3-Charged-1.cif,3.11324897
24-Cd_Te0.500_Se0.500-Cd_Se-POSCAR4-Charged-1.cif,3.10919416
24-Cd_Te0.500_Se0.500-Cd_Se-POSCAR5-Charged-1.cif,3.1058022
24-Cd_Te0.500_Se0.500-Cd_Se-POSCAR6-Charged-1.cif,3.10275377
24-Cd_Te0.500_Se0.500-Cd_Se-POSCAR7-Charged-1.cif,3.1
25-Cd_Te0.500_Se0.500-Te_Cd-POSCAR0-Charged-1.cif,5.13318122
25-Cd_Te0.500_Se0.500-Te_Cd-POSCAR1-Charged-1.cif,5.0832879
25-Cd_Te0.500_Se0.500-Te_Cd-POSCAR2-Charged-1.cif,5.00678469
25-Cd_Te0.500_Se0.500-Te_Cd-POSCAR3-Charged-1.cif,4.97398143
25-Cd_Te0.500_Se0.500-Te_Cd-POSCAR4-Charged-1.cif,4.90157282
25-Cd_Te0.500_Se0.500-Te_Cd-POSCAR5-Charged-1.cif,4.86117719
25-Cd_Te0.500_Se0.500-Te_Cd-POSCAR6-Charged-1.cif,4.81487402
25-Cd_Te0.500_Se0.500-Te_Cd-POSCAR7-Charged-1.cif,4.80217367
25-Cd_Te0.500_Se0.500-Te_Cd-POSCAR8-Charged-1.cif,4.77854309
25-Cd_Te0.500_Se0.500-Te_Cd-POSCAR9-Charged-1.cif,4.77086474
25-Cd_Te0.500_Se0.500-Te_Cd-POSCAR10-Charged-1.cif,4.75716175
25-Cd_Te0.500_Se0.500-Te_Cd-POSCAR11-Charged-1.cif,4.75178931
25-Cd_Te0.500_Se0.500-Te_Cd-POSCAR12-Charged-1.cif,4.74256078
25-Cd_Te0.500_Se0.500-Te_Cd-POSCAR13-Charged-1.cif,4.73970372
25-Cd_Te0.500_Se0.500-Te_Cd-POSCAR14-Charged-1.cif,4.73465071
25-Cd_Te0.500_Se0.500-Te_Cd-POSCAR15-Charged-1.cif,4.73303035
25-Cd_Te0.500_Se0.500-Te_Cd-POSCAR16-Charged-1.cif,4.73
26-Cd_Te0.500_Se0.500-Se_Cd-POSCAR0-Charged-1.cif,-3.11452865
26-Cd_Te0.500_Se0.500-Se_Cd-POSCAR1-Charged-1.cif,-3.13187149
26-Cd_Te0.500_Se0.500-Se_Cd-POSCAR2-Charged-1.cif,-3.1427036
26-Cd_Te0.500_Se0.500-Se_Cd-POSCAR3-Charged-1.cif,-3.14665685
26-Cd_Te0.500_Se0.500-Se_Cd-POSCAR4-Charged-1.cif,-3.15165308
26-Cd_Te0.500_Se0.500-Se_Cd-POSCAR5-Charged-1.cif,-3.15567202
26-Cd_Te0.500_Se0.500-Se_Cd-POSCAR6-Charged-1.cif,-3.16046615
26-Cd_Te0.500_Se0.500-Se_Cd-POSCAR7-Charged-1.cif,-3.16447181
26-Cd_Te0.500_Se0.500-Se_Cd-POSCAR8-Charged-1.cif,-3.16722543
26-Cd_Te0.500_Se0.500-Se_Cd-POSCAR9-Charged-1.cif,-3.17
27-Cd_Te0.750_Se0.250-V_Cd-POSCAR0-Charged-1.cif,2.67905717
27-Cd_Te0.750_Se0.250-V_Cd-POSCAR1-Charged-1.cif,2.67187596
27-Cd_Te0.750_Se0.250-V_Cd-POSCAR2-Charged-1.cif,2.6639644
27-Cd_Te0.750_Se0.250-V_Cd-POSCAR3-Charged-1.cif,2.66278655
27-Cd_Te0.750_Se0.250-V_Cd-POSCAR4-Charged-1.cif,2.66
28-Cd_Te0.750_Se0.250-V_Te-POSCAR0-Charged-1.cif,4.29057771
28-Cd_Te0.750_Se0.250-V_Te-POSCAR1-Charged-1.cif,4.28592832
28-Cd_Te0.750_Se0.250-V_Te-POSCAR2-Charged-1.cif,4.27971329
28-Cd_Te0.750_Se0.250-V_Te-POSCAR3-Charged-1.cif,4.27828633
28-Cd_Te0.750_Se0.250-V_Te-POSCAR4-Charged-1.cif,4.27395978
28-Cd_Te0.750_Se0.250-V_Te-POSCAR5-Charged-1.cif,4.27239505
28-Cd_Te0.750_Se0.250-V_Te-POSCAR6-Charged-1.cif,4.27
29-Cd_Te0.750_Se0.250-V_Se-POSCAR0-Charged-1.cif,1.94625792
29-Cd_Te0.750_Se0.250-V_Se-POSCAR1-Charged-1.cif,1.94350752
29-Cd_Te0.750_Se0.250-V_Se-POSCAR2-Charged-1.cif,1.94
30-Cd_Te0.750_Se0.250-Cd_i-POSCAR0-Charged-1.cif,3.32400522
30-Cd_Te0.750_Se0.250-Cd_i-POSCAR1-Charged-1.cif,3.31868579
30-Cd_Te0.750_Se0.250-Cd_i-POSCAR2-Charged-1.cif,3.3137605
30-Cd_Te0.750_Se0.250-Cd_i-POSCAR3-Charged-1.cif,3.31297965
30-Cd_Te0.750_Se0.250-Cd_i-POSCAR4-Charged-1.cif,3.31
31-Cd_Te0.750_Se0.250-Te_i-POSCAR0-Charged-1.cif,3.9361182
31-Cd_Te0.750_Se0.250-Te_i-POSCAR1-Charged-1.cif,3.93367604
31-Cd_Te0.750_Se0.250-Te_i-POSCAR2-Charged-1.cif,3.93
32-Cd_Te0.750_Se0.250-Se_i-POSCAR0-Charged-1.cif,4.82928289
32-Cd_Te0.750_Se0.250-Se_i-POSCAR1-Charged-1.cif,4.82604939
32-Cd_Te0.750_Se0.250-Se_i-POSCAR2-Charged-1.cif,4.82283762
32-Cd_Te0.750_Se0.250-Se_i-POSCAR3-Charged-1.cif,4.82071159
32-Cd_Te0.750_Se0.250-Se_i-POSCAR4-Charged-1.cif,4.82
33-Cd_Te0.750_Se0.250-Cd_Te-POSCAR0-Charged-1.cif,3.32511974
33-Cd_Te0.750_Se0.250-Cd_Te-POSCAR1-Charged-1.cif,3.31683267
33-Cd_Te0.750_Se0.250-Cd_Te-POSCAR2-Charged-1.cif,3.30190396
33-Cd_Te0.750_Se0.250-Cd_Te-POSCAR3-Charged-1.cif,3.29575875
33-Cd_Te0.750_Se0.250-Cd_Te-POSCAR4-Charged-1.cif,3.2740387
33-Cd_Te0.750_Se0.250-Cd_Te-POSCAR5-Charged-1.cif,3.26270643
33-Cd_Te0.750_Se0.250-Cd_Te-POSCAR6-Charged-1.cif,3.23830592
33-Cd_Te0.750_Se0.250-Cd_Te-POSCAR7-Charged-1.cif,3.23644154
33-Cd_Te0.750_Se0.250-Cd_Te-POSCAR8-Charged-1.cif,3.23
34-Cd_Te0.750_Se0.250-Cd_Se-POSCAR0-Charged-1.cif,2.48018012
34-Cd_Te0.750_Se0.250-Cd_Se-POSCAR1-Charged-1.cif,2.46343889
34-Cd_Te0.750_Se0.250-Cd_Se-POSCAR2-Charged-1.cif,2.43038022
34-Cd_Te0.750_Se0.250-Cd_Se-POSCAR3-Charged-1.cif,2.41752899
34-Cd_Te0.750_Se0.250-Cd_Se-POSCAR4-Charged-1.cif,2.38118755
34-Cd_Te0.750_Se0.250-Cd_Se-POSCAR5-Charged-1.cif,2.37064758
34-Cd_Te0.750_Se0.250-Cd_Se-POSCAR6-Charged-1.cif,2.36
35-Cd_Te0.750_Se0.250-Te_Cd-POSCAR0-Charged-1.cif,4.66204504
35-Cd_Te0.750_Se0.250-Te_Cd-POSCAR1-Charged-1.cif,4.61442562
35-Cd_Te0.750_Se0.250-Te_Cd-POSCAR2-Charged-1.cif,4.54360957
35-Cd_Te0.750_Se0.250-Te_Cd-POSCAR3-Charged-1.cif,4.51991683
35-Cd_Te0.750_Se0.250-Te_Cd-POSCAR4-Charged-1.cif,4.46432493
35-Cd_Te0.750_Se0.250-Te_Cd-POSCAR5-Charged-1.cif,4.42710155
35-Cd_Te0.750_Se0.250-Te_Cd-POSCAR6-Charged-1.cif,4.38568964
35-Cd_Te0.750_Se0.250-Te_Cd-POSCAR7-Charged-1.cif,4.36701179
35-Cd_Te0.750_Se0.250-Te_Cd-POSCAR8-Charged-1.cif,4.33267099
35-Cd_Te0.750_Se0.250-Te_Cd-POSCAR9-Charged-1.cif,4.32212207
35-Cd_Te0.750_Se0.250-Te_Cd-POSCAR10-Charged-1.cif,4.31092046
35-Cd_Te0.750_Se0.250-Te_Cd-POSCAR11-Charged-1.cif,4.30463821
35-Cd_Te0.750_Se0.250-Te_Cd-POSCAR12-Charged-1.cif,4.29747338
35-Cd_Te0.750_Se0.250-Te_Cd-POSCAR13-Charged-1.cif,4.29273247
35-Cd_Te0.750_Se0.250-Te_Cd-POSCAR14-Charged-1.cif,4.28742435
35-Cd_Te0.750_Se0.250-Te_Cd-POSCAR15-Charged-1.cif,4.28389182
35-Cd_Te0.750_Se0.250-Te_Cd-POSCAR16-Charged-1.cif,4.28
36-Cd_Te0.750_Se0.250-Se_Cd-POSCAR0-Charged-1.cif,6.46033507
36-Cd_Te0.750_Se0.250-Se_Cd-POSCAR1-Charged-1.cif,6.44701479
36-Cd_Te0.750_Se0.250-Se_Cd-POSCAR2-Charged-1.cif,6.4316894
36-Cd_Te0.750_Se0.250-Se_Cd-POSCAR3-Charged-1.cif,6.43
37-CdSe-V_Cd-POSCAR0-Charged-1.cif,3.61
38-CdSe-V_Se-POSCAR0-Charged-1.cif,3.01
39-CdSe-Cd_i_1-POSCAR0-Charged-1.cif,3.87
40-CdSe-Se_i_1-POSCAR0-Charged-1.cif,5.3
41-CdSe-Cd_Se-POSCAR0-Charged-1.cif,3.89
42-CdSe-Se_Cd-POSCAR0-Charged-1.cif,6.32