1-CdTe-V_Cd-POSCAR0-Charged+1.cif,2.97
2-CdTe-V_Te-POSCAR0-Charged+1.cif,1.32
3-CdTe-Cd_i_1-POSCAR0-Charged+1.cif,0.75
4-CdTe-Te_i_1-POSCAR0-Charged+1.cif,3.43
5-CdTe-Cd_Te-POSCAR0-Charged+1.cif,1.38
6-CdTe-Te_Cd-POSCAR0-Charged+1.cif,3.08887201
6-CdTe-Te_Cd-POSCAR1-Charged+1.cif,3.08301533
6-CdTe-Te_Cd-POSCAR2-Charged+1.cif,3.09
7-Cd_Te0.250_Se0.750-V_Cd-POSCAR0-Charged+1.cif,3.5321074
7-Cd_Te0.250_Se0.750-V_Cd-POSCAR1-Charged+1.cif,3.53
8-Cd_Te0.250_Se0.750-V_Te-POSCAR0-Charged+1.cif,-0.82694878
8-Cd_Te0.250_Se0.750-V_Te-POSCAR1-Charged+1.cif,-0.83295819
8-Cd_Te0.250_Se0.750-V_Te-POSCAR2-Charged+1.cif,-0.82104373
8-Cd_Te0.250_Se0.750-V_Te-POSCAR3-Charged+1.cif,-0.79491406
8-Cd_Te0.250_Se0.750-V_Te-POSCAR4-Charged+1.cif,-0.72243538
8-Cd_Te0.250_Se0.750-V_Te-POSCAR5-Charged+1.cif,-0.82324137
8-Cd_Te0.250_Se0.750-V_Te-POSCAR6-Charged+1.cif,-0.82961326
8-Cd_Te0.250_Se0.750-V_Te-POSCAR7-Charged+1.cif,-0.82402284
8-Cd_Te0.250_Se0.750-V_Te-POSCAR8-Charged+1.cif,-0.79258779
8-Cd_Te0.250_Se0.750-V_Te-POSCAR9-Charged+1.cif,-0.71630978
8-Cd_Te0.250_Se0.750-V_Te-POSCAR10-Charged+1.cif,-0.82368263
8-Cd_Te0.250_Se0.750-V_Te-POSCAR11-Charged+1.cif,-0.84760764
8-Cd_Te0.250_Se0.750-V_Te-POSCAR12-Charged+1.cif,-0.79052877
8-Cd_Te0.250_Se0.750-V_Te-POSCAR13-Charged+1.cif,-0.66896837
8-Cd_Te0.250_Se0.750-V_Te-POSCAR14-Charged+1.cif,-0.82600392
8-Cd_Te0.250_Se0.750-V_Te-POSCAR15-Charged+1.cif,-0.89861155
8-Cd_Te0.250_Se0.750-V_Te-POSCAR16-Charged+1.cif,-0.71
9-Cd_Te0.250_Se0.750-V_Se-POSCAR0-Charged+1.cif,1.46957932
9-Cd_Te0.250_Se0.750-V_Se-POSCAR1-Charged+1.cif,1.46578051
9-Cd_Te0.250_Se0.750-V_Se-POSCAR2-Charged+1.cif,1.46
10-Cd_Te0.250_Se0.750-Cd_i-POSCAR0-Charged+1.cif,0.8172126
10-Cd_Te0.250_Se0.750-Cd_i-POSCAR1-Charged+1.cif,0.76021603
10-Cd_Te0.250_Se0.750-Cd_i-POSCAR2-Charged+1.cif,0.68974575
10-Cd_Te0.250_Se0.750-Cd_i-POSCAR3-Charged+1.cif,0.67343628
10-Cd_Te0.250_Se0.750-Cd_i-POSCAR4-Charged+1.cif,0.65915629
10-Cd_Te0.250_Se0.750-Cd_i-POSCAR5-Charged+1.cif,0.65388167
10-Cd_Te0.250_Se0.750-Cd_i-POSCAR6-Charged+1.cif,0.65
11-Cd_Te0.250_Se0.750-Te_i-POSCAR0-Charged+1.cif,3.91417855
11-Cd_Te0.250_Se0.750-Te_i-POSCAR1-Charged+1.cif,3.87526992
11-Cd_Te0.250_Se0.750-Te_i-POSCAR2-Charged+1.cif,3.84450311
11-Cd_Te0.250_Se0.750-Te_i-POSCAR3-Charged+1.cif,3.83056025
11-Cd_Te0.250_Se0.750-Te_i-POSCAR4-Charged+1.cif,3.82025148
11-Cd_Te0.250_Se0.750-Te_i-POSCAR5-Charged+1.cif,3.81185695
11-Cd_Te0.250_Se0.750-Te_i-POSCAR6-Charged+1.cif,3.80600792
11-Cd_Te0.250_Se0.750-Te_i-POSCAR7-Charged+1.cif,3.80091751
11-Cd_Te0.250_Se0.750-Te_i-POSCAR8-Charged+1.cif,3.79633129
11-Cd_Te0.250_Se0.750-Te_i-POSCAR9-Charged+1.cif,3.7915774
11-Cd_Te0.250_Se0.750-Te_i-POSCAR10-Charged+1.cif,3.78704947
11-Cd_Te0.250_Se0.750-Te_i-POSCAR11-Charged+1.cif,3.78279674
11-Cd_Te0.250_Se0.750-Te_i-POSCAR12-Charged+1.cif,3.78
12-Cd_Te0.250_Se0.750-Se_i-POSCAR0-Charged+1.cif,2.45620222
12-Cd_Te0.250_Se0.750-Se_i-POSCAR1-Charged+1.cif,2.39521019
12-Cd_Te0.250_Se0.750-Se_i-POSCAR2-Charged+1.cif,2.33389762
12-Cd_Te0.250_Se0.750-Se_i-POSCAR3-Charged+1.cif,2.29532896
12-Cd_Te0.250_Se0.750-Se_i-POSCAR4-Charged+1.cif,2.25152544
12-Cd_Te0.250_Se0.750-Se_i-POSCAR5-Charged+1.cif,2.22573584
12-Cd_Te0.250_Se0.750-Se_i-POSCAR6-Charged+1.cif,2.20989802
12-Cd_Te0.250_Se0.750-Se_i-POSCAR7-Charged+1.cif,2.20359212
12-Cd_Te0.250_Se0.750-Se_i-POSCAR8-Charged+1.cif,2.2
13-Cd_Te0.250_Se0.750-Cd_Te-POSCAR0-Charged+1.cif,-0.20996151
13-Cd_Te0.250_Se0.750-Cd_Te-POSCAR1-Charged+1.cif,-0.23550329
13-Cd_Te0.250_Se0.750-Cd_Te-POSCAR2-Charged+1.cif,-0.27409584
13-Cd_Te0.250_Se0.750-Cd_Te-POSCAR3-Charged+1.cif,-0.28415409
13-Cd_Te0.250_Se0.750-Cd_Te-POSCAR4-Charged+1.cif,-0.30484472
13-Cd_Te0.250_Se0.750-Cd_Te-POSCAR5-Charged+1.cif,-0.31
14-Cd_Te0.250_Se0.750-Cd_Se-POSCAR0-Charged+1.cif,1.60653085
14-Cd_Te0.250_Se0.750-Cd_Se-POSCAR1-Charged+1.cif,1.57672814
14-Cd_Te0.250_Se0.750-Cd_Se-POSCAR2-Charged+1.cif,1.53083835
14-Cd_Te0.250_Se0.750-Cd_Se-POSCAR3-Charged+1.cif,1.51992424
14-Cd_Te0.250_Se0.750-Cd_Se-POSCAR4-Charged+1.cif,1.50091058
14-Cd_Te0.250_Se0.750-Cd_Se-POSCAR5-Charged+1.cif,1.49417595
14-Cd_Te0.250_Se0.750-Cd_Se-POSCAR6-Charged+1.cif,1.48331021
14-Cd_Te0.250_Se0.750-Cd_Se-POSCAR7-Charged+1.cif,1.47738511
14-Cd_Te0.250_Se0.750-Cd_Se-POSCAR8-Charged+1.cif,1.47
15-Cd_Te0.250_Se0.750-Te_Cd-POSCAR0-Charged+1.cif,4.55860567
15-Cd_Te0.250_Se0.750-Te_Cd-POSCAR1-Charged+1.cif,4.55682007
15-Cd_Te0.250_Se0.750-Te_Cd-POSCAR2-Charged+1.cif,4.5571511
15-Cd_Te0.250_Se0.750-Te_Cd-POSCAR3-Charged+1.cif,4.56356196
15-Cd_Te0.250_Se0.750-Te_Cd-POSCAR4-Charged+1.cif,4.55971493
15-Cd_Te0.250_Se0.750-Te_Cd-POSCAR5-Charged+1.cif,4.558036
15-Cd_Te0.250_Se0.750-Te_Cd-POSCAR6-Charged+1.cif,4.55617021
15-Cd_Te0.250_Se0.750-Te_Cd-POSCAR7-Charged+1.cif,4.55780172
15-Cd_Te0.250_Se0.750-Te_Cd-POSCAR8-Charged+1.cif,4.56028118
15-Cd_Te0.250_Se0.750-Te_Cd-POSCAR9-Charged+1.cif,4.56058818
15-Cd_Te0.250_Se0.750-Te_Cd-POSCAR10-Charged+1.cif,4.56
16-Cd_Te0.250_Se0.750-Se_Cd-POSCAR0-Charged+1.cif,3.82979296
16-Cd_Te0.250_Se0.750-Se_Cd-POSCAR1-Charged+1.cif,3.78115564
16-Cd_Te0.250_Se0.750-Se_Cd-POSCAR2-Charged+1.cif,3.70364905
16-Cd_Te0.250_Se0.750-Se_Cd-POSCAR3-Charged+1.cif,3.63824268
16-Cd_Te0.250_Se0.750-Se_Cd-POSCAR4-Charged+1.cif,3.54533011
16-Cd_Te0.250_Se0.750-Se_Cd-POSCAR5-Charged+1.cif,3.49866153
16-Cd_Te0.250_Se0.750-Se_Cd-POSCAR6-Charged+1.cif,3.50145318
16-Cd_Te0.250_Se0.750-Se_Cd-POSCAR7-Charged+1.cif,3.49232214
16-Cd_Te0.250_Se0.750-Se_Cd-POSCAR8-Charged+1.cif,3.45522686
16-Cd_Te0.250_Se0.750-Se_Cd-POSCAR9-Charged+1.cif,3.44590777
16-Cd_Te0.250_Se0.750-Se_Cd-POSCAR10-Charged+1.cif,3.42704042
16-Cd_Te0.250_Se0.750-Se_Cd-POSCAR11-Charged+1.cif,3.41897075
16-Cd_Te0.250_Se0.750-Se_Cd-POSCAR12-Charged+1.cif,3.40680608
16-Cd_Te0.250_Se0.750-Se_Cd-POSCAR13-Charged+1.cif,3.39784168
16-Cd_Te0.250_Se0.750-Se_Cd-POSCAR14-Charged+1.cif,3.38747719
16-Cd_Te0.250_Se0.750-Se_Cd-POSCAR15-Charged+1.cif,3.38188777
16-Cd_Te0.250_Se0.750-Se_Cd-POSCAR16-Charged+1.cif,3.37664332
16-Cd_Te0.250_Se0.750-Se_Cd-POSCAR17-Charged+1.cif,3.37332708
16-Cd_Te0.250_Se0.750-Se_Cd-POSCAR18-Charged+1.cif,3.37
17-Cd_Te0.500_Se0.500-V_Cd-POSCAR0-Charged+1.cif,2.84785069
17-Cd_Te0.500_Se0.500-V_Cd-POSCAR1-Charged+1.cif,2.84426884
17-Cd_Te0.500_Se0.500-V_Cd-POSCAR2-Charged+1.cif,2.8407233
17-Cd_Te0.500_Se0.500-V_Cd-POSCAR3-Charged+1.cif,2.84
18-Cd_Te0.500_Se0.500-V_Te-POSCAR0-Charged+1.cif,0.65790733
18-Cd_Te0.500_Se0.500-V_Te-POSCAR1-Charged+1.cif,0.65383814
18-Cd_Te0.500_Se0.500-V_Te-POSCAR2-Charged+1.cif,0.65
19-Cd_Te0.500_Se0.500-V_Se-POSCAR0-Charged+1.cif,1.354206
19-Cd_Te0.500_Se0.500-V_Se-POSCAR1-Charged+1.cif,1.28739044
19-Cd_Te0.500_Se0.500-V_Se-POSCAR2-Charged+1.cif,1.24098102
19-Cd_Te0.500_Se0.500-V_Se-POSCAR3-Charged+1.cif,1.22310954
19-Cd_Te0.500_Se0.500-V_Se-POSCAR4-Charged+1.cif,1.20636024
19-Cd_Te0.500_Se0.500-V_Se-POSCAR5-Charged+1.cif,1.19520963
19-Cd_Te0.500_Se0.500-V_Se-POSCAR6-Charged+1.cif,1.19303369
19-Cd_Te0.500_Se0.500-V_Se-POSCAR7-Charged+1.cif,1.19
20-Cd_Te0.500_Se0.500-Cd_i-POSCAR0-Charged+1.cif,0.8351482
20-Cd_Te0.500_Se0.500-Cd_i-POSCAR1-Charged+1.cif,0.75800107
20-Cd_Te0.500_Se0.500-Cd_i-POSCAR2-Charged+1.cif,0.68450025
20-Cd_Te0.500_Se0.500-Cd_i-POSCAR3-Charged+1.cif,0.66869873
20-Cd_Te0.500_Se0.500-Cd_i-POSCAR4-Charged+1.cif,0.65600021
20-Cd_Te0.500_Se0.500-Cd_i-POSCAR5-Charged+1.cif,0.64963574
20-Cd_Te0.500_Se0.500-Cd_i-POSCAR6-Charged+1.cif,0.64546333
20-Cd_Te0.500_Se0.500-Cd_i-POSCAR7-Charged+1.cif,0.64247603
20-Cd_Te0.500_Se0.500-Cd_i-POSCAR8-Charged+1.cif,0.64
21-Cd_Te0.500_Se0.500-Te_i-POSCAR0-Charged+1.cif,2.58403197
21-Cd_Te0.500_Se0.500-Te_i-POSCAR1-Charged+1.cif,2.5556785
21-Cd_Te0.500_Se0.500-Te_i-POSCAR2-Charged+1.cif,2.53493016
21-Cd_Te0.500_Se0.500-Te_i-POSCAR3-Charged+1.cif,2.5214144
21-Cd_Te0.500_Se0.500-Te_i-POSCAR4-Charged+1.cif,2.51507796
21-Cd_Te0.500_Se0.500-Te_i-POSCAR5-Charged+1.cif,2.50417478
21-Cd_Te0.500_Se0.500-Te_i-POSCAR6-Charged+1.cif,2.50006279
21-Cd_Te0.500_Se0.500-Te_i-POSCAR7-Charged+1.cif,2.49415545
21-Cd_Te0.500_Se0.500-Te_i-POSCAR8-Charged+1.cif,2.49108882
21-Cd_Te0.500_Se0.500-Te_i-POSCAR9-Charged+1.cif,2.48710489
21-Cd_Te0.500_Se0.500-Te_i-POSCAR10-Charged+1.cif,2.4865346
21-Cd_Te0.500_Se0.500-Te_i-POSCAR11-Charged+1.cif,2.48308755
21-Cd_Te0.500_Se0.500-Te_i-POSCAR12-Charged+1.cif,2.48287711
21-Cd_Te0.500_Se0.500-Te_i-POSCAR13-Charged+1.cif,2.48
22-Cd_Te0.500_Se0.500-Se_i-POSCAR0-Charged+1.cif,2.43534556
22-Cd_Te0.500_Se0.500-Se_i-POSCAR1-Charged+1.cif,2.40317783
22-Cd_Te0.500_Se0.500-Se_i-POSCAR2-Charged+1.cif,2.3825644
22-Cd_Te0.500_Se0.500-Se_i-POSCAR3-Charged+1.cif,2.36871372
22-Cd_Te0.500_Se0.500-Se_i-POSCAR4-Charged+1.cif,2.36062155
22-Cd_Te0.500_Se0.500-Se_i-POSCAR5-Charged+1.cif,2.3485517
22-Cd_Te0.500_Se0.500-Se_i-POSCAR6-Charged+1.cif,2.34303241
22-Cd_Te0.500_Se0.500-Se_i-POSCAR7-Charged+1.cif,2.33657837
22-Cd_Te0.500_Se0.500-Se_i-POSCAR8-Charged+1.cif,2.33308013
22-Cd_Te0.500_Se0.500-Se_i-POSCAR9-Charged+1.cif,2.32836485
22-Cd_Te0.500_Se0.500-Se_i-POSCAR10-Charged+1.cif,2.32762438
22-Cd_Te0.500_Se0.500-Se_i-POSCAR11-Charged+1.cif,2.32397116
22-Cd_Te0.500_Se0.500-Se_i-POSCAR12-Charged+1.cif,2.31982032
22-Cd_Te0.500_Se0.500-Se_i-POSCAR13-Charged+1.cif,2.3161284
22-Cd_Te0.500_Se0.500-Se_i-POSCAR14-Charged+1.cif,2.31061998
22-Cd_Te0.500_Se0.500-Se_i-POSCAR15-Charged+1.cif,2.31429403
22-Cd_Te0.500_Se0.500-Se_i-POSCAR16-Charged+1.cif,2.30961927
22-Cd_Te0.500_Se0.500-Se_i-POSCAR17-Charged+1.cif,2.30568477
22-Cd_Te0.500_Se0.500-Se_i-POSCAR18-Charged+1.cif,2.30288414
22-Cd_Te0.500_Se0.500-Se_i-POSCAR19-Charged+1.cif,2.3
23-Cd_Te0.500_Se0.500-Cd_Te-POSCAR0-Charged+1.cif,1.13118287
23-Cd_Te0.500_Se0.500-Cd_Te-POSCAR1-Charged+1.cif,1.1014786
23-Cd_Te0.500_Se0.500-Cd_Te-POSCAR2-Charged+1.cif,1.06367049
23-Cd_Te0.500_Se0.500-Cd_Te-POSCAR3-Charged+1.cif,1.05516988
23-Cd_Te0.500_Se0.500-Cd_Te-POSCAR4-Charged+1.cif,1.04238191
23-Cd_Te0.500_Se0.500-Cd_Te-POSCAR5-Charged+1.cif,1.03702563
23-Cd_Te0.500_Se0.500-Cd_Te-POSCAR6-Charged+1.cif,1.0327283
23-Cd_Te0.500_Se0.500-Cd_Te-POSCAR7-Charged+1.cif,1.03
24-Cd_Te0.500_Se0.500-Cd_Se-POSCAR0-Charged+1.cif,1.51086212
24-Cd_Te0.500_Se0.500-Cd_Se-POSCAR1-Charged+1.cif,1.44177002
24-Cd_Te0.500_Se0.500-Cd_Se-POSCAR2-Charged+1.cif,1.36866842
24-Cd_Te0.500_Se0.500-Cd_Se-POSCAR3-Charged+1.cif,1.33249226
24-Cd_Te0.500_Se0.500-Cd_Se-POSCAR4-Charged+1.cif,1.27726371
24-Cd_Te0.500_Se0.500-Cd_Se-POSCAR5-Charged+1.cif,1.27556856
24-Cd_Te0.500_Se0.500-Cd_Se-POSCAR6-Charged+1.cif,1.24612058
24-Cd_Te0.500_Se0.500-Cd_Se-POSCAR7-Charged+1.cif,1.23810054
24-Cd_Te0.500_Se0.500-Cd_Se-POSCAR8-Charged+1.cif,1.21809375
24-Cd_Te0.500_Se0.500-Cd_Se-POSCAR9-Charged+1.cif,1.20917208
24-Cd_Te0.500_Se0.500-Cd_Se-POSCAR10-Charged+1.cif,1.19272538
24-Cd_Te0.500_Se0.500-Cd_Se-POSCAR11-Charged+1.cif,1.18201349
24-Cd_Te0.500_Se0.500-Cd_Se-POSCAR12-Charged+1.cif,1.16711728
24-Cd_Te0.500_Se0.500-Cd_Se-POSCAR13-Charged+1.cif,1.16121858
24-Cd_Te0.500_Se0.500-Cd_Se-POSCAR14-Charged+1.cif,1.14900695
24-Cd_Te0.500_Se0.500-Cd_Se-POSCAR15-Charged+1.cif,1.14780375
24-Cd_Te0.500_Se0.500-Cd_Se-POSCAR16-Charged+1.cif,1.13949329
24-Cd_Te0.500_Se0.500-Cd_Se-POSCAR17-Charged+1.cif,1.13727829
24-Cd_Te0.500_Se0.500-Cd_Se-POSCAR18-Charged+1.cif,1.13
25-Cd_Te0.500_Se0.500-Te_Cd-POSCAR0-Charged+1.cif,3.3464116
25-Cd_Te0.500_Se0.500-Te_Cd-POSCAR1-Charged+1.cif,3.27286589
25-Cd_Te0.500_Se0.500-Te_Cd-POSCAR2-Charged+1.cif,3.1709247
25-Cd_Te0.500_Se0.500-Te_Cd-POSCAR3-Charged+1.cif,3.14082792
25-Cd_Te0.500_Se0.500-Te_Cd-POSCAR4-Charged+1.cif,3.10928827
25-Cd_Te0.500_Se0.500-Te_Cd-POSCAR5-Charged+1.cif,3.0882297
25-Cd_Te0.500_Se0.500-Te_Cd-POSCAR6-Charged+1.cif,3.04947802
25-Cd_Te0.500_Se0.500-Te_Cd-POSCAR7-Charged+1.cif,3.01876393
25-Cd_Te0.500_Se0.500-Te_Cd-POSCAR8-Charged+1.cif,2.97448218
25-Cd_Te0.500_Se0.500-Te_Cd-POSCAR9-Charged+1.cif,2.95540655
25-Cd_Te0.500_Se0.500-Te_Cd-POSCAR10-Charged+1.cif,2.94012882
25-Cd_Te0.500_Se0.500-Te_Cd-POSCAR11-Charged+1.cif,2.93489794
25-Cd_Te0.500_Se0.500-Te_Cd-POSCAR12-Charged+1.cif,2.93
26-Cd_Te0.500_Se0.500-Se_Cd-POSCAR0-Charged+1.cif,-4.37917576
26-Cd_Te0.500_Se0.500-Se_Cd-POSCAR1-Charged+1.cif,-4.40127296
26-Cd_Te0.500_Se0.500-Se_Cd-POSCAR2-Charged+1.cif,-4.43514119
26-Cd_Te0.500_Se0.500-Se_Cd-POSCAR3-Charged+1.cif,-4.46092916
26-Cd_Te0.500_Se0.500-Se_Cd-POSCAR4-Charged+1.cif,-4.52570996
26-Cd_Te0.500_Se0.500-Se_Cd-POSCAR5-Charged+1.cif,-4.4616492
26-Cd_Te0.500_Se0.500-Se_Cd-POSCAR6-Charged+1.cif,-4.53863087
26-Cd_Te0.500_Se0.500-Se_Cd-POSCAR7-Charged+1.cif,-4.5706437
26-Cd_Te0.500_Se0.500-Se_Cd-POSCAR8-Charged+1.cif,-4.57959944
26-Cd_Te0.500_Se0.500-Se_Cd-POSCAR9-Charged+1.cif,-4.59749352
26-Cd_Te0.500_Se0.500-Se_Cd-POSCAR10-Charged+1.cif,-4.60201033
26-Cd_Te0.500_Se0.500-Se_Cd-POSCAR11-Charged+1.cif,-4.60795995
26-Cd_Te0.500_Se0.500-Se_Cd-POSCAR12-Charged+1.cif,-4.61
27-Cd_Te0.750_Se0.250-V_Cd-POSCAR0-Charged+1.cif,2.82488728
27-Cd_Te0.750_Se0.250-V_Cd-POSCAR1-Charged+1.cif,2.82273971
27-Cd_Te0.750_Se0.250-V_Cd-POSCAR2-Charged+1.cif,2.82
28-Cd_Te0.750_Se0.250-V_Te-POSCAR0-Charged+1.cif,1.07665456
28-Cd_Te0.750_Se0.250-V_Te-POSCAR1-Charged+1.cif,1.07445086
28-Cd_Te0.750_Se0.250-V_Te-POSCAR2-Charged+1.cif,1.07
29-Cd_Te0.750_Se0.250-V_Se-POSCAR0-Charged+1.cif,0.57
30-Cd_Te0.750_Se0.250-Cd_i-POSCAR0-Charged+1.cif,0.82228267
30-Cd_Te0.750_Se0.250-Cd_i-POSCAR1-Charged+1.cif,0.75292523
30-Cd_Te0.750_Se0.250-Cd_i-POSCAR2-Charged+1.cif,0.68303801
30-Cd_Te0.750_Se0.250-Cd_i-POSCAR3-Charged+1.cif,0.67148106
30-Cd_Te0.750_Se0.250-Cd_i-POSCAR4-Charged+1.cif,0.6630777
30-Cd_Te0.750_Se0.250-Cd_i-POSCAR5-Charged+1.cif,0.65791759
30-Cd_Te0.750_Se0.250-Cd_i-POSCAR6-Charged+1.cif,0.6544856
30-Cd_Te0.750_Se0.250-Cd_i-POSCAR7-Charged+1.cif,0.6519453
30-Cd_Te0.750_Se0.250-Cd_i-POSCAR8-Charged+1.cif,0.65
31-Cd_Te0.750_Se0.250-Te_i-POSCAR0-Charged+1.cif,2.02891419
31-Cd_Te0.750_Se0.250-Te_i-POSCAR1-Charged+1.cif,2.00601699
31-Cd_Te0.750_Se0.250-Te_i-POSCAR2-Charged+1.cif,1.98896256
31-Cd_Te0.750_Se0.250-Te_i-POSCAR3-Charged+1.cif,1.98379147
31-Cd_Te0.750_Se0.250-Te_i-POSCAR4-Charged+1.cif,1.97909395
31-Cd_Te0.750_Se0.250-Te_i-POSCAR5-Charged+1.cif,1.97567398
31-Cd_Te0.750_Se0.250-Te_i-POSCAR6-Charged+1.cif,1.97219888
31-Cd_Te0.750_Se0.250-Te_i-POSCAR7-Charged+1.cif,1.96898454
31-Cd_Te0.750_Se0.250-Te_i-POSCAR8-Charged+1.cif,1.96430291
31-Cd_Te0.750_Se0.250-Te_i-POSCAR9-Charged+1.cif,1.95966573
31-Cd_Te0.750_Se0.250-Te_i-POSCAR10-Charged+1.cif,1.95571662
31-Cd_Te0.750_Se0.250-Te_i-POSCAR11-Charged+1.cif,1.95252672
31-Cd_Te0.750_Se0.250-Te_i-POSCAR12-Charged+1.cif,1.95
32-Cd_Te0.750_Se0.250-Se_i-POSCAR0-Charged+1.cif,3.33652673
32-Cd_Te0.750_Se0.250-Se_i-POSCAR1-Charged+1.cif,3.31559045
32-Cd_Te0.750_Se0.250-Se_i-POSCAR2-Charged+1.cif,3.29977993
32-Cd_Te0.750_Se0.250-Se_i-POSCAR3-Charged+1.cif,3.28731381
32-Cd_Te0.750_Se0.250-Se_i-POSCAR4-Charged+1.cif,3.28461889
32-Cd_Te0.750_Se0.250-Se_i-POSCAR5-Charged+1.cif,3.27742155
32-Cd_Te0.750_Se0.250-Se_i-POSCAR6-Charged+1.cif,3.27374311
32-Cd_Te0.750_Se0.250-Se_i-POSCAR7-Charged+1.cif,3.27
33-Cd_Te0.750_Se0.250-Cd_Te-POSCAR0-Charged+1.cif,1.54880454
33-Cd_Te0.750_Se0.250-Cd_Te-POSCAR1-Charged+1.cif,1.48448652
33-Cd_Te0.750_Se0.250-Cd_Te-POSCAR2-Charged+1.cif,1.41711826
33-Cd_Te0.750_Se0.250-Cd_Te-POSCAR3-Charged+1.cif,1.40666241
33-Cd_Te0.750_Se0.250-Cd_Te-POSCAR4-Charged+1.cif,1.38827699
33-Cd_Te0.750_Se0.250-Cd_Te-POSCAR5-Charged+1.cif,1.3837379
33-Cd_Te0.750_Se0.250-Cd_Te-POSCAR6-Charged+1.cif,1.37376916
33-Cd_Te0.750_Se0.250-Cd_Te-POSCAR7-Charged+1.cif,1.37038245
33-Cd_Te0.750_Se0.250-Cd_Te-POSCAR8-Charged+1.cif,1.36449444
33-Cd_Te0.750_Se0.250-Cd_Te-POSCAR9-Charged+1.cif,1.36226545
33-Cd_Te0.750_Se0.250-Cd_Te-POSCAR10-Charged+1.cif,1.36
34-Cd_Te0.750_Se0.250-Cd_Se-POSCAR0-Charged+1.cif,0.35848706
34-Cd_Te0.750_Se0.250-Cd_Se-POSCAR1-Charged+1.cif,0.30550477
34-Cd_Te0.750_Se0.250-Cd_Se-POSCAR2-Charged+1.cif,0.24421966
34-Cd_Te0.750_Se0.250-Cd_Se-POSCAR3-Charged+1.cif,0.23434928
34-Cd_Te0.750_Se0.250-Cd_Se-POSCAR4-Charged+1.cif,0.22014825
34-Cd_Te0.750_Se0.250-Cd_Se-POSCAR5-Charged+1.cif,0.21587625
34-Cd_Te0.750_Se0.250-Cd_Se-POSCAR6-Charged+1.cif,0.21063668
34-Cd_Te0.750_Se0.250-Cd_Se-POSCAR7-Charged+1.cif,0.2083828
34-Cd_Te0.750_Se0.250-Cd_Se-POSCAR8-Charged+1.cif,0.20521894
34-Cd_Te0.750_Se0.250-Cd_Se-POSCAR9-Charged+1.cif,0.20326948
34-Cd_Te0.750_Se0.250-Cd_Se-POSCAR10-Charged+1.cif,0.20126464
34-Cd_Te0.750_Se0.250-Cd_Se-POSCAR11-Charged+1.cif,0.2
35-Cd_Te0.750_Se0.250-Te_Cd-POSCAR0-Charged+1.cif,2.74154742
35-Cd_Te0.750_Se0.250-Te_Cd-POSCAR1-Charged+1.cif,2.74018411
35-Cd_Te0.750_Se0.250-Te_Cd-POSCAR2-Charged+1.cif,2.73720758
35-Cd_Te0.750_Se0.250-Te_Cd-POSCAR3-Charged+1.cif,2.73688781
35-Cd_Te0.750_Se0.250-Te_Cd-POSCAR4-Charged+1.cif,2.7318087
35-Cd_Te0.750_Se0.250-Te_Cd-POSCAR5-Charged+1.cif,2.72962339
35-Cd_Te0.750_Se0.250-Te_Cd-POSCAR6-Charged+1.cif,2.72135489
35-Cd_Te0.750_Se0.250-Te_Cd-POSCAR7-Charged+1.cif,2.71944479
35-Cd_Te0.750_Se0.250-Te_Cd-POSCAR8-Charged+1.cif,2.71956177
35-Cd_Te0.750_Se0.250-Te_Cd-POSCAR9-Charged+1.cif,2.72145919
35-Cd_Te0.750_Se0.250-Te_Cd-POSCAR10-Charged+1.cif,2.71645624
35-Cd_Te0.750_Se0.250-Te_Cd-POSCAR11-Charged+1.cif,2.71762871
35-Cd_Te0.750_Se0.250-Te_Cd-POSCAR12-Charged+1.cif,2.71366753
35-Cd_Te0.750_Se0.250-Te_Cd-POSCAR13-Charged+1.cif,2.71200513
35-Cd_Te0.750_Se0.250-Te_Cd-POSCAR14-Charged+1.cif,2.7100176
35-Cd_Te0.750_Se0.250-Te_Cd-POSCAR15-Charged+1.cif,2.71240918
35-Cd_Te0.750_Se0.250-Te_Cd-POSCAR16-Charged+1.cif,2.71338813
35-Cd_Te0.750_Se0.250-Te_Cd-POSCAR17-Charged+1.cif,2.71020869
35-Cd_Te0.750_Se0.250-Te_Cd-POSCAR18-Charged+1.cif,2.71004734
35-Cd_Te0.750_Se0.250-Te_Cd-POSCAR19-Charged+1.cif,2.71
36-Cd_Te0.750_Se0.250-Se_Cd-POSCAR0-Charged+1.cif,4.37702982
36-Cd_Te0.750_Se0.250-Se_Cd-POSCAR1-Charged+1.cif,4.33576465
36-Cd_Te0.750_Se0.250-Se_Cd-POSCAR2-Charged+1.cif,4.28961946
36-Cd_Te0.750_Se0.250-Se_Cd-POSCAR3-Charged+1.cif,4.28178751
36-Cd_Te0.750_Se0.250-Se_Cd-POSCAR4-Charged+1.cif,4.29220182
36-Cd_Te0.750_Se0.250-Se_Cd-POSCAR5-Charged+1.cif,4.28930677
36-Cd_Te0.750_Se0.250-Se_Cd-POSCAR6-Charged+1.cif,4.28853678
36-Cd_Te0.750_Se0.250-Se_Cd-POSCAR7-Charged+1.cif,4.28900125
36-Cd_Te0.750_Se0.250-Se_Cd-POSCAR8-Charged+1.cif,4.2870335
36-Cd_Te0.750_Se0.250-Se_Cd-POSCAR9-Charged+1.cif,4.28534496
36-Cd_Te0.750_Se0.250-Se_Cd-POSCAR10-Charged+1.cif,4.28631444
36-Cd_Te0.750_Se0.250-Se_Cd-POSCAR11-Charged+1.cif,4.28470046
36-Cd_Te0.750_Se0.250-Se_Cd-POSCAR12-Charged+1.cif,4.28582669
36-Cd_Te0.750_Se0.250-Se_Cd-POSCAR13-Charged+1.cif,4.28482325
36-Cd_Te0.750_Se0.250-Se_Cd-POSCAR14-Charged+1.cif,4.28282721
36-Cd_Te0.750_Se0.250-Se_Cd-POSCAR15-Charged+1.cif,4.28169973
36-Cd_Te0.750_Se0.250-Se_Cd-POSCAR16-Charged+1.cif,4.28152059
36-Cd_Te0.750_Se0.250-Se_Cd-POSCAR17-Charged+1.cif,4.28168583
36-Cd_Te0.750_Se0.250-Se_Cd-POSCAR18-Charged+1.cif,4.28092114
36-Cd_Te0.750_Se0.250-Se_Cd-POSCAR19-Charged+1.cif,4.28
37-CdSe-V_Cd-POSCAR0-Charged+1.cif,3.76
38-CdSe-V_Se-POSCAR0-Charged+1.cif,0.66
39-CdSe-Cd_i_1-POSCAR0-Charged+1.cif,0.71
40-CdSe-Se_i_1-POSCAR0-Charged+1.cif,3.77
41-CdSe-Cd_Se-POSCAR0-Charged+1.cif,0.9
42-CdSe-Se_Cd-POSCAR0-Charged+1.cif,4.16