79-BN-B_i_A-POSCAR1-Charged+1.cif,13.7139109
79-BN-B_i_A-POSCAR0-Charged+1.cif,13.36388237
79-BN-B_i_A-POSCAR2-Charged+1.cif,12.80556269
79-BN-B_i_A-POSCAR3-Charged+1.cif,12.64901309
79-BN-B_i_A-POSCAR4-Charged+1.cif,12.53690911
79-BN-B_i_A-POSCAR5-Charged+1.cif,12.50228813
256-SiC-Si_i_neut-POSCAR53-Charged+1.cif,12.50153558
79-BN-B_i_A-POSCAR8-Charged+1.cif,12.50082303
79-BN-B_i_A-POSCAR12-Charged+1.cif,12.5
79-BN-B_i_A-POSCAR9-Charged+1.cif,12.4996247
79-BN-B_i_A-POSCAR11-Charged+1.cif,12.49911507
79-BN-B_i_A-POSCAR10-Charged+1.cif,12.49862495
79-BN-B_i_A-POSCAR7-Charged+1.cif,12.4841968
79-BN-B_i_A-POSCAR6-Charged+1.cif,12.47014025
80-BN-B_i_B-POSCAR0-Charged+1.cif,12.44829734
80-BN-B_i_B-POSCAR1-Charged+1.cif,12.44624068
80-BN-B_i_B-POSCAR2-Charged+1.cif,12.44
118-AlN-N_Al-POSCAR0-Charged+1.cif,12.20463378
118-AlN-N_Al-POSCAR1-Charged+1.cif,11.99471113
118-AlN-N_Al-POSCAR2-Charged+1.cif,11.87693557
118-AlN-N_Al-POSCAR3-Charged+1.cif,11.8339537
118-AlN-N_Al-POSCAR4-Charged+1.cif,11.80414745
118-AlN-N_Al-POSCAR5-Charged+1.cif,11.8
2-ZnO-O_Zn-POSCAR0-Charged+1.cif,11.58
84-BN-N_i_neut-POSCAR1-Charged+1.cif,11.57005899
78-BN-N_B-POSCAR0-Charged+1.cif,11.06999473
78-BN-N_B-POSCAR1-Charged+1.cif,11.03462794
84-BN-N_i_neut-POSCAR2-Charged+1.cif,10.901148
123-AlN-N_i_B-POSCAR0-Charged+1.cif,10.85437437
84-BN-N_i_neut-POSCAR0-Charged+1.cif,10.7308018
123-AlN-N_i_B-POSCAR1-Charged+1.cif,10.70003553
78-BN-N_B-POSCAR2-Charged+1.cif,10.66217262
78-BN-N_B-POSCAR3-Charged+1.cif,10.63676238
78-BN-N_B-POSCAR4-Charged+1.cif,10.63102305
78-BN-N_B-POSCAR5-Charged+1.cif,10.63
123-AlN-N_i_B-POSCAR2-Charged+1.cif,10.56326769
123-AlN-N_i_B-POSCAR4-Charged+1.cif,10.53820272
123-AlN-N_i_B-POSCAR7-Charged+1.cif,10.52346594
123-AlN-N_i_B-POSCAR5-Charged+1.cif,10.51970927
123-AlN-N_i_B-POSCAR6-Charged+1.cif,10.51845376
123-AlN-N_i_B-POSCAR8-Charged+1.cif,10.51293178
123-AlN-N_i_B-POSCAR3-Charged+1.cif,10.50499572
123-AlN-N_i_B-POSCAR9-Charged+1.cif,10.5028771
123-AlN-N_i_B-POSCAR10-Charged+1.cif,10.4946163
123-AlN-N_i_B-POSCAR12-Charged+1.cif,10.49134714
123-AlN-N_i_B-POSCAR14-Charged+1.cif,10.49111708
123-AlN-N_i_B-POSCAR11-Charged+1.cif,10.49108024
123-AlN-N_i_B-POSCAR13-Charged+1.cif,10.49060848
123-AlN-N_i_B-POSCAR21-Charged+1.cif,10.49
123-AlN-N_i_B-POSCAR16-Charged+1.cif,10.48993063
123-AlN-N_i_B-POSCAR18-Charged+1.cif,10.48986831
123-AlN-N_i_B-POSCAR15-Charged+1.cif,10.48890486
123-AlN-N_i_B-POSCAR20-Charged+1.cif,10.48876168
123-AlN-N_i_B-POSCAR17-Charged+1.cif,10.48657582
123-AlN-N_i_B-POSCAR19-Charged+1.cif,10.48604407
93-BP-P_i_B-POSCAR0-Charged+1.cif,10.43086767
93-BP-P_i_B-POSCAR1-Charged+1.cif,10.42476268
93-BP-P_i_B-POSCAR2-Charged+1.cif,10.42242278
93-BP-P_i_B-POSCAR3-Charged+1.cif,10.42
84-BN-N_i_neut-POSCAR3-Charged+1.cif,10.39203557
84-BN-N_i_neut-POSCAR4-Charged+1.cif,10.37924888
84-BN-N_i_neut-POSCAR5-Charged+1.cif,10.36178416
84-BN-N_i_neut-POSCAR6-Charged+1.cif,10.36119695
84-BN-N_i_neut-POSCAR7-Charged+1.cif,10.36
266-GeC-Ge_i_neut-POSCAR12-Charged+1.cif,10.10120726
266-GeC-Ge_i_neut-POSCAR47-Charged+1.cif,10.09255677
266-GeC-Ge_i_neut-POSCAR49-Charged+1.cif,10.09
266-GeC-Ge_i_neut-POSCAR48-Charged+1.cif,10.08933273
266-GeC-Ge_i_neut-POSCAR41-Charged+1.cif,10.0888969
266-GeC-Ge_i_neut-POSCAR46-Charged+1.cif,10.08776478
103-BAs-As_i_B-POSCAR0-Charged+1.cif,10.08576296
266-GeC-Ge_i_neut-POSCAR34-Charged+1.cif,10.08541318
266-GeC-Ge_i_neut-POSCAR11-Charged+1.cif,10.08466683
266-GeC-Ge_i_neut-POSCAR14-Charged+1.cif,10.08446828
266-GeC-Ge_i_neut-POSCAR21-Charged+1.cif,10.08371231
266-GeC-Ge_i_neut-POSCAR22-Charged+1.cif,10.08366944
266-GeC-Ge_i_neut-POSCAR15-Charged+1.cif,10.08346653
266-GeC-Ge_i_neut-POSCAR16-Charged+1.cif,10.08334164
266-GeC-Ge_i_neut-POSCAR19-Charged+1.cif,10.08292153
266-GeC-Ge_i_neut-POSCAR20-Charged+1.cif,10.08261655
266-GeC-Ge_i_neut-POSCAR23-Charged+1.cif,10.08257647
266-GeC-Ge_i_neut-POSCAR18-Charged+1.cif,10.08239759
266-GeC-Ge_i_neut-POSCAR17-Charged+1.cif,10.08235648
266-GeC-Ge_i_neut-POSCAR35-Charged+1.cif,10.08228978
266-GeC-Ge_i_neut-POSCAR10-Charged+1.cif,10.0822375
266-GeC-Ge_i_neut-POSCAR37-Charged+1.cif,10.08179863
266-GeC-Ge_i_neut-POSCAR38-Charged+1.cif,10.08170612
266-GeC-Ge_i_neut-POSCAR45-Charged+1.cif,10.08125789
266-GeC-Ge_i_neut-POSCAR44-Charged+1.cif,10.08089722
266-GeC-Ge_i_neut-POSCAR43-Charged+1.cif,10.0806535
266-GeC-Ge_i_neut-POSCAR36-Charged+1.cif,10.08036764
266-GeC-Ge_i_neut-POSCAR24-Charged+1.cif,10.0798917
266-GeC-Ge_i_neut-POSCAR30-Charged+1.cif,10.07978131
266-GeC-Ge_i_neut-POSCAR29-Charged+1.cif,10.07977697
266-GeC-Ge_i_neut-POSCAR31-Charged+1.cif,10.07971988
266-GeC-Ge_i_neut-POSCAR40-Charged+1.cif,10.07962604
266-GeC-Ge_i_neut-POSCAR13-Charged+1.cif,10.0795478
266-GeC-Ge_i_neut-POSCAR42-Charged+1.cif,10.07941679
266-GeC-Ge_i_neut-POSCAR33-Charged+1.cif,10.07936325
266-GeC-Ge_i_neut-POSCAR28-Charged+1.cif,10.07890988
266-GeC-Ge_i_neut-POSCAR27-Charged+1.cif,10.07881745
266-GeC-Ge_i_neut-POSCAR26-Charged+1.cif,10.07853879
266-GeC-Ge_i_neut-POSCAR25-Charged+1.cif,10.07823808
266-GeC-Ge_i_neut-POSCAR32-Charged+1.cif,10.07818036
266-GeC-Ge_i_neut-POSCAR39-Charged+1.cif,10.07759178
103-BAs-As_i_B-POSCAR1-Charged+1.cif,10.06259303
103-BAs-As_i_B-POSCAR2-Charged+1.cif,10.05563783
103-BAs-As_i_B-POSCAR3-Charged+1.cif,10.05
266-GeC-Ge_i_neut-POSCAR0-Charged+1.cif,10.04616329
266-GeC-Ge_i_neut-POSCAR9-Charged+1.cif,10.04557899
266-GeC-Ge_i_neut-POSCAR8-Charged+1.cif,10.03832318
266-GeC-Ge_i_neut-POSCAR1-Charged+1.cif,10.02141449
266-GeC-Ge_i_neut-POSCAR7-Charged+1.cif,10.01902771
266-GeC-Ge_i_neut-POSCAR2-Charged+1.cif,10.01009045
266-GeC-Ge_i_neut-POSCAR3-Charged+1.cif,10.00093798
266-GeC-Ge_i_neut-POSCAR6-Charged+1.cif,9.99692111
266-GeC-Ge_i_neut-POSCAR4-Charged+1.cif,9.99255261
266-GeC-Ge_i_neut-POSCAR5-Charged+1.cif,9.98652982
264-GeC-Ge_i_A-POSCAR0-Charged+1.cif,9.87085294
264-GeC-Ge_i_A-POSCAR1-Charged+1.cif,9.86410792
264-GeC-Ge_i_A-POSCAR2-Charged+1.cif,9.86066567
264-GeC-Ge_i_A-POSCAR3-Charged+1.cif,9.86
92-BP-P_i_A-POSCAR0-Charged+1.cif,9.80390989
92-BP-P_i_A-POSCAR1-Charged+1.cif,9.8
252-SiC-C_i_B-POSCAR0-Charged+1.cif,9.59762512
122-AlN-N_i_A-POSCAR0-Charged+1.cif,9.58609715
252-SiC-C_i_B-POSCAR1-Charged+1.cif,9.57367274
252-SiC-C_i_B-POSCAR2-Charged+1.cif,9.5629646
252-SiC-C_i_B-POSCAR3-Charged+1.cif,9.55398458
252-SiC-C_i_B-POSCAR4-Charged+1.cif,9.55
122-AlN-N_i_A-POSCAR1-Charged+1.cif,9.51945035
81-BN-B_i_neut-POSCAR1-Charged+1.cif,9.495103
265-GeC-Ge_i_B-POSCAR0-Charged+1.cif,9.47751036
81-BN-B_i_neut-POSCAR0-Charged+1.cif,9.473828
265-GeC-Ge_i_B-POSCAR1-Charged+1.cif,9.4722101
265-GeC-Ge_i_B-POSCAR2-Charged+1.cif,9.47
81-BN-B_i_neut-POSCAR3-Charged+1.cif,9.4416918
81-BN-B_i_neut-POSCAR2-Charged+1.cif,9.44107338
81-BN-B_i_neut-POSCAR4-Charged+1.cif,9.44
122-AlN-N_i_A-POSCAR2-Charged+1.cif,9.4271785
122-AlN-N_i_A-POSCAR3-Charged+1.cif,9.42122161
122-AlN-N_i_A-POSCAR4-Charged+1.cif,9.42
163-GaN-N_i_B-POSCAR0-Charged+1.cif,9.37807817
256-SiC-Si_i_neut-POSCAR54-Charged+1.cif,9.27472553
158-GaN-N_Ga-POSCAR0-Charged+1.cif,9.22720582
163-GaN-N_i_B-POSCAR1-Charged+1.cif,9.22567252
42-CdO-O_Cd-POSCAR0-Charged+1.cif,9.20655197
42-CdO-O_Cd-POSCAR1-Charged+1.cif,9.20613476
42-CdO-O_Cd-POSCAR2-Charged+1.cif,9.20334844
42-CdO-O_Cd-POSCAR3-Charged+1.cif,9.2
163-GaN-N_i_B-POSCAR2-Charged+1.cif,9.16886923
163-GaN-N_i_B-POSCAR4-Charged+1.cif,9.15775583
163-GaN-N_i_B-POSCAR3-Charged+1.cif,9.13058076
163-GaN-N_i_B-POSCAR6-Charged+1.cif,9.13009036
163-GaN-N_i_B-POSCAR7-Charged+1.cif,9.11389516
163-GaN-N_i_B-POSCAR5-Charged+1.cif,9.07902719
163-GaN-N_i_B-POSCAR8-Charged+1.cif,9.05550504
115-AlN-V_Al-POSCAR0-Charged+1.cif,9.05282923
254-SiC-Si_i_A-POSCAR0-Charged+1.cif,9.02500508
158-GaN-N_Ga-POSCAR1-Charged+1.cif,9.02254956
254-SiC-Si_i_A-POSCAR1-Charged+1.cif,9.02242467
254-SiC-Si_i_A-POSCAR2-Charged+1.cif,9.02022861
254-SiC-Si_i_A-POSCAR3-Charged+1.cif,9.02
163-GaN-N_i_B-POSCAR9-Charged+1.cif,9.01340245
102-BAs-As_i_A-POSCAR0-Charged+1.cif,8.99393734
102-BAs-As_i_A-POSCAR1-Charged+1.cif,8.99
163-GaN-N_i_B-POSCAR11-Charged+1.cif,8.98818276
163-GaN-N_i_B-POSCAR10-Charged+1.cif,8.98595294
163-GaN-N_i_B-POSCAR13-Charged+1.cif,8.9842354
115-AlN-V_Al-POSCAR1-Charged+1.cif,8.98034541
158-GaN-N_Ga-POSCAR2-Charged+1.cif,8.95609914
115-AlN-V_Al-POSCAR2-Charged+1.cif,8.95128968
163-GaN-N_i_B-POSCAR21-Charged+1.cif,8.94700917
163-GaN-N_i_B-POSCAR14-Charged+1.cif,8.94458937
276-SnC-Sn_i_neut-POSCAR14-Charged+1.cif,8.94150338
276-SnC-Sn_i_neut-POSCAR15-Charged+1.cif,8.94
276-SnC-Sn_i_neut-POSCAR13-Charged+1.cif,8.9395712
276-SnC-Sn_i_neut-POSCAR0-Charged+1.cif,8.93683274
163-GaN-N_i_B-POSCAR20-Charged+1.cif,8.93637006
115-AlN-V_Al-POSCAR3-Charged+1.cif,8.93394324
276-SnC-Sn_i_neut-POSCAR12-Charged+1.cif,8.93080688
163-GaN-N_i_B-POSCAR16-Charged+1.cif,8.92891164
276-SnC-Sn_i_neut-POSCAR11-Charged+1.cif,8.92555116
276-SnC-Sn_i_neut-POSCAR1-Charged+1.cif,8.92123488
115-AlN-V_Al-POSCAR4-Charged+1.cif,8.92
276-SnC-Sn_i_neut-POSCAR2-Charged+1.cif,8.91637013
163-GaN-N_i_B-POSCAR19-Charged+1.cif,8.91389525
276-SnC-Sn_i_neut-POSCAR3-Charged+1.cif,8.9108403
158-GaN-N_Ga-POSCAR3-Charged+1.cif,8.9105156
276-SnC-Sn_i_neut-POSCAR4-Charged+1.cif,8.90857159
276-SnC-Sn_i_neut-POSCAR6-Charged+1.cif,8.90383026
276-SnC-Sn_i_neut-POSCAR5-Charged+1.cif,8.90381777
276-SnC-Sn_i_neut-POSCAR7-Charged+1.cif,8.90076459
276-SnC-Sn_i_neut-POSCAR8-Charged+1.cif,8.89721587
276-SnC-Sn_i_neut-POSCAR9-Charged+1.cif,8.89672736
163-GaN-N_i_B-POSCAR15-Charged+1.cif,8.89509371
276-SnC-Sn_i_neut-POSCAR10-Charged+1.cif,8.88914981
158-GaN-N_Ga-POSCAR4-Charged+1.cif,8.88431538
158-GaN-N_Ga-POSCAR5-Charged+1.cif,8.88
163-GaN-N_i_B-POSCAR18-Charged+1.cif,8.87306807
163-GaN-N_i_B-POSCAR17-Charged+1.cif,8.84684697
251-SiC-C_i_A-POSCAR0-Charged+1.cif,8.83320633
113-BSb-Sb_i_B-POSCAR0-Charged+1.cif,8.81662495
113-BSb-Sb_i_B-POSCAR1-Charged+1.cif,8.80608581
113-BSb-Sb_i_B-POSCAR2-Charged+1.cif,8.80299819
113-BSb-Sb_i_B-POSCAR3-Charged+1.cif,8.8
163-GaN-N_i_B-POSCAR12-Charged+1.cif,8.79896459
256-SiC-Si_i_neut-POSCAR50-Charged+1.cif,8.72602429
274-SnC-Sn_i_A-POSCAR0-Charged+1.cif,8.7200446
274-SnC-Sn_i_A-POSCAR1-Charged+1.cif,8.70433505
274-SnC-Sn_i_A-POSCAR2-Charged+1.cif,8.70424072
274-SnC-Sn_i_A-POSCAR3-Charged+1.cif,8.70059441
274-SnC-Sn_i_A-POSCAR4-Charged+1.cif,8.7
124-AlN-N_i_neut-POSCAR1-Charged+1.cif,8.68383595
251-SiC-C_i_A-POSCAR5-Charged+1.cif,8.63571521
163-GaN-N_i_B-POSCAR24-Charged+1.cif,8.62140174
251-SiC-C_i_A-POSCAR6-Charged+1.cif,8.61316188
251-SiC-C_i_A-POSCAR1-Charged+1.cif,8.61132741
262-GeC-C_i_B-POSCAR0-Charged+1.cif,8.59726622
163-GaN-N_i_B-POSCAR23-Charged+1.cif,8.58642241
256-SiC-Si_i_neut-POSCAR55-Charged+1.cif,8.58260734
163-GaN-N_i_B-POSCAR22-Charged+1.cif,8.56163585
251-SiC-C_i_A-POSCAR7-Charged+1.cif,8.5426129
256-SiC-Si_i_neut-POSCAR49-Charged+1.cif,8.53737238
256-SiC-Si_i_neut-POSCAR44-Charged+1.cif,8.53464822
251-SiC-C_i_A-POSCAR10-Charged+1.cif,8.5195771
256-SiC-Si_i_neut-POSCAR43-Charged+1.cif,8.51286088
256-SiC-Si_i_neut-POSCAR0-Charged+1.cif,8.51159422
251-SiC-C_i_A-POSCAR9-Charged+1.cif,8.5078989
256-SiC-Si_i_neut-POSCAR45-Charged+1.cif,8.50454555
251-SiC-C_i_A-POSCAR8-Charged+1.cif,8.50324591
262-GeC-C_i_B-POSCAR1-Charged+1.cif,8.49600895
256-SiC-Si_i_neut-POSCAR1-Charged+1.cif,8.49496585
256-SiC-Si_i_neut-POSCAR46-Charged+1.cif,8.4853639
256-SiC-Si_i_neut-POSCAR2-Charged+1.cif,8.48490601
256-SiC-Si_i_neut-POSCAR3-Charged+1.cif,8.48305152
256-SiC-Si_i_neut-POSCAR5-Charged+1.cif,8.48209142
256-SiC-Si_i_neut-POSCAR4-Charged+1.cif,8.47878778
256-SiC-Si_i_neut-POSCAR11-Charged+1.cif,8.47695088
251-SiC-C_i_A-POSCAR11-Charged+1.cif,8.47396803
256-SiC-Si_i_neut-POSCAR7-Charged+1.cif,8.46537211
256-SiC-Si_i_neut-POSCAR6-Charged+1.cif,8.46461594
256-SiC-Si_i_neut-POSCAR8-Charged+1.cif,8.46084845
262-GeC-C_i_B-POSCAR2-Charged+1.cif,8.45715139
256-SiC-Si_i_neut-POSCAR10-Charged+1.cif,8.45118477
256-SiC-Si_i_neut-POSCAR9-Charged+1.cif,8.44628784
256-SiC-Si_i_neut-POSCAR38-Charged+1.cif,8.44583094
94-BP-P_i_neut-POSCAR0-Charged+1.cif,8.43619915
256-SiC-Si_i_neut-POSCAR37-Charged+1.cif,8.43470643
256-SiC-Si_i_neut-POSCAR12-Charged+1.cif,8.43469526
256-SiC-Si_i_neut-POSCAR40-Charged+1.cif,8.43434234
256-SiC-Si_i_neut-POSCAR13-Charged+1.cif,8.43398069
256-SiC-Si_i_neut-POSCAR36-Charged+1.cif,8.43322975
256-SiC-Si_i_neut-POSCAR14-Charged+1.cif,8.43053346
256-SiC-Si_i_neut-POSCAR39-Charged+1.cif,8.42967115
251-SiC-C_i_A-POSCAR2-Charged+1.cif,8.42721073
256-SiC-Si_i_neut-POSCAR42-Charged+1.cif,8.42083359
256-SiC-Si_i_neut-POSCAR15-Charged+1.cif,8.41972365
256-SiC-Si_i_neut-POSCAR41-Charged+1.cif,8.41437509
262-GeC-C_i_B-POSCAR3-Charged+1.cif,8.41402881
94-BP-P_i_neut-POSCAR1-Charged+1.cif,8.41152325
256-SiC-Si_i_neut-POSCAR16-Charged+1.cif,8.40930595
94-BP-P_i_neut-POSCAR2-Charged+1.cif,8.40295039
94-BP-P_i_neut-POSCAR3-Charged+1.cif,8.39803217
256-SiC-Si_i_neut-POSCAR17-Charged+1.cif,8.39643867
94-BP-P_i_neut-POSCAR4-Charged+1.cif,8.3944796
94-BP-P_i_neut-POSCAR5-Charged+1.cif,8.39148318
94-BP-P_i_neut-POSCAR6-Charged+1.cif,8.39
256-SiC-Si_i_neut-POSCAR18-Charged+1.cif,8.38740252
256-SiC-Si_i_neut-POSCAR48-Charged+1.cif,8.38590989
256-SiC-Si_i_neut-POSCAR20-Charged+1.cif,8.37854393
251-SiC-C_i_A-POSCAR4-Charged+1.cif,8.37015859
251-SiC-C_i_A-POSCAR12-Charged+1.cif,8.36872519
261-GeC-C_i_A-POSCAR0-Charged+1.cif,8.36769437
256-SiC-Si_i_neut-POSCAR35-Charged+1.cif,8.36765256
262-GeC-C_i_B-POSCAR4-Charged+1.cif,8.36611136
262-GeC-C_i_B-POSCAR5-Charged+1.cif,8.3645844
256-SiC-Si_i_neut-POSCAR32-Charged+1.cif,8.36444285
162-GaN-N_i_A-POSCAR0-Charged+1.cif,8.36263214
256-SiC-Si_i_neut-POSCAR19-Charged+1.cif,8.35884114
262-GeC-C_i_B-POSCAR6-Charged+1.cif,8.35130246
256-SiC-Si_i_neut-POSCAR27-Charged+1.cif,8.34401392
256-SiC-Si_i_neut-POSCAR28-Charged+1.cif,8.34217813
256-SiC-Si_i_neut-POSCAR23-Charged+1.cif,8.3361289
262-GeC-C_i_B-POSCAR7-Charged+1.cif,8.33369702
256-SiC-Si_i_neut-POSCAR31-Charged+1.cif,8.33112733
251-SiC-C_i_A-POSCAR3-Charged+1.cif,8.33087072
262-GeC-C_i_B-POSCAR8-Charged+1.cif,8.33068341
262-GeC-C_i_B-POSCAR10-Charged+1.cif,8.32965487
262-GeC-C_i_B-POSCAR9-Charged+1.cif,8.3292191
256-SiC-Si_i_neut-POSCAR21-Charged+1.cif,8.32908625
256-SiC-Si_i_neut-POSCAR22-Charged+1.cif,8.32837351
262-GeC-C_i_B-POSCAR11-Charged+1.cif,8.32430884
262-GeC-C_i_B-POSCAR15-Charged+1.cif,8.32424944
262-GeC-C_i_B-POSCAR14-Charged+1.cif,8.3232136
262-GeC-C_i_B-POSCAR12-Charged+1.cif,8.32121212
262-GeC-C_i_B-POSCAR13-Charged+1.cif,8.31653982
262-GeC-C_i_B-POSCAR27-Charged+1.cif,8.3164524
262-GeC-C_i_B-POSCAR21-Charged+1.cif,8.31245936
262-GeC-C_i_B-POSCAR17-Charged+1.cif,8.3123808
262-GeC-C_i_B-POSCAR28-Charged+1.cif,8.31226472
262-GeC-C_i_B-POSCAR16-Charged+1.cif,8.31210807
262-GeC-C_i_B-POSCAR20-Charged+1.cif,8.31146191
262-GeC-C_i_B-POSCAR29-Charged+1.cif,8.31108026
262-GeC-C_i_B-POSCAR18-Charged+1.cif,8.31100925
262-GeC-C_i_B-POSCAR22-Charged+1.cif,8.31085558
162-GaN-N_i_A-POSCAR1-Charged+1.cif,8.30994585
256-SiC-Si_i_neut-POSCAR26-Charged+1.cif,8.30915978
262-GeC-C_i_B-POSCAR19-Charged+1.cif,8.30912579
262-GeC-C_i_B-POSCAR23-Charged+1.cif,8.30842117
262-GeC-C_i_B-POSCAR24-Charged+1.cif,8.3082738
262-GeC-C_i_B-POSCAR25-Charged+1.cif,8.30679336
262-GeC-C_i_B-POSCAR26-Charged+1.cif,8.30610661
256-SiC-Si_i_neut-POSCAR33-Charged+1.cif,8.30605232
256-SiC-Si_i_neut-POSCAR34-Charged+1.cif,8.30537336
251-SiC-C_i_A-POSCAR13-Charged+1.cif,8.30328641
256-SiC-Si_i_neut-POSCAR24-Charged+1.cif,8.289578
256-SiC-Si_i_neut-POSCAR29-Charged+1.cif,8.28884189
262-GeC-C_i_B-POSCAR30-Charged+1.cif,8.28854041
256-SiC-Si_i_neut-POSCAR25-Charged+1.cif,8.28749535
262-GeC-C_i_B-POSCAR31-Charged+1.cif,8.28575365
262-GeC-C_i_B-POSCAR32-Charged+1.cif,8.28480672
162-GaN-N_i_A-POSCAR2-Charged+1.cif,8.28367635
256-SiC-Si_i_neut-POSCAR47-Charged+1.cif,8.280337
162-GaN-N_i_A-POSCAR3-Charged+1.cif,8.28
262-GeC-C_i_B-POSCAR33-Charged+1.cif,8.28
261-GeC-C_i_A-POSCAR1-Charged+1.cif,8.27918356
251-SiC-C_i_A-POSCAR14-Charged+1.cif,8.27553178
256-SiC-Si_i_neut-POSCAR30-Charged+1.cif,8.27485606
275-SnC-Sn_i_B-POSCAR0-Charged+1.cif,8.27404791
275-SnC-Sn_i_B-POSCAR1-Charged+1.cif,8.27074063
275-SnC-Sn_i_B-POSCAR2-Charged+1.cif,8.27
251-SiC-C_i_A-POSCAR15-Charged+1.cif,8.25094272
251-SiC-C_i_A-POSCAR22-Charged+1.cif,8.25
251-SiC-C_i_A-POSCAR16-Charged+1.cif,8.24843341
251-SiC-C_i_A-POSCAR18-Charged+1.cif,8.24805706
251-SiC-C_i_A-POSCAR19-Charged+1.cif,8.24788638
251-SiC-C_i_A-POSCAR21-Charged+1.cif,8.24787146
251-SiC-C_i_A-POSCAR17-Charged+1.cif,8.24758067
251-SiC-C_i_A-POSCAR20-Charged+1.cif,8.24539851
256-SiC-Si_i_neut-POSCAR51-Charged+1.cif,8.23610821
261-GeC-C_i_A-POSCAR13-Charged+1.cif,8.23016571
261-GeC-C_i_A-POSCAR5-Charged+1.cif,8.22899546
261-GeC-C_i_A-POSCAR12-Charged+1.cif,8.22830978
261-GeC-C_i_A-POSCAR2-Charged+1.cif,8.22659753
261-GeC-C_i_A-POSCAR4-Charged+1.cif,8.22023104
261-GeC-C_i_A-POSCAR6-Charged+1.cif,8.21720793
261-GeC-C_i_A-POSCAR14-Charged+1.cif,8.21706531
261-GeC-C_i_A-POSCAR9-Charged+1.cif,8.21670709
261-GeC-C_i_A-POSCAR10-Charged+1.cif,8.21636525
261-GeC-C_i_A-POSCAR15-Charged+1.cif,8.2121837
261-GeC-C_i_A-POSCAR7-Charged+1.cif,8.2048488
261-GeC-C_i_A-POSCAR11-Charged+1.cif,8.20413675
261-GeC-C_i_A-POSCAR19-Charged+1.cif,8.20315518
261-GeC-C_i_A-POSCAR3-Charged+1.cif,8.20311252
261-GeC-C_i_A-POSCAR18-Charged+1.cif,8.20165424
261-GeC-C_i_A-POSCAR17-Charged+1.cif,8.20127545
261-GeC-C_i_A-POSCAR20-Charged+1.cif,8.20021087
261-GeC-C_i_A-POSCAR16-Charged+1.cif,8.20015279
261-GeC-C_i_A-POSCAR21-Charged+1.cif,8.2
261-GeC-C_i_A-POSCAR8-Charged+1.cif,8.19403941
198-InN-N_In-POSCAR9-Charged+1.cif,8.12695545
75-BN-V_B-POSCAR1-Charged+1.cif,8.0778481
104-BAs-As_i_neut-POSCAR0-Charged+1.cif,8.07706484
75-BN-V_B-POSCAR0-Charged+1.cif,8.07088082
75-BN-V_B-POSCAR2-Charged+1.cif,8.05127905
75-BN-V_B-POSCAR3-Charged+1.cif,8.05064527
75-BN-V_B-POSCAR4-Charged+1.cif,8.05
104-BAs-As_i_neut-POSCAR1-Charged+1.cif,8.0459933
104-BAs-As_i_neut-POSCAR2-Charged+1.cif,8.03553779
104-BAs-As_i_neut-POSCAR3-Charged+1.cif,8.02874687
256-SiC-Si_i_neut-POSCAR56-Charged+1.cif,8.02748492
104-BAs-As_i_neut-POSCAR4-Charged+1.cif,8.0244236
104-BAs-As_i_neut-POSCAR5-Charged+1.cif,8.02148499
104-BAs-As_i_neut-POSCAR6-Charged+1.cif,8.02
253-SiC-C_i_neut-POSCAR0-Charged+1.cif,7.93553832
256-SiC-Si_i_neut-POSCAR57-Charged+1.cif,7.93055437
256-SiC-Si_i_neut-POSCAR58-Charged+1.cif,7.89792645
253-SiC-C_i_neut-POSCAR1-Charged+1.cif,7.88518824
256-SiC-Si_i_neut-POSCAR59-Charged+1.cif,7.87798818
256-SiC-Si_i_neut-POSCAR60-Charged+1.cif,7.87495339
256-SiC-Si_i_neut-POSCAR61-Charged+1.cif,7.87296309
256-SiC-Si_i_neut-POSCAR62-Charged+1.cif,7.87199043
256-SiC-Si_i_neut-POSCAR63-Charged+1.cif,7.87105698
256-SiC-Si_i_neut-POSCAR64-Charged+1.cif,7.87052597
256-SiC-Si_i_neut-POSCAR65-Charged+1.cif,7.87
198-InN-N_In-POSCAR4-Charged+1.cif,7.8647604
253-SiC-C_i_neut-POSCAR2-Charged+1.cif,7.86374
253-SiC-C_i_neut-POSCAR3-Charged+1.cif,7.84519552
253-SiC-C_i_neut-POSCAR4-Charged+1.cif,7.84220597
253-SiC-C_i_neut-POSCAR5-Charged+1.cif,7.84134589
253-SiC-C_i_neut-POSCAR6-Charged+1.cif,7.84
272-SnC-C_i_B-POSCAR0-Charged+1.cif,7.83783682
198-InN-N_In-POSCAR0-Charged+1.cif,7.80377098
198-InN-N_In-POSCAR8-Charged+1.cif,7.76987915
163-GaN-N_i_B-POSCAR25-Charged+1.cif,7.69959495
112-BSb-Sb_i_A-POSCAR0-Charged+1.cif,7.69
198-InN-N_In-POSCAR1-Charged+1.cif,7.66838466
263-GeC-C_i_neut-POSCAR0-Charged+1.cif,7.66328037
272-SnC-C_i_B-POSCAR1-Charged+1.cif,7.66050232
272-SnC-C_i_B-POSCAR2-Charged+1.cif,7.6604964
164-GaN-N_i_neut-POSCAR0-Charged+1.cif,7.65739985
272-SnC-C_i_B-POSCAR13-Charged+1.cif,7.62236106
255-SiC-Si_i_B-POSCAR0-Charged+1.cif,7.61464706
255-SiC-Si_i_B-POSCAR1-Charged+1.cif,7.61348635
163-GaN-N_i_B-POSCAR26-Charged+1.cif,7.61111708
255-SiC-Si_i_B-POSCAR2-Charged+1.cif,7.61
163-GaN-N_i_B-POSCAR39-Charged+1.cif,7.60409979
163-GaN-N_i_B-POSCAR40-Charged+1.cif,7.60227576
163-GaN-N_i_B-POSCAR38-Charged+1.cif,7.60192593
198-InN-N_In-POSCAR2-Charged+1.cif,7.60149196
163-GaN-N_i_B-POSCAR47-Charged+1.cif,7.60022403
163-GaN-N_i_B-POSCAR48-Charged+1.cif,7.6
163-GaN-N_i_B-POSCAR41-Charged+1.cif,7.59976601
163-GaN-N_i_B-POSCAR35-Charged+1.cif,7.59853715
163-GaN-N_i_B-POSCAR43-Charged+1.cif,7.59783957
163-GaN-N_i_B-POSCAR42-Charged+1.cif,7.59757561
163-GaN-N_i_B-POSCAR46-Charged+1.cif,7.59730935
163-GaN-N_i_B-POSCAR44-Charged+1.cif,7.59682293
163-GaN-N_i_B-POSCAR45-Charged+1.cif,7.59680278
163-GaN-N_i_B-POSCAR36-Charged+1.cif,7.59633095
163-GaN-N_i_B-POSCAR37-Charged+1.cif,7.59481027
163-GaN-N_i_B-POSCAR30-Charged+1.cif,7.59356286
163-GaN-N_i_B-POSCAR34-Charged+1.cif,7.59087577
163-GaN-N_i_B-POSCAR31-Charged+1.cif,7.58909754
163-GaN-N_i_B-POSCAR33-Charged+1.cif,7.5854964
272-SnC-C_i_B-POSCAR3-Charged+1.cif,7.58259364
163-GaN-N_i_B-POSCAR32-Charged+1.cif,7.57943456
163-GaN-N_i_B-POSCAR29-Charged+1.cif,7.57770975
163-GaN-N_i_B-POSCAR27-Charged+1.cif,7.57613253
163-GaN-N_i_B-POSCAR28-Charged+1.cif,7.55969831
155-GaN-V_Ga-POSCAR0-Charged+1.cif,7.55283674
272-SnC-C_i_B-POSCAR4-Charged+1.cif,7.54084568
155-GaN-V_Ga-POSCAR1-Charged+1.cif,7.53037985
155-GaN-V_Ga-POSCAR2-Charged+1.cif,7.51309819
272-SnC-C_i_B-POSCAR5-Charged+1.cif,7.50356159
272-SnC-C_i_B-POSCAR6-Charged+1.cif,7.50322097
263-GeC-C_i_neut-POSCAR1-Charged+1.cif,7.50290084
247-SiC-V_Si-POSCAR0-Charged+1.cif,7.49619909
155-GaN-V_Ga-POSCAR3-Charged+1.cif,7.49549441
272-SnC-C_i_B-POSCAR7-Charged+1.cif,7.47943647
247-SiC-V_Si-POSCAR1-Charged+1.cif,7.47558991
155-GaN-V_Ga-POSCAR4-Charged+1.cif,7.4716361
155-GaN-V_Ga-POSCAR5-Charged+1.cif,7.47
164-GaN-N_i_neut-POSCAR73-Charged+1.cif,7.46411481
198-InN-N_In-POSCAR3-Charged+1.cif,7.46198605
272-SnC-C_i_B-POSCAR8-Charged+1.cif,7.45692417
247-SiC-V_Si-POSCAR2-Charged+1.cif,7.4560005
247-SiC-V_Si-POSCAR3-Charged+1.cif,7.45319058
247-SiC-V_Si-POSCAR4-Charged+1.cif,7.45153801
247-SiC-V_Si-POSCAR5-Charged+1.cif,7.45
272-SnC-C_i_B-POSCAR9-Charged+1.cif,7.4472739
198-InN-N_In-POSCAR6-Charged+1.cif,7.43984501
164-GaN-N_i_neut-POSCAR1-Charged+1.cif,7.43420877
272-SnC-C_i_B-POSCAR10-Charged+1.cif,7.4153768
263-GeC-C_i_neut-POSCAR2-Charged+1.cif,7.41532867
263-GeC-C_i_neut-POSCAR11-Charged+1.cif,7.3452157
272-SnC-C_i_B-POSCAR11-Charged+1.cif,7.33753117
263-GeC-C_i_neut-POSCAR3-Charged+1.cif,7.31987552
263-GeC-C_i_neut-POSCAR10-Charged+1.cif,7.3140988
263-GeC-C_i_neut-POSCAR4-Charged+1.cif,7.27990873
263-GeC-C_i_neut-POSCAR9-Charged+1.cif,7.27067363
164-GaN-N_i_neut-POSCAR2-Charged+1.cif,7.26884712
272-SnC-C_i_B-POSCAR22-Charged+1.cif,7.26531106
263-GeC-C_i_neut-POSCAR5-Charged+1.cif,7.25083839
263-GeC-C_i_neut-POSCAR8-Charged+1.cif,7.24334835
263-GeC-C_i_neut-POSCAR7-Charged+1.cif,7.23203302
9-ZnO-O_i_B-POSCAR0-Charged+1.cif,7.21348221
114-BSb-Sb_i_neut-POSCAR0-Charged+1.cif,7.2123725
263-GeC-C_i_neut-POSCAR6-Charged+1.cif,7.20190073
263-GeC-C_i_neut-POSCAR12-Charged+1.cif,7.20103161
9-ZnO-O_i_B-POSCAR1-Charged+1.cif,7.19940556
114-BSb-Sb_i_neut-POSCAR1-Charged+1.cif,7.19444232
9-ZnO-O_i_B-POSCAR2-Charged+1.cif,7.19098884
114-BSb-Sb_i_neut-POSCAR2-Charged+1.cif,7.18930313
114-BSb-Sb_i_neut-POSCAR3-Charged+1.cif,7.1841382
164-GaN-N_i_neut-POSCAR38-Charged+1.cif,7.18007019
114-BSb-Sb_i_neut-POSCAR4-Charged+1.cif,7.17966185
198-InN-N_In-POSCAR7-Charged+1.cif,7.17621316
9-ZnO-O_i_B-POSCAR3-Charged+1.cif,7.17549988
114-BSb-Sb_i_neut-POSCAR5-Charged+1.cif,7.17542179
114-BSb-Sb_i_neut-POSCAR6-Charged+1.cif,7.17173236
114-BSb-Sb_i_neut-POSCAR7-Charged+1.cif,7.17
164-GaN-N_i_neut-POSCAR36-Charged+1.cif,7.16389103
272-SnC-C_i_B-POSCAR12-Charged+1.cif,7.16202256
164-GaN-N_i_neut-POSCAR16-Charged+1.cif,7.15706783
164-GaN-N_i_neut-POSCAR39-Charged+1.cif,7.15609255
9-ZnO-O_i_B-POSCAR4-Charged+1.cif,7.15465776
164-GaN-N_i_neut-POSCAR17-Charged+1.cif,7.15169395
164-GaN-N_i_neut-POSCAR3-Charged+1.cif,7.14966993
164-GaN-N_i_neut-POSCAR21-Charged+1.cif,7.14242273
164-GaN-N_i_neut-POSCAR48-Charged+1.cif,7.13640293
198-InN-N_In-POSCAR5-Charged+1.cif,7.13413844
9-ZnO-O_i_B-POSCAR5-Charged+1.cif,7.12948181
272-SnC-C_i_B-POSCAR14-Charged+1.cif,7.129019
164-GaN-N_i_neut-POSCAR22-Charged+1.cif,7.12862732
164-GaN-N_i_neut-POSCAR70-Charged+1.cif,7.12433585
9-ZnO-O_i_B-POSCAR14-Charged+1.cif,7.12073643
9-ZnO-O_i_B-POSCAR13-Charged+1.cif,7.11967592
9-ZnO-O_i_B-POSCAR15-Charged+1.cif,7.11933145
9-ZnO-O_i_B-POSCAR16-Charged+1.cif,7.11624893
164-GaN-N_i_neut-POSCAR31-Charged+1.cif,7.11554797
164-GaN-N_i_neut-POSCAR10-Charged+1.cif,7.11501069
272-SnC-C_i_B-POSCAR15-Charged+1.cif,7.1145676
164-GaN-N_i_neut-POSCAR32-Charged+1.cif,7.11392274
9-ZnO-O_i_B-POSCAR17-Charged+1.cif,7.11315621
164-GaN-N_i_neut-POSCAR14-Charged+1.cif,7.1128145
164-GaN-N_i_neut-POSCAR47-Charged+1.cif,7.11268249
164-GaN-N_i_neut-POSCAR15-Charged+1.cif,7.11179445
9-ZnO-O_i_B-POSCAR6-Charged+1.cif,7.11066842
164-GaN-N_i_neut-POSCAR33-Charged+1.cif,7.11062835
164-GaN-N_i_neut-POSCAR34-Charged+1.cif,7.11062415
9-ZnO-O_i_B-POSCAR12-Charged+1.cif,7.1102945
9-ZnO-O_i_B-POSCAR18-Charged+1.cif,7.10940278
272-SnC-C_i_B-POSCAR16-Charged+1.cif,7.10836292
9-ZnO-O_i_B-POSCAR11-Charged+1.cif,7.10554068
164-GaN-N_i_neut-POSCAR71-Charged+1.cif,7.10519306
9-ZnO-O_i_B-POSCAR19-Charged+1.cif,7.1051756
164-GaN-N_i_neut-POSCAR18-Charged+1.cif,7.10422742
9-ZnO-O_i_B-POSCAR20-Charged+1.cif,7.10317722
164-GaN-N_i_neut-POSCAR66-Charged+1.cif,7.10256917
9-ZnO-O_i_B-POSCAR21-Charged+1.cif,7.10216325
9-ZnO-O_i_B-POSCAR7-Charged+1.cif,7.10167412
9-ZnO-O_i_B-POSCAR10-Charged+1.cif,7.10152615
164-GaN-N_i_neut-POSCAR26-Charged+1.cif,7.10107776
164-GaN-N_i_neut-POSCAR25-Charged+1.cif,7.10049276
9-ZnO-O_i_B-POSCAR25-Charged+1.cif,7.1
9-ZnO-O_i_B-POSCAR24-Charged+1.cif,7.09926356
9-ZnO-O_i_B-POSCAR22-Charged+1.cif,7.09874188
9-ZnO-O_i_B-POSCAR23-Charged+1.cif,7.09828251
9-ZnO-O_i_B-POSCAR8-Charged+1.cif,7.09703799
9-ZnO-O_i_B-POSCAR9-Charged+1.cif,7.09565969
164-GaN-N_i_neut-POSCAR27-Charged+1.cif,7.0927756
164-GaN-N_i_neut-POSCAR23-Charged+1.cif,7.09213374
272-SnC-C_i_B-POSCAR17-Charged+1.cif,7.09203684
164-GaN-N_i_neut-POSCAR42-Charged+1.cif,7.08965759
164-GaN-N_i_neut-POSCAR41-Charged+1.cif,7.08947129
164-GaN-N_i_neut-POSCAR59-Charged+1.cif,7.08748497
164-GaN-N_i_neut-POSCAR60-Charged+1.cif,7.08748101
164-GaN-N_i_neut-POSCAR54-Charged+1.cif,7.08583954
164-GaN-N_i_neut-POSCAR40-Charged+1.cif,7.08396201
164-GaN-N_i_neut-POSCAR46-Charged+1.cif,7.08072256
198-InN-N_In-POSCAR11-Charged+1.cif,7.08059055
164-GaN-N_i_neut-POSCAR43-Charged+1.cif,7.07996626
164-GaN-N_i_neut-POSCAR63-Charged+1.cif,7.07602597
164-GaN-N_i_neut-POSCAR24-Charged+1.cif,7.07365615
164-GaN-N_i_neut-POSCAR58-Charged+1.cif,7.07339118
164-GaN-N_i_neut-POSCAR55-Charged+1.cif,7.07158086
164-GaN-N_i_neut-POSCAR61-Charged+1.cif,7.071197
164-GaN-N_i_neut-POSCAR67-Charged+1.cif,7.07030002
164-GaN-N_i_neut-POSCAR64-Charged+1.cif,7.06890607
164-GaN-N_i_neut-POSCAR12-Charged+1.cif,7.06821505
164-GaN-N_i_neut-POSCAR57-Charged+1.cif,7.06779939
164-GaN-N_i_neut-POSCAR62-Charged+1.cif,7.06700388
164-GaN-N_i_neut-POSCAR65-Charged+1.cif,7.06636406
164-GaN-N_i_neut-POSCAR56-Charged+1.cif,7.06557455
164-GaN-N_i_neut-POSCAR69-Charged+1.cif,7.06505439
164-GaN-N_i_neut-POSCAR19-Charged+1.cif,7.06419223
164-GaN-N_i_neut-POSCAR68-Charged+1.cif,7.06240532
164-GaN-N_i_neut-POSCAR13-Charged+1.cif,7.06228066
272-SnC-C_i_B-POSCAR18-Charged+1.cif,7.0622048
164-GaN-N_i_neut-POSCAR30-Charged+1.cif,7.05838367
164-GaN-N_i_neut-POSCAR28-Charged+1.cif,7.05794951
164-GaN-N_i_neut-POSCAR44-Charged+1.cif,7.05689224
164-GaN-N_i_neut-POSCAR53-Charged+1.cif,7.05592686
164-GaN-N_i_neut-POSCAR29-Charged+1.cif,7.05347642
263-GeC-C_i_neut-POSCAR15-Charged+1.cif,7.05345203
164-GaN-N_i_neut-POSCAR11-Charged+1.cif,7.04905729
164-GaN-N_i_neut-POSCAR49-Charged+1.cif,7.04491733
164-GaN-N_i_neut-POSCAR20-Charged+1.cif,7.03687357
164-GaN-N_i_neut-POSCAR51-Charged+1.cif,7.03219087
164-GaN-N_i_neut-POSCAR72-Charged+1.cif,7.02517503
164-GaN-N_i_neut-POSCAR35-Charged+1.cif,7.02378222
272-SnC-C_i_B-POSCAR19-Charged+1.cif,7.02000882
198-InN-N_In-POSCAR10-Charged+1.cif,7.01520993
164-GaN-N_i_neut-POSCAR45-Charged+1.cif,7.0127425
164-GaN-N_i_neut-POSCAR9-Charged+1.cif,7.0108519
124-AlN-N_i_neut-POSCAR0-Charged+1.cif,7.00908762
164-GaN-N_i_neut-POSCAR52-Charged+1.cif,7.00251077
198-InN-N_In-POSCAR12-Charged+1.cif,6.99267814
263-GeC-C_i_neut-POSCAR13-Charged+1.cif,6.99130466
198-InN-N_In-POSCAR13-Charged+1.cif,6.99051783
198-InN-N_In-POSCAR14-Charged+1.cif,6.99
164-GaN-N_i_neut-POSCAR4-Charged+1.cif,6.97860919
263-GeC-C_i_neut-POSCAR14-Charged+1.cif,6.95278634
164-GaN-N_i_neut-POSCAR74-Charged+1.cif,6.93619383
263-GeC-C_i_neut-POSCAR16-Charged+1.cif,6.92805282
263-GeC-C_i_neut-POSCAR17-Charged+1.cif,6.91111579
263-GeC-C_i_neut-POSCAR18-Charged+1.cif,6.90565244
263-GeC-C_i_neut-POSCAR19-Charged+1.cif,6.89961704
272-SnC-C_i_B-POSCAR20-Charged+1.cif,6.89762848
164-GaN-N_i_neut-POSCAR5-Charged+1.cif,6.89533343
263-GeC-C_i_neut-POSCAR20-Charged+1.cif,6.8922674
263-GeC-C_i_neut-POSCAR21-Charged+1.cif,6.8906239
263-GeC-C_i_neut-POSCAR22-Charged+1.cif,6.89
164-GaN-N_i_neut-POSCAR37-Charged+1.cif,6.88459293
164-GaN-N_i_neut-POSCAR8-Charged+1.cif,6.84799803
164-GaN-N_i_neut-POSCAR6-Charged+1.cif,6.83811251
164-GaN-N_i_neut-POSCAR76-Charged+1.cif,6.80911308
164-GaN-N_i_neut-POSCAR77-Charged+1.cif,6.80704671
164-GaN-N_i_neut-POSCAR7-Charged+1.cif,6.80191811
164-GaN-N_i_neut-POSCAR50-Charged+1.cif,6.80134251
119-AlN-Al_i_A-POSCAR0-Charged+1.cif,6.79757942
119-AlN-Al_i_A-POSCAR1-Charged+1.cif,6.7859093
119-AlN-Al_i_A-POSCAR2-Charged+1.cif,6.7815045
119-AlN-Al_i_A-POSCAR3-Charged+1.cif,6.78052294
119-AlN-Al_i_A-POSCAR4-Charged+1.cif,6.78
164-GaN-N_i_neut-POSCAR78-Charged+1.cif,6.75720876
164-GaN-N_i_neut-POSCAR75-Charged+1.cif,6.74580714
10-ZnO-O_i_neut-POSCAR0-Charged+1.cif,6.73
272-SnC-C_i_B-POSCAR21-Charged+1.cif,6.71841976
159-GaN-Ga_i_A-POSCAR0-Charged+1.cif,6.71495389
124-AlN-N_i_neut-POSCAR2-Charged+1.cif,6.71190563
159-GaN-Ga_i_A-POSCAR1-Charged+1.cif,6.70598901
272-SnC-C_i_B-POSCAR23-Charged+1.cif,6.70217245
159-GaN-Ga_i_A-POSCAR2-Charged+1.cif,6.70103179
159-GaN-Ga_i_A-POSCAR3-Charged+1.cif,6.7
272-SnC-C_i_B-POSCAR24-Charged+1.cif,6.69747104
8-ZnO-O_i_A-POSCAR0-Charged+1.cif,6.66
272-SnC-C_i_B-POSCAR25-Charged+1.cif,6.62158073
12-ZnS-S_Zn-POSCAR0-Charged+1.cif,6.57970043
124-AlN-N_i_neut-POSCAR3-Charged+1.cif,6.55694119
1-ZnO-V_Zn-POSCAR0-Charged+1.cif,6.54
12-ZnS-S_Zn-POSCAR1-Charged+1.cif,6.49432497
164-GaN-N_i_neut-POSCAR80-Charged+1.cif,6.4819677
164-GaN-N_i_neut-POSCAR79-Charged+1.cif,6.46836984
164-GaN-N_i_neut-POSCAR81-Charged+1.cif,6.44699455
124-AlN-N_i_neut-POSCAR4-Charged+1.cif,6.43087149
272-SnC-C_i_B-POSCAR26-Charged+1.cif,6.42660872
12-ZnS-S_Zn-POSCAR2-Charged+1.cif,6.41153715
164-GaN-N_i_neut-POSCAR82-Charged+1.cif,6.40830655
273-SnC-C_i_neut-POSCAR30-Charged+1.cif,6.40198597
164-GaN-N_i_neut-POSCAR83-Charged+1.cif,6.39238189
164-GaN-N_i_neut-POSCAR84-Charged+1.cif,6.38719901
164-GaN-N_i_neut-POSCAR85-Charged+1.cif,6.38
124-AlN-N_i_neut-POSCAR5-Charged+1.cif,6.3786983
100-BAs-B_i_B-POSCAR0-Charged+1.cif,6.35
124-AlN-N_i_neut-POSCAR6-Charged+1.cif,6.34258287
12-ZnS-S_Zn-POSCAR3-Charged+1.cif,6.34242024
195-InN-V_In-POSCAR0-Charged+1.cif,6.33120993
161-GaN-Ga_i_neut-POSCAR0-Charged+1.cif,6.32642948
124-AlN-N_i_neut-POSCAR7-Charged+1.cif,6.3240174
161-GaN-Ga_i_neut-POSCAR1-Charged+1.cif,6.31599479
124-AlN-N_i_neut-POSCAR8-Charged+1.cif,6.31372083
161-GaN-Ga_i_neut-POSCAR2-Charged+1.cif,6.31281892
161-GaN-Ga_i_neut-POSCAR3-Charged+1.cif,6.31131303
161-GaN-Ga_i_neut-POSCAR4-Charged+1.cif,6.31
272-SnC-C_i_B-POSCAR28-Charged+1.cif,6.30238487
12-ZnS-S_Zn-POSCAR4-Charged+1.cif,6.29893634
124-AlN-N_i_neut-POSCAR9-Charged+1.cif,6.29046518
124-AlN-N_i_neut-POSCAR10-Charged+1.cif,6.27969848
195-InN-V_In-POSCAR1-Charged+1.cif,6.27919894
12-ZnS-S_Zn-POSCAR5-Charged+1.cif,6.2730801
195-InN-V_In-POSCAR2-Charged+1.cif,6.26763475
271-SnC-C_i_A-POSCAR0-Charged+1.cif,6.25784878
195-InN-V_In-POSCAR3-Charged+1.cif,6.25362094
124-AlN-N_i_neut-POSCAR11-Charged+1.cif,6.2530809
203-InN-N_i_B-POSCAR0-Charged+1.cif,6.24060739
124-AlN-N_i_neut-POSCAR13-Charged+1.cif,6.23986056
124-AlN-N_i_neut-POSCAR12-Charged+1.cif,6.23968264
195-InN-V_In-POSCAR4-Charged+1.cif,6.23312972
195-InN-V_In-POSCAR5-Charged+1.cif,6.23
124-AlN-N_i_neut-POSCAR14-Charged+1.cif,6.22753288
124-AlN-N_i_neut-POSCAR17-Charged+1.cif,6.21897529
124-AlN-N_i_neut-POSCAR15-Charged+1.cif,6.21608647
12-ZnS-S_Zn-POSCAR6-Charged+1.cif,6.21425449
271-SnC-C_i_A-POSCAR1-Charged+1.cif,6.19851111
124-AlN-N_i_neut-POSCAR16-Charged+1.cif,6.19523219
12-ZnS-S_Zn-POSCAR7-Charged+1.cif,6.1898186
271-SnC-C_i_A-POSCAR2-Charged+1.cif,6.18673598
272-SnC-C_i_B-POSCAR27-Charged+1.cif,6.18459865
271-SnC-C_i_A-POSCAR6-Charged+1.cif,6.18
271-SnC-C_i_A-POSCAR3-Charged+1.cif,6.17866913
271-SnC-C_i_A-POSCAR5-Charged+1.cif,6.17693639
271-SnC-C_i_A-POSCAR4-Charged+1.cif,6.17464084
203-InN-N_i_B-POSCAR1-Charged+1.cif,6.16965939
203-InN-N_i_B-POSCAR2-Charged+1.cif,6.15580504
18-ZnS-S_i_A-POSCAR0-Charged+1.cif,6.15425205
124-AlN-N_i_neut-POSCAR19-Charged+1.cif,6.15389466
124-AlN-N_i_neut-POSCAR18-Charged+1.cif,6.15245858
124-AlN-N_i_neut-POSCAR20-Charged+1.cif,6.14937626
203-InN-N_i_B-POSCAR3-Charged+1.cif,6.14907544
124-AlN-N_i_neut-POSCAR21-Charged+1.cif,6.14766301
124-AlN-N_i_neut-POSCAR22-Charged+1.cif,6.14714238
124-AlN-N_i_neut-POSCAR23-Charged+1.cif,6.14603972
124-AlN-N_i_neut-POSCAR24-Charged+1.cif,6.14461821
203-InN-N_i_B-POSCAR4-Charged+1.cif,6.144069
124-AlN-N_i_neut-POSCAR25-Charged+1.cif,6.14273995
203-InN-N_i_B-POSCAR6-Charged+1.cif,6.142246
203-InN-N_i_B-POSCAR5-Charged+1.cif,6.14200665
203-InN-N_i_B-POSCAR8-Charged+1.cif,6.14155185
203-InN-N_i_B-POSCAR7-Charged+1.cif,6.14148555
203-InN-N_i_B-POSCAR9-Charged+1.cif,6.14092971
203-InN-N_i_B-POSCAR11-Charged+1.cif,6.14084577
203-InN-N_i_B-POSCAR10-Charged+1.cif,6.14078494
203-InN-N_i_B-POSCAR13-Charged+1.cif,6.14050604
203-InN-N_i_B-POSCAR15-Charged+1.cif,6.140307
203-InN-N_i_B-POSCAR17-Charged+1.cif,6.14009962
124-AlN-N_i_neut-POSCAR26-Charged+1.cif,6.1400595
124-AlN-N_i_neut-POSCAR27-Charged+1.cif,6.14
203-InN-N_i_B-POSCAR19-Charged+1.cif,6.14
203-InN-N_i_B-POSCAR12-Charged+1.cif,6.13957918
203-InN-N_i_B-POSCAR16-Charged+1.cif,6.13888987
203-InN-N_i_B-POSCAR14-Charged+1.cif,6.13843597
12-ZnS-S_Zn-POSCAR8-Charged+1.cif,6.1381087
203-InN-N_i_B-POSCAR18-Charged+1.cif,6.13791563
272-SnC-C_i_B-POSCAR29-Charged+1.cif,6.1342231
12-ZnS-S_Zn-POSCAR9-Charged+1.cif,6.13288432
12-ZnS-S_Zn-POSCAR10-Charged+1.cif,6.11853149
12-ZnS-S_Zn-POSCAR11-Charged+1.cif,6.10986288
12-ZnS-S_Zn-POSCAR12-Charged+1.cif,6.1
235-C-V_C-POSCAR1-Charged+1.cif,6.09680041
18-ZnS-S_i_A-POSCAR1-Charged+1.cif,6.06855951
18-ZnS-S_i_A-POSCAR2-Charged+1.cif,6.04304723
18-ZnS-S_i_A-POSCAR3-Charged+1.cif,6.03642797
272-SnC-C_i_B-POSCAR30-Charged+1.cif,6.03557357
272-SnC-C_i_B-POSCAR31-Charged+1.cif,6.03446161
18-ZnS-S_i_A-POSCAR4-Charged+1.cif,6.03
235-C-V_C-POSCAR0-Charged+1.cif,6.02125674
90-BP-B_i_B-POSCAR0-Charged+1.cif,6.01116177
90-BP-B_i_B-POSCAR1-Charged+1.cif,6.01
29-ZnSe-Se_i_B-POSCAR0-Charged+1.cif,5.97915907
235-C-V_C-POSCAR3-Charged+1.cif,5.97636155
235-C-V_C-POSCAR2-Charged+1.cif,5.9726359
235-C-V_C-POSCAR4-Charged+1.cif,5.97
273-SnC-C_i_neut-POSCAR28-Charged+1.cif,5.96611382
272-SnC-C_i_B-POSCAR32-Charged+1.cif,5.92593592
272-SnC-C_i_B-POSCAR33-Charged+1.cif,5.90839383
106-BSb-V_Sb-POSCAR0-Charged+1.cif,5.90286231
106-BSb-V_Sb-POSCAR1-Charged+1.cif,5.88074211
29-ZnSe-Se_i_B-POSCAR1-Charged+1.cif,5.87570197
106-BSb-V_Sb-POSCAR2-Charged+1.cif,5.87551775
106-BSb-V_Sb-POSCAR3-Charged+1.cif,5.86842065
272-SnC-C_i_B-POSCAR34-Charged+1.cif,5.86277046
106-BSb-V_Sb-POSCAR4-Charged+1.cif,5.86259051
106-BSb-V_Sb-POSCAR5-Charged+1.cif,5.86
29-ZnSe-Se_i_B-POSCAR2-Charged+1.cif,5.83458163
29-ZnSe-Se_i_B-POSCAR3-Charged+1.cif,5.82321982
202-InN-N_i_A-POSCAR0-Charged+1.cif,5.81436025
20-ZnS-S_i_neut-POSCAR0-Charged+1.cif,5.81055505
29-ZnSe-Se_i_B-POSCAR4-Charged+1.cif,5.81041986
202-InN-N_i_A-POSCAR1-Charged+1.cif,5.81
160-GaN-Ga_i_B-POSCAR0-Charged+1.cif,5.80645495
29-ZnSe-Se_i_B-POSCAR5-Charged+1.cif,5.80497197
29-ZnSe-Se_i_B-POSCAR6-Charged+1.cif,5.8
272-SnC-C_i_B-POSCAR35-Charged+1.cif,5.79830265
272-SnC-C_i_B-POSCAR36-Charged+1.cif,5.75480952
272-SnC-C_i_B-POSCAR37-Charged+1.cif,5.74268295
160-GaN-Ga_i_B-POSCAR1-Charged+1.cif,5.73490177
117-AlN-Al_N-POSCAR0-Charged+1.cif,5.71622996
272-SnC-C_i_B-POSCAR38-Charged+1.cif,5.71476037
160-GaN-Ga_i_B-POSCAR2-Charged+1.cif,5.70257038
89-BP-B_i_A-POSCAR0-Charged+1.cif,5.69
272-SnC-C_i_B-POSCAR39-Charged+1.cif,5.6832399
110-BSb-B_i_B-POSCAR0-Charged+1.cif,5.67654547
110-BSb-B_i_B-POSCAR1-Charged+1.cif,5.67150929
110-BSb-B_i_B-POSCAR2-Charged+1.cif,5.67
20-ZnS-S_i_neut-POSCAR1-Charged+1.cif,5.66979395
160-GaN-Ga_i_B-POSCAR3-Charged+1.cif,5.66872419
272-SnC-C_i_B-POSCAR40-Charged+1.cif,5.66179037
160-GaN-Ga_i_B-POSCAR4-Charged+1.cif,5.65085936
160-GaN-Ga_i_B-POSCAR5-Charged+1.cif,5.65
117-AlN-Al_N-POSCAR1-Charged+1.cif,5.64398715
272-SnC-C_i_B-POSCAR41-Charged+1.cif,5.62342086
272-SnC-C_i_B-POSCAR42-Charged+1.cif,5.61884418
20-ZnS-S_i_neut-POSCAR2-Charged+1.cif,5.59953349
272-SnC-C_i_B-POSCAR43-Charged+1.cif,5.59484169
272-SnC-C_i_B-POSCAR44-Charged+1.cif,5.58792765
273-SnC-C_i_neut-POSCAR26-Charged+1.cif,5.58387193
39-ZnTe-Te_i_B-POSCAR0-Charged+1.cif,5.57830771
20-ZnS-S_i_neut-POSCAR3-Charged+1.cif,5.57756172
272-SnC-C_i_B-POSCAR45-Charged+1.cif,5.56590551
20-ZnS-S_i_neut-POSCAR5-Charged+1.cif,5.56518543
20-ZnS-S_i_neut-POSCAR4-Charged+1.cif,5.56427583
20-ZnS-S_i_neut-POSCAR6-Charged+1.cif,5.56160323
20-ZnS-S_i_neut-POSCAR8-Charged+1.cif,5.56046951
20-ZnS-S_i_neut-POSCAR10-Charged+1.cif,5.56
273-SnC-C_i_neut-POSCAR21-Charged+1.cif,5.55936693
20-ZnS-S_i_neut-POSCAR7-Charged+1.cif,5.55908523
20-ZnS-S_i_neut-POSCAR9-Charged+1.cif,5.55692772
117-AlN-Al_N-POSCAR2-Charged+1.cif,5.55329146
117-AlN-Al_N-POSCAR3-Charged+1.cif,5.55
272-SnC-C_i_B-POSCAR46-Charged+1.cif,5.54537601
272-SnC-C_i_B-POSCAR49-Charged+1.cif,5.532533
272-SnC-C_i_B-POSCAR47-Charged+1.cif,5.53207681
273-SnC-C_i_neut-POSCAR24-Charged+1.cif,5.51472323
39-ZnTe-Te_i_B-POSCAR1-Charged+1.cif,5.50967991
272-SnC-C_i_B-POSCAR48-Charged+1.cif,5.50757578
273-SnC-C_i_neut-POSCAR13-Charged+1.cif,5.50697242
273-SnC-C_i_neut-POSCAR20-Charged+1.cif,5.50574415
272-SnC-C_i_B-POSCAR50-Charged+1.cif,5.50429608
273-SnC-C_i_neut-POSCAR14-Charged+1.cif,5.50331218
273-SnC-C_i_neut-POSCAR0-Charged+1.cif,5.50130268
273-SnC-C_i_neut-POSCAR3-Charged+1.cif,5.50073603
273-SnC-C_i_neut-POSCAR15-Charged+1.cif,5.50041809
273-SnC-C_i_neut-POSCAR4-Charged+1.cif,5.50004342
273-SnC-C_i_neut-POSCAR1-Charged+1.cif,5.49983738
273-SnC-C_i_neut-POSCAR2-Charged+1.cif,5.49933721
273-SnC-C_i_neut-POSCAR5-Charged+1.cif,5.49896173
273-SnC-C_i_neut-POSCAR17-Charged+1.cif,5.49805598
273-SnC-C_i_neut-POSCAR22-Charged+1.cif,5.49793183
273-SnC-C_i_neut-POSCAR10-Charged+1.cif,5.49713536
273-SnC-C_i_neut-POSCAR7-Charged+1.cif,5.49673818
273-SnC-C_i_neut-POSCAR6-Charged+1.cif,5.49666828
273-SnC-C_i_neut-POSCAR16-Charged+1.cif,5.49623712
273-SnC-C_i_neut-POSCAR11-Charged+1.cif,5.49606009
273-SnC-C_i_neut-POSCAR18-Charged+1.cif,5.49595406
273-SnC-C_i_neut-POSCAR8-Charged+1.cif,5.49585708
273-SnC-C_i_neut-POSCAR9-Charged+1.cif,5.4946383
272-SnC-C_i_B-POSCAR51-Charged+1.cif,5.49319962
273-SnC-C_i_neut-POSCAR23-Charged+1.cif,5.49111459
273-SnC-C_i_neut-POSCAR19-Charged+1.cif,5.48281432
273-SnC-C_i_neut-POSCAR12-Charged+1.cif,5.48253274
22-ZnSe-Se_Zn-POSCAR0-Charged+1.cif,5.47861388
272-SnC-C_i_B-POSCAR52-Charged+1.cif,5.47765094
272-SnC-C_i_B-POSCAR59-Charged+1.cif,5.47501418
41-CdO-V_Cd-POSCAR0-Charged+1.cif,5.47
39-ZnTe-Te_i_B-POSCAR2-Charged+1.cif,5.46915348
272-SnC-C_i_B-POSCAR53-Charged+1.cif,5.46103771
39-ZnTe-Te_i_B-POSCAR3-Charged+1.cif,5.45615443
101-BAs-B_i_neut-POSCAR0-Charged+1.cif,5.45510912
273-SnC-C_i_neut-POSCAR25-Charged+1.cif,5.44231833
39-ZnTe-Te_i_B-POSCAR4-Charged+1.cif,5.43853791
39-ZnTe-Te_i_B-POSCAR5-Charged+1.cif,5.43
272-SnC-C_i_B-POSCAR54-Charged+1.cif,5.4222491
22-ZnSe-Se_Zn-POSCAR1-Charged+1.cif,5.41975628
272-SnC-C_i_B-POSCAR55-Charged+1.cif,5.40712805
272-SnC-C_i_B-POSCAR56-Charged+1.cif,5.40152509
22-ZnSe-Se_Zn-POSCAR2-Charged+1.cif,5.38303507
172-GaP-P_i_A-POSCAR0-Charged+1.cif,5.38254763
22-ZnSe-Se_Zn-POSCAR4-Charged+1.cif,5.38135085
22-ZnSe-Se_Zn-POSCAR5-Charged+1.cif,5.38056216
22-ZnSe-Se_Zn-POSCAR6-Charged+1.cif,5.3804155
22-ZnSe-Se_Zn-POSCAR7-Charged+1.cif,5.38022328
22-ZnSe-Se_Zn-POSCAR11-Charged+1.cif,5.38
22-ZnSe-Se_Zn-POSCAR8-Charged+1.cif,5.37993082
22-ZnSe-Se_Zn-POSCAR9-Charged+1.cif,5.37984592
22-ZnSe-Se_Zn-POSCAR10-Charged+1.cif,5.37932481
101-BAs-B_i_neut-POSCAR1-Charged+1.cif,5.37890369
22-ZnSe-Se_Zn-POSCAR3-Charged+1.cif,5.3761439
272-SnC-C_i_B-POSCAR57-Charged+1.cif,5.36869905
28-ZnSe-Se_i_A-POSCAR0-Charged+1.cif,5.35483935
101-BAs-B_i_neut-POSCAR2-Charged+1.cif,5.33572747
172-GaP-P_i_A-POSCAR1-Charged+1.cif,5.32581725
91-BP-B_i_neut-POSCAR0-Charged+1.cif,5.31401577
172-GaP-P_i_A-POSCAR2-Charged+1.cif,5.31060344
272-SnC-C_i_B-POSCAR58-Charged+1.cif,5.30283661
272-SnC-C_i_B-POSCAR60-Charged+1.cif,5.2997421
172-GaP-P_i_A-POSCAR3-Charged+1.cif,5.29785043
99-BAs-B_i_A-POSCAR0-Charged+1.cif,5.29754602
91-BP-B_i_neut-POSCAR1-Charged+1.cif,5.29329085
204-InN-N_i_neut-POSCAR0-Charged+1.cif,5.29156994
172-GaP-P_i_A-POSCAR4-Charged+1.cif,5.29
28-ZnSe-Se_i_A-POSCAR1-Charged+1.cif,5.28711776
91-BP-B_i_neut-POSCAR2-Charged+1.cif,5.28677888
99-BAs-B_i_A-POSCAR1-Charged+1.cif,5.28322791
91-BP-B_i_neut-POSCAR3-Charged+1.cif,5.28291601
204-InN-N_i_neut-POSCAR1-Charged+1.cif,5.28029202
91-BP-B_i_neut-POSCAR4-Charged+1.cif,5.28
99-BAs-B_i_A-POSCAR2-Charged+1.cif,5.28
204-InN-N_i_neut-POSCAR2-Charged+1.cif,5.27657337
125-AlP-V_Al-POSCAR0-Charged+1.cif,5.27360793
204-InN-N_i_neut-POSCAR3-Charged+1.cif,5.2731951
204-InN-N_i_neut-POSCAR4-Charged+1.cif,5.27
125-AlP-V_Al-POSCAR1-Charged+1.cif,5.2634575
28-ZnSe-Se_i_A-POSCAR2-Charged+1.cif,5.2608043
125-AlP-V_Al-POSCAR2-Charged+1.cif,5.26
28-ZnSe-Se_i_A-POSCAR3-Charged+1.cif,5.25582442
101-BAs-B_i_neut-POSCAR3-Charged+1.cif,5.25424837
28-ZnSe-Se_i_A-POSCAR4-Charged+1.cif,5.25
133-AlP-P_i_B-POSCAR0-Charged+1.cif,5.24548026
272-SnC-C_i_B-POSCAR61-Charged+1.cif,5.23109404
52-CdS-S_Cd-POSCAR0-Charged+1.cif,5.23
101-BAs-B_i_neut-POSCAR4-Charged+1.cif,5.2253482
272-SnC-C_i_B-POSCAR62-Charged+1.cif,5.22280725
101-BAs-B_i_neut-POSCAR5-Charged+1.cif,5.21163035
101-BAs-B_i_neut-POSCAR6-Charged+1.cif,5.20331067
101-BAs-B_i_neut-POSCAR7-Charged+1.cif,5.2
272-SnC-C_i_B-POSCAR63-Charged+1.cif,5.18441497
133-AlP-P_i_B-POSCAR1-Charged+1.cif,5.15498085
133-AlP-P_i_B-POSCAR2-Charged+1.cif,5.13129796
133-AlP-P_i_B-POSCAR3-Charged+1.cif,5.11744753
272-SnC-C_i_B-POSCAR64-Charged+1.cif,5.11574425
272-SnC-C_i_B-POSCAR65-Charged+1.cif,5.11125988
133-AlP-P_i_B-POSCAR4-Charged+1.cif,5.1084021
133-AlP-P_i_B-POSCAR5-Charged+1.cif,5.1
96-BAs-V_As-POSCAR0-Charged+1.cif,5.08524925
272-SnC-C_i_B-POSCAR66-Charged+1.cif,5.07793733
96-BAs-V_As-POSCAR1-Charged+1.cif,5.06234474
96-BAs-V_As-POSCAR2-Charged+1.cif,5.05783575
96-BAs-V_As-POSCAR3-Charged+1.cif,5.05354873
96-BAs-V_As-POSCAR4-Charged+1.cif,5.05
30-ZnSe-Se_i_neut-POSCAR0-Charged+1.cif,5.0093541
272-SnC-C_i_B-POSCAR67-Charged+1.cif,4.99562988
50-CdO-O_i_neut-POSCAR0-Charged+1.cif,4.99105067
50-CdO-O_i_neut-POSCAR1-Charged+1.cif,4.99
49-CdO-O_i_B-POSCAR0-Charged+1.cif,4.97062085
49-CdO-O_i_B-POSCAR1-Charged+1.cif,4.97
132-AlP-P_i_A-POSCAR0-Charged+1.cif,4.96481189
38-ZnTe-Te_i_A-POSCAR0-Charged+1.cif,4.96320306
38-ZnTe-Te_i_A-POSCAR1-Charged+1.cif,4.91523173
272-SnC-C_i_B-POSCAR68-Charged+1.cif,4.91424697
173-GaP-P_i_B-POSCAR0-Charged+1.cif,4.8990779
30-ZnSe-Se_i_neut-POSCAR1-Charged+1.cif,4.89686356
132-AlP-P_i_A-POSCAR1-Charged+1.cif,4.88862107
38-ZnTe-Te_i_A-POSCAR2-Charged+1.cif,4.88834832
38-ZnTe-Te_i_A-POSCAR3-Charged+1.cif,4.88495229
38-ZnTe-Te_i_A-POSCAR4-Charged+1.cif,4.88
132-AlP-P_i_A-POSCAR2-Charged+1.cif,4.87515539
77-BN-B_N-POSCAR0-Charged+1.cif,4.87356258
272-SnC-C_i_B-POSCAR69-Charged+1.cif,4.87175301
272-SnC-C_i_B-POSCAR70-Charged+1.cif,4.87156769
132-AlP-P_i_A-POSCAR3-Charged+1.cif,4.86535703
143-AlAs-As_i_B-POSCAR0-Charged+1.cif,4.86420755
132-AlP-P_i_A-POSCAR4-Charged+1.cif,4.86
257-GeC-V_Ge-POSCAR0-Charged+1.cif,4.84553797
30-ZnSe-Se_i_neut-POSCAR2-Charged+1.cif,4.83765268
272-SnC-C_i_B-POSCAR71-Charged+1.cif,4.82685959
30-ZnSe-Se_i_neut-POSCAR3-Charged+1.cif,4.82481699
30-ZnSe-Se_i_neut-POSCAR4-Charged+1.cif,4.81396672
30-ZnSe-Se_i_neut-POSCAR6-Charged+1.cif,4.81121202
30-ZnSe-Se_i_neut-POSCAR5-Charged+1.cif,4.81094224
30-ZnSe-Se_i_neut-POSCAR7-Charged+1.cif,4.81091678
30-ZnSe-Se_i_neut-POSCAR8-Charged+1.cif,4.81
11-ZnS-V_Zn-POSCAR0-Charged+1.cif,4.79
143-AlAs-As_i_B-POSCAR1-Charged+1.cif,4.78821958
77-BN-B_N-POSCAR1-Charged+1.cif,4.78690823
173-GaP-P_i_B-POSCAR1-Charged+1.cif,4.77380658
272-SnC-C_i_B-POSCAR72-Charged+1.cif,4.76846611
143-AlAs-As_i_B-POSCAR2-Charged+1.cif,4.75552599
272-SnC-C_i_B-POSCAR73-Charged+1.cif,4.74867926
272-SnC-C_i_B-POSCAR74-Charged+1.cif,4.74864942
121-AlN-Al_i_neut-POSCAR0-Charged+1.cif,4.74658235
173-GaP-P_i_B-POSCAR2-Charged+1.cif,4.74360559
143-AlAs-As_i_B-POSCAR3-Charged+1.cif,4.74110971
121-AlN-Al_i_neut-POSCAR1-Charged+1.cif,4.73759399
143-AlAs-As_i_B-POSCAR4-Charged+1.cif,4.73729971
272-SnC-C_i_B-POSCAR75-Charged+1.cif,4.73057481
121-AlN-Al_i_neut-POSCAR2-Charged+1.cif,4.73
143-AlAs-As_i_B-POSCAR5-Charged+1.cif,4.73
173-GaP-P_i_B-POSCAR3-Charged+1.cif,4.72316398
272-SnC-C_i_B-POSCAR76-Charged+1.cif,4.7158995
173-GaP-P_i_B-POSCAR4-Charged+1.cif,4.71249439
272-SnC-C_i_B-POSCAR77-Charged+1.cif,4.70708176
173-GaP-P_i_B-POSCAR5-Charged+1.cif,4.70533161
173-GaP-P_i_B-POSCAR6-Charged+1.cif,4.7
120-AlN-Al_i_B-POSCAR0-Charged+1.cif,4.69951519
272-SnC-C_i_B-POSCAR79-Charged+1.cif,4.69794835
120-AlN-Al_i_B-POSCAR1-Charged+1.cif,4.69558461
272-SnC-C_i_B-POSCAR78-Charged+1.cif,4.69000408
120-AlN-Al_i_B-POSCAR2-Charged+1.cif,4.69
272-SnC-C_i_B-POSCAR80-Charged+1.cif,4.68640629
109-BSb-B_i_A-POSCAR0-Charged+1.cif,4.68349535
109-BSb-B_i_A-POSCAR1-Charged+1.cif,4.68128853
109-BSb-B_i_A-POSCAR2-Charged+1.cif,4.68
272-SnC-C_i_B-POSCAR81-Charged+1.cif,4.679221
272-SnC-C_i_B-POSCAR82-Charged+1.cif,4.67866578
272-SnC-C_i_B-POSCAR83-Charged+1.cif,4.67201931
272-SnC-C_i_B-POSCAR84-Charged+1.cif,4.67042293
257-GeC-V_Ge-POSCAR1-Charged+1.cif,4.6701338
272-SnC-C_i_B-POSCAR85-Charged+1.cif,4.66637225
272-SnC-C_i_B-POSCAR86-Charged+1.cif,4.66375504
272-SnC-C_i_B-POSCAR87-Charged+1.cif,4.6623784
272-SnC-C_i_B-POSCAR88-Charged+1.cif,4.6610671
272-SnC-C_i_B-POSCAR89-Charged+1.cif,4.66
165-GaP-V_Ga-POSCAR0-Charged+1.cif,4.65951726
273-SnC-C_i_neut-POSCAR29-Charged+1.cif,4.65402331
165-GaP-V_Ga-POSCAR1-Charged+1.cif,4.65229719
165-GaP-V_Ga-POSCAR2-Charged+1.cif,4.65
205-InP-V_In-POSCAR0-Charged+1.cif,4.62418463
257-GeC-V_Ge-POSCAR2-Charged+1.cif,4.62130012
205-InP-V_In-POSCAR1-Charged+1.cif,4.59
257-GeC-V_Ge-POSCAR3-Charged+1.cif,4.58564144
257-GeC-V_Ge-POSCAR4-Charged+1.cif,4.56692089
267-SnC-V_Sn-POSCAR0-Charged+1.cif,4.56267377
257-GeC-V_Ge-POSCAR5-Charged+1.cif,4.55393087
77-BN-B_N-POSCAR2-Charged+1.cif,4.55117517
257-GeC-V_Ge-POSCAR6-Charged+1.cif,4.55
273-SnC-C_i_neut-POSCAR27-Charged+1.cif,4.54705439
77-BN-B_N-POSCAR3-Charged+1.cif,4.53733889
77-BN-B_N-POSCAR4-Charged+1.cif,4.52378729
77-BN-B_N-POSCAR5-Charged+1.cif,4.52128867
77-BN-B_N-POSCAR6-Charged+1.cif,4.5206696
48-CdO-O_i_A-POSCAR0-Charged+1.cif,4.52
77-BN-B_N-POSCAR7-Charged+1.cif,4.52
183-GaAs-As_i_B-POSCAR0-Charged+1.cif,4.49025137
183-GaAs-As_i_B-POSCAR1-Charged+1.cif,4.47510759
182-GaAs-As_i_A-POSCAR0-Charged+1.cif,4.47353461
267-SnC-V_Sn-POSCAR1-Charged+1.cif,4.47112297
183-GaAs-As_i_B-POSCAR2-Charged+1.cif,4.47
273-SnC-C_i_neut-POSCAR31-Charged+1.cif,4.45032434
267-SnC-V_Sn-POSCAR2-Charged+1.cif,4.44741373
182-GaAs-As_i_A-POSCAR1-Charged+1.cif,4.43691809
40-ZnTe-Te_i_neut-POSCAR0-Charged+1.cif,4.43274423
267-SnC-V_Sn-POSCAR3-Charged+1.cif,4.42739275
182-GaAs-As_i_A-POSCAR2-Charged+1.cif,4.42034137
267-SnC-V_Sn-POSCAR4-Charged+1.cif,4.41698965
267-SnC-V_Sn-POSCAR5-Charged+1.cif,4.41355567
267-SnC-V_Sn-POSCAR6-Charged+1.cif,4.41
182-GaAs-As_i_A-POSCAR3-Charged+1.cif,4.40595564
182-GaAs-As_i_A-POSCAR4-Charged+1.cif,4.4
32-ZnTe-Te_Zn-POSCAR0-Charged+1.cif,4.37863625
40-ZnTe-Te_i_neut-POSCAR1-Charged+1.cif,4.35950161
111-BSb-B_i_neut-POSCAR0-Charged+1.cif,4.34873323
32-ZnTe-Te_Zn-POSCAR1-Charged+1.cif,4.34828047
19-ZnS-S_i_B-POSCAR0-Charged+1.cif,4.33403605
157-GaN-Ga_N-POSCAR0-Charged+1.cif,4.3253048
32-ZnTe-Te_Zn-POSCAR4-Charged+1.cif,4.32086834
32-ZnTe-Te_Zn-POSCAR5-Charged+1.cif,4.32029776
111-BSb-B_i_neut-POSCAR1-Charged+1.cif,4.32023517
32-ZnTe-Te_Zn-POSCAR9-Charged+1.cif,4.32
32-ZnTe-Te_Zn-POSCAR7-Charged+1.cif,4.3199827
32-ZnTe-Te_Zn-POSCAR6-Charged+1.cif,4.31985128
32-ZnTe-Te_Zn-POSCAR8-Charged+1.cif,4.31937392
142-AlAs-As_i_A-POSCAR0-Charged+1.cif,4.3179543
32-ZnTe-Te_Zn-POSCAR2-Charged+1.cif,4.3176538
40-ZnTe-Te_i_neut-POSCAR2-Charged+1.cif,4.3158986
32-ZnTe-Te_Zn-POSCAR3-Charged+1.cif,4.31135108
51-CdS-V_Cd-POSCAR0-Charged+1.cif,4.31
40-ZnTe-Te_i_neut-POSCAR5-Charged+1.cif,4.30911374
111-BSb-B_i_neut-POSCAR2-Charged+1.cif,4.30785096
40-ZnTe-Te_i_neut-POSCAR6-Charged+1.cif,4.30737349
40-ZnTe-Te_i_neut-POSCAR3-Charged+1.cif,4.30664286
40-ZnTe-Te_i_neut-POSCAR7-Charged+1.cif,4.30623689
40-ZnTe-Te_i_neut-POSCAR4-Charged+1.cif,4.3031865
40-ZnTe-Te_i_neut-POSCAR9-Charged+1.cif,4.30281034
40-ZnTe-Te_i_neut-POSCAR8-Charged+1.cif,4.30244107
40-ZnTe-Te_i_neut-POSCAR10-Charged+1.cif,4.30178682
40-ZnTe-Te_i_neut-POSCAR12-Charged+1.cif,4.30073472
40-ZnTe-Te_i_neut-POSCAR11-Charged+1.cif,4.30045746
40-ZnTe-Te_i_neut-POSCAR13-Charged+1.cif,4.3
111-BSb-B_i_neut-POSCAR3-Charged+1.cif,4.29691904
273-SnC-C_i_neut-POSCAR32-Charged+1.cif,4.29501337
111-BSb-B_i_neut-POSCAR4-Charged+1.cif,4.29326643
111-BSb-B_i_neut-POSCAR5-Charged+1.cif,4.29
142-AlAs-As_i_A-POSCAR1-Charged+1.cif,4.25731754
19-ZnS-S_i_B-POSCAR1-Charged+1.cif,4.24812738
142-AlAs-As_i_A-POSCAR2-Charged+1.cif,4.24325191
249-SiC-C_Si-POSCAR0-Charged+1.cif,4.24138435
249-SiC-C_Si-POSCAR1-Charged+1.cif,4.24
212-InP-P_i_A-POSCAR0-Charged+1.cif,4.23807701
86-BP-V_P-POSCAR0-Charged+1.cif,4.2361901
142-AlAs-As_i_A-POSCAR3-Charged+1.cif,4.23409743
288-SiSn-V_Sn-POSCAR0-Charged+1.cif,4.23274011
273-SnC-C_i_neut-POSCAR33-Charged+1.cif,4.23053094
142-AlAs-As_i_A-POSCAR4-Charged+1.cif,4.23
288-SiSn-V_Sn-POSCAR1-Charged+1.cif,4.23
19-ZnS-S_i_B-POSCAR2-Charged+1.cif,4.21848133
86-BP-V_P-POSCAR1-Charged+1.cif,4.21753507
135-AlAs-V_Al-POSCAR0-Charged+1.cif,4.21628997
86-BP-V_P-POSCAR2-Charged+1.cif,4.21238736
86-BP-V_P-POSCAR3-Charged+1.cif,4.21094479
86-BP-V_P-POSCAR4-Charged+1.cif,4.21
135-AlAs-V_Al-POSCAR1-Charged+1.cif,4.20462187
157-GaN-Ga_N-POSCAR1-Charged+1.cif,4.20241004
135-AlAs-V_Al-POSCAR2-Charged+1.cif,4.2
19-ZnS-S_i_B-POSCAR3-Charged+1.cif,4.19385664
273-SnC-C_i_neut-POSCAR34-Charged+1.cif,4.18991557
212-InP-P_i_A-POSCAR1-Charged+1.cif,4.1867952
19-ZnS-S_i_B-POSCAR4-Charged+1.cif,4.17512989
157-GaN-Ga_N-POSCAR2-Charged+1.cif,4.17252735
157-GaN-Ga_N-POSCAR3-Charged+1.cif,4.17
212-InP-P_i_A-POSCAR2-Charged+1.cif,4.16788489
19-ZnS-S_i_B-POSCAR5-Charged+1.cif,4.16608835
19-ZnS-S_i_B-POSCAR6-Charged+1.cif,4.16232567
273-SnC-C_i_neut-POSCAR35-Charged+1.cif,4.16129438
19-ZnS-S_i_B-POSCAR7-Charged+1.cif,4.15841257
19-ZnS-S_i_B-POSCAR8-Charged+1.cif,4.15668733
19-ZnS-S_i_B-POSCAR9-Charged+1.cif,4.15495758
19-ZnS-S_i_B-POSCAR10-Charged+1.cif,4.15188174
212-InP-P_i_A-POSCAR3-Charged+1.cif,4.15074088
19-ZnS-S_i_B-POSCAR11-Charged+1.cif,4.15
273-SnC-C_i_neut-POSCAR36-Charged+1.cif,4.14370981
212-InP-P_i_A-POSCAR4-Charged+1.cif,4.14
273-SnC-C_i_neut-POSCAR37-Charged+1.cif,4.13636729
273-SnC-C_i_neut-POSCAR38-Charged+1.cif,4.13122427
273-SnC-C_i_neut-POSCAR39-Charged+1.cif,4.13
56-CdSe-Se_Cd-POSCAR0-Charged+1.cif,4.12
134-AlP-P_i_neut-POSCAR0-Charged+1.cif,4.09367194
85-BP-V_B-POSCAR0-Charged+1.cif,3.99221075
199-InN-In_i_A-POSCAR0-Charged+1.cif,3.98845469
134-AlP-P_i_neut-POSCAR1-Charged+1.cif,3.97959956
199-InN-In_i_A-POSCAR1-Charged+1.cif,3.9765889
199-InN-In_i_A-POSCAR2-Charged+1.cif,3.97292917
21-ZnSe-V_Zn-POSCAR0-Charged+1.cif,3.97200097
21-ZnSe-V_Zn-POSCAR1-Charged+1.cif,3.97
199-InN-In_i_A-POSCAR3-Charged+1.cif,3.97
153-AlSb-Sb_i_B-POSCAR0-Charged+1.cif,3.96566439
278-SiGe-V_Ge-POSCAR0-Charged+1.cif,3.96550693
63-CdSe-Se_i_B-POSCAR0-Charged+1.cif,3.96
134-AlP-P_i_neut-POSCAR2-Charged+1.cif,3.95695585
278-SiGe-V_Ge-POSCAR1-Charged+1.cif,3.94917322
85-BP-V_B-POSCAR1-Charged+1.cif,3.94566186
134-AlP-P_i_neut-POSCAR3-Charged+1.cif,3.9448566
278-SiGe-V_Ge-POSCAR2-Charged+1.cif,3.93976645
134-AlP-P_i_neut-POSCAR4-Charged+1.cif,3.93835779
85-BP-V_B-POSCAR2-Charged+1.cif,3.93754461
278-SiGe-V_Ge-POSCAR3-Charged+1.cif,3.9334397
134-AlP-P_i_neut-POSCAR5-Charged+1.cif,3.93302607
85-BP-V_B-POSCAR3-Charged+1.cif,3.93248832
134-AlP-P_i_neut-POSCAR6-Charged+1.cif,3.9310485
85-BP-V_B-POSCAR4-Charged+1.cif,3.93
134-AlP-P_i_neut-POSCAR7-Charged+1.cif,3.93
153-AlSb-Sb_i_B-POSCAR1-Charged+1.cif,3.92708387
278-SiGe-V_Ge-POSCAR4-Charged+1.cif,3.92687943
278-SiGe-V_Ge-POSCAR5-Charged+1.cif,3.92
153-AlSb-Sb_i_B-POSCAR2-Charged+1.cif,3.90305231
153-AlSb-Sb_i_B-POSCAR3-Charged+1.cif,3.89421149
153-AlSb-Sb_i_B-POSCAR4-Charged+1.cif,3.88498402
153-AlSb-Sb_i_B-POSCAR5-Charged+1.cif,3.88
144-AlAs-As_i_neut-POSCAR0-Charged+1.cif,3.86918579
174-GaP-P_i_neut-POSCAR0-Charged+1.cif,3.82858789
73-CdTe-Te_i_B-POSCAR0-Charged+1.cif,3.82
174-GaP-P_i_neut-POSCAR1-Charged+1.cif,3.77602171
174-GaP-P_i_neut-POSCAR2-Charged+1.cif,3.76216693
144-AlAs-As_i_neut-POSCAR1-Charged+1.cif,3.75893789
174-GaP-P_i_neut-POSCAR3-Charged+1.cif,3.7563443
175-GaAs-V_Ga-POSCAR0-Charged+1.cif,3.75472494
174-GaP-P_i_neut-POSCAR4-Charged+1.cif,3.75279833
174-GaP-P_i_neut-POSCAR5-Charged+1.cif,3.74876595
286-SiGe-Si_i_neut-POSCAR0-Charged+1.cif,3.74638735
175-GaAs-V_Ga-POSCAR1-Charged+1.cif,3.74633306
174-GaP-P_i_neut-POSCAR6-Charged+1.cif,3.74543139
174-GaP-P_i_neut-POSCAR7-Charged+1.cif,3.74205651
174-GaP-P_i_neut-POSCAR8-Charged+1.cif,3.74
215-InAs-V_In-POSCAR0-Charged+1.cif,3.73879717
175-GaAs-V_Ga-POSCAR2-Charged+1.cif,3.73822562
270-SnC-Sn_C-POSCAR0-Charged+1.cif,3.73662679
215-InAs-V_In-POSCAR1-Charged+1.cif,3.73564657
144-AlAs-As_i_neut-POSCAR2-Charged+1.cif,3.73471691
175-GaAs-V_Ga-POSCAR3-Charged+1.cif,3.7338466
62-CdSe-Se_i_A-POSCAR0-Charged+1.cif,3.73
175-GaAs-V_Ga-POSCAR4-Charged+1.cif,3.73
215-InAs-V_In-POSCAR2-Charged+1.cif,3.73
184-GaAs-As_i_neut-POSCAR0-Charged+1.cif,3.72725128
144-AlAs-As_i_neut-POSCAR3-Charged+1.cif,3.72294329
184-GaAs-As_i_neut-POSCAR1-Charged+1.cif,3.7217172
240-Si-Si_i_neut-POSCAR0-Charged+1.cif,3.72064207
184-GaAs-As_i_neut-POSCAR2-Charged+1.cif,3.72
270-SnC-Sn_C-POSCAR1-Charged+1.cif,3.72
144-AlAs-As_i_neut-POSCAR4-Charged+1.cif,3.71777849
144-AlAs-As_i_neut-POSCAR5-Charged+1.cif,3.71313212
240-Si-Si_i_neut-POSCAR1-Charged+1.cif,3.71254271
144-AlAs-As_i_neut-POSCAR6-Charged+1.cif,3.71133714
144-AlAs-As_i_neut-POSCAR7-Charged+1.cif,3.71
240-Si-Si_i_neut-POSCAR2-Charged+1.cif,3.71
55-CdSe-V_Cd-POSCAR0-Charged+1.cif,3.70070759
55-CdSe-V_Cd-POSCAR1-Charged+1.cif,3.7
193-GaSb-Sb_i_B-POSCAR0-Charged+1.cif,3.69525726
193-GaSb-Sb_i_B-POSCAR1-Charged+1.cif,3.69
286-SiGe-Si_i_neut-POSCAR1-Charged+1.cif,3.68633039
250-SiC-Si_C-POSCAR0-Charged+1.cif,3.67278587
277-SiGe-V_Si-POSCAR0-Charged+1.cif,3.66430949
286-SiGe-Si_i_neut-POSCAR2-Charged+1.cif,3.66005088
250-SiC-Si_C-POSCAR1-Charged+1.cif,3.65736423
277-SiGe-V_Si-POSCAR1-Charged+1.cif,3.64625942
277-SiGe-V_Si-POSCAR2-Charged+1.cif,3.63575285
250-SiC-Si_C-POSCAR2-Charged+1.cif,3.63
277-SiGe-V_Si-POSCAR3-Charged+1.cif,3.62874661
286-SiGe-Si_i_neut-POSCAR3-Charged+1.cif,3.62323714
277-SiGe-V_Si-POSCAR4-Charged+1.cif,3.6202864
213-InP-P_i_B-POSCAR0-Charged+1.cif,3.61934735
287-SiSn-V_Si-POSCAR0-Charged+1.cif,3.61204865
277-SiGe-V_Si-POSCAR5-Charged+1.cif,3.61
287-SiSn-V_Si-POSCAR1-Charged+1.cif,3.61
286-SiGe-Si_i_neut-POSCAR4-Charged+1.cif,3.60744962
286-SiGe-Si_i_neut-POSCAR5-Charged+1.cif,3.58758389
286-SiGe-Si_i_neut-POSCAR6-Charged+1.cif,3.58639772
285-SiGe-Si_i_B-POSCAR0-Charged+1.cif,3.58
286-SiGe-Si_i_neut-POSCAR7-Charged+1.cif,3.57802856
286-SiGe-Si_i_neut-POSCAR8-Charged+1.cif,3.57570961
286-SiGe-Si_i_neut-POSCAR9-Charged+1.cif,3.57
213-InP-P_i_B-POSCAR1-Charged+1.cif,3.5625979
238-Si-V_Si-POSCAR0-Charged+1.cif,3.54929729
72-CdTe-Te_i_A-POSCAR0-Charged+1.cif,3.53
213-InP-P_i_B-POSCAR2-Charged+1.cif,3.52949169
238-Si-V_Si-POSCAR1-Charged+1.cif,3.52807961
238-Si-V_Si-POSCAR2-Charged+1.cif,3.52133229
238-Si-V_Si-POSCAR3-Charged+1.cif,3.51515819
238-Si-V_Si-POSCAR4-Charged+1.cif,3.50809555
283-SiGe-Ge_i_neut-POSCAR0-Charged+1.cif,3.5031196
238-Si-V_Si-POSCAR5-Charged+1.cif,3.5
107-BSb-B_Sb-POSCAR0-Charged+1.cif,3.49
192-GaSb-Ab_i_A-POSCAR0-Charged+1.cif,3.48315274
192-GaSb-Ab_i_A-POSCAR1-Charged+1.cif,3.47215224
192-GaSb-Ab_i_A-POSCAR2-Charged+1.cif,3.46307076
192-GaSb-Ab_i_A-POSCAR3-Charged+1.cif,3.45636379
192-GaSb-Ab_i_A-POSCAR4-Charged+1.cif,3.45
213-InP-P_i_B-POSCAR4-Charged+1.cif,3.44861005
283-SiGe-Ge_i_neut-POSCAR1-Charged+1.cif,3.44002413
197-InN-In_N-POSCAR0-Charged+1.cif,3.42312219
213-InP-P_i_B-POSCAR3-Charged+1.cif,3.41290208
243-Ge-Ge_i_neut-POSCAR0-Charged+1.cif,3.40183556
283-SiGe-Ge_i_neut-POSCAR2-Charged+1.cif,3.40056247
243-Ge-Ge_i_neut-POSCAR1-Charged+1.cif,3.39288797
243-Ge-Ge_i_neut-POSCAR2-Charged+1.cif,3.39
197-InN-In_N-POSCAR1-Charged+1.cif,3.38749465
197-InN-In_N-POSCAR2-Charged+1.cif,3.38176282
128-AlP-P_Al-POSCAR0-Charged+1.cif,3.38082268
152-AlSb-Sb_i_A-POSCAR0-Charged+1.cif,3.38036278
197-InN-In_N-POSCAR3-Charged+1.cif,3.38
283-SiGe-Ge_i_neut-POSCAR3-Charged+1.cif,3.35927387
152-AlSb-Sb_i_A-POSCAR1-Charged+1.cif,3.3518239
152-AlSb-Sb_i_A-POSCAR2-Charged+1.cif,3.33902297
152-AlSb-Sb_i_A-POSCAR3-Charged+1.cif,3.33500234
213-InP-P_i_B-POSCAR5-Charged+1.cif,3.33211071
152-AlSb-Sb_i_A-POSCAR4-Charged+1.cif,3.33
283-SiGe-Ge_i_neut-POSCAR4-Charged+1.cif,3.32752812
64-CdSe-Se_i_neut-POSCAR0-Charged+1.cif,3.32
222-InAs-As_i_A-POSCAR0-Charged+1.cif,3.31787408
194-GaSb-Sb_i_neut-POSCAR0-Charged+1.cif,3.31176692
194-GaSb-Sb_i_neut-POSCAR1-Charged+1.cif,3.31
213-InP-P_i_B-POSCAR6-Charged+1.cif,3.30653248
66-CdTe-Te_Cd-POSCAR2-Charged+1.cif,3.3
66-CdTe-Te_Cd-POSCAR0-Charged+1.cif,3.29887201
283-SiGe-Ge_i_neut-POSCAR5-Charged+1.cif,3.29699128
66-CdTe-Te_Cd-POSCAR1-Charged+1.cif,3.29301533
88-BP-P_B-POSCAR0-Charged+1.cif,3.28986297
222-InAs-As_i_A-POSCAR1-Charged+1.cif,3.28652884
88-BP-P_B-POSCAR1-Charged+1.cif,3.28
128-AlP-P_Al-POSCAR1-Charged+1.cif,3.27758565
283-SiGe-Ge_i_neut-POSCAR6-Charged+1.cif,3.27436462
283-SiGe-Ge_i_neut-POSCAR26-Charged+1.cif,3.27359565
283-SiGe-Ge_i_neut-POSCAR9-Charged+1.cif,3.26720669
222-InAs-As_i_A-POSCAR2-Charged+1.cif,3.26673625
213-InP-P_i_B-POSCAR7-Charged+1.cif,3.26538529
283-SiGe-Ge_i_neut-POSCAR8-Charged+1.cif,3.26467858
128-AlP-P_Al-POSCAR2-Charged+1.cif,3.25640757
213-InP-P_i_B-POSCAR8-Charged+1.cif,3.25618576
222-InAs-As_i_A-POSCAR3-Charged+1.cif,3.25531449
283-SiGe-Ge_i_neut-POSCAR7-Charged+1.cif,3.2548327
283-SiGe-Ge_i_neut-POSCAR10-Charged+1.cif,3.25369644
128-AlP-P_Al-POSCAR3-Charged+1.cif,3.25
213-InP-P_i_B-POSCAR9-Charged+1.cif,3.25
283-SiGe-Ge_i_neut-POSCAR21-Charged+1.cif,3.24691378
171-GaP-Ga_i_neut-POSCAR0-Charged+1.cif,3.24517375
283-SiGe-Ge_i_neut-POSCAR14-Charged+1.cif,3.2440923
283-SiGe-Ge_i_neut-POSCAR30-Charged+1.cif,3.24286444
283-SiGe-Ge_i_neut-POSCAR12-Charged+1.cif,3.24206705
283-SiGe-Ge_i_neut-POSCAR13-Charged+1.cif,3.24169597
283-SiGe-Ge_i_neut-POSCAR25-Charged+1.cif,3.24017777
283-SiGe-Ge_i_neut-POSCAR15-Charged+1.cif,3.23928015
283-SiGe-Ge_i_neut-POSCAR19-Charged+1.cif,3.23896099
222-InAs-As_i_A-POSCAR4-Charged+1.cif,3.2383196
283-SiGe-Ge_i_neut-POSCAR18-Charged+1.cif,3.23637756
283-SiGe-Ge_i_neut-POSCAR16-Charged+1.cif,3.23524148
283-SiGe-Ge_i_neut-POSCAR29-Charged+1.cif,3.23319651
283-SiGe-Ge_i_neut-POSCAR27-Charged+1.cif,3.23157677
283-SiGe-Ge_i_neut-POSCAR20-Charged+1.cif,3.23130194
222-InAs-As_i_A-POSCAR5-Charged+1.cif,3.23
283-SiGe-Ge_i_neut-POSCAR23-Charged+1.cif,3.22782446
283-SiGe-Ge_i_neut-POSCAR11-Charged+1.cif,3.22699026
283-SiGe-Ge_i_neut-POSCAR31-Charged+1.cif,3.22641433
283-SiGe-Ge_i_neut-POSCAR28-Charged+1.cif,3.22288088
283-SiGe-Ge_i_neut-POSCAR24-Charged+1.cif,3.22255439
283-SiGe-Ge_i_neut-POSCAR17-Charged+1.cif,3.21935907
283-SiGe-Ge_i_neut-POSCAR22-Charged+1.cif,3.21445073
171-GaP-Ga_i_neut-POSCAR1-Charged+1.cif,3.2119527
283-SiGe-Ge_i_neut-POSCAR33-Charged+1.cif,3.20462047
295-SiSn-Si_i_B-POSCAR0-Charged+1.cif,3.20242389
171-GaP-Ga_i_neut-POSCAR2-Charged+1.cif,3.20237583
283-SiGe-Ge_i_neut-POSCAR34-Charged+1.cif,3.20132949
283-SiGe-Ge_i_neut-POSCAR32-Charged+1.cif,3.20073815
295-SiSn-Si_i_B-POSCAR1-Charged+1.cif,3.2
283-SiGe-Ge_i_neut-POSCAR35-Charged+1.cif,3.19596049
171-GaP-Ga_i_neut-POSCAR3-Charged+1.cif,3.19190764
171-GaP-Ga_i_neut-POSCAR6-Charged+1.cif,3.1907712
171-GaP-Ga_i_neut-POSCAR7-Charged+1.cif,3.19
283-SiGe-Ge_i_neut-POSCAR36-Charged+1.cif,3.19
171-GaP-Ga_i_neut-POSCAR5-Charged+1.cif,3.18670007
171-GaP-Ga_i_neut-POSCAR4-Charged+1.cif,3.18312632
239-Si-Si_i_A-POSCAR0-Charged+1.cif,3.17576409
284-SiGe-Si_i_A-POSCAR0-Charged+1.cif,3.17236504
239-Si-Si_i_A-POSCAR1-Charged+1.cif,3.17184129
239-Si-Si_i_A-POSCAR2-Charged+1.cif,3.17
282-SiGe-Ge_i_B-POSCAR0-Charged+1.cif,3.17
284-SiGe-Si_i_A-POSCAR1-Charged+1.cif,3.17
293-SiSn-Sn_i_neut-POSCAR0-Charged+1.cif,3.14833223
293-SiSn-Sn_i_neut-POSCAR1-Charged+1.cif,3.13233492
293-SiSn-Sn_i_neut-POSCAR5-Charged+1.cif,3.13077504
293-SiSn-Sn_i_neut-POSCAR6-Charged+1.cif,3.13
293-SiSn-Sn_i_neut-POSCAR4-Charged+1.cif,3.1271818
293-SiSn-Sn_i_neut-POSCAR2-Charged+1.cif,3.12415419
293-SiSn-Sn_i_neut-POSCAR3-Charged+1.cif,3.11678224
74-CdTe-Te_i_neut-POSCAR0-Charged+1.cif,3.11
201-InN-In_i_neut-POSCAR0-Charged+1.cif,3.09814864
260-GeC-Ge_C-POSCAR0-Charged+1.cif,3.08571084
201-InN-In_i_neut-POSCAR1-Charged+1.cif,3.08132322
201-InN-In_i_neut-POSCAR2-Charged+1.cif,3.08
146-AlSb-V_Sb-POSCAR0-Charged+1.cif,3.07480661
260-GeC-Ge_C-POSCAR1-Charged+1.cif,3.07477168
296-SiSn-Si_i_neut-POSCAR0-Charged+1.cif,3.07237437
260-GeC-Ge_C-POSCAR2-Charged+1.cif,3.07
200-InN-In_i_B-POSCAR0-Charged+1.cif,3.0584116
296-SiSn-Si_i_neut-POSCAR1-Charged+1.cif,3.0448016
200-InN-In_i_B-POSCAR1-Charged+1.cif,3.04130317
146-AlSb-V_Sb-POSCAR1-Charged+1.cif,3.04100115
200-InN-In_i_B-POSCAR2-Charged+1.cif,3.04
31-ZnTe-V_Zn-POSCAR0-Charged+1.cif,3.03280848
97-BAs-B_As-POSCAR0-Charged+1.cif,3.03170155
31-ZnTe-V_Zn-POSCAR1-Charged+1.cif,3.03
97-BAs-B_As-POSCAR1-Charged+1.cif,3.03
65-CdTe-V_Cd-POSCAR0-Charged+1.cif,3.02
296-SiSn-Si_i_neut-POSCAR2-Charged+1.cif,3.01931046
87-BP-B_P-POSCAR0-Charged+1.cif,3.0142396
146-AlSb-V_Sb-POSCAR2-Charged+1.cif,3.01143494
87-BP-B_P-POSCAR1-Charged+1.cif,3.01054069
87-BP-B_P-POSCAR9-Charged+1.cif,3.01
87-BP-B_P-POSCAR6-Charged+1.cif,3.00987699
87-BP-B_P-POSCAR3-Charged+1.cif,3.00982656
87-BP-B_P-POSCAR4-Charged+1.cif,3.0095724
87-BP-B_P-POSCAR7-Charged+1.cif,3.009543
87-BP-B_P-POSCAR2-Charged+1.cif,3.0091804
248-SiC-V_C-POSCAR0-Charged+1.cif,3.00897167
87-BP-B_P-POSCAR8-Charged+1.cif,3.00873998
87-BP-B_P-POSCAR5-Charged+1.cif,3.00849246
131-AlP-Al_i_neut-POSCAR0-Charged+1.cif,3.00071353
146-AlSb-V_Sb-POSCAR3-Charged+1.cif,2.99810845
296-SiSn-Si_i_neut-POSCAR3-Charged+1.cif,2.996705
296-SiSn-Si_i_neut-POSCAR4-Charged+1.cif,2.9923252
131-AlP-Al_i_neut-POSCAR5-Charged+1.cif,2.98973408
131-AlP-Al_i_neut-POSCAR6-Charged+1.cif,2.98953987
131-AlP-Al_i_neut-POSCAR4-Charged+1.cif,2.98470551
131-AlP-Al_i_neut-POSCAR1-Charged+1.cif,2.98414818
131-AlP-Al_i_neut-POSCAR7-Charged+1.cif,2.9831158
131-AlP-Al_i_neut-POSCAR8-Charged+1.cif,2.98115562
131-AlP-Al_i_neut-POSCAR11-Charged+1.cif,2.98108949
131-AlP-Al_i_neut-POSCAR12-Charged+1.cif,2.98078407
131-AlP-Al_i_neut-POSCAR10-Charged+1.cif,2.9800449
131-AlP-Al_i_neut-POSCAR9-Charged+1.cif,2.98000733
131-AlP-Al_i_neut-POSCAR13-Charged+1.cif,2.98
146-AlSb-V_Sb-POSCAR4-Charged+1.cif,2.97883508
131-AlP-Al_i_neut-POSCAR2-Charged+1.cif,2.97881891
131-AlP-Al_i_neut-POSCAR3-Charged+1.cif,2.97442422
146-AlSb-V_Sb-POSCAR5-Charged+1.cif,2.96686741
248-SiC-V_C-POSCAR1-Charged+1.cif,2.96138445
296-SiSn-Si_i_neut-POSCAR6-Charged+1.cif,2.95988047
145-AlSb-V_Al-POSCAR0-Charged+1.cif,2.95607589
146-AlSb-V_Sb-POSCAR6-Charged+1.cif,2.95
223-InAs-As_i_B-POSCAR0-Charged+1.cif,2.94877182
145-AlSb-V_Al-POSCAR1-Charged+1.cif,2.94763145
248-SiC-V_C-POSCAR2-Charged+1.cif,2.94071214
145-AlSb-V_Al-POSCAR2-Charged+1.cif,2.93934612
145-AlSb-V_Al-POSCAR3-Charged+1.cif,2.93620164
223-InAs-As_i_B-POSCAR1-Charged+1.cif,2.93534317
248-SiC-V_C-POSCAR3-Charged+1.cif,2.93324217
145-AlSb-V_Al-POSCAR4-Charged+1.cif,2.93229476
145-AlSb-V_Al-POSCAR5-Charged+1.cif,2.93
248-SiC-V_C-POSCAR4-Charged+1.cif,2.93
223-InAs-As_i_B-POSCAR2-Charged+1.cif,2.92339188
296-SiSn-Si_i_neut-POSCAR5-Charged+1.cif,2.92295679
223-InAs-As_i_B-POSCAR3-Charged+1.cif,2.92
296-SiSn-Si_i_neut-POSCAR7-Charged+1.cif,2.91779349
296-SiSn-Si_i_neut-POSCAR24-Charged+1.cif,2.91298808
141-AlAs-Al_i_neut-POSCAR0-Charged+1.cif,2.89046101
141-AlAs-Al_i_neut-POSCAR5-Charged+1.cif,2.88030226
141-AlAs-Al_i_neut-POSCAR6-Charged+1.cif,2.87782482
141-AlAs-Al_i_neut-POSCAR4-Charged+1.cif,2.87628311
303-GeSn-Sn_i_neut-POSCAR0-Charged+1.cif,2.87274444
168-GaP-P_Ga-POSCAR0-Charged+1.cif,2.87062509
141-AlAs-Al_i_neut-POSCAR7-Charged+1.cif,2.87
281-SiGe-Ge_i_A-POSCAR0-Charged+1.cif,2.87
303-GeSn-Sn_i_neut-POSCAR1-Charged+1.cif,2.87
141-AlAs-Al_i_neut-POSCAR1-Charged+1.cif,2.86814226
141-AlAs-Al_i_neut-POSCAR2-Charged+1.cif,2.85722325
141-AlAs-Al_i_neut-POSCAR3-Charged+1.cif,2.85393596
211-InP-In_i_neut-POSCAR0-Charged+1.cif,2.84677063
211-InP-In_i_neut-POSCAR1-Charged+1.cif,2.84184012
211-InP-In_i_neut-POSCAR2-Charged+1.cif,2.84
298-GeSn-V_Sn-POSCAR0-Charged+1.cif,2.82
296-SiSn-Si_i_neut-POSCAR8-Charged+1.cif,2.79983215
296-SiSn-Si_i_neut-POSCAR18-Charged+1.cif,2.79582831
296-SiSn-Si_i_neut-POSCAR9-Charged+1.cif,2.78698498
258-GeC-V_C-POSCAR0-Charged+1.cif,2.78536101
98-BAs-As_B-POSCAR0-Charged+1.cif,2.78421974
225-InSb-V_In-POSCAR0-Charged+1.cif,2.78326261
225-InSb-V_In-POSCAR1-Charged+1.cif,2.78
168-GaP-P_Ga-POSCAR1-Charged+1.cif,2.77981894
296-SiSn-Si_i_neut-POSCAR11-Charged+1.cif,2.77585281
23-ZnSe-V_Se-POSCAR6-Charged+1.cif,2.77384119
296-SiSn-Si_i_neut-POSCAR10-Charged+1.cif,2.77272985
296-SiSn-Si_i_neut-POSCAR12-Charged+1.cif,2.77030329
296-SiSn-Si_i_neut-POSCAR22-Charged+1.cif,2.76782801
181-GaAs-Ga_i_neut-POSCAR0-Charged+1.cif,2.76583845
241-Ge-V_Ge-POSCAR0-Charged+1.cif,2.76415275
296-SiSn-Si_i_neut-POSCAR16-Charged+1.cif,2.76049922
181-GaAs-Ga_i_neut-POSCAR4-Charged+1.cif,2.76000052
181-GaAs-Ga_i_neut-POSCAR5-Charged+1.cif,2.76
241-Ge-V_Ge-POSCAR1-Charged+1.cif,2.76
181-GaAs-Ga_i_neut-POSCAR1-Charged+1.cif,2.7595165
168-GaP-P_Ga-POSCAR2-Charged+1.cif,2.75606807
181-GaAs-Ga_i_neut-POSCAR2-Charged+1.cif,2.75588133
181-GaAs-Ga_i_neut-POSCAR3-Charged+1.cif,2.75465259
168-GaP-P_Ga-POSCAR3-Charged+1.cif,2.75
269-SnC-C_Sn-POSCAR0-Charged+1.cif,2.75
98-BAs-As_B-POSCAR1-Charged+1.cif,2.74293534
296-SiSn-Si_i_neut-POSCAR15-Charged+1.cif,2.7418522
98-BAs-As_B-POSCAR2-Charged+1.cif,2.74
296-SiSn-Si_i_neut-POSCAR21-Charged+1.cif,2.73893734
296-SiSn-Si_i_neut-POSCAR19-Charged+1.cif,2.73174532
296-SiSn-Si_i_neut-POSCAR13-Charged+1.cif,2.73121804
296-SiSn-Si_i_neut-POSCAR14-Charged+1.cif,2.71337656
296-SiSn-Si_i_neut-POSCAR23-Charged+1.cif,2.70273497
296-SiSn-Si_i_neut-POSCAR17-Charged+1.cif,2.70241206
296-SiSn-Si_i_neut-POSCAR20-Charged+1.cif,2.70163341
258-GeC-V_C-POSCAR1-Charged+1.cif,2.70035573
258-GeC-V_C-POSCAR2-Charged+1.cif,2.67824631
258-GeC-V_C-POSCAR3-Charged+1.cif,2.67248515
258-GeC-V_C-POSCAR4-Charged+1.cif,2.67
297-GeSn-V_Ge-POSCAR0-Charged+1.cif,2.66848916
297-GeSn-V_Ge-POSCAR1-Charged+1.cif,2.66630868
138-AlAs-As_Al-POSCAR0-Charged+1.cif,2.66538992
297-GeSn-V_Ge-POSCAR2-Charged+1.cif,2.66415577
297-GeSn-V_Ge-POSCAR3-Charged+1.cif,2.66287664
297-GeSn-V_Ge-POSCAR4-Charged+1.cif,2.66
186-GaSb-V_Sb-POSCAR0-Charged+1.cif,2.65782655
186-GaSb-V_Sb-POSCAR1-Charged+1.cif,2.64253094
232-InSb-Ab_i_A-POSCAR0-Charged+1.cif,2.63912499
186-GaSb-V_Sb-POSCAR2-Charged+1.cif,2.62938293
232-InSb-Ab_i_A-POSCAR1-Charged+1.cif,2.62539622
186-GaSb-V_Sb-POSCAR3-Charged+1.cif,2.6247967
186-GaSb-V_Sb-POSCAR4-Charged+1.cif,2.61927109
186-GaSb-V_Sb-POSCAR5-Charged+1.cif,2.61595764
186-GaSb-V_Sb-POSCAR6-Charged+1.cif,2.61
232-InSb-Ab_i_A-POSCAR2-Charged+1.cif,2.60839882
296-SiSn-Si_i_neut-POSCAR26-Charged+1.cif,2.6039482
138-AlAs-As_Al-POSCAR1-Charged+1.cif,2.59824453
232-InSb-Ab_i_A-POSCAR3-Charged+1.cif,2.59750338
296-SiSn-Si_i_neut-POSCAR25-Charged+1.cif,2.58404825
233-InSb-Sb_i_B-POSCAR0-Charged+1.cif,2.5831355
138-AlAs-As_Al-POSCAR2-Charged+1.cif,2.58236804
138-AlAs-As_Al-POSCAR3-Charged+1.cif,2.58
233-InSb-Sb_i_B-POSCAR1-Charged+1.cif,2.58
232-InSb-Ab_i_A-POSCAR4-Charged+1.cif,2.57950232
214-InP-P_i_neut-POSCAR0-Charged+1.cif,2.57675102
214-InP-P_i_neut-POSCAR1-Charged+1.cif,2.5721506
214-InP-P_i_neut-POSCAR2-Charged+1.cif,2.57
232-InSb-Ab_i_A-POSCAR5-Charged+1.cif,2.57
242-Ge-Ge_i_A-POSCAR0-Charged+1.cif,2.56336476
242-Ge-Ge_i_A-POSCAR1-Charged+1.cif,2.56
296-SiSn-Si_i_neut-POSCAR27-Charged+1.cif,2.54038243
292-SiSn-Sn_i_B-POSCAR0-Charged+1.cif,2.5223297
292-SiSn-Sn_i_B-POSCAR1-Charged+1.cif,2.52
127-AlP-Al_P-POSCAR0-Charged+1.cif,2.50315113
95-BAs-V_B-POSCAR0-Charged+1.cif,2.50170398
296-SiSn-Si_i_neut-POSCAR28-Charged+1.cif,2.50142757
259-GeC-C_Ge-POSCAR0-Charged+1.cif,2.50096519
259-GeC-C_Ge-POSCAR1-Charged+1.cif,2.5
185-GaSb-V_Ga-POSCAR0-Charged+1.cif,2.4928102
185-GaSb-V_Ga-POSCAR1-Charged+1.cif,2.49
224-InAs-As_i_neut-POSCAR0-Charged+1.cif,2.4891294
224-InAs-As_i_neut-POSCAR1-Charged+1.cif,2.48396779
137-AlAs-Al_As-POSCAR0-Charged+1.cif,2.48178763
224-InAs-As_i_neut-POSCAR2-Charged+1.cif,2.48
296-SiSn-Si_i_neut-POSCAR29-Charged+1.cif,2.4721654
95-BAs-V_B-POSCAR1-Charged+1.cif,2.46911008
95-BAs-V_B-POSCAR2-Charged+1.cif,2.46426719
95-BAs-V_B-POSCAR3-Charged+1.cif,2.46135683
95-BAs-V_B-POSCAR4-Charged+1.cif,2.46
294-SiSn-Si_i_A-POSCAR0-Charged+1.cif,2.457837
151-AlSb-Al_i_neut-POSCAR0-Charged+1.cif,2.4573147
296-SiSn-Si_i_neut-POSCAR30-Charged+1.cif,2.45492196
294-SiSn-Si_i_A-POSCAR1-Charged+1.cif,2.45205261
294-SiSn-Si_i_A-POSCAR2-Charged+1.cif,2.45
296-SiSn-Si_i_neut-POSCAR31-Charged+1.cif,2.45
151-AlSb-Al_i_neut-POSCAR1-Charged+1.cif,2.43270284
178-GaAs-As_Ga-POSCAR0-Charged+1.cif,2.42747679
306-GeSn-Ge_i_neut-POSCAR0-Charged+1.cif,2.4229989
306-GeSn-Ge_i_neut-POSCAR1-Charged+1.cif,2.42141716
306-GeSn-Ge_i_neut-POSCAR6-Charged+1.cif,2.42
306-GeSn-Ge_i_neut-POSCAR2-Charged+1.cif,2.41977043
306-GeSn-Ge_i_neut-POSCAR5-Charged+1.cif,2.41894449
306-GeSn-Ge_i_neut-POSCAR3-Charged+1.cif,2.41849695
151-AlSb-Al_i_neut-POSCAR2-Charged+1.cif,2.41827675
306-GeSn-Ge_i_neut-POSCAR4-Charged+1.cif,2.41761548
127-AlP-Al_P-POSCAR1-Charged+1.cif,2.41394221
151-AlSb-Al_i_neut-POSCAR3-Charged+1.cif,2.41191081
176-GaAs-V_As-POSCAR0-Charged+1.cif,2.41053219
137-AlAs-Al_As-POSCAR1-Charged+1.cif,2.4080351
151-AlSb-Al_i_neut-POSCAR4-Charged+1.cif,2.4
127-AlP-Al_P-POSCAR2-Charged+1.cif,2.39081498
178-GaAs-As_Ga-POSCAR1-Charged+1.cif,2.38031049
127-AlP-Al_P-POSCAR3-Charged+1.cif,2.38
234-InSb-Sb_i_neut-POSCAR0-Charged+1.cif,2.37895318
176-GaAs-V_As-POSCAR1-Charged+1.cif,2.376738
234-InSb-Sb_i_neut-POSCAR1-Charged+1.cif,2.37514907
137-AlAs-Al_As-POSCAR2-Charged+1.cif,2.3748968
234-InSb-Sb_i_neut-POSCAR2-Charged+1.cif,2.37
136-AlAs-V_As-POSCAR0-Charged+1.cif,2.36669019
178-GaAs-As_Ga-POSCAR2-Charged+1.cif,2.3623976
137-AlAs-Al_As-POSCAR3-Charged+1.cif,2.36
178-GaAs-As_Ga-POSCAR3-Charged+1.cif,2.36
176-GaAs-V_As-POSCAR2-Charged+1.cif,2.35575831
246-Sn-Sn_i_neut-POSCAR0-Charged+1.cif,2.35
176-GaAs-V_As-POSCAR3-Charged+1.cif,2.3445414
176-GaAs-V_As-POSCAR4-Charged+1.cif,2.33408884
176-GaAs-V_As-POSCAR5-Charged+1.cif,2.32585954
176-GaAs-V_As-POSCAR6-Charged+1.cif,2.32
208-InP-P_In-POSCAR0-Charged+1.cif,2.3042312
136-AlAs-V_As-POSCAR1-Charged+1.cif,2.30386435
136-AlAs-V_As-POSCAR2-Charged+1.cif,2.27028207
147-AlSb-Al_Sb-POSCAR0-Charged+1.cif,2.26242766
147-AlSb-Al_Sb-POSCAR1-Charged+1.cif,2.25020618
136-AlAs-V_As-POSCAR3-Charged+1.cif,2.24374171
221-InAs-In_i_neut-POSCAR0-Charged+1.cif,2.24215137
147-AlSb-Al_Sb-POSCAR2-Charged+1.cif,2.24179881
147-AlSb-Al_Sb-POSCAR3-Charged+1.cif,2.24
221-InAs-In_i_neut-POSCAR1-Charged+1.cif,2.24
136-AlAs-V_As-POSCAR4-Charged+1.cif,2.23251017
208-InP-P_In-POSCAR1-Charged+1.cif,2.2263066
136-AlAs-V_As-POSCAR5-Charged+1.cif,2.22
244-Sn-V_Sn-POSCAR0-Charged+1.cif,2.19281481
244-Sn-V_Sn-POSCAR1-Charged+1.cif,2.19
208-InP-P_In-POSCAR2-Charged+1.cif,2.18469119
130-AlP-Al_i_B-POSCAR0-Charged+1.cif,2.17362428
208-InP-P_In-POSCAR3-Charged+1.cif,2.1712302
130-AlP-Al_i_B-POSCAR1-Charged+1.cif,2.16266927
130-AlP-Al_i_B-POSCAR2-Charged+1.cif,2.16
291-SiSn-Sn_i_A-POSCAR0-Charged+1.cif,2.16
140-AlAs-Al_i_B-POSCAR0-Charged+1.cif,2.15219807
140-AlAs-Al_i_B-POSCAR1-Charged+1.cif,2.15
208-InP-P_In-POSCAR4-Charged+1.cif,2.14612939
208-InP-P_In-POSCAR5-Charged+1.cif,2.14
226-InSb-V_Sb-POSCAR0-Charged+1.cif,2.12004868
226-InSb-V_Sb-POSCAR1-Charged+1.cif,2.10431362
268-SnC-V_C-POSCAR0-Charged+1.cif,2.09216887
226-InSb-V_Sb-POSCAR2-Charged+1.cif,2.08645746
226-InSb-V_Sb-POSCAR3-Charged+1.cif,2.0820165
226-InSb-V_Sb-POSCAR4-Charged+1.cif,2.07646582
226-InSb-V_Sb-POSCAR5-Charged+1.cif,2.0743777
226-InSb-V_Sb-POSCAR6-Charged+1.cif,2.07
191-GaSb-Ga_i_neut-POSCAR0-Charged+1.cif,2.04194875
268-SnC-V_C-POSCAR1-Charged+1.cif,2.04150313
191-GaSb-Ga_i_neut-POSCAR1-Charged+1.cif,2.04
268-SnC-V_C-POSCAR2-Charged+1.cif,2.03404708
268-SnC-V_C-POSCAR3-Charged+1.cif,2.03100611
268-SnC-V_C-POSCAR4-Charged+1.cif,2.03
169-GaP-Ga_i_A-POSCAR0-Charged+1.cif,2.02446756
169-GaP-Ga_i_A-POSCAR1-Charged+1.cif,2.02110024
7-ZnO-Zn_i_neut-POSCAR0-Charged+1.cif,2.02
169-GaP-Ga_i_A-POSCAR2-Charged+1.cif,2.02
166-GaP-V_P-POSCAR0-Charged+1.cif,2.01660319
170-GaP-Ga_i_B-POSCAR0-Charged+1.cif,1.99
23-ZnSe-V_Se-POSCAR4-Charged+1.cif,1.96292607
17-ZnS-Zn_i_neut-POSCAR0-Charged+1.cif,1.96232678
166-GaP-V_P-POSCAR1-Charged+1.cif,1.95805766
218-InAs-As_In-POSCAR0-Charged+1.cif,1.93929542
166-GaP-V_P-POSCAR2-Charged+1.cif,1.93513232
166-GaP-V_P-POSCAR3-Charged+1.cif,1.91757393
166-GaP-V_P-POSCAR4-Charged+1.cif,1.90881471
166-GaP-V_P-POSCAR5-Charged+1.cif,1.9
76-BN-V_N-POSCAR1-Charged+1.cif,1.89741937
218-InAs-As_In-POSCAR1-Charged+1.cif,1.89641608
5-ZnO-Zn_i_A-POSCAR0-Charged+1.cif,1.89
23-ZnSe-V_Se-POSCAR3-Charged+1.cif,1.8863704
126-AlP-V_P-POSCAR0-Charged+1.cif,1.88460516
302-GeSn-Sn_i_B-POSCAR0-Charged+1.cif,1.88
218-InAs-As_In-POSCAR2-Charged+1.cif,1.87314735
218-InAs-As_In-POSCAR3-Charged+1.cif,1.87
209-InP-In_i_A-POSCAR0-Charged+1.cif,1.8528517
209-InP-In_i_A-POSCAR1-Charged+1.cif,1.85
305-GeSn-Ge_i_B-POSCAR0-Charged+1.cif,1.84380451
305-GeSn-Ge_i_B-POSCAR1-Charged+1.cif,1.84
23-ZnSe-V_Se-POSCAR2-Charged+1.cif,1.83825479
216-InAs-V_As-POSCAR0-Charged+1.cif,1.8327216
126-AlP-V_P-POSCAR1-Charged+1.cif,1.82466971
129-AlP-Al_i_A-POSCAR0-Charged+1.cif,1.82400635
129-AlP-Al_i_A-POSCAR1-Charged+1.cif,1.82
210-InP-In_i_B-POSCAR0-Charged+1.cif,1.81264209
210-InP-In_i_B-POSCAR1-Charged+1.cif,1.81
216-InAs-V_As-POSCAR1-Charged+1.cif,1.80867995
126-AlP-V_P-POSCAR2-Charged+1.cif,1.80694315
126-AlP-V_P-POSCAR3-Charged+1.cif,1.79275284
108-BSb-Sb_B-POSCAR0-Charged+1.cif,1.78850135
216-InAs-V_As-POSCAR2-Charged+1.cif,1.78733671
126-AlP-V_P-POSCAR4-Charged+1.cif,1.78553814
180-GaAs-Ga_i_B-POSCAR0-Charged+1.cif,1.78165486
126-AlP-V_P-POSCAR5-Charged+1.cif,1.78
180-GaAs-Ga_i_B-POSCAR1-Charged+1.cif,1.78
216-InAs-V_As-POSCAR3-Charged+1.cif,1.77952872
231-InSb-In_i_neut-POSCAR0-Charged+1.cif,1.77247244
216-InAs-V_As-POSCAR4-Charged+1.cif,1.77110627
231-InSb-In_i_neut-POSCAR1-Charged+1.cif,1.77020935
231-InSb-In_i_neut-POSCAR6-Charged+1.cif,1.77
301-GeSn-Sn_i_A-POSCAR0-Charged+1.cif,1.77
231-InSb-In_i_neut-POSCAR5-Charged+1.cif,1.76907627
231-InSb-In_i_neut-POSCAR2-Charged+1.cif,1.76781296
231-InSb-In_i_neut-POSCAR4-Charged+1.cif,1.76767337
231-InSb-In_i_neut-POSCAR3-Charged+1.cif,1.76680389
216-InAs-V_As-POSCAR5-Charged+1.cif,1.76651404
108-BSb-Sb_B-POSCAR1-Charged+1.cif,1.7623191
108-BSb-Sb_B-POSCAR2-Charged+1.cif,1.76
216-InAs-V_As-POSCAR6-Charged+1.cif,1.76
167-GaP-Ga_P-POSCAR0-Charged+1.cif,1.73377187
76-BN-V_N-POSCAR0-Charged+1.cif,1.7295626
17-ZnS-Zn_i_neut-POSCAR1-Charged+1.cif,1.71644979
207-InP-In_P-POSCAR0-Charged+1.cif,1.70509991
23-ZnSe-V_Se-POSCAR0-Charged+1.cif,1.70488348
167-GaP-Ga_P-POSCAR1-Charged+1.cif,1.69252299
207-InP-In_P-POSCAR1-Charged+1.cif,1.67756873
167-GaP-Ga_P-POSCAR2-Charged+1.cif,1.67728289
167-GaP-Ga_P-POSCAR3-Charged+1.cif,1.67
23-ZnSe-V_Se-POSCAR5-Charged+1.cif,1.66643358
207-InP-In_P-POSCAR2-Charged+1.cif,1.66599278
207-InP-In_P-POSCAR3-Charged+1.cif,1.66209275
207-InP-In_P-POSCAR4-Charged+1.cif,1.66
304-GeSn-Ge_i_A-POSCAR0-Charged+1.cif,1.66
139-AlAs-Al_i_A-POSCAR0-Charged+1.cif,1.65824071
139-AlAs-Al_i_A-POSCAR1-Charged+1.cif,1.65336734
139-AlAs-Al_i_A-POSCAR2-Charged+1.cif,1.65
17-ZnS-Zn_i_neut-POSCAR2-Charged+1.cif,1.63891575
179-GaAs-Ga_i_A-POSCAR0-Charged+1.cif,1.63608716
179-GaAs-Ga_i_A-POSCAR1-Charged+1.cif,1.63264984
179-GaAs-Ga_i_A-POSCAR2-Charged+1.cif,1.63
150-AlSb-Al_i_B-POSCAR0-Charged+1.cif,1.62
188-GaSb-Sb_Ga-POSCAR0-Charged+1.cif,1.61939794
17-ZnS-Zn_i_neut-POSCAR3-Charged+1.cif,1.61367625
16-ZnS-Zn_i_B-POSCAR0-Charged+1.cif,1.60663131
76-BN-V_N-POSCAR3-Charged+1.cif,1.60622336
23-ZnSe-V_Se-POSCAR1-Charged+1.cif,1.60250237
188-GaSb-Sb_Ga-POSCAR1-Charged+1.cif,1.60110387
76-BN-V_N-POSCAR2-Charged+1.cif,1.59988681
17-ZnS-Zn_i_neut-POSCAR4-Charged+1.cif,1.59760603
76-BN-V_N-POSCAR4-Charged+1.cif,1.59
188-GaSb-Sb_Ga-POSCAR2-Charged+1.cif,1.59
17-ZnS-Zn_i_neut-POSCAR5-Charged+1.cif,1.58415265
17-ZnS-Zn_i_neut-POSCAR22-Charged+1.cif,1.58
17-ZnS-Zn_i_neut-POSCAR17-Charged+1.cif,1.5785992
17-ZnS-Zn_i_neut-POSCAR21-Charged+1.cif,1.57599375
17-ZnS-Zn_i_neut-POSCAR6-Charged+1.cif,1.57582545
17-ZnS-Zn_i_neut-POSCAR20-Charged+1.cif,1.57372244
17-ZnS-Zn_i_neut-POSCAR7-Charged+1.cif,1.57226683
17-ZnS-Zn_i_neut-POSCAR16-Charged+1.cif,1.57099395
17-ZnS-Zn_i_neut-POSCAR15-Charged+1.cif,1.57097546
17-ZnS-Zn_i_neut-POSCAR10-Charged+1.cif,1.57003755
17-ZnS-Zn_i_neut-POSCAR9-Charged+1.cif,1.56993245
17-ZnS-Zn_i_neut-POSCAR18-Charged+1.cif,1.56924151
17-ZnS-Zn_i_neut-POSCAR8-Charged+1.cif,1.56902637
17-ZnS-Zn_i_neut-POSCAR12-Charged+1.cif,1.56895577
17-ZnS-Zn_i_neut-POSCAR14-Charged+1.cif,1.56886768
17-ZnS-Zn_i_neut-POSCAR19-Charged+1.cif,1.56829998
206-InP-V_P-POSCAR0-Charged+1.cif,1.56824656
17-ZnS-Zn_i_neut-POSCAR11-Charged+1.cif,1.56815176
17-ZnS-Zn_i_neut-POSCAR13-Charged+1.cif,1.5678928
15-ZnS-Zn_i_A-POSCAR0-Charged+1.cif,1.53565343
206-InP-V_P-POSCAR1-Charged+1.cif,1.53029621
177-GaAs-Ga_As-POSCAR0-Charged+1.cif,1.52533195
206-InP-V_P-POSCAR2-Charged+1.cif,1.50931748
177-GaAs-Ga_As-POSCAR1-Charged+1.cif,1.50371942
27-ZnSe-Zn_i_neut-POSCAR0-Charged+1.cif,1.50123554
206-InP-V_P-POSCAR3-Charged+1.cif,1.50046591
206-InP-V_P-POSCAR4-Charged+1.cif,1.49403465
177-GaAs-Ga_As-POSCAR2-Charged+1.cif,1.49329401
177-GaAs-Ga_As-POSCAR3-Charged+1.cif,1.49
206-InP-V_P-POSCAR5-Charged+1.cif,1.49
148-AlSb-Sb_Al-POSCAR0-Charged+1.cif,1.48574135
148-AlSb-Sb_Al-POSCAR1-Charged+1.cif,1.44658396
245-Sn-Sn_i_A-POSCAR0-Charged+1.cif,1.42211054
245-Sn-Sn_i_A-POSCAR1-Charged+1.cif,1.42
148-AlSb-Sb_Al-POSCAR2-Charged+1.cif,1.41178777
148-AlSb-Sb_Al-POSCAR3-Charged+1.cif,1.41
217-InAs-In_As-POSCAR0-Charged+1.cif,1.40810739
13-ZnS-V_S-POSCAR0-Charged+1.cif,1.39739837
217-InAs-In_As-POSCAR1-Charged+1.cif,1.38455864
16-ZnS-Zn_i_B-POSCAR1-Charged+1.cif,1.36887542
217-InAs-In_As-POSCAR2-Charged+1.cif,1.36826079
15-ZnS-Zn_i_A-POSCAR1-Charged+1.cif,1.3651177
217-InAs-In_As-POSCAR3-Charged+1.cif,1.36355125
217-InAs-In_As-POSCAR4-Charged+1.cif,1.36
154-AlSb-Sb_i_neut-POSCAR0-Charged+1.cif,1.35693206
228-InSb-Sb_In-POSCAR0-Charged+1.cif,1.35267941
27-ZnSe-Zn_i_neut-POSCAR1-Charged+1.cif,1.34265895
220-InAs-In_i_B-POSCAR0-Charged+1.cif,1.34
228-InSb-Sb_In-POSCAR1-Charged+1.cif,1.33350122
219-InAs-In_i_A-POSCAR0-Charged+1.cif,1.32618365
219-InAs-In_i_A-POSCAR1-Charged+1.cif,1.32243757
219-InAs-In_i_A-POSCAR2-Charged+1.cif,1.32
228-InSb-Sb_In-POSCAR2-Charged+1.cif,1.32
15-ZnS-Zn_i_A-POSCAR2-Charged+1.cif,1.3165287
154-AlSb-Sb_i_neut-POSCAR1-Charged+1.cif,1.30669342
16-ZnS-Zn_i_B-POSCAR2-Charged+1.cif,1.29894477
15-ZnS-Zn_i_A-POSCAR3-Charged+1.cif,1.29778121
15-ZnS-Zn_i_A-POSCAR4-Charged+1.cif,1.29
154-AlSb-Sb_i_neut-POSCAR2-Charged+1.cif,1.28879465
154-AlSb-Sb_i_neut-POSCAR3-Charged+1.cif,1.28410186
154-AlSb-Sb_i_neut-POSCAR4-Charged+1.cif,1.28
16-ZnS-Zn_i_B-POSCAR3-Charged+1.cif,1.278945
27-ZnSe-Zn_i_neut-POSCAR2-Charged+1.cif,1.27748225
16-ZnS-Zn_i_B-POSCAR4-Charged+1.cif,1.26441497
27-ZnSe-Zn_i_neut-POSCAR3-Charged+1.cif,1.26288673
33-ZnTe-V_Te-POSCAR0-Charged+1.cif,1.26250494
33-ZnTe-V_Te-POSCAR1-Charged+1.cif,1.26
16-ZnS-Zn_i_B-POSCAR5-Charged+1.cif,1.25499242
27-ZnSe-Zn_i_neut-POSCAR4-Charged+1.cif,1.2519593
16-ZnS-Zn_i_B-POSCAR6-Charged+1.cif,1.25
34-ZnTe-Zn_Te-POSCAR0-Charged+1.cif,1.24622997
27-ZnSe-Zn_i_neut-POSCAR5-Charged+1.cif,1.24371276
27-ZnSe-Zn_i_neut-POSCAR14-Charged+1.cif,1.24092678
27-ZnSe-Zn_i_neut-POSCAR25-Charged+1.cif,1.24
27-ZnSe-Zn_i_neut-POSCAR15-Charged+1.cif,1.239257
27-ZnSe-Zn_i_neut-POSCAR19-Charged+1.cif,1.23892022
27-ZnSe-Zn_i_neut-POSCAR24-Charged+1.cif,1.23777329
27-ZnSe-Zn_i_neut-POSCAR23-Charged+1.cif,1.23705077
27-ZnSe-Zn_i_neut-POSCAR8-Charged+1.cif,1.23628466
27-ZnSe-Zn_i_neut-POSCAR13-Charged+1.cif,1.23551749
27-ZnSe-Zn_i_neut-POSCAR7-Charged+1.cif,1.23544105
27-ZnSe-Zn_i_neut-POSCAR18-Charged+1.cif,1.23386778
27-ZnSe-Zn_i_neut-POSCAR9-Charged+1.cif,1.23356183
27-ZnSe-Zn_i_neut-POSCAR6-Charged+1.cif,1.23339379
27-ZnSe-Zn_i_neut-POSCAR21-Charged+1.cif,1.23197065
27-ZnSe-Zn_i_neut-POSCAR20-Charged+1.cif,1.2318807
27-ZnSe-Zn_i_neut-POSCAR12-Charged+1.cif,1.23183577
27-ZnSe-Zn_i_neut-POSCAR16-Charged+1.cif,1.23152831
27-ZnSe-Zn_i_neut-POSCAR17-Charged+1.cif,1.23124463
105-BSb-V_B-POSCAR0-Charged+1.cif,1.22693637
27-ZnSe-Zn_i_neut-POSCAR10-Charged+1.cif,1.22691618
27-ZnSe-Zn_i_neut-POSCAR22-Charged+1.cif,1.22610967
27-ZnSe-Zn_i_neut-POSCAR11-Charged+1.cif,1.22475704
13-ZnS-V_S-POSCAR1-Charged+1.cif,1.21561205
4-ZnO-Zn_O-POSCAR0-Charged+1.cif,1.2
105-BSb-V_B-POSCAR1-Charged+1.cif,1.19775601
34-ZnTe-Zn_Te-POSCAR1-Charged+1.cif,1.19658975
105-BSb-V_B-POSCAR2-Charged+1.cif,1.19235659
6-ZnO-Zn_i_B-POSCAR0-Charged+1.cif,1.19
105-BSb-V_B-POSCAR3-Charged+1.cif,1.19
227-InSb-In_Sb-POSCAR0-Charged+1.cif,1.18742898
68-CdTe-Cd_Te-POSCAR0-Charged+1.cif,1.18
190-GaSb-Ga_i_B-POSCAR0-Charged+1.cif,1.18
227-InSb-In_Sb-POSCAR1-Charged+1.cif,1.17842137
227-InSb-In_Sb-POSCAR2-Charged+1.cif,1.17127587
227-InSb-In_Sb-POSCAR3-Charged+1.cif,1.17
26-ZnSe-Zn_i_B-POSCAR0-Charged+1.cif,1.15585404
149-AlSb-Al_i_A-POSCAR0-Charged+1.cif,1.15326958
34-ZnTe-Zn_Te-POSCAR2-Charged+1.cif,1.14938039
149-AlSb-Al_i_A-POSCAR1-Charged+1.cif,1.14699095
149-AlSb-Al_i_A-POSCAR2-Charged+1.cif,1.14256117
34-ZnTe-Zn_Te-POSCAR3-Charged+1.cif,1.14084505
149-AlSb-Al_i_A-POSCAR3-Charged+1.cif,1.14
67-CdTe-V_Te-POSCAR0-Charged+1.cif,1.13
34-ZnTe-Zn_Te-POSCAR4-Charged+1.cif,1.12401492
34-ZnTe-Zn_Te-POSCAR5-Charged+1.cif,1.12
25-ZnSe-Zn_i_A-POSCAR0-Charged+1.cif,1.08456156
71-CdTe-Cd_i_neut-POSCAR0-Charged+1.cif,1.07
14-ZnS-Zn_S-POSCAR0-Charged+1.cif,1.06248783
24-ZnSe-Zn_Se-POSCAR0-Charged+1.cif,1.05361468
187-GaSb-Ga_Sb-POSCAR0-Charged+1.cif,1.03938634
187-GaSb-Ga_Sb-POSCAR1-Charged+1.cif,1.03420203
187-GaSb-Ga_Sb-POSCAR2-Charged+1.cif,1.03
26-ZnSe-Zn_i_B-POSCAR1-Charged+1.cif,1.02284997
47-CdO-Cd_i_neut-POSCAR0-Charged+1.cif,1.02
25-ZnSe-Zn_i_A-POSCAR1-Charged+1.cif,0.97878234
24-ZnSe-Zn_Se-POSCAR1-Charged+1.cif,0.97860417
26-ZnSe-Zn_i_B-POSCAR2-Charged+1.cif,0.96512512
13-ZnS-V_S-POSCAR2-Charged+1.cif,0.9629668
189-GaSb-Ga_i_A-POSCAR0-Charged+1.cif,0.96190769
189-GaSb-Ga_i_A-POSCAR1-Charged+1.cif,0.96
14-ZnS-Zn_S-POSCAR1-Charged+1.cif,0.94952632
36-ZnTe-Zn_i_B-POSCAR0-Charged+1.cif,0.94488614
26-ZnSe-Zn_i_B-POSCAR3-Charged+1.cif,0.94309279
25-ZnSe-Zn_i_A-POSCAR2-Charged+1.cif,0.93850867
26-ZnSe-Zn_i_B-POSCAR4-Charged+1.cif,0.93281486
26-ZnSe-Zn_i_B-POSCAR5-Charged+1.cif,0.93177856
25-ZnSe-Zn_i_A-POSCAR3-Charged+1.cif,0.93013112
26-ZnSe-Zn_i_B-POSCAR6-Charged+1.cif,0.93
24-ZnSe-Zn_Se-POSCAR2-Charged+1.cif,0.92044653
25-ZnSe-Zn_i_A-POSCAR4-Charged+1.cif,0.92
230-InSb-In_i_B-POSCAR0-Charged+1.cif,0.90165785
14-ZnS-Zn_S-POSCAR2-Charged+1.cif,0.90045521
230-InSb-In_i_B-POSCAR1-Charged+1.cif,0.9
36-ZnTe-Zn_i_B-POSCAR1-Charged+1.cif,0.89966412
24-ZnSe-Zn_Se-POSCAR3-Charged+1.cif,0.89875832
35-ZnTe-Zn_i_A-POSCAR0-Charged+1.cif,0.89226245
14-ZnS-Zn_S-POSCAR3-Charged+1.cif,0.88596122
24-ZnSe-Zn_Se-POSCAR4-Charged+1.cif,0.87826653
36-ZnTe-Zn_i_B-POSCAR2-Charged+1.cif,0.87503037
14-ZnS-Zn_S-POSCAR4-Charged+1.cif,0.87369499
14-ZnS-Zn_S-POSCAR5-Charged+1.cif,0.87
24-ZnSe-Zn_Se-POSCAR5-Charged+1.cif,0.87
36-ZnTe-Zn_i_B-POSCAR3-Charged+1.cif,0.87
37-ZnTe-Zn_i_neut-POSCAR0-Charged+1.cif,0.85989416
13-ZnS-V_S-POSCAR3-Charged+1.cif,0.83873616
35-ZnTe-Zn_i_A-POSCAR1-Charged+1.cif,0.83789325
54-CdS-Cd_S-POSCAR0-Charged+1.cif,0.82
23-ZnSe-V_Se-POSCAR7-Charged+1.cif,0.81481926
156-GaN-V_N-POSCAR0-Charged+1.cif,0.81311545
35-ZnTe-Zn_i_A-POSCAR2-Charged+1.cif,0.80917717
35-ZnTe-Zn_i_A-POSCAR3-Charged+1.cif,0.80589303
37-ZnTe-Zn_i_neut-POSCAR1-Charged+1.cif,0.80549086
35-ZnTe-Zn_i_A-POSCAR4-Charged+1.cif,0.8
61-CdSe-Cd_i_neut-POSCAR0-Charged+1.cif,0.8
229-InSb-In_i_A-POSCAR0-Charged+1.cif,0.79614593
229-InSb-In_i_A-POSCAR1-Charged+1.cif,0.79383888
290-SiSn-Si_Sn-POSCAR0-Charged+1.cif,0.79193224
229-InSb-In_i_A-POSCAR2-Charged+1.cif,0.79
290-SiSn-Si_Sn-POSCAR1-Charged+1.cif,0.79
69-CdTe-Cd_i_A-POSCAR0-Charged+1.cif,0.78
23-ZnSe-V_Se-POSCAR8-Charged+1.cif,0.7772338
23-ZnSe-V_Se-POSCAR9-Charged+1.cif,0.77558854
23-ZnSe-V_Se-POSCAR10-Charged+1.cif,0.77467996
23-ZnSe-V_Se-POSCAR11-Charged+1.cif,0.7734777
23-ZnSe-V_Se-POSCAR12-Charged+1.cif,0.77254517
37-ZnTe-Zn_i_neut-POSCAR2-Charged+1.cif,0.7717364
23-ZnSe-V_Se-POSCAR13-Charged+1.cif,0.77
156-GaN-V_N-POSCAR1-Charged+1.cif,0.76783544
37-ZnTe-Zn_i_neut-POSCAR3-Charged+1.cif,0.76624744
156-GaN-V_N-POSCAR2-Charged+1.cif,0.75539832
37-ZnTe-Zn_i_neut-POSCAR4-Charged+1.cif,0.75408307
156-GaN-V_N-POSCAR3-Charged+1.cif,0.7518709
37-ZnTe-Zn_i_neut-POSCAR5-Charged+1.cif,0.75
58-CdSe-Cd_Se-POSCAR0-Charged+1.cif,0.75
156-GaN-V_N-POSCAR4-Charged+1.cif,0.75
70-CdTe-Cd_i_B-POSCAR0-Charged+1.cif,0.73
45-CdO-Cd_i_A-POSCAR0-Charged+1.cif,0.71111323
45-CdO-Cd_i_A-POSCAR1-Charged+1.cif,0.71
59-CdSe-Cd_i_A-POSCAR0-Charged+1.cif,0.62
196-InN-V_N-POSCAR0-Charged+1.cif,0.59645526
196-InN-V_N-POSCAR1-Charged+1.cif,0.59098434
13-ZnS-V_S-POSCAR4-Charged+1.cif,0.59015718
196-InN-V_N-POSCAR2-Charged+1.cif,0.59
44-CdO-Cd_O-POSCAR0-Charged+1.cif,0.56
57-CdSe-V_Se-POSCAR0-Charged+1.cif,0.53
13-ZnS-V_S-POSCAR5-Charged+1.cif,0.52514604
13-ZnS-V_S-POSCAR6-Charged+1.cif,0.47284327
13-ZnS-V_S-POSCAR7-Charged+1.cif,0.47
60-CdSe-Cd_i_B-POSCAR0-Charged+1.cif,0.43
280-SiGe-Si_Ge-POSCAR0-Charged+1.cif,0.41
46-CdO-Cd_i_B-POSCAR0-Charged+1.cif,0.4
3-ZnO-V_O-POSCAR0-Charged+1.cif,0.34
53-CdS-V_S-POSCAR0-Charged+1.cif,0.3
300-GeSn-Ge_Sn-POSCAR0-Charged+1.cif,0.29
299-GeSn-Sn_Ge-POSCAR0-Charged+1.cif,0.04
43-CdO-V_O-POSCAR0-Charged+1.cif,-0.06
279-SiGe-Ge_Si-POSCAR0-Charged+1.cif,-0.09
116-AlN-V_N-POSCAR0-Charged+1.cif,-0.18342575
116-AlN-V_N-POSCAR1-Charged+1.cif,-0.24552367
116-AlN-V_N-POSCAR2-Charged+1.cif,-0.28355067
116-AlN-V_N-POSCAR3-Charged+1.cif,-0.28813952
116-AlN-V_N-POSCAR4-Charged+1.cif,-0.29
289-SiSn-Sn_Si-POSCAR0-Charged+1.cif,-0.45833496
289-SiSn-Sn_Si-POSCAR1-Charged+1.cif,-0.46