1-CdTe-V_Cd-POSCAR0-Neutral.cif,2.62
2-CdTe-V_Te-POSCAR0-Neutral.cif,1.95
3-CdTe-Cd_i_1-POSCAR0-Neutral.cif,1.68
4-CdTe-Te_i_1-POSCAR0-Neutral.cif,4.15
5-CdTe-Cd_Te-POSCAR0-Neutral.cif,2.17
6-CdTe-Te_Cd-POSCAR0-Neutral.cif,4.24
6-CdTe-Te_Cd-POSCAR1-Neutral.cif,4.24
6-CdTe-Te_Cd-POSCAR2-Neutral.cif,4.24
6-CdTe-Te_Cd-POSCAR3-Neutral.cif,4.24
6-CdTe-Te_Cd-POSCAR4-Neutral.cif,4.24
6-CdTe-Te_Cd-POSCAR5-Neutral.cif,4.24
6-CdTe-Te_Cd-POSCAR6-Neutral.cif,4.24
6-CdTe-Te_Cd-POSCAR7-Neutral.cif,4.24
7-Cd_Te0.125_Se0.875-V_Cd-POSCAR0-Neutral.cif,3.3
8-Cd_Te0.125_Se0.875-V_Te-POSCAR0-Neutral.cif,-2.22
9-Cd_Te0.125_Se0.875-V_Se-POSCAR0-Neutral.cif,2.75
10-Cd_Te0.125_Se0.875-Cd_i-POSCAR0-Neutral.cif,1.82
11-Cd_Te0.125_Se0.875-Te_i-POSCAR0-Neutral.cif,8.2
11-Cd_Te0.125_Se0.875-Te_i-POSCAR1-Neutral.cif,8.2
11-Cd_Te0.125_Se0.875-Te_i-POSCAR2-Neutral.cif,8.2
11-Cd_Te0.125_Se0.875-Te_i-POSCAR3-Neutral.cif,8.2
11-Cd_Te0.125_Se0.875-Te_i-POSCAR4-Neutral.cif,8.2
11-Cd_Te0.125_Se0.875-Te_i-POSCAR5-Neutral.cif,8.21
11-Cd_Te0.125_Se0.875-Te_i-POSCAR6-Neutral.cif,8.21
11-Cd_Te0.125_Se0.875-Te_i-POSCAR7-Neutral.cif,8.21
11-Cd_Te0.125_Se0.875-Te_i-POSCAR8-Neutral.cif,8.21
12-Cd_Te0.125_Se0.875-Se_i-POSCAR0-Neutral.cif,2.37
12-Cd_Te0.125_Se0.875-Se_i-POSCAR1-Neutral.cif,2.37
12-Cd_Te0.125_Se0.875-Se_i-POSCAR2-Neutral.cif,2.37
12-Cd_Te0.125_Se0.875-Se_i-POSCAR3-Neutral.cif,2.37
12-Cd_Te0.125_Se0.875-Se_i-POSCAR4-Neutral.cif,2.37
12-Cd_Te0.125_Se0.875-Se_i-POSCAR5-Neutral.cif,2.37
12-Cd_Te0.125_Se0.875-Se_i-POSCAR6-Neutral.cif,2.36
12-Cd_Te0.125_Se0.875-Se_i-POSCAR7-Neutral.cif,2.36
12-Cd_Te0.125_Se0.875-Se_i-POSCAR8-Neutral.cif,2.36
12-Cd_Te0.125_Se0.875-Se_i-POSCAR9-Neutral.cif,2.36
12-Cd_Te0.125_Se0.875-Se_i-POSCAR10-Neutral.cif,2.37
13-Cd_Te0.125_Se0.875-Cd_Te-POSCAR0-Neutral.cif,-1.87
14-Cd_Te0.125_Se0.875-Cd_Se-POSCAR0-Neutral.cif,2.77
15-Cd_Te0.125_Se0.875-Te_Cd-POSCAR0-Neutral.cif,7.86
16-Cd_Te0.125_Se0.875-Se_Cd-POSCAR0-Neutral.cif,3.76
17-Cd_Te0.250_Se0.750-V_Cd-POSCAR0-Neutral.cif,3.19
18-Cd_Te0.250_Se0.750-V_Te-POSCAR0-Neutral.cif,0.16
19-Cd_Te0.250_Se0.750-V_Se-POSCAR0-Neutral.cif,2.74
20-Cd_Te0.250_Se0.750-Cd_i-POSCAR0-Neutral.cif,1.91
21-Cd_Te0.250_Se0.750-Te_i-POSCAR0-Neutral.cif,4.2
22-Cd_Te0.250_Se0.750-Se_i-POSCAR0-Neutral.cif,7.6
22-Cd_Te0.250_Se0.750-Se_i-POSCAR1-Neutral.cif,4.84
22-Cd_Te0.250_Se0.750-Se_i-POSCAR2-Neutral.cif,3.35
22-Cd_Te0.250_Se0.750-Se_i-POSCAR3-Neutral.cif,2.98
22-Cd_Te0.250_Se0.750-Se_i-POSCAR4-Neutral.cif,2.81
22-Cd_Te0.250_Se0.750-Se_i-POSCAR5-Neutral.cif,2.74
22-Cd_Te0.250_Se0.750-Se_i-POSCAR6-Neutral.cif,2.7
22-Cd_Te0.250_Se0.750-Se_i-POSCAR7-Neutral.cif,2.68
22-Cd_Te0.250_Se0.750-Se_i-POSCAR8-Neutral.cif,2.67
22-Cd_Te0.250_Se0.750-Se_i-POSCAR9-Neutral.cif,2.66
22-Cd_Te0.250_Se0.750-Se_i-POSCAR10-Neutral.cif,2.65
22-Cd_Te0.250_Se0.750-Se_i-POSCAR11-Neutral.cif,2.65
22-Cd_Te0.250_Se0.750-Se_i-POSCAR12-Neutral.cif,2.64
23-Cd_Te0.250_Se0.750-Cd_Te-POSCAR0-Neutral.cif,0.67
24-Cd_Te0.250_Se0.750-Cd_Se-POSCAR0-Neutral.cif,2.61
24-Cd_Te0.250_Se0.750-Cd_Se-POSCAR1-Neutral.cif,2.61
24-Cd_Te0.250_Se0.750-Cd_Se-POSCAR2-Neutral.cif,2.62
24-Cd_Te0.250_Se0.750-Cd_Se-POSCAR3-Neutral.cif,2.59
24-Cd_Te0.250_Se0.750-Cd_Se-POSCAR4-Neutral.cif,2.61
24-Cd_Te0.250_Se0.750-Cd_Se-POSCAR5-Neutral.cif,2.62
24-Cd_Te0.250_Se0.750-Cd_Se-POSCAR6-Neutral.cif,2.6
25-Cd_Te0.250_Se0.750-Te_Cd-POSCAR0-Neutral.cif,10.69
25-Cd_Te0.250_Se0.750-Te_Cd-POSCAR1-Neutral.cif,7.97
25-Cd_Te0.250_Se0.750-Te_Cd-POSCAR2-Neutral.cif,6.32
25-Cd_Te0.250_Se0.750-Te_Cd-POSCAR3-Neutral.cif,5.94
25-Cd_Te0.250_Se0.750-Te_Cd-POSCAR4-Neutral.cif,5.81
25-Cd_Te0.250_Se0.750-Te_Cd-POSCAR5-Neutral.cif,5.58
25-Cd_Te0.250_Se0.750-Te_Cd-POSCAR6-Neutral.cif,5.43
25-Cd_Te0.250_Se0.750-Te_Cd-POSCAR7-Neutral.cif,5.42
25-Cd_Te0.250_Se0.750-Te_Cd-POSCAR8-Neutral.cif,5.39
25-Cd_Te0.250_Se0.750-Te_Cd-POSCAR9-Neutral.cif,5.33
25-Cd_Te0.250_Se0.750-Te_Cd-POSCAR10-Neutral.cif,5.29
25-Cd_Te0.250_Se0.750-Te_Cd-POSCAR11-Neutral.cif,5.27
25-Cd_Te0.250_Se0.750-Te_Cd-POSCAR12-Neutral.cif,5.26
25-Cd_Te0.250_Se0.750-Te_Cd-POSCAR13-Neutral.cif,5.25
25-Cd_Te0.250_Se0.750-Te_Cd-POSCAR14-Neutral.cif,5.24
25-Cd_Te0.250_Se0.750-Te_Cd-POSCAR15-Neutral.cif,5.23
25-Cd_Te0.250_Se0.750-Te_Cd-POSCAR16-Neutral.cif,5.22
26-Cd_Te0.250_Se0.750-Se_Cd-POSCAR0-Neutral.cif,3.8
27-Cd_Te0.375_Se0.625-V_Cd-POSCAR0-Neutral.cif,9.46
27-Cd_Te0.375_Se0.625-V_Cd-POSCAR1-Neutral.cif,6.75
27-Cd_Te0.375_Se0.625-V_Cd-POSCAR2-Neutral.cif,4.22
27-Cd_Te0.375_Se0.625-V_Cd-POSCAR3-Neutral.cif,3.62
27-Cd_Te0.375_Se0.625-V_Cd-POSCAR4-Neutral.cif,3.35
27-Cd_Te0.375_Se0.625-V_Cd-POSCAR5-Neutral.cif,3.18
27-Cd_Te0.375_Se0.625-V_Cd-POSCAR6-Neutral.cif,3.13
27-Cd_Te0.375_Se0.625-V_Cd-POSCAR7-Neutral.cif,3.1
27-Cd_Te0.375_Se0.625-V_Cd-POSCAR8-Neutral.cif,3.09
27-Cd_Te0.375_Se0.625-V_Cd-POSCAR9-Neutral.cif,3.08
27-Cd_Te0.375_Se0.625-V_Cd-POSCAR10-Neutral.cif,3.07
28-Cd_Te0.375_Se0.625-V_Te-POSCAR0-Neutral.cif,8.27
28-Cd_Te0.375_Se0.625-V_Te-POSCAR1-Neutral.cif,5.1
28-Cd_Te0.375_Se0.625-V_Te-POSCAR2-Neutral.cif,2.98
28-Cd_Te0.375_Se0.625-V_Te-POSCAR3-Neutral.cif,2.09
28-Cd_Te0.375_Se0.625-V_Te-POSCAR4-Neutral.cif,1.87
28-Cd_Te0.375_Se0.625-V_Te-POSCAR5-Neutral.cif,1.73
28-Cd_Te0.375_Se0.625-V_Te-POSCAR6-Neutral.cif,1.7
28-Cd_Te0.375_Se0.625-V_Te-POSCAR7-Neutral.cif,1.67
28-Cd_Te0.375_Se0.625-V_Te-POSCAR8-Neutral.cif,1.66
28-Cd_Te0.375_Se0.625-V_Te-POSCAR9-Neutral.cif,1.65
28-Cd_Te0.375_Se0.625-V_Te-POSCAR10-Neutral.cif,1.65
29-Cd_Te0.375_Se0.625-V_Se-POSCAR0-Neutral.cif,9.77
29-Cd_Te0.375_Se0.625-V_Se-POSCAR1-Neutral.cif,6.53
29-Cd_Te0.375_Se0.625-V_Se-POSCAR2-Neutral.cif,4.36
29-Cd_Te0.375_Se0.625-V_Se-POSCAR3-Neutral.cif,3.23
29-Cd_Te0.375_Se0.625-V_Se-POSCAR4-Neutral.cif,2.97
29-Cd_Te0.375_Se0.625-V_Se-POSCAR5-Neutral.cif,2.75
29-Cd_Te0.375_Se0.625-V_Se-POSCAR6-Neutral.cif,2.71
29-Cd_Te0.375_Se0.625-V_Se-POSCAR7-Neutral.cif,2.67
29-Cd_Te0.375_Se0.625-V_Se-POSCAR8-Neutral.cif,2.66
29-Cd_Te0.375_Se0.625-V_Se-POSCAR9-Neutral.cif,2.64
29-Cd_Te0.375_Se0.625-V_Se-POSCAR10-Neutral.cif,2.64
29-Cd_Te0.375_Se0.625-V_Se-POSCAR11-Neutral.cif,2.63
30-Cd_Te0.375_Se0.625-Cd_i-POSCAR0-Neutral.cif,8.67
30-Cd_Te0.375_Se0.625-Cd_i-POSCAR1-Neutral.cif,5.71
30-Cd_Te0.375_Se0.625-Cd_i-POSCAR2-Neutral.cif,3.17
30-Cd_Te0.375_Se0.625-Cd_i-POSCAR3-Neutral.cif,2.42
30-Cd_Te0.375_Se0.625-Cd_i-POSCAR4-Neutral.cif,2.11
30-Cd_Te0.375_Se0.625-Cd_i-POSCAR5-Neutral.cif,1.96
30-Cd_Te0.375_Se0.625-Cd_i-POSCAR6-Neutral.cif,1.92
30-Cd_Te0.375_Se0.625-Cd_i-POSCAR7-Neutral.cif,1.89
30-Cd_Te0.375_Se0.625-Cd_i-POSCAR8-Neutral.cif,1.87
30-Cd_Te0.375_Se0.625-Cd_i-POSCAR9-Neutral.cif,1.86
30-Cd_Te0.375_Se0.625-Cd_i-POSCAR10-Neutral.cif,1.86
30-Cd_Te0.375_Se0.625-Cd_i-POSCAR11-Neutral.cif,1.85
31-Cd_Te0.375_Se0.625-Te_i-POSCAR0-Neutral.cif,4.78
31-Cd_Te0.375_Se0.625-Te_i-POSCAR1-Neutral.cif,4.77
31-Cd_Te0.375_Se0.625-Te_i-POSCAR2-Neutral.cif,4.77
31-Cd_Te0.375_Se0.625-Te_i-POSCAR3-Neutral.cif,4.76
31-Cd_Te0.375_Se0.625-Te_i-POSCAR4-Neutral.cif,4.75
31-Cd_Te0.375_Se0.625-Te_i-POSCAR5-Neutral.cif,4.75
32-Cd_Te0.375_Se0.625-Se_i-POSCAR0-Neutral.cif,3.54
32-Cd_Te0.375_Se0.625-Se_i-POSCAR1-Neutral.cif,3.54
32-Cd_Te0.375_Se0.625-Se_i-POSCAR2-Neutral.cif,3.54
32-Cd_Te0.375_Se0.625-Se_i-POSCAR3-Neutral.cif,3.54
32-Cd_Te0.375_Se0.625-Se_i-POSCAR4-Neutral.cif,3.54
32-Cd_Te0.375_Se0.625-Se_i-POSCAR5-Neutral.cif,3.54
32-Cd_Te0.375_Se0.625-Se_i-POSCAR6-Neutral.cif,3.54
32-Cd_Te0.375_Se0.625-Se_i-POSCAR7-Neutral.cif,3.54
32-Cd_Te0.375_Se0.625-Se_i-POSCAR8-Neutral.cif,3.54
32-Cd_Te0.375_Se0.625-Se_i-POSCAR9-Neutral.cif,3.54
32-Cd_Te0.375_Se0.625-Se_i-POSCAR10-Neutral.cif,3.54
33-Cd_Te0.375_Se0.625-Cd_Te-POSCAR0-Neutral.cif,7.67
33-Cd_Te0.375_Se0.625-Cd_Te-POSCAR1-Neutral.cif,4.89
33-Cd_Te0.375_Se0.625-Cd_Te-POSCAR2-Neutral.cif,2.86
33-Cd_Te0.375_Se0.625-Cd_Te-POSCAR3-Neutral.cif,2.14
33-Cd_Te0.375_Se0.625-Cd_Te-POSCAR4-Neutral.cif,1.86
33-Cd_Te0.375_Se0.625-Cd_Te-POSCAR5-Neutral.cif,1.7
33-Cd_Te0.375_Se0.625-Cd_Te-POSCAR6-Neutral.cif,1.66
33-Cd_Te0.375_Se0.625-Cd_Te-POSCAR7-Neutral.cif,1.64
33-Cd_Te0.375_Se0.625-Cd_Te-POSCAR8-Neutral.cif,1.62
33-Cd_Te0.375_Se0.625-Cd_Te-POSCAR9-Neutral.cif,1.6
33-Cd_Te0.375_Se0.625-Cd_Te-POSCAR10-Neutral.cif,1.59
33-Cd_Te0.375_Se0.625-Cd_Te-POSCAR11-Neutral.cif,1.58
33-Cd_Te0.375_Se0.625-Cd_Te-POSCAR12-Neutral.cif,1.57
33-Cd_Te0.375_Se0.625-Cd_Te-POSCAR13-Neutral.cif,1.57
33-Cd_Te0.375_Se0.625-Cd_Te-POSCAR14-Neutral.cif,1.56
33-Cd_Te0.375_Se0.625-Cd_Te-POSCAR15-Neutral.cif,1.55
33-Cd_Te0.375_Se0.625-Cd_Te-POSCAR16-Neutral.cif,1.54
33-Cd_Te0.375_Se0.625-Cd_Te-POSCAR17-Neutral.cif,1.53
33-Cd_Te0.375_Se0.625-Cd_Te-POSCAR18-Neutral.cif,1.53
34-Cd_Te0.375_Se0.625-Cd_Se-POSCAR0-Neutral.cif,1.93
34-Cd_Te0.375_Se0.625-Cd_Se-POSCAR1-Neutral.cif,1.93
34-Cd_Te0.375_Se0.625-Cd_Se-POSCAR2-Neutral.cif,1.92
34-Cd_Te0.375_Se0.625-Cd_Se-POSCAR3-Neutral.cif,1.91
34-Cd_Te0.375_Se0.625-Cd_Se-POSCAR4-Neutral.cif,1.9
34-Cd_Te0.375_Se0.625-Cd_Se-POSCAR5-Neutral.cif,1.9
34-Cd_Te0.375_Se0.625-Cd_Se-POSCAR6-Neutral.cif,1.89
34-Cd_Te0.375_Se0.625-Cd_Se-POSCAR7-Neutral.cif,1.89
35-Cd_Te0.375_Se0.625-Te_Cd-POSCAR0-Neutral.cif,4.44
35-Cd_Te0.375_Se0.625-Te_Cd-POSCAR1-Neutral.cif,4.41
35-Cd_Te0.375_Se0.625-Te_Cd-POSCAR2-Neutral.cif,4.39
35-Cd_Te0.375_Se0.625-Te_Cd-POSCAR3-Neutral.cif,4.38
35-Cd_Te0.375_Se0.625-Te_Cd-POSCAR4-Neutral.cif,4.36
35-Cd_Te0.375_Se0.625-Te_Cd-POSCAR5-Neutral.cif,4.35
35-Cd_Te0.375_Se0.625-Te_Cd-POSCAR6-Neutral.cif,4.32
35-Cd_Te0.375_Se0.625-Te_Cd-POSCAR7-Neutral.cif,4.31
35-Cd_Te0.375_Se0.625-Te_Cd-POSCAR8-Neutral.cif,4.29
35-Cd_Te0.375_Se0.625-Te_Cd-POSCAR9-Neutral.cif,4.29
35-Cd_Te0.375_Se0.625-Te_Cd-POSCAR10-Neutral.cif,4.28
36-Cd_Te0.375_Se0.625-Se_Cd-POSCAR0-Neutral.cif,3.78
36-Cd_Te0.375_Se0.625-Se_Cd-POSCAR1-Neutral.cif,3.75
36-Cd_Te0.375_Se0.625-Se_Cd-POSCAR2-Neutral.cif,3.72
36-Cd_Te0.375_Se0.625-Se_Cd-POSCAR3-Neutral.cif,3.73
36-Cd_Te0.375_Se0.625-Se_Cd-POSCAR4-Neutral.cif,3.73
36-Cd_Te0.375_Se0.625-Se_Cd-POSCAR5-Neutral.cif,3.84
36-Cd_Te0.375_Se0.625-Se_Cd-POSCAR6-Neutral.cif,3.82
36-Cd_Te0.375_Se0.625-Se_Cd-POSCAR7-Neutral.cif,3.78
36-Cd_Te0.375_Se0.625-Se_Cd-POSCAR8-Neutral.cif,3.78
36-Cd_Te0.375_Se0.625-Se_Cd-POSCAR9-Neutral.cif,3.78
36-Cd_Te0.375_Se0.625-Se_Cd-POSCAR10-Neutral.cif,3.78
36-Cd_Te0.375_Se0.625-Se_Cd-POSCAR11-Neutral.cif,3.78
36-Cd_Te0.375_Se0.625-Se_Cd-POSCAR12-Neutral.cif,3.75
36-Cd_Te0.375_Se0.625-Se_Cd-POSCAR13-Neutral.cif,3.75
36-Cd_Te0.375_Se0.625-Se_Cd-POSCAR14-Neutral.cif,3.74
36-Cd_Te0.375_Se0.625-Se_Cd-POSCAR15-Neutral.cif,3.74
36-Cd_Te0.375_Se0.625-Se_Cd-POSCAR16-Neutral.cif,3.73
36-Cd_Te0.375_Se0.625-Se_Cd-POSCAR17-Neutral.cif,3.73
36-Cd_Te0.375_Se0.625-Se_Cd-POSCAR18-Neutral.cif,3.73
36-Cd_Te0.375_Se0.625-Se_Cd-POSCAR19-Neutral.cif,3.73
36-Cd_Te0.375_Se0.625-Se_Cd-POSCAR20-Neutral.cif,3.73
36-Cd_Te0.375_Se0.625-Se_Cd-POSCAR21-Neutral.cif,3.73
37-Cd_Te0.500_Se0.500-V_Cd-POSCAR0-Neutral.cif,2.63
37-Cd_Te0.500_Se0.500-V_Cd-POSCAR1-Neutral.cif,2.62
37-Cd_Te0.500_Se0.500-V_Cd-POSCAR2-Neutral.cif,2.61
37-Cd_Te0.500_Se0.500-V_Cd-POSCAR3-Neutral.cif,2.61
37-Cd_Te0.500_Se0.500-V_Cd-POSCAR4-Neutral.cif,2.6
38-Cd_Te0.500_Se0.500-V_Te-POSCAR0-Neutral.cif,2.1
38-Cd_Te0.500_Se0.500-V_Te-POSCAR1-Neutral.cif,2.1
38-Cd_Te0.500_Se0.500-V_Te-POSCAR2-Neutral.cif,2.09
39-Cd_Te0.500_Se0.500-V_Se-POSCAR0-Neutral.cif,1.66
39-Cd_Te0.500_Se0.500-V_Se-POSCAR1-Neutral.cif,1.65
39-Cd_Te0.500_Se0.500-V_Se-POSCAR2-Neutral.cif,1.64
39-Cd_Te0.500_Se0.500-V_Se-POSCAR3-Neutral.cif,1.64
39-Cd_Te0.500_Se0.500-V_Se-POSCAR4-Neutral.cif,1.64
39-Cd_Te0.500_Se0.500-V_Se-POSCAR5-Neutral.cif,1.63
39-Cd_Te0.500_Se0.500-V_Se-POSCAR6-Neutral.cif,1.63
39-Cd_Te0.500_Se0.500-V_Se-POSCAR7-Neutral.cif,1.62
39-Cd_Te0.500_Se0.500-V_Se-POSCAR8-Neutral.cif,1.62
39-Cd_Te0.500_Se0.500-V_Se-POSCAR9-Neutral.cif,1.61
39-Cd_Te0.500_Se0.500-V_Se-POSCAR10-Neutral.cif,1.61
39-Cd_Te0.500_Se0.500-V_Se-POSCAR11-Neutral.cif,1.61
40-Cd_Te0.500_Se0.500-Cd_i-POSCAR0-Neutral.cif,2
40-Cd_Te0.500_Se0.500-Cd_i-POSCAR1-Neutral.cif,1.96
40-Cd_Te0.500_Se0.500-Cd_i-POSCAR2-Neutral.cif,1.85
40-Cd_Te0.500_Se0.500-Cd_i-POSCAR3-Neutral.cif,1.83
40-Cd_Te0.500_Se0.500-Cd_i-POSCAR4-Neutral.cif,1.81
40-Cd_Te0.500_Se0.500-Cd_i-POSCAR5-Neutral.cif,1.8
40-Cd_Te0.500_Se0.500-Cd_i-POSCAR6-Neutral.cif,1.8
40-Cd_Te0.500_Se0.500-Cd_i-POSCAR7-Neutral.cif,1.79
40-Cd_Te0.500_Se0.500-Cd_i-POSCAR8-Neutral.cif,1.78
40-Cd_Te0.500_Se0.500-Cd_i-POSCAR9-Neutral.cif,1.77
40-Cd_Te0.500_Se0.500-Cd_i-POSCAR10-Neutral.cif,1.77
41-Cd_Te0.500_Se0.500-Te_i-POSCAR0-Neutral.cif,3.05
41-Cd_Te0.500_Se0.500-Te_i-POSCAR1-Neutral.cif,3.03
41-Cd_Te0.500_Se0.500-Te_i-POSCAR2-Neutral.cif,3.02
41-Cd_Te0.500_Se0.500-Te_i-POSCAR3-Neutral.cif,3
41-Cd_Te0.500_Se0.500-Te_i-POSCAR4-Neutral.cif,2.98
41-Cd_Te0.500_Se0.500-Te_i-POSCAR5-Neutral.cif,2.98
41-Cd_Te0.500_Se0.500-Te_i-POSCAR6-Neutral.cif,2.97
41-Cd_Te0.500_Se0.500-Te_i-POSCAR7-Neutral.cif,2.95
41-Cd_Te0.500_Se0.500-Te_i-POSCAR8-Neutral.cif,2.92
41-Cd_Te0.500_Se0.500-Te_i-POSCAR9-Neutral.cif,2.9
41-Cd_Te0.500_Se0.500-Te_i-POSCAR10-Neutral.cif,2.89
41-Cd_Te0.500_Se0.500-Te_i-POSCAR11-Neutral.cif,2.88
41-Cd_Te0.500_Se0.500-Te_i-POSCAR12-Neutral.cif,2.87
41-Cd_Te0.500_Se0.500-Te_i-POSCAR13-Neutral.cif,2.86
41-Cd_Te0.500_Se0.500-Te_i-POSCAR14-Neutral.cif,2.85
41-Cd_Te0.500_Se0.500-Te_i-POSCAR15-Neutral.cif,2.85
41-Cd_Te0.500_Se0.500-Te_i-POSCAR16-Neutral.cif,2.84
41-Cd_Te0.500_Se0.500-Te_i-POSCAR17-Neutral.cif,2.84
41-Cd_Te0.500_Se0.500-Te_i-POSCAR18-Neutral.cif,2.84
41-Cd_Te0.500_Se0.500-Te_i-POSCAR19-Neutral.cif,2.83
41-Cd_Te0.500_Se0.500-Te_i-POSCAR20-Neutral.cif,2.83
41-Cd_Te0.500_Se0.500-Te_i-POSCAR21-Neutral.cif,2.83
42-Cd_Te0.500_Se0.500-Se_i-POSCAR0-Neutral.cif,2.49
42-Cd_Te0.500_Se0.500-Se_i-POSCAR1-Neutral.cif,2.49
42-Cd_Te0.500_Se0.500-Se_i-POSCAR2-Neutral.cif,2.48
42-Cd_Te0.500_Se0.500-Se_i-POSCAR3-Neutral.cif,2.48
42-Cd_Te0.500_Se0.500-Se_i-POSCAR4-Neutral.cif,2.48
42-Cd_Te0.500_Se0.500-Se_i-POSCAR5-Neutral.cif,2.48
42-Cd_Te0.500_Se0.500-Se_i-POSCAR6-Neutral.cif,2.48
42-Cd_Te0.500_Se0.500-Se_i-POSCAR7-Neutral.cif,2.48
42-Cd_Te0.500_Se0.500-Se_i-POSCAR8-Neutral.cif,2.48
42-Cd_Te0.500_Se0.500-Se_i-POSCAR9-Neutral.cif,2.47
43-Cd_Te0.500_Se0.500-Cd_Te-POSCAR0-Neutral.cif,1.99
43-Cd_Te0.500_Se0.500-Cd_Te-POSCAR1-Neutral.cif,1.96
43-Cd_Te0.500_Se0.500-Cd_Te-POSCAR2-Neutral.cif,1.92
43-Cd_Te0.500_Se0.500-Cd_Te-POSCAR3-Neutral.cif,1.91
43-Cd_Te0.500_Se0.500-Cd_Te-POSCAR4-Neutral.cif,1.89
43-Cd_Te0.500_Se0.500-Cd_Te-POSCAR5-Neutral.cif,1.88
43-Cd_Te0.500_Se0.500-Cd_Te-POSCAR6-Neutral.cif,1.88
43-Cd_Te0.500_Se0.500-Cd_Te-POSCAR7-Neutral.cif,1.87
43-Cd_Te0.500_Se0.500-Cd_Te-POSCAR8-Neutral.cif,1.87
43-Cd_Te0.500_Se0.500-Cd_Te-POSCAR9-Neutral.cif,1.86
43-Cd_Te0.500_Se0.500-Cd_Te-POSCAR10-Neutral.cif,1.86
43-Cd_Te0.500_Se0.500-Cd_Te-POSCAR11-Neutral.cif,1.85
44-Cd_Te0.500_Se0.500-Cd_Se-POSCAR0-Neutral.cif,1.96
44-Cd_Te0.500_Se0.500-Cd_Se-POSCAR1-Neutral.cif,1.95
44-Cd_Te0.500_Se0.500-Cd_Se-POSCAR2-Neutral.cif,1.94
44-Cd_Te0.500_Se0.500-Cd_Se-POSCAR3-Neutral.cif,1.93
44-Cd_Te0.500_Se0.500-Cd_Se-POSCAR4-Neutral.cif,1.91
44-Cd_Te0.500_Se0.500-Cd_Se-POSCAR5-Neutral.cif,1.92
44-Cd_Te0.500_Se0.500-Cd_Se-POSCAR6-Neutral.cif,1.9
44-Cd_Te0.500_Se0.500-Cd_Se-POSCAR7-Neutral.cif,1.89
44-Cd_Te0.500_Se0.500-Cd_Se-POSCAR8-Neutral.cif,1.87
44-Cd_Te0.500_Se0.500-Cd_Se-POSCAR9-Neutral.cif,1.89
44-Cd_Te0.500_Se0.500-Cd_Se-POSCAR10-Neutral.cif,1.87
44-Cd_Te0.500_Se0.500-Cd_Se-POSCAR11-Neutral.cif,1.85
44-Cd_Te0.500_Se0.500-Cd_Se-POSCAR12-Neutral.cif,1.84
44-Cd_Te0.500_Se0.500-Cd_Se-POSCAR13-Neutral.cif,1.83
44-Cd_Te0.500_Se0.500-Cd_Se-POSCAR14-Neutral.cif,1.83
44-Cd_Te0.500_Se0.500-Cd_Se-POSCAR15-Neutral.cif,1.82
44-Cd_Te0.500_Se0.500-Cd_Se-POSCAR16-Neutral.cif,1.82
45-Cd_Te0.500_Se0.500-Te_Cd-POSCAR0-Neutral.cif,4.95
45-Cd_Te0.500_Se0.500-Te_Cd-POSCAR1-Neutral.cif,4.63
45-Cd_Te0.500_Se0.500-Te_Cd-POSCAR2-Neutral.cif,4.29
45-Cd_Te0.500_Se0.500-Te_Cd-POSCAR3-Neutral.cif,4.15
45-Cd_Te0.500_Se0.500-Te_Cd-POSCAR4-Neutral.cif,4.09
45-Cd_Te0.500_Se0.500-Te_Cd-POSCAR5-Neutral.cif,4.06
45-Cd_Te0.500_Se0.500-Te_Cd-POSCAR6-Neutral.cif,4.04
45-Cd_Te0.500_Se0.500-Te_Cd-POSCAR7-Neutral.cif,4.01
45-Cd_Te0.500_Se0.500-Te_Cd-POSCAR8-Neutral.cif,3.99
45-Cd_Te0.500_Se0.500-Te_Cd-POSCAR9-Neutral.cif,3.97
45-Cd_Te0.500_Se0.500-Te_Cd-POSCAR10-Neutral.cif,3.95
45-Cd_Te0.500_Se0.500-Te_Cd-POSCAR11-Neutral.cif,3.92
45-Cd_Te0.500_Se0.500-Te_Cd-POSCAR12-Neutral.cif,3.9
45-Cd_Te0.500_Se0.500-Te_Cd-POSCAR13-Neutral.cif,3.88
45-Cd_Te0.500_Se0.500-Te_Cd-POSCAR14-Neutral.cif,3.87
45-Cd_Te0.500_Se0.500-Te_Cd-POSCAR15-Neutral.cif,3.86
45-Cd_Te0.500_Se0.500-Te_Cd-POSCAR16-Neutral.cif,3.85
45-Cd_Te0.500_Se0.500-Te_Cd-POSCAR17-Neutral.cif,3.85
46-Cd_Te0.500_Se0.500-Se_Cd-POSCAR0-Neutral.cif,3.57
46-Cd_Te0.500_Se0.500-Se_Cd-POSCAR1-Neutral.cif,3.51
46-Cd_Te0.500_Se0.500-Se_Cd-POSCAR2-Neutral.cif,3.47
46-Cd_Te0.500_Se0.500-Se_Cd-POSCAR3-Neutral.cif,3.44
46-Cd_Te0.500_Se0.500-Se_Cd-POSCAR4-Neutral.cif,3.39
46-Cd_Te0.500_Se0.500-Se_Cd-POSCAR5-Neutral.cif,3.39
46-Cd_Te0.500_Se0.500-Se_Cd-POSCAR6-Neutral.cif,3.36
46-Cd_Te0.500_Se0.500-Se_Cd-POSCAR7-Neutral.cif,3.33
46-Cd_Te0.500_Se0.500-Se_Cd-POSCAR8-Neutral.cif,3.3
46-Cd_Te0.500_Se0.500-Se_Cd-POSCAR9-Neutral.cif,3.29
46-Cd_Te0.500_Se0.500-Se_Cd-POSCAR10-Neutral.cif,3.27
46-Cd_Te0.500_Se0.500-Se_Cd-POSCAR11-Neutral.cif,3.27
46-Cd_Te0.500_Se0.500-Se_Cd-POSCAR12-Neutral.cif,3.26
46-Cd_Te0.500_Se0.500-Se_Cd-POSCAR13-Neutral.cif,3.25
46-Cd_Te0.500_Se0.500-Se_Cd-POSCAR14-Neutral.cif,3.24
46-Cd_Te0.500_Se0.500-Se_Cd-POSCAR15-Neutral.cif,3.24
46-Cd_Te0.500_Se0.500-Se_Cd-POSCAR16-Neutral.cif,3.23
46-Cd_Te0.500_Se0.500-Se_Cd-POSCAR17-Neutral.cif,3.23
46-Cd_Te0.500_Se0.500-Se_Cd-POSCAR18-Neutral.cif,3.23
47-Cd_Te0.625_Se0.375-V_Cd-POSCAR0-Neutral.cif,2.63
47-Cd_Te0.625_Se0.375-V_Cd-POSCAR1-Neutral.cif,2.63
47-Cd_Te0.625_Se0.375-V_Cd-POSCAR2-Neutral.cif,2.62
47-Cd_Te0.625_Se0.375-V_Cd-POSCAR3-Neutral.cif,2.62
47-Cd_Te0.625_Se0.375-V_Cd-POSCAR4-Neutral.cif,2.61
48-Cd_Te0.625_Se0.375-V_Te-POSCAR0-Neutral.cif,2.32
48-Cd_Te0.625_Se0.375-V_Te-POSCAR1-Neutral.cif,2.32
48-Cd_Te0.625_Se0.375-V_Te-POSCAR2-Neutral.cif,2.31
49-Cd_Te0.625_Se0.375-V_Se-POSCAR0-Neutral.cif,2.17
49-Cd_Te0.625_Se0.375-V_Se-POSCAR1-Neutral.cif,2.16
49-Cd_Te0.625_Se0.375-V_Se-POSCAR2-Neutral.cif,2.16
50-Cd_Te0.625_Se0.375-Cd_i-POSCAR0-Neutral.cif,1.95
50-Cd_Te0.625_Se0.375-Cd_i-POSCAR1-Neutral.cif,1.89
50-Cd_Te0.625_Se0.375-Cd_i-POSCAR2-Neutral.cif,1.75
50-Cd_Te0.625_Se0.375-Cd_i-POSCAR3-Neutral.cif,1.74
50-Cd_Te0.625_Se0.375-Cd_i-POSCAR4-Neutral.cif,1.73
50-Cd_Te0.625_Se0.375-Cd_i-POSCAR5-Neutral.cif,1.7
50-Cd_Te0.625_Se0.375-Cd_i-POSCAR6-Neutral.cif,1.69
50-Cd_Te0.625_Se0.375-Cd_i-POSCAR7-Neutral.cif,1.68
50-Cd_Te0.625_Se0.375-Cd_i-POSCAR8-Neutral.cif,1.67
50-Cd_Te0.625_Se0.375-Cd_i-POSCAR9-Neutral.cif,1.66
51-Cd_Te0.625_Se0.375-Te_i-POSCAR0-Neutral.cif,4.44
51-Cd_Te0.625_Se0.375-Te_i-POSCAR1-Neutral.cif,4.33
51-Cd_Te0.625_Se0.375-Te_i-POSCAR2-Neutral.cif,4.1
51-Cd_Te0.625_Se0.375-Te_i-POSCAR3-Neutral.cif,4.09
51-Cd_Te0.625_Se0.375-Te_i-POSCAR4-Neutral.cif,4.17
51-Cd_Te0.625_Se0.375-Te_i-POSCAR5-Neutral.cif,4.14
51-Cd_Te0.625_Se0.375-Te_i-POSCAR6-Neutral.cif,4.02
51-Cd_Te0.625_Se0.375-Te_i-POSCAR7-Neutral.cif,4.01
51-Cd_Te0.625_Se0.375-Te_i-POSCAR8-Neutral.cif,4
51-Cd_Te0.625_Se0.375-Te_i-POSCAR9-Neutral.cif,4
51-Cd_Te0.625_Se0.375-Te_i-POSCAR10-Neutral.cif,3.99
51-Cd_Te0.625_Se0.375-Te_i-POSCAR11-Neutral.cif,3.98
51-Cd_Te0.625_Se0.375-Te_i-POSCAR12-Neutral.cif,3.98
52-Cd_Te0.625_Se0.375-Se_i-POSCAR0-Neutral.cif,3.97
52-Cd_Te0.625_Se0.375-Se_i-POSCAR1-Neutral.cif,3.95
52-Cd_Te0.625_Se0.375-Se_i-POSCAR2-Neutral.cif,3.89
52-Cd_Te0.625_Se0.375-Se_i-POSCAR3-Neutral.cif,3.88
52-Cd_Te0.625_Se0.375-Se_i-POSCAR4-Neutral.cif,3.85
52-Cd_Te0.625_Se0.375-Se_i-POSCAR5-Neutral.cif,3.85
52-Cd_Te0.625_Se0.375-Se_i-POSCAR6-Neutral.cif,3.85
52-Cd_Te0.625_Se0.375-Se_i-POSCAR7-Neutral.cif,3.84
52-Cd_Te0.625_Se0.375-Se_i-POSCAR8-Neutral.cif,3.84
52-Cd_Te0.625_Se0.375-Se_i-POSCAR9-Neutral.cif,3.84
53-Cd_Te0.625_Se0.375-Cd_Te-POSCAR0-Neutral.cif,1.99
53-Cd_Te0.625_Se0.375-Cd_Te-POSCAR1-Neutral.cif,1.99
53-Cd_Te0.625_Se0.375-Cd_Te-POSCAR2-Neutral.cif,1.98
53-Cd_Te0.625_Se0.375-Cd_Te-POSCAR3-Neutral.cif,1.97
54-Cd_Te0.625_Se0.375-Cd_Se-POSCAR0-Neutral.cif,1.73
54-Cd_Te0.625_Se0.375-Cd_Se-POSCAR1-Neutral.cif,1.73
54-Cd_Te0.625_Se0.375-Cd_Se-POSCAR2-Neutral.cif,1.73
54-Cd_Te0.625_Se0.375-Cd_Se-POSCAR3-Neutral.cif,1.73
54-Cd_Te0.625_Se0.375-Cd_Se-POSCAR4-Neutral.cif,1.73
54-Cd_Te0.625_Se0.375-Cd_Se-POSCAR5-Neutral.cif,1.73
54-Cd_Te0.625_Se0.375-Cd_Se-POSCAR6-Neutral.cif,1.73
54-Cd_Te0.625_Se0.375-Cd_Se-POSCAR7-Neutral.cif,1.73
54-Cd_Te0.625_Se0.375-Cd_Se-POSCAR8-Neutral.cif,1.73
54-Cd_Te0.625_Se0.375-Cd_Se-POSCAR9-Neutral.cif,1.74
54-Cd_Te0.625_Se0.375-Cd_Se-POSCAR10-Neutral.cif,1.72
54-Cd_Te0.625_Se0.375-Cd_Se-POSCAR11-Neutral.cif,1.72
54-Cd_Te0.625_Se0.375-Cd_Se-POSCAR12-Neutral.cif,1.75
54-Cd_Te0.625_Se0.375-Cd_Se-POSCAR13-Neutral.cif,1.72
54-Cd_Te0.625_Se0.375-Cd_Se-POSCAR14-Neutral.cif,1.72
54-Cd_Te0.625_Se0.375-Cd_Se-POSCAR15-Neutral.cif,1.76
54-Cd_Te0.625_Se0.375-Cd_Se-POSCAR16-Neutral.cif,1.72
54-Cd_Te0.625_Se0.375-Cd_Se-POSCAR17-Neutral.cif,1.71
54-Cd_Te0.625_Se0.375-Cd_Se-POSCAR18-Neutral.cif,1.75
54-Cd_Te0.625_Se0.375-Cd_Se-POSCAR19-Neutral.cif,1.71
54-Cd_Te0.625_Se0.375-Cd_Se-POSCAR20-Neutral.cif,1.71
54-Cd_Te0.625_Se0.375-Cd_Se-POSCAR21-Neutral.cif,1.72
54-Cd_Te0.625_Se0.375-Cd_Se-POSCAR22-Neutral.cif,1.71
54-Cd_Te0.625_Se0.375-Cd_Se-POSCAR23-Neutral.cif,1.71
54-Cd_Te0.625_Se0.375-Cd_Se-POSCAR24-Neutral.cif,1.71
54-Cd_Te0.625_Se0.375-Cd_Se-POSCAR25-Neutral.cif,1.71
54-Cd_Te0.625_Se0.375-Cd_Se-POSCAR26-Neutral.cif,1.71
54-Cd_Te0.625_Se0.375-Cd_Se-POSCAR27-Neutral.cif,1.73
54-Cd_Te0.625_Se0.375-Cd_Se-POSCAR28-Neutral.cif,1.75
54-Cd_Te0.625_Se0.375-Cd_Se-POSCAR29-Neutral.cif,1.72
55-Cd_Te0.625_Se0.375-Te_Cd-POSCAR0-Neutral.cif,3.49
55-Cd_Te0.625_Se0.375-Te_Cd-POSCAR1-Neutral.cif,3.49
55-Cd_Te0.625_Se0.375-Te_Cd-POSCAR2-Neutral.cif,3.49
56-Cd_Te0.625_Se0.375-Se_Cd-POSCAR0-Neutral.cif,4.5
56-Cd_Te0.625_Se0.375-Se_Cd-POSCAR1-Neutral.cif,4.5
56-Cd_Te0.625_Se0.375-Se_Cd-POSCAR2-Neutral.cif,4.5
56-Cd_Te0.625_Se0.375-Se_Cd-POSCAR3-Neutral.cif,4.49
56-Cd_Te0.625_Se0.375-Se_Cd-POSCAR4-Neutral.cif,4.49
56-Cd_Te0.625_Se0.375-Se_Cd-POSCAR5-Neutral.cif,4.49
56-Cd_Te0.625_Se0.375-Se_Cd-POSCAR6-Neutral.cif,4.49
56-Cd_Te0.625_Se0.375-Se_Cd-POSCAR7-Neutral.cif,4.49
56-Cd_Te0.625_Se0.375-Se_Cd-POSCAR8-Neutral.cif,4.49
56-Cd_Te0.625_Se0.375-Se_Cd-POSCAR9-Neutral.cif,4.49
56-Cd_Te0.625_Se0.375-Se_Cd-POSCAR10-Neutral.cif,4.49
56-Cd_Te0.625_Se0.375-Se_Cd-POSCAR11-Neutral.cif,4.49
56-Cd_Te0.625_Se0.375-Se_Cd-POSCAR12-Neutral.cif,4.49
56-Cd_Te0.625_Se0.375-Se_Cd-POSCAR13-Neutral.cif,4.49
56-Cd_Te0.625_Se0.375-Se_Cd-POSCAR14-Neutral.cif,4.49
56-Cd_Te0.625_Se0.375-Se_Cd-POSCAR15-Neutral.cif,4.49
56-Cd_Te0.625_Se0.375-Se_Cd-POSCAR16-Neutral.cif,4.49
56-Cd_Te0.625_Se0.375-Se_Cd-POSCAR17-Neutral.cif,4.49
56-Cd_Te0.625_Se0.375-Se_Cd-POSCAR18-Neutral.cif,4.49
56-Cd_Te0.625_Se0.375-Se_Cd-POSCAR19-Neutral.cif,4.48
56-Cd_Te0.625_Se0.375-Se_Cd-POSCAR20-Neutral.cif,4.48
56-Cd_Te0.625_Se0.375-Se_Cd-POSCAR21-Neutral.cif,4.48
57-Cd_Te0.750_Se0.250-V_Cd-POSCAR0-Neutral.cif,2.59
57-Cd_Te0.750_Se0.250-V_Cd-POSCAR1-Neutral.cif,2.58
57-Cd_Te0.750_Se0.250-V_Cd-POSCAR2-Neutral.cif,2.57
57-Cd_Te0.750_Se0.250-V_Cd-POSCAR3-Neutral.cif,2.57
57-Cd_Te0.750_Se0.250-V_Cd-POSCAR4-Neutral.cif,2.56
58-Cd_Te0.750_Se0.250-V_Te-POSCAR0-Neutral.cif,2.5
58-Cd_Te0.750_Se0.250-V_Te-POSCAR1-Neutral.cif,2.5
59-Cd_Te0.750_Se0.250-V_Se-POSCAR0-Neutral.cif,1.11
59-Cd_Te0.750_Se0.250-V_Se-POSCAR1-Neutral.cif,1.05
59-Cd_Te0.750_Se0.250-V_Se-POSCAR2-Neutral.cif,0.95
59-Cd_Te0.750_Se0.250-V_Se-POSCAR3-Neutral.cif,0.92
59-Cd_Te0.750_Se0.250-V_Se-POSCAR4-Neutral.cif,0.75
59-Cd_Te0.750_Se0.250-V_Se-POSCAR5-Neutral.cif,0.69
59-Cd_Te0.750_Se0.250-V_Se-POSCAR6-Neutral.cif,0.67
59-Cd_Te0.750_Se0.250-V_Se-POSCAR7-Neutral.cif,0.65
59-Cd_Te0.750_Se0.250-V_Se-POSCAR8-Neutral.cif,0.64
59-Cd_Te0.750_Se0.250-V_Se-POSCAR9-Neutral.cif,0.63
59-Cd_Te0.750_Se0.250-V_Se-POSCAR10-Neutral.cif,0.62
59-Cd_Te0.750_Se0.250-V_Se-POSCAR11-Neutral.cif,0.62
59-Cd_Te0.750_Se0.250-V_Se-POSCAR12-Neutral.cif,0.61
59-Cd_Te0.750_Se0.250-V_Se-POSCAR13-Neutral.cif,0.61
59-Cd_Te0.750_Se0.250-V_Se-POSCAR14-Neutral.cif,0.61
60-Cd_Te0.750_Se0.250-Cd_i-POSCAR0-Neutral.cif,1.93
60-Cd_Te0.750_Se0.250-Cd_i-POSCAR1-Neutral.cif,1.88
60-Cd_Te0.750_Se0.250-Cd_i-POSCAR2-Neutral.cif,1.76
60-Cd_Te0.750_Se0.250-Cd_i-POSCAR3-Neutral.cif,1.76
60-Cd_Te0.750_Se0.250-Cd_i-POSCAR4-Neutral.cif,1.75
60-Cd_Te0.750_Se0.250-Cd_i-POSCAR5-Neutral.cif,1.72
60-Cd_Te0.750_Se0.250-Cd_i-POSCAR6-Neutral.cif,1.72
60-Cd_Te0.750_Se0.250-Cd_i-POSCAR7-Neutral.cif,1.71
60-Cd_Te0.750_Se0.250-Cd_i-POSCAR8-Neutral.cif,1.71
60-Cd_Te0.750_Se0.250-Cd_i-POSCAR9-Neutral.cif,1.7
61-Cd_Te0.750_Se0.250-Te_i-POSCAR0-Neutral.cif,3.9
61-Cd_Te0.750_Se0.250-Te_i-POSCAR1-Neutral.cif,3.89
61-Cd_Te0.750_Se0.250-Te_i-POSCAR2-Neutral.cif,3.89
62-Cd_Te0.750_Se0.250-Se_i-POSCAR0-Neutral.cif,3.34
62-Cd_Te0.750_Se0.250-Se_i-POSCAR1-Neutral.cif,3.33
62-Cd_Te0.750_Se0.250-Se_i-POSCAR2-Neutral.cif,3.33
62-Cd_Te0.750_Se0.250-Se_i-POSCAR3-Neutral.cif,3.32
62-Cd_Te0.750_Se0.250-Se_i-POSCAR4-Neutral.cif,3.31
62-Cd_Te0.750_Se0.250-Se_i-POSCAR5-Neutral.cif,3.31
62-Cd_Te0.750_Se0.250-Se_i-POSCAR6-Neutral.cif,3.29
62-Cd_Te0.750_Se0.250-Se_i-POSCAR7-Neutral.cif,3.3
62-Cd_Te0.750_Se0.250-Se_i-POSCAR8-Neutral.cif,3.29
62-Cd_Te0.750_Se0.250-Se_i-POSCAR9-Neutral.cif,3.29
62-Cd_Te0.750_Se0.250-Se_i-POSCAR10-Neutral.cif,3.28
62-Cd_Te0.750_Se0.250-Se_i-POSCAR11-Neutral.cif,3.28
62-Cd_Te0.750_Se0.250-Se_i-POSCAR12-Neutral.cif,3.28
63-Cd_Te0.750_Se0.250-Cd_Te-POSCAR0-Neutral.cif,2.1
63-Cd_Te0.750_Se0.250-Cd_Te-POSCAR1-Neutral.cif,2.1
63-Cd_Te0.750_Se0.250-Cd_Te-POSCAR2-Neutral.cif,2.09
63-Cd_Te0.750_Se0.250-Cd_Te-POSCAR3-Neutral.cif,2.08
63-Cd_Te0.750_Se0.250-Cd_Te-POSCAR4-Neutral.cif,2.07
63-Cd_Te0.750_Se0.250-Cd_Te-POSCAR5-Neutral.cif,2.07
63-Cd_Te0.750_Se0.250-Cd_Te-POSCAR6-Neutral.cif,2.06
64-Cd_Te0.750_Se0.250-Cd_Se-POSCAR0-Neutral.cif,1.13
64-Cd_Te0.750_Se0.250-Cd_Se-POSCAR1-Neutral.cif,1.13
64-Cd_Te0.750_Se0.250-Cd_Se-POSCAR2-Neutral.cif,1.11
64-Cd_Te0.750_Se0.250-Cd_Se-POSCAR3-Neutral.cif,1.1
64-Cd_Te0.750_Se0.250-Cd_Se-POSCAR4-Neutral.cif,1.08
65-Cd_Te0.750_Se0.250-Te_Cd-POSCAR0-Neutral.cif,4.54
65-Cd_Te0.750_Se0.250-Te_Cd-POSCAR1-Neutral.cif,4.23
65-Cd_Te0.750_Se0.250-Te_Cd-POSCAR2-Neutral.cif,3.9
65-Cd_Te0.750_Se0.250-Te_Cd-POSCAR3-Neutral.cif,3.74
65-Cd_Te0.750_Se0.250-Te_Cd-POSCAR4-Neutral.cif,3.7
65-Cd_Te0.750_Se0.250-Te_Cd-POSCAR5-Neutral.cif,3.64
65-Cd_Te0.750_Se0.250-Te_Cd-POSCAR6-Neutral.cif,3.62
65-Cd_Te0.750_Se0.250-Te_Cd-POSCAR7-Neutral.cif,3.6
65-Cd_Te0.750_Se0.250-Te_Cd-POSCAR8-Neutral.cif,3.57
65-Cd_Te0.750_Se0.250-Te_Cd-POSCAR9-Neutral.cif,3.54
65-Cd_Te0.750_Se0.250-Te_Cd-POSCAR10-Neutral.cif,3.52
65-Cd_Te0.750_Se0.250-Te_Cd-POSCAR11-Neutral.cif,3.49
65-Cd_Te0.750_Se0.250-Te_Cd-POSCAR12-Neutral.cif,3.47
65-Cd_Te0.750_Se0.250-Te_Cd-POSCAR13-Neutral.cif,3.44
65-Cd_Te0.750_Se0.250-Te_Cd-POSCAR14-Neutral.cif,3.43
65-Cd_Te0.750_Se0.250-Te_Cd-POSCAR15-Neutral.cif,3.42
65-Cd_Te0.750_Se0.250-Te_Cd-POSCAR16-Neutral.cif,3.41
65-Cd_Te0.750_Se0.250-Te_Cd-POSCAR17-Neutral.cif,3.41
66-Cd_Te0.750_Se0.250-Se_Cd-POSCAR0-Neutral.cif,5.1
66-Cd_Te0.750_Se0.250-Se_Cd-POSCAR1-Neutral.cif,5.1
66-Cd_Te0.750_Se0.250-Se_Cd-POSCAR2-Neutral.cif,5.1
66-Cd_Te0.750_Se0.250-Se_Cd-POSCAR3-Neutral.cif,5.1
66-Cd_Te0.750_Se0.250-Se_Cd-POSCAR4-Neutral.cif,5.1
66-Cd_Te0.750_Se0.250-Se_Cd-POSCAR5-Neutral.cif,5.1
66-Cd_Te0.750_Se0.250-Se_Cd-POSCAR6-Neutral.cif,5.1
66-Cd_Te0.750_Se0.250-Se_Cd-POSCAR7-Neutral.cif,5.1
66-Cd_Te0.750_Se0.250-Se_Cd-POSCAR8-Neutral.cif,5.1
66-Cd_Te0.750_Se0.250-Se_Cd-POSCAR9-Neutral.cif,5.1
66-Cd_Te0.750_Se0.250-Se_Cd-POSCAR10-Neutral.cif,5.1
66-Cd_Te0.750_Se0.250-Se_Cd-POSCAR11-Neutral.cif,5.1
67-Cd_Te0.875_Se0.125-V_Cd-POSCAR0-Neutral.cif,2.63
67-Cd_Te0.875_Se0.125-V_Cd-POSCAR1-Neutral.cif,2.63
67-Cd_Te0.875_Se0.125-V_Cd-POSCAR2-Neutral.cif,2.62
67-Cd_Te0.875_Se0.125-V_Cd-POSCAR3-Neutral.cif,2.62
67-Cd_Te0.875_Se0.125-V_Cd-POSCAR4-Neutral.cif,2.62
68-Cd_Te0.875_Se0.125-V_Te-POSCAR0-Neutral.cif,2.84
68-Cd_Te0.875_Se0.125-V_Te-POSCAR1-Neutral.cif,2.84
69-Cd_Te0.875_Se0.125-V_Se-POSCAR0-Neutral.cif,-0.77
69-Cd_Te0.875_Se0.125-V_Se-POSCAR1-Neutral.cif,-0.77
69-Cd_Te0.875_Se0.125-V_Se-POSCAR2-Neutral.cif,-0.77
69-Cd_Te0.875_Se0.125-V_Se-POSCAR3-Neutral.cif,-0.78
69-Cd_Te0.875_Se0.125-V_Se-POSCAR4-Neutral.cif,-0.78
69-Cd_Te0.875_Se0.125-V_Se-POSCAR5-Neutral.cif,-0.76
69-Cd_Te0.875_Se0.125-V_Se-POSCAR6-Neutral.cif,-0.76
69-Cd_Te0.875_Se0.125-V_Se-POSCAR7-Neutral.cif,-0.77
69-Cd_Te0.875_Se0.125-V_Se-POSCAR8-Neutral.cif,-0.77
69-Cd_Te0.875_Se0.125-V_Se-POSCAR9-Neutral.cif,-0.76
69-Cd_Te0.875_Se0.125-V_Se-POSCAR10-Neutral.cif,-0.77
69-Cd_Te0.875_Se0.125-V_Se-POSCAR11-Neutral.cif,-0.77
69-Cd_Te0.875_Se0.125-V_Se-POSCAR12-Neutral.cif,-0.77
69-Cd_Te0.875_Se0.125-V_Se-POSCAR13-Neutral.cif,-0.76
69-Cd_Te0.875_Se0.125-V_Se-POSCAR14-Neutral.cif,-0.77
69-Cd_Te0.875_Se0.125-V_Se-POSCAR15-Neutral.cif,-0.77
69-Cd_Te0.875_Se0.125-V_Se-POSCAR16-Neutral.cif,-0.76
69-Cd_Te0.875_Se0.125-V_Se-POSCAR17-Neutral.cif,-0.76
69-Cd_Te0.875_Se0.125-V_Se-POSCAR18-Neutral.cif,-0.76
69-Cd_Te0.875_Se0.125-V_Se-POSCAR19-Neutral.cif,-0.76
69-Cd_Te0.875_Se0.125-V_Se-POSCAR20-Neutral.cif,-0.76
69-Cd_Te0.875_Se0.125-V_Se-POSCAR21-Neutral.cif,-0.75
69-Cd_Te0.875_Se0.125-V_Se-POSCAR22-Neutral.cif,-0.75
69-Cd_Te0.875_Se0.125-V_Se-POSCAR23-Neutral.cif,-0.75
69-Cd_Te0.875_Se0.125-V_Se-POSCAR24-Neutral.cif,-0.75
70-Cd_Te0.875_Se0.125-Cd_i-POSCAR0-Neutral.cif,1.7
70-Cd_Te0.875_Se0.125-Cd_i-POSCAR1-Neutral.cif,1.65
70-Cd_Te0.875_Se0.125-Cd_i-POSCAR2-Neutral.cif,1.6
70-Cd_Te0.875_Se0.125-Cd_i-POSCAR3-Neutral.cif,1.6
70-Cd_Te0.875_Se0.125-Cd_i-POSCAR4-Neutral.cif,1.59
70-Cd_Te0.875_Se0.125-Cd_i-POSCAR5-Neutral.cif,1.58
71-Cd_Te0.875_Se0.125-Te_i-POSCAR0-Neutral.cif,2.46
71-Cd_Te0.875_Se0.125-Te_i-POSCAR1-Neutral.cif,2.46
71-Cd_Te0.875_Se0.125-Te_i-POSCAR2-Neutral.cif,2.46
71-Cd_Te0.875_Se0.125-Te_i-POSCAR3-Neutral.cif,2.46
71-Cd_Te0.875_Se0.125-Te_i-POSCAR4-Neutral.cif,2.46
71-Cd_Te0.875_Se0.125-Te_i-POSCAR5-Neutral.cif,2.46
71-Cd_Te0.875_Se0.125-Te_i-POSCAR6-Neutral.cif,2.46
72-Cd_Te0.875_Se0.125-Se_i-POSCAR0-Neutral.cif,6.29
72-Cd_Te0.875_Se0.125-Se_i-POSCAR1-Neutral.cif,6.28
72-Cd_Te0.875_Se0.125-Se_i-POSCAR2-Neutral.cif,6.24
72-Cd_Te0.875_Se0.125-Se_i-POSCAR3-Neutral.cif,6.23
72-Cd_Te0.875_Se0.125-Se_i-POSCAR4-Neutral.cif,6.22
73-Cd_Te0.875_Se0.125-Cd_Te-POSCAR0-Neutral.cif,2.24
73-Cd_Te0.875_Se0.125-Cd_Te-POSCAR1-Neutral.cif,2.24
73-Cd_Te0.875_Se0.125-Cd_Te-POSCAR2-Neutral.cif,2.23
73-Cd_Te0.875_Se0.125-Cd_Te-POSCAR3-Neutral.cif,2.23
73-Cd_Te0.875_Se0.125-Cd_Te-POSCAR4-Neutral.cif,2.23
73-Cd_Te0.875_Se0.125-Cd_Te-POSCAR5-Neutral.cif,2.23
73-Cd_Te0.875_Se0.125-Cd_Te-POSCAR6-Neutral.cif,2.22
73-Cd_Te0.875_Se0.125-Cd_Te-POSCAR7-Neutral.cif,2.22
73-Cd_Te0.875_Se0.125-Cd_Te-POSCAR8-Neutral.cif,2.21
73-Cd_Te0.875_Se0.125-Cd_Te-POSCAR9-Neutral.cif,2.21
73-Cd_Te0.875_Se0.125-Cd_Te-POSCAR10-Neutral.cif,2.21
73-Cd_Te0.875_Se0.125-Cd_Te-POSCAR11-Neutral.cif,2.22
73-Cd_Te0.875_Se0.125-Cd_Te-POSCAR12-Neutral.cif,2.22
73-Cd_Te0.875_Se0.125-Cd_Te-POSCAR13-Neutral.cif,2.21
73-Cd_Te0.875_Se0.125-Cd_Te-POSCAR14-Neutral.cif,2.23
73-Cd_Te0.875_Se0.125-Cd_Te-POSCAR15-Neutral.cif,2.22
73-Cd_Te0.875_Se0.125-Cd_Te-POSCAR16-Neutral.cif,2.21
73-Cd_Te0.875_Se0.125-Cd_Te-POSCAR17-Neutral.cif,2.23
73-Cd_Te0.875_Se0.125-Cd_Te-POSCAR18-Neutral.cif,2.21
73-Cd_Te0.875_Se0.125-Cd_Te-POSCAR19-Neutral.cif,2.21
73-Cd_Te0.875_Se0.125-Cd_Te-POSCAR20-Neutral.cif,2.23
73-Cd_Te0.875_Se0.125-Cd_Te-POSCAR21-Neutral.cif,2.21
73-Cd_Te0.875_Se0.125-Cd_Te-POSCAR22-Neutral.cif,2.21
73-Cd_Te0.875_Se0.125-Cd_Te-POSCAR23-Neutral.cif,2.23
73-Cd_Te0.875_Se0.125-Cd_Te-POSCAR24-Neutral.cif,2.21
73-Cd_Te0.875_Se0.125-Cd_Te-POSCAR25-Neutral.cif,2.21
73-Cd_Te0.875_Se0.125-Cd_Te-POSCAR26-Neutral.cif,2.23
73-Cd_Te0.875_Se0.125-Cd_Te-POSCAR27-Neutral.cif,2.22
73-Cd_Te0.875_Se0.125-Cd_Te-POSCAR28-Neutral.cif,2.21
73-Cd_Te0.875_Se0.125-Cd_Te-POSCAR29-Neutral.cif,2.22
73-Cd_Te0.875_Se0.125-Cd_Te-POSCAR30-Neutral.cif,2.22
73-Cd_Te0.875_Se0.125-Cd_Te-POSCAR31-Neutral.cif,2.22
73-Cd_Te0.875_Se0.125-Cd_Te-POSCAR32-Neutral.cif,2.22
73-Cd_Te0.875_Se0.125-Cd_Te-POSCAR33-Neutral.cif,2.23
73-Cd_Te0.875_Se0.125-Cd_Te-POSCAR34-Neutral.cif,2.21
73-Cd_Te0.875_Se0.125-Cd_Te-POSCAR35-Neutral.cif,2.21
73-Cd_Te0.875_Se0.125-Cd_Te-POSCAR36-Neutral.cif,2.21
73-Cd_Te0.875_Se0.125-Cd_Te-POSCAR37-Neutral.cif,2.21
73-Cd_Te0.875_Se0.125-Cd_Te-POSCAR38-Neutral.cif,2.22
73-Cd_Te0.875_Se0.125-Cd_Te-POSCAR39-Neutral.cif,2.21
73-Cd_Te0.875_Se0.125-Cd_Te-POSCAR40-Neutral.cif,2.21
73-Cd_Te0.875_Se0.125-Cd_Te-POSCAR41-Neutral.cif,2.21
73-Cd_Te0.875_Se0.125-Cd_Te-POSCAR42-Neutral.cif,2.21
73-Cd_Te0.875_Se0.125-Cd_Te-POSCAR43-Neutral.cif,2.21
73-Cd_Te0.875_Se0.125-Cd_Te-POSCAR44-Neutral.cif,2.21
73-Cd_Te0.875_Se0.125-Cd_Te-POSCAR45-Neutral.cif,2.2
73-Cd_Te0.875_Se0.125-Cd_Te-POSCAR46-Neutral.cif,2.21
73-Cd_Te0.875_Se0.125-Cd_Te-POSCAR47-Neutral.cif,2.21
73-Cd_Te0.875_Se0.125-Cd_Te-POSCAR48-Neutral.cif,2.21
73-Cd_Te0.875_Se0.125-Cd_Te-POSCAR49-Neutral.cif,2.21
74-Cd_Te0.875_Se0.125-Cd_Se-POSCAR0-Neutral.cif,-0.57
74-Cd_Te0.875_Se0.125-Cd_Se-POSCAR1-Neutral.cif,-0.58
74-Cd_Te0.875_Se0.125-Cd_Se-POSCAR2-Neutral.cif,-0.55
74-Cd_Te0.875_Se0.125-Cd_Se-POSCAR3-Neutral.cif,-0.57
74-Cd_Te0.875_Se0.125-Cd_Se-POSCAR4-Neutral.cif,-0.58
74-Cd_Te0.875_Se0.125-Cd_Se-POSCAR5-Neutral.cif,-0.56
74-Cd_Te0.875_Se0.125-Cd_Se-POSCAR6-Neutral.cif,-0.57
74-Cd_Te0.875_Se0.125-Cd_Se-POSCAR7-Neutral.cif,-0.57
74-Cd_Te0.875_Se0.125-Cd_Se-POSCAR8-Neutral.cif,-0.56
74-Cd_Te0.875_Se0.125-Cd_Se-POSCAR9-Neutral.cif,-0.57
74-Cd_Te0.875_Se0.125-Cd_Se-POSCAR10-Neutral.cif,-0.57
74-Cd_Te0.875_Se0.125-Cd_Se-POSCAR11-Neutral.cif,-0.56
74-Cd_Te0.875_Se0.125-Cd_Se-POSCAR12-Neutral.cif,-0.57
74-Cd_Te0.875_Se0.125-Cd_Se-POSCAR13-Neutral.cif,-0.57
74-Cd_Te0.875_Se0.125-Cd_Se-POSCAR14-Neutral.cif,-0.54
74-Cd_Te0.875_Se0.125-Cd_Se-POSCAR15-Neutral.cif,-0.59
74-Cd_Te0.875_Se0.125-Cd_Se-POSCAR16-Neutral.cif,-0.62
74-Cd_Te0.875_Se0.125-Cd_Se-POSCAR17-Neutral.cif,-0.59
74-Cd_Te0.875_Se0.125-Cd_Se-POSCAR18-Neutral.cif,-0.59
74-Cd_Te0.875_Se0.125-Cd_Se-POSCAR19-Neutral.cif,-0.59
74-Cd_Te0.875_Se0.125-Cd_Se-POSCAR20-Neutral.cif,-0.59
74-Cd_Te0.875_Se0.125-Cd_Se-POSCAR21-Neutral.cif,-0.58
74-Cd_Te0.875_Se0.125-Cd_Se-POSCAR22-Neutral.cif,-0.59
74-Cd_Te0.875_Se0.125-Cd_Se-POSCAR23-Neutral.cif,-0.6
74-Cd_Te0.875_Se0.125-Cd_Se-POSCAR24-Neutral.cif,-0.57
74-Cd_Te0.875_Se0.125-Cd_Se-POSCAR25-Neutral.cif,-0.59
74-Cd_Te0.875_Se0.125-Cd_Se-POSCAR26-Neutral.cif,-0.6
74-Cd_Te0.875_Se0.125-Cd_Se-POSCAR27-Neutral.cif,-0.56
74-Cd_Te0.875_Se0.125-Cd_Se-POSCAR28-Neutral.cif,-0.59
74-Cd_Te0.875_Se0.125-Cd_Se-POSCAR29-Neutral.cif,-0.59
74-Cd_Te0.875_Se0.125-Cd_Se-POSCAR30-Neutral.cif,-0.58
74-Cd_Te0.875_Se0.125-Cd_Se-POSCAR31-Neutral.cif,-0.6
74-Cd_Te0.875_Se0.125-Cd_Se-POSCAR32-Neutral.cif,-0.6
74-Cd_Te0.875_Se0.125-Cd_Se-POSCAR33-Neutral.cif,-0.6
74-Cd_Te0.875_Se0.125-Cd_Se-POSCAR34-Neutral.cif,-0.6
74-Cd_Te0.875_Se0.125-Cd_Se-POSCAR35-Neutral.cif,-0.6
74-Cd_Te0.875_Se0.125-Cd_Se-POSCAR36-Neutral.cif,-0.6
74-Cd_Te0.875_Se0.125-Cd_Se-POSCAR37-Neutral.cif,-0.6
74-Cd_Te0.875_Se0.125-Cd_Se-POSCAR38-Neutral.cif,-0.59
74-Cd_Te0.875_Se0.125-Cd_Se-POSCAR39-Neutral.cif,-0.6
74-Cd_Te0.875_Se0.125-Cd_Se-POSCAR40-Neutral.cif,-0.6
74-Cd_Te0.875_Se0.125-Cd_Se-POSCAR41-Neutral.cif,-0.6
74-Cd_Te0.875_Se0.125-Cd_Se-POSCAR42-Neutral.cif,-0.59
74-Cd_Te0.875_Se0.125-Cd_Se-POSCAR43-Neutral.cif,-0.57
74-Cd_Te0.875_Se0.125-Cd_Se-POSCAR44-Neutral.cif,-0.61
74-Cd_Te0.875_Se0.125-Cd_Se-POSCAR45-Neutral.cif,-0.63
74-Cd_Te0.875_Se0.125-Cd_Se-POSCAR46-Neutral.cif,-0.63
74-Cd_Te0.875_Se0.125-Cd_Se-POSCAR47-Neutral.cif,-0.63
74-Cd_Te0.875_Se0.125-Cd_Se-POSCAR48-Neutral.cif,-0.64
75-Cd_Te0.875_Se0.125-Te_Cd-POSCAR0-Neutral.cif,6.64
75-Cd_Te0.875_Se0.125-Te_Cd-POSCAR1-Neutral.cif,5.68
75-Cd_Te0.875_Se0.125-Te_Cd-POSCAR2-Neutral.cif,4.32
75-Cd_Te0.875_Se0.125-Te_Cd-POSCAR3-Neutral.cif,3.67
75-Cd_Te0.875_Se0.125-Te_Cd-POSCAR4-Neutral.cif,3.54
75-Cd_Te0.875_Se0.125-Te_Cd-POSCAR5-Neutral.cif,3.41
75-Cd_Te0.875_Se0.125-Te_Cd-POSCAR6-Neutral.cif,3.37
75-Cd_Te0.875_Se0.125-Te_Cd-POSCAR7-Neutral.cif,3.33
75-Cd_Te0.875_Se0.125-Te_Cd-POSCAR8-Neutral.cif,3.31
75-Cd_Te0.875_Se0.125-Te_Cd-POSCAR9-Neutral.cif,3.29
75-Cd_Te0.875_Se0.125-Te_Cd-POSCAR10-Neutral.cif,3.28
75-Cd_Te0.875_Se0.125-Te_Cd-POSCAR11-Neutral.cif,3.26
75-Cd_Te0.875_Se0.125-Te_Cd-POSCAR12-Neutral.cif,3.25
75-Cd_Te0.875_Se0.125-Te_Cd-POSCAR13-Neutral.cif,3.23
75-Cd_Te0.875_Se0.125-Te_Cd-POSCAR14-Neutral.cif,3.22
75-Cd_Te0.875_Se0.125-Te_Cd-POSCAR15-Neutral.cif,3.21
76-Cd_Te0.875_Se0.125-Se_Cd-POSCAR0-Neutral.cif,9.16
76-Cd_Te0.875_Se0.125-Se_Cd-POSCAR1-Neutral.cif,8.52
76-Cd_Te0.875_Se0.125-Se_Cd-POSCAR2-Neutral.cif,7.68
76-Cd_Te0.875_Se0.125-Se_Cd-POSCAR3-Neutral.cif,6.84
76-Cd_Te0.875_Se0.125-Se_Cd-POSCAR4-Neutral.cif,6.78
76-Cd_Te0.875_Se0.125-Se_Cd-POSCAR5-Neutral.cif,6.64
76-Cd_Te0.875_Se0.125-Se_Cd-POSCAR6-Neutral.cif,6.58
76-Cd_Te0.875_Se0.125-Se_Cd-POSCAR7-Neutral.cif,6.54
76-Cd_Te0.875_Se0.125-Se_Cd-POSCAR8-Neutral.cif,6.51
76-Cd_Te0.875_Se0.125-Se_Cd-POSCAR9-Neutral.cif,6.49
76-Cd_Te0.875_Se0.125-Se_Cd-POSCAR10-Neutral.cif,6.47
76-Cd_Te0.875_Se0.125-Se_Cd-POSCAR11-Neutral.cif,6.46
76-Cd_Te0.875_Se0.125-Se_Cd-POSCAR12-Neutral.cif,6.45
76-Cd_Te0.875_Se0.125-Se_Cd-POSCAR13-Neutral.cif,6.44
76-Cd_Te0.875_Se0.125-Se_Cd-POSCAR14-Neutral.cif,6.43
76-Cd_Te0.875_Se0.125-Se_Cd-POSCAR15-Neutral.cif,6.43
76-Cd_Te0.875_Se0.125-Se_Cd-POSCAR16-Neutral.cif,6.42
77-CdSe-V_Cd-POSCAR0-Neutral.cif,3.53
78-CdSe-V_Se-POSCAR0-Neutral.cif,1.75
79-CdSe-Cd_i_1-POSCAR0-Neutral.cif,1.97
79-CdSe-Cd_i_1-POSCAR1-Neutral.cif,1.93
79-CdSe-Cd_i_1-POSCAR2-Neutral.cif,1.9
79-CdSe-Cd_i_1-POSCAR3-Neutral.cif,1.9
80-CdSe-Se_i_1-POSCAR0-Neutral.cif,4.42
80-CdSe-Se_i_1-POSCAR1-Neutral.cif,4.37
80-CdSe-Se_i_1-POSCAR2-Neutral.cif,4.35
80-CdSe-Se_i_1-POSCAR3-Neutral.cif,4.34
80-CdSe-Se_i_1-POSCAR4-Neutral.cif,4.34
81-CdSe-Cd_Se-POSCAR0-Neutral.cif,2.27
81-CdSe-Cd_Se-POSCAR1-Neutral.cif,2.25
81-CdSe-Cd_Se-POSCAR2-Neutral.cif,2.23
81-CdSe-Cd_Se-POSCAR3-Neutral.cif,2.23
81-CdSe-Cd_Se-POSCAR4-Neutral.cif,2.21
81-CdSe-Cd_Se-POSCAR5-Neutral.cif,2.21
82-CdSe-Se_Cd-POSCAR0-Neutral.cif,5.09
82-CdSe-Se_Cd-POSCAR1-Neutral.cif,5.03
82-CdSe-Se_Cd-POSCAR2-Neutral.cif,4.97
82-CdSe-Se_Cd-POSCAR3-Neutral.cif,4.97
82-CdSe-Se_Cd-POSCAR4-Neutral.cif,4.97