163-GaN-N_i_B-POSCAR1-Charged-2.cif,14.92968368
163-GaN-N_i_B-POSCAR2-Charged-2.cif,14.66994485
103-BAs-As_i_B-POSCAR0-Charged-2.cif,14.65651996
103-BAs-As_i_B-POSCAR1-Charged-2.cif,14.61284769
103-BAs-As_i_B-POSCAR2-Charged-2.cif,14.59677128
103-BAs-As_i_B-POSCAR3-Charged-2.cif,14.58
163-GaN-N_i_B-POSCAR3-Charged-2.cif,14.43364316
163-GaN-N_i_B-POSCAR4-Charged-2.cif,14.31426891
163-GaN-N_i_B-POSCAR5-Charged-2.cif,14.21835859
163-GaN-N_i_B-POSCAR6-Charged-2.cif,14.1519112
163-GaN-N_i_B-POSCAR7-Charged-2.cif,14.1129634
163-GaN-N_i_B-POSCAR8-Charged-2.cif,14.08277972
163-GaN-N_i_B-POSCAR9-Charged-2.cif,14.04065615
163-GaN-N_i_B-POSCAR10-Charged-2.cif,14.03310692
163-GaN-N_i_B-POSCAR11-Charged-2.cif,14.01282644
163-GaN-N_i_B-POSCAR12-Charged-2.cif,14
102-BAs-As_i_A-POSCAR0-Charged-2.cif,13.95276448
102-BAs-As_i_A-POSCAR1-Charged-2.cif,13.87503944
102-BAs-As_i_A-POSCAR2-Charged-2.cif,13.84706545
102-BAs-As_i_A-POSCAR3-Charged-2.cif,13.84
164-GaN-N_i_neut-POSCAR0-Charged-2.cif,13.79765322
164-GaN-N_i_neut-POSCAR1-Charged-2.cif,13.66581647
162-GaN-N_i_A-POSCAR0-Charged-2.cif,13.58482079
115-AlN-V_Al-POSCAR0-Charged-2.cif,13.50867364
164-GaN-N_i_neut-POSCAR2-Charged-2.cif,13.42423159
2-ZnO-O_Zn-POSCAR0-Charged-2.cif,13.42
94-BP-P_i_neut-POSCAR0-Charged-2.cif,13.35427546
115-AlN-V_Al-POSCAR1-Charged-2.cif,13.35400179
164-GaN-N_i_neut-POSCAR3-Charged-2.cif,13.34813049
77-BN-B_N-POSCAR1-Charged-2.cif,13.32359699
164-GaN-N_i_neut-POSCAR4-Charged-2.cif,13.31210753
94-BP-P_i_neut-POSCAR1-Charged-2.cif,13.30516704
94-BP-P_i_neut-POSCAR2-Charged-2.cif,13.28906873
94-BP-P_i_neut-POSCAR3-Charged-2.cif,13.27659617
94-BP-P_i_neut-POSCAR4-Charged-2.cif,13.26743093
164-GaN-N_i_neut-POSCAR5-Charged-2.cif,13.26706233
94-BP-P_i_neut-POSCAR5-Charged-2.cif,13.26157554
94-BP-P_i_neut-POSCAR6-Charged-2.cif,13.26
164-GaN-N_i_neut-POSCAR6-Charged-2.cif,13.24235067
164-GaN-N_i_neut-POSCAR7-Charged-2.cif,13.23089172
164-GaN-N_i_neut-POSCAR9-Charged-2.cif,13.22463002
164-GaN-N_i_neut-POSCAR8-Charged-2.cif,13.22304255
164-GaN-N_i_neut-POSCAR10-Charged-2.cif,13.21984736
164-GaN-N_i_neut-POSCAR11-Charged-2.cif,13.21517921
164-GaN-N_i_neut-POSCAR12-Charged-2.cif,13.21287151
164-GaN-N_i_neut-POSCAR13-Charged-2.cif,13.21
115-AlN-V_Al-POSCAR2-Charged-2.cif,13.04070396
115-AlN-V_Al-POSCAR3-Charged-2.cif,13.03382626
115-AlN-V_Al-POSCAR4-Charged-2.cif,13.03154835
115-AlN-V_Al-POSCAR5-Charged-2.cif,13.03
162-GaN-N_i_A-POSCAR1-Charged-2.cif,12.84918259
75-BN-V_B-POSCAR1-Charged-2.cif,12.75402889
162-GaN-N_i_A-POSCAR2-Charged-2.cif,12.63342739
104-BAs-As_i_neut-POSCAR0-Charged-2.cif,12.62751044
113-BSb-Sb_i_B-POSCAR0-Charged-2.cif,12.59362495
162-GaN-N_i_A-POSCAR3-Charged-2.cif,12.57735214
104-BAs-As_i_neut-POSCAR1-Charged-2.cif,12.56102692
162-GaN-N_i_A-POSCAR7-Charged-2.cif,12.56029233
162-GaN-N_i_A-POSCAR11-Charged-2.cif,12.56
162-GaN-N_i_A-POSCAR10-Charged-2.cif,12.55936106
162-GaN-N_i_A-POSCAR8-Charged-2.cif,12.55931969
162-GaN-N_i_A-POSCAR9-Charged-2.cif,12.5582013
113-BSb-Sb_i_B-POSCAR1-Charged-2.cif,12.55715093
162-GaN-N_i_A-POSCAR4-Charged-2.cif,12.55672095
162-GaN-N_i_A-POSCAR6-Charged-2.cif,12.55246481
162-GaN-N_i_A-POSCAR5-Charged-2.cif,12.54656089
235-C-V_C-POSCAR1-Charged-2.cif,12.5450425
104-BAs-As_i_neut-POSCAR2-Charged-2.cif,12.54205066
113-BSb-Sb_i_B-POSCAR2-Charged-2.cif,12.54121817
104-BAs-As_i_neut-POSCAR3-Charged-2.cif,12.52777755
113-BSb-Sb_i_B-POSCAR3-Charged-2.cif,12.52
104-BAs-As_i_neut-POSCAR4-Charged-2.cif,12.51793321
104-BAs-As_i_neut-POSCAR5-Charged-2.cif,12.51151849
104-BAs-As_i_neut-POSCAR6-Charged-2.cif,12.51
235-C-V_C-POSCAR0-Charged-2.cif,12.32800167
235-C-V_C-POSCAR3-Charged-2.cif,12.24658876
235-C-V_C-POSCAR2-Charged-2.cif,12.24312652
235-C-V_C-POSCAR4-Charged-2.cif,12.24
75-BN-V_B-POSCAR0-Charged-2.cif,12.13776799
116-AlN-V_N-POSCAR0-Charged-2.cif,11.79777903
75-BN-V_B-POSCAR3-Charged-2.cif,11.79123888
75-BN-V_B-POSCAR2-Charged-2.cif,11.78999097
75-BN-V_B-POSCAR4-Charged-2.cif,11.78
112-BSb-Sb_i_A-POSCAR0-Charged-2.cif,11.70141026
112-BSb-Sb_i_A-POSCAR1-Charged-2.cif,11.69690421
112-BSb-Sb_i_A-POSCAR2-Charged-2.cif,11.69434202
112-BSb-Sb_i_A-POSCAR3-Charged-2.cif,11.69
77-BN-B_N-POSCAR0-Charged-2.cif,11.64544895
116-AlN-V_N-POSCAR1-Charged-2.cif,11.54360735
12-ZnS-S_Zn-POSCAR0-Charged-2.cif,11.47721183
116-AlN-V_N-POSCAR2-Charged-2.cif,11.47053763
116-AlN-V_N-POSCAR19-Charged-2.cif,11.45578524
116-AlN-V_N-POSCAR20-Charged-2.cif,11.44531919
116-AlN-V_N-POSCAR3-Charged-2.cif,11.44098363
116-AlN-V_N-POSCAR15-Charged-2.cif,11.43644474
116-AlN-V_N-POSCAR4-Charged-2.cif,11.43408166
116-AlN-V_N-POSCAR18-Charged-2.cif,11.43397962
116-AlN-V_N-POSCAR10-Charged-2.cif,11.43317682
116-AlN-V_N-POSCAR5-Charged-2.cif,11.43147985
116-AlN-V_N-POSCAR7-Charged-2.cif,11.43126133
116-AlN-V_N-POSCAR8-Charged-2.cif,11.43110566
116-AlN-V_N-POSCAR12-Charged-2.cif,11.43087368
116-AlN-V_N-POSCAR16-Charged-2.cif,11.43082632
116-AlN-V_N-POSCAR9-Charged-2.cif,11.43079981
116-AlN-V_N-POSCAR14-Charged-2.cif,11.43077148
116-AlN-V_N-POSCAR11-Charged-2.cif,11.42876588
116-AlN-V_N-POSCAR6-Charged-2.cif,11.42853595
116-AlN-V_N-POSCAR13-Charged-2.cif,11.42737474
116-AlN-V_N-POSCAR24-Charged-2.cif,11.42705529
116-AlN-V_N-POSCAR17-Charged-2.cif,11.42378294
116-AlN-V_N-POSCAR23-Charged-2.cif,11.4232876
116-AlN-V_N-POSCAR22-Charged-2.cif,11.42321689
116-AlN-V_N-POSCAR21-Charged-2.cif,11.42304573
116-AlN-V_N-POSCAR25-Charged-2.cif,11.42
20-ZnS-S_i_neut-POSCAR0-Charged-2.cif,11.40655959
100-BAs-B_i_B-POSCAR0-Charged-2.cif,11.30586799
100-BAs-B_i_B-POSCAR1-Charged-2.cif,11.3
19-ZnS-S_i_B-POSCAR0-Charged-2.cif,11.29922075
19-ZnS-S_i_B-POSCAR1-Charged-2.cif,11.29532609
19-ZnS-S_i_B-POSCAR2-Charged-2.cif,11.29307232
19-ZnS-S_i_B-POSCAR3-Charged-2.cif,11.29183966
19-ZnS-S_i_B-POSCAR4-Charged-2.cif,11.29
90-BP-B_i_B-POSCAR0-Charged-2.cif,11.25654503
90-BP-B_i_B-POSCAR1-Charged-2.cif,11.25083246
90-BP-B_i_B-POSCAR2-Charged-2.cif,11.25
157-GaN-Ga_N-POSCAR0-Charged-2.cif,11.11374914
12-ZnS-S_Zn-POSCAR1-Charged-2.cif,11.09130559
22-ZnSe-Se_Zn-POSCAR0-Charged-2.cif,10.99330562
12-ZnS-S_Zn-POSCAR2-Charged-2.cif,10.9592349
22-ZnSe-Se_Zn-POSCAR1-Charged-2.cif,10.89129289
12-ZnS-S_Zn-POSCAR3-Charged-2.cif,10.87084251
22-ZnSe-Se_Zn-POSCAR2-Charged-2.cif,10.81933655
22-ZnSe-Se_Zn-POSCAR3-Charged-2.cif,10.81083276
12-ZnS-S_Zn-POSCAR4-Charged-2.cif,10.81077727
12-ZnS-S_Zn-POSCAR11-Charged-2.cif,10.8060622
12-ZnS-S_Zn-POSCAR10-Charged-2.cif,10.80322762
154-AlSb-Sb_i_neut-POSCAR0-Charged-2.cif,10.80276085
22-ZnSe-Se_Zn-POSCAR4-Charged-2.cif,10.80188766
12-ZnS-S_Zn-POSCAR12-Charged-2.cif,10.80104643
22-ZnSe-Se_Zn-POSCAR6-Charged-2.cif,10.80055321
22-ZnSe-Se_Zn-POSCAR7-Charged-2.cif,10.80052448
22-ZnSe-Se_Zn-POSCAR9-Charged-2.cif,10.80005616
22-ZnSe-Se_Zn-POSCAR5-Charged-2.cif,10.80000216
22-ZnSe-Se_Zn-POSCAR10-Charged-2.cif,10.8
22-ZnSe-Se_Zn-POSCAR8-Charged-2.cif,10.79986528
114-BSb-Sb_i_neut-POSCAR0-Charged-2.cif,10.79326432
12-ZnS-S_Zn-POSCAR13-Charged-2.cif,10.79262879
12-ZnS-S_Zn-POSCAR9-Charged-2.cif,10.78442133
89-BP-B_i_A-POSCAR0-Charged-2.cif,10.78178237
12-ZnS-S_Zn-POSCAR14-Charged-2.cif,10.77939988
12-ZnS-S_Zn-POSCAR5-Charged-2.cif,10.77937342
89-BP-B_i_A-POSCAR1-Charged-2.cif,10.7717727
89-BP-B_i_A-POSCAR2-Charged-2.cif,10.77
12-ZnS-S_Zn-POSCAR15-Charged-2.cif,10.76120221
114-BSb-Sb_i_neut-POSCAR1-Charged-2.cif,10.76085086
114-BSb-Sb_i_neut-POSCAR2-Charged-2.cif,10.75160513
12-ZnS-S_Zn-POSCAR7-Charged-2.cif,10.75083948
12-ZnS-S_Zn-POSCAR16-Charged-2.cif,10.74953759
12-ZnS-S_Zn-POSCAR8-Charged-2.cif,10.74925348
12-ZnS-S_Zn-POSCAR6-Charged-2.cif,10.74708873
114-BSb-Sb_i_neut-POSCAR3-Charged-2.cif,10.74380666
12-ZnS-S_Zn-POSCAR17-Charged-2.cif,10.74285182
20-ZnS-S_i_neut-POSCAR1-Charged-2.cif,10.74224628
12-ZnS-S_Zn-POSCAR30-Charged-2.cif,10.74141808
12-ZnS-S_Zn-POSCAR31-Charged-2.cif,10.7403364
12-ZnS-S_Zn-POSCAR29-Charged-2.cif,10.74021621
12-ZnS-S_Zn-POSCAR28-Charged-2.cif,10.7399022
12-ZnS-S_Zn-POSCAR18-Charged-2.cif,10.73964622
12-ZnS-S_Zn-POSCAR19-Charged-2.cif,10.7373888
114-BSb-Sb_i_neut-POSCAR4-Charged-2.cif,10.73712152
12-ZnS-S_Zn-POSCAR32-Charged-2.cif,10.73710928
12-ZnS-S_Zn-POSCAR27-Charged-2.cif,10.73594004
114-BSb-Sb_i_neut-POSCAR5-Charged-2.cif,10.73326317
12-ZnS-S_Zn-POSCAR20-Charged-2.cif,10.73255723
12-ZnS-S_Zn-POSCAR21-Charged-2.cif,10.73176696
12-ZnS-S_Zn-POSCAR33-Charged-2.cif,10.73094304
114-BSb-Sb_i_neut-POSCAR6-Charged-2.cif,10.73
12-ZnS-S_Zn-POSCAR22-Charged-2.cif,10.72875146
12-ZnS-S_Zn-POSCAR38-Charged-2.cif,10.72873585
12-ZnS-S_Zn-POSCAR37-Charged-2.cif,10.72768804
12-ZnS-S_Zn-POSCAR23-Charged-2.cif,10.72702153
12-ZnS-S_Zn-POSCAR34-Charged-2.cif,10.72671892
12-ZnS-S_Zn-POSCAR36-Charged-2.cif,10.72636349
12-ZnS-S_Zn-POSCAR25-Charged-2.cif,10.72540147
12-ZnS-S_Zn-POSCAR54-Charged-2.cif,10.72342989
12-ZnS-S_Zn-POSCAR35-Charged-2.cif,10.72333543
12-ZnS-S_Zn-POSCAR55-Charged-2.cif,10.72329697
12-ZnS-S_Zn-POSCAR24-Charged-2.cif,10.72276004
12-ZnS-S_Zn-POSCAR56-Charged-2.cif,10.72220996
12-ZnS-S_Zn-POSCAR39-Charged-2.cif,10.72059388
12-ZnS-S_Zn-POSCAR57-Charged-2.cif,10.72
12-ZnS-S_Zn-POSCAR49-Charged-2.cif,10.71998842
154-AlSb-Sb_i_neut-POSCAR1-Charged-2.cif,10.71975523
12-ZnS-S_Zn-POSCAR42-Charged-2.cif,10.71904837
12-ZnS-S_Zn-POSCAR26-Charged-2.cif,10.71877703
12-ZnS-S_Zn-POSCAR41-Charged-2.cif,10.71860688
12-ZnS-S_Zn-POSCAR40-Charged-2.cif,10.71859893
12-ZnS-S_Zn-POSCAR52-Charged-2.cif,10.71850127
12-ZnS-S_Zn-POSCAR51-Charged-2.cif,10.71849381
12-ZnS-S_Zn-POSCAR50-Charged-2.cif,10.71840169
12-ZnS-S_Zn-POSCAR48-Charged-2.cif,10.71829563
12-ZnS-S_Zn-POSCAR43-Charged-2.cif,10.71763198
12-ZnS-S_Zn-POSCAR44-Charged-2.cif,10.71751703
12-ZnS-S_Zn-POSCAR46-Charged-2.cif,10.71696745
12-ZnS-S_Zn-POSCAR53-Charged-2.cif,10.71687704
12-ZnS-S_Zn-POSCAR45-Charged-2.cif,10.71592938
12-ZnS-S_Zn-POSCAR47-Charged-2.cif,10.71440378
157-GaN-Ga_N-POSCAR1-Charged-2.cif,10.67224667
247-SiC-V_Si-POSCAR0-Charged-2.cif,10.66467686
154-AlSb-Sb_i_neut-POSCAR2-Charged-2.cif,10.64370912
77-BN-B_N-POSCAR2-Charged-2.cif,10.64140457
154-AlSb-Sb_i_neut-POSCAR3-Charged-2.cif,10.63436672
77-BN-B_N-POSCAR3-Charged-2.cif,10.62150743
247-SiC-V_Si-POSCAR1-Charged-2.cif,10.62019803
20-ZnS-S_i_neut-POSCAR2-Charged-2.cif,10.61026129
154-AlSb-Sb_i_neut-POSCAR4-Charged-2.cif,10.59963193
154-AlSb-Sb_i_neut-POSCAR5-Charged-2.cif,10.58920705
17-ZnS-Zn_i_neut-POSCAR0-Charged-2.cif,10.58652732
154-AlSb-Sb_i_neut-POSCAR6-Charged-2.cif,10.57790957
17-ZnS-Zn_i_neut-POSCAR1-Charged-2.cif,10.57241237
157-GaN-Ga_N-POSCAR2-Charged-2.cif,10.57139983
154-AlSb-Sb_i_neut-POSCAR7-Charged-2.cif,10.57104926
17-ZnS-Zn_i_neut-POSCAR2-Charged-2.cif,10.5658541
18-ZnS-S_i_A-POSCAR0-Charged-2.cif,10.56504369
17-ZnS-Zn_i_neut-POSCAR3-Charged-2.cif,10.56296964
154-AlSb-Sb_i_neut-POSCAR8-Charged-2.cif,10.56023538
17-ZnS-Zn_i_neut-POSCAR4-Charged-2.cif,10.56
157-GaN-Ga_N-POSCAR3-Charged-2.cif,10.56
20-ZnS-S_i_neut-POSCAR3-Charged-2.cif,10.55179022
154-AlSb-Sb_i_neut-POSCAR9-Charged-2.cif,10.54976042
154-AlSb-Sb_i_neut-POSCAR10-Charged-2.cif,10.53856343
154-AlSb-Sb_i_neut-POSCAR11-Charged-2.cif,10.53337637
154-AlSb-Sb_i_neut-POSCAR12-Charged-2.cif,10.53
77-BN-B_N-POSCAR5-Charged-2.cif,10.52638827
77-BN-B_N-POSCAR4-Charged-2.cif,10.5244545
77-BN-B_N-POSCAR6-Charged-2.cif,10.52
20-ZnS-S_i_neut-POSCAR4-Charged-2.cif,10.51826229
20-ZnS-S_i_neut-POSCAR93-Charged-2.cif,10.5124082
42-CdO-O_Cd-POSCAR0-Charged-2.cif,10.51
20-ZnS-S_i_neut-POSCAR97-Charged-2.cif,10.50810333
20-ZnS-S_i_neut-POSCAR5-Charged-2.cif,10.50636586
20-ZnS-S_i_neut-POSCAR85-Charged-2.cif,10.50561326
20-ZnS-S_i_neut-POSCAR6-Charged-2.cif,10.50175819
20-ZnS-S_i_neut-POSCAR89-Charged-2.cif,10.50087886
20-ZnS-S_i_neut-POSCAR18-Charged-2.cif,10.50028911
20-ZnS-S_i_neut-POSCAR61-Charged-2.cif,10.4987798
20-ZnS-S_i_neut-POSCAR81-Charged-2.cif,10.4984767
20-ZnS-S_i_neut-POSCAR78-Charged-2.cif,10.49799062
20-ZnS-S_i_neut-POSCAR63-Charged-2.cif,10.49778428
20-ZnS-S_i_neut-POSCAR60-Charged-2.cif,10.4977472
20-ZnS-S_i_neut-POSCAR64-Charged-2.cif,10.49700542
20-ZnS-S_i_neut-POSCAR80-Charged-2.cif,10.49693761
198-InN-N_In-POSCAR0-Charged-2.cif,10.49640037
20-ZnS-S_i_neut-POSCAR7-Charged-2.cif,10.49613094
20-ZnS-S_i_neut-POSCAR92-Charged-2.cif,10.49585632
20-ZnS-S_i_neut-POSCAR59-Charged-2.cif,10.49575103
20-ZnS-S_i_neut-POSCAR57-Charged-2.cif,10.49567294
20-ZnS-S_i_neut-POSCAR96-Charged-2.cif,10.49517253
20-ZnS-S_i_neut-POSCAR19-Charged-2.cif,10.49491278
20-ZnS-S_i_neut-POSCAR69-Charged-2.cif,10.49464157
20-ZnS-S_i_neut-POSCAR77-Charged-2.cif,10.4939963
20-ZnS-S_i_neut-POSCAR72-Charged-2.cif,10.49398107
20-ZnS-S_i_neut-POSCAR56-Charged-2.cif,10.49394889
20-ZnS-S_i_neut-POSCAR88-Charged-2.cif,10.49351976
20-ZnS-S_i_neut-POSCAR44-Charged-2.cif,10.49333733
20-ZnS-S_i_neut-POSCAR84-Charged-2.cif,10.49333228
20-ZnS-S_i_neut-POSCAR17-Charged-2.cif,10.49320403
20-ZnS-S_i_neut-POSCAR40-Charged-2.cif,10.49300498
20-ZnS-S_i_neut-POSCAR70-Charged-2.cif,10.49281475
20-ZnS-S_i_neut-POSCAR20-Charged-2.cif,10.49277146
20-ZnS-S_i_neut-POSCAR67-Charged-2.cif,10.49268498
20-ZnS-S_i_neut-POSCAR65-Charged-2.cif,10.49267495
20-ZnS-S_i_neut-POSCAR41-Charged-2.cif,10.49250567
20-ZnS-S_i_neut-POSCAR21-Charged-2.cif,10.49247822
20-ZnS-S_i_neut-POSCAR66-Charged-2.cif,10.49201931
20-ZnS-S_i_neut-POSCAR47-Charged-2.cif,10.49201857
20-ZnS-S_i_neut-POSCAR48-Charged-2.cif,10.49191202
20-ZnS-S_i_neut-POSCAR73-Charged-2.cif,10.49178682
20-ZnS-S_i_neut-POSCAR22-Charged-2.cif,10.49178466
20-ZnS-S_i_neut-POSCAR33-Charged-2.cif,10.49161689
20-ZnS-S_i_neut-POSCAR32-Charged-2.cif,10.4915048
20-ZnS-S_i_neut-POSCAR55-Charged-2.cif,10.49142321
20-ZnS-S_i_neut-POSCAR75-Charged-2.cif,10.49140996
20-ZnS-S_i_neut-POSCAR51-Charged-2.cif,10.49138569
20-ZnS-S_i_neut-POSCAR34-Charged-2.cif,10.49131861
20-ZnS-S_i_neut-POSCAR35-Charged-2.cif,10.49123812
20-ZnS-S_i_neut-POSCAR45-Charged-2.cif,10.49117477
20-ZnS-S_i_neut-POSCAR42-Charged-2.cif,10.49113214
20-ZnS-S_i_neut-POSCAR23-Charged-2.cif,10.49104604
20-ZnS-S_i_neut-POSCAR39-Charged-2.cif,10.49104353
20-ZnS-S_i_neut-POSCAR37-Charged-2.cif,10.4910075
20-ZnS-S_i_neut-POSCAR36-Charged-2.cif,10.49096758
20-ZnS-S_i_neut-POSCAR52-Charged-2.cif,10.49093577
20-ZnS-S_i_neut-POSCAR74-Charged-2.cif,10.49092116
20-ZnS-S_i_neut-POSCAR8-Charged-2.cif,10.49086216
20-ZnS-S_i_neut-POSCAR71-Charged-2.cif,10.4908171
20-ZnS-S_i_neut-POSCAR16-Charged-2.cif,10.49078359
20-ZnS-S_i_neut-POSCAR38-Charged-2.cif,10.4907053
20-ZnS-S_i_neut-POSCAR54-Charged-2.cif,10.49063709
20-ZnS-S_i_neut-POSCAR46-Charged-2.cif,10.49061673
20-ZnS-S_i_neut-POSCAR82-Charged-2.cif,10.49050183
20-ZnS-S_i_neut-POSCAR50-Charged-2.cif,10.49047646
20-ZnS-S_i_neut-POSCAR53-Charged-2.cif,10.49045927
20-ZnS-S_i_neut-POSCAR24-Charged-2.cif,10.49034052
20-ZnS-S_i_neut-POSCAR43-Charged-2.cif,10.49029282
20-ZnS-S_i_neut-POSCAR49-Charged-2.cif,10.49009064
20-ZnS-S_i_neut-POSCAR25-Charged-2.cif,10.48981383
20-ZnS-S_i_neut-POSCAR26-Charged-2.cif,10.48972306
20-ZnS-S_i_neut-POSCAR27-Charged-2.cif,10.48947684
20-ZnS-S_i_neut-POSCAR31-Charged-2.cif,10.48918575
20-ZnS-S_i_neut-POSCAR68-Charged-2.cif,10.48896446
20-ZnS-S_i_neut-POSCAR29-Charged-2.cif,10.48882863
20-ZnS-S_i_neut-POSCAR28-Charged-2.cif,10.48880587
20-ZnS-S_i_neut-POSCAR30-Charged-2.cif,10.48846304
20-ZnS-S_i_neut-POSCAR86-Charged-2.cif,10.48822556
20-ZnS-S_i_neut-POSCAR76-Charged-2.cif,10.48814191
20-ZnS-S_i_neut-POSCAR14-Charged-2.cif,10.48756281
20-ZnS-S_i_neut-POSCAR15-Charged-2.cif,10.48751441
20-ZnS-S_i_neut-POSCAR79-Charged-2.cif,10.48742262
20-ZnS-S_i_neut-POSCAR83-Charged-2.cif,10.48733657
20-ZnS-S_i_neut-POSCAR62-Charged-2.cif,10.48699085
20-ZnS-S_i_neut-POSCAR94-Charged-2.cif,10.48668694
20-ZnS-S_i_neut-POSCAR9-Charged-2.cif,10.48510858
20-ZnS-S_i_neut-POSCAR90-Charged-2.cif,10.48490506
20-ZnS-S_i_neut-POSCAR98-Charged-2.cif,10.48383826
20-ZnS-S_i_neut-POSCAR58-Charged-2.cif,10.48238276
20-ZnS-S_i_neut-POSCAR13-Charged-2.cif,10.48095691
20-ZnS-S_i_neut-POSCAR11-Charged-2.cif,10.48085956
20-ZnS-S_i_neut-POSCAR10-Charged-2.cif,10.48078316
20-ZnS-S_i_neut-POSCAR12-Charged-2.cif,10.48001347
199-InN-In_i_A-POSCAR0-Charged-2.cif,10.47883655
20-ZnS-S_i_neut-POSCAR91-Charged-2.cif,10.47587691
20-ZnS-S_i_neut-POSCAR87-Charged-2.cif,10.46929196
199-InN-In_i_A-POSCAR1-Charged-2.cif,10.4644408
198-InN-N_In-POSCAR1-Charged-2.cif,10.4637872
199-InN-In_i_A-POSCAR2-Charged-2.cif,10.46135964
199-InN-In_i_A-POSCAR3-Charged-2.cif,10.46
20-ZnS-S_i_neut-POSCAR95-Charged-2.cif,10.45546902
198-InN-N_In-POSCAR2-Charged-2.cif,10.45491793
198-InN-N_In-POSCAR3-Charged-2.cif,10.45
247-SiC-V_Si-POSCAR2-Charged-2.cif,10.44704626
247-SiC-V_Si-POSCAR3-Charged-2.cif,10.44284347
247-SiC-V_Si-POSCAR4-Charged-2.cif,10.44087363
247-SiC-V_Si-POSCAR5-Charged-2.cif,10.44
20-ZnS-S_i_neut-POSCAR99-Charged-2.cif,10.4
29-ZnSe-Se_i_B-POSCAR0-Charged-2.cif,10.34682134
16-ZnS-Zn_i_B-POSCAR0-Charged-2.cif,10.33887747
16-ZnS-Zn_i_B-POSCAR1-Charged-2.cif,10.32469744
16-ZnS-Zn_i_B-POSCAR2-Charged-2.cif,10.31534294
16-ZnS-Zn_i_B-POSCAR3-Charged-2.cif,10.31060858
16-ZnS-Zn_i_B-POSCAR4-Charged-2.cif,10.3
9-ZnO-O_i_B-POSCAR0-Charged-2.cif,10.27
155-GaN-V_Ga-POSCAR0-Charged-2.cif,10.25892516
133-AlP-P_i_B-POSCAR0-Charged-2.cif,10.1983057
18-ZnS-S_i_A-POSCAR1-Charged-2.cif,10.0872985
5-ZnO-Zn_i_A-POSCAR0-Charged-2.cif,10.08
132-AlP-P_i_A-POSCAR0-Charged-2.cif,10.03697465
155-GaN-V_Ga-POSCAR1-Charged-2.cif,10.03320051
133-AlP-P_i_B-POSCAR1-Charged-2.cif,10.00412663
15-ZnS-Zn_i_A-POSCAR0-Charged-2.cif,9.99673976
15-ZnS-Zn_i_A-POSCAR1-Charged-2.cif,9.98671778
15-ZnS-Zn_i_A-POSCAR2-Charged-2.cif,9.98
30-ZnSe-Se_i_neut-POSCAR0-Charged-2.cif,9.97439409
134-AlP-P_i_neut-POSCAR0-Charged-2.cif,9.96890319
18-ZnS-S_i_A-POSCAR2-Charged-2.cif,9.96437883
29-ZnSe-Se_i_B-POSCAR1-Charged-2.cif,9.93725615
155-GaN-V_Ga-POSCAR2-Charged-2.cif,9.91014924
155-GaN-V_Ga-POSCAR3-Charged-2.cif,9.90168638
155-GaN-V_Ga-POSCAR4-Charged-2.cif,9.89741738
155-GaN-V_Ga-POSCAR5-Charged-2.cif,9.89107562
155-GaN-V_Ga-POSCAR6-Charged-2.cif,9.89
18-ZnS-S_i_A-POSCAR3-Charged-2.cif,9.88812139
18-ZnS-S_i_A-POSCAR4-Charged-2.cif,9.87
133-AlP-P_i_B-POSCAR2-Charged-2.cif,9.86321971
134-AlP-P_i_neut-POSCAR1-Charged-2.cif,9.82347832
132-AlP-P_i_A-POSCAR1-Charged-2.cif,9.81858181
99-BAs-B_i_A-POSCAR0-Charged-2.cif,9.81592054
29-ZnSe-Se_i_B-POSCAR2-Charged-2.cif,9.81196172
99-BAs-B_i_A-POSCAR1-Charged-2.cif,9.77227663
133-AlP-P_i_B-POSCAR3-Charged-2.cif,9.75421356
99-BAs-B_i_A-POSCAR2-Charged-2.cif,9.75302091
132-AlP-P_i_A-POSCAR2-Charged-2.cif,9.75284575
99-BAs-B_i_A-POSCAR3-Charged-2.cif,9.75
91-BP-B_i_neut-POSCAR0-Charged-2.cif,9.72834228
173-GaP-P_i_B-POSCAR0-Charged-2.cif,9.72249912
91-BP-B_i_neut-POSCAR1-Charged-2.cif,9.71063315
134-AlP-P_i_neut-POSCAR2-Charged-2.cif,9.70994957
91-BP-B_i_neut-POSCAR2-Charged-2.cif,9.70603133
91-BP-B_i_neut-POSCAR3-Charged-2.cif,9.7027808
91-BP-B_i_neut-POSCAR4-Charged-2.cif,9.7
173-GaP-P_i_B-POSCAR1-Charged-2.cif,9.68040048
7-ZnO-Zn_i_neut-POSCAR0-Charged-2.cif,9.68
132-AlP-P_i_A-POSCAR3-Charged-2.cif,9.67871969
132-AlP-P_i_A-POSCAR4-Charged-2.cif,9.67368721
133-AlP-P_i_B-POSCAR4-Charged-2.cif,9.67125102
173-GaP-P_i_B-POSCAR2-Charged-2.cif,9.67
29-ZnSe-Se_i_B-POSCAR3-Charged-2.cif,9.66022049
132-AlP-P_i_A-POSCAR5-Charged-2.cif,9.66
133-AlP-P_i_B-POSCAR5-Charged-2.cif,9.64728607
172-GaP-P_i_A-POSCAR0-Charged-2.cif,9.64481056
133-AlP-P_i_B-POSCAR6-Charged-2.cif,9.64
134-AlP-P_i_neut-POSCAR3-Charged-2.cif,9.63736981
29-ZnSe-Se_i_B-POSCAR4-Charged-2.cif,9.63321429
134-AlP-P_i_neut-POSCAR4-Charged-2.cif,9.63139924
29-ZnSe-Se_i_B-POSCAR5-Charged-2.cif,9.61829153
29-ZnSe-Se_i_B-POSCAR6-Charged-2.cif,9.6
134-AlP-P_i_neut-POSCAR5-Charged-2.cif,9.59770442
134-AlP-P_i_neut-POSCAR6-Charged-2.cif,9.58629486
134-AlP-P_i_neut-POSCAR8-Charged-2.cif,9.58102404
52-CdS-S_Cd-POSCAR0-Charged-2.cif,9.58
134-AlP-P_i_neut-POSCAR9-Charged-2.cif,9.57939527
134-AlP-P_i_neut-POSCAR7-Charged-2.cif,9.57883879
134-AlP-P_i_neut-POSCAR10-Charged-2.cif,9.56820811
134-AlP-P_i_neut-POSCAR11-Charged-2.cif,9.55937402
134-AlP-P_i_neut-POSCAR14-Charged-2.cif,9.55350549
134-AlP-P_i_neut-POSCAR12-Charged-2.cif,9.5534576
134-AlP-P_i_neut-POSCAR13-Charged-2.cif,9.55210369
134-AlP-P_i_neut-POSCAR15-Charged-2.cif,9.55052263
134-AlP-P_i_neut-POSCAR22-Charged-2.cif,9.54699588
134-AlP-P_i_neut-POSCAR26-Charged-2.cif,9.54698733
134-AlP-P_i_neut-POSCAR27-Charged-2.cif,9.54664808
134-AlP-P_i_neut-POSCAR25-Charged-2.cif,9.54659449
134-AlP-P_i_neut-POSCAR23-Charged-2.cif,9.54641208
134-AlP-P_i_neut-POSCAR16-Charged-2.cif,9.54618982
134-AlP-P_i_neut-POSCAR28-Charged-2.cif,9.54571024
134-AlP-P_i_neut-POSCAR31-Charged-2.cif,9.54565341
134-AlP-P_i_neut-POSCAR21-Charged-2.cif,9.54560158
134-AlP-P_i_neut-POSCAR32-Charged-2.cif,9.54547364
134-AlP-P_i_neut-POSCAR24-Charged-2.cif,9.54530743
134-AlP-P_i_neut-POSCAR18-Charged-2.cif,9.54517538
134-AlP-P_i_neut-POSCAR30-Charged-2.cif,9.54516379
134-AlP-P_i_neut-POSCAR29-Charged-2.cif,9.54502327
134-AlP-P_i_neut-POSCAR19-Charged-2.cif,9.54465396
134-AlP-P_i_neut-POSCAR33-Charged-2.cif,9.54452163
134-AlP-P_i_neut-POSCAR17-Charged-2.cif,9.54441878
134-AlP-P_i_neut-POSCAR20-Charged-2.cif,9.54402319
134-AlP-P_i_neut-POSCAR34-Charged-2.cif,9.54392544
134-AlP-P_i_neut-POSCAR37-Charged-2.cif,9.54385409
134-AlP-P_i_neut-POSCAR36-Charged-2.cif,9.54375496
134-AlP-P_i_neut-POSCAR38-Charged-2.cif,9.54371374
134-AlP-P_i_neut-POSCAR60-Charged-2.cif,9.54324014
134-AlP-P_i_neut-POSCAR59-Charged-2.cif,9.54321115
134-AlP-P_i_neut-POSCAR58-Charged-2.cif,9.5431765
134-AlP-P_i_neut-POSCAR39-Charged-2.cif,9.54315367
134-AlP-P_i_neut-POSCAR35-Charged-2.cif,9.5431456
134-AlP-P_i_neut-POSCAR61-Charged-2.cif,9.54295598
134-AlP-P_i_neut-POSCAR42-Charged-2.cif,9.54281946
134-AlP-P_i_neut-POSCAR41-Charged-2.cif,9.54274545
134-AlP-P_i_neut-POSCAR40-Charged-2.cif,9.54248282
134-AlP-P_i_neut-POSCAR62-Charged-2.cif,9.54244533
134-AlP-P_i_neut-POSCAR43-Charged-2.cif,9.54238509
134-AlP-P_i_neut-POSCAR63-Charged-2.cif,9.54176002
134-AlP-P_i_neut-POSCAR44-Charged-2.cif,9.54156955
134-AlP-P_i_neut-POSCAR68-Charged-2.cif,9.54146419
134-AlP-P_i_neut-POSCAR67-Charged-2.cif,9.54143491
134-AlP-P_i_neut-POSCAR64-Charged-2.cif,9.54142624
134-AlP-P_i_neut-POSCAR66-Charged-2.cif,9.54137578
134-AlP-P_i_neut-POSCAR69-Charged-2.cif,9.54119926
134-AlP-P_i_neut-POSCAR65-Charged-2.cif,9.54099326
134-AlP-P_i_neut-POSCAR45-Charged-2.cif,9.54092023
134-AlP-P_i_neut-POSCAR48-Charged-2.cif,9.5405677
134-AlP-P_i_neut-POSCAR70-Charged-2.cif,9.54049484
134-AlP-P_i_neut-POSCAR47-Charged-2.cif,9.54046321
134-AlP-P_i_neut-POSCAR46-Charged-2.cif,9.5404361
134-AlP-P_i_neut-POSCAR49-Charged-2.cif,9.54041934
30-ZnSe-Se_i_neut-POSCAR1-Charged-2.cif,9.54029816
134-AlP-P_i_neut-POSCAR71-Charged-2.cif,9.54007641
134-AlP-P_i_neut-POSCAR52-Charged-2.cif,9.54007359
134-AlP-P_i_neut-POSCAR74-Charged-2.cif,9.54005109
134-AlP-P_i_neut-POSCAR50-Charged-2.cif,9.54001698
134-AlP-P_i_neut-POSCAR75-Charged-2.cif,9.54
134-AlP-P_i_neut-POSCAR53-Charged-2.cif,9.53997086
134-AlP-P_i_neut-POSCAR72-Charged-2.cif,9.53981955
134-AlP-P_i_neut-POSCAR73-Charged-2.cif,9.53974979
134-AlP-P_i_neut-POSCAR54-Charged-2.cif,9.53950876
134-AlP-P_i_neut-POSCAR51-Charged-2.cif,9.53947433
134-AlP-P_i_neut-POSCAR55-Charged-2.cif,9.53894704
134-AlP-P_i_neut-POSCAR57-Charged-2.cif,9.53892265
134-AlP-P_i_neut-POSCAR56-Charged-2.cif,9.53276436
172-GaP-P_i_A-POSCAR1-Charged-2.cif,9.47355607
204-InN-N_i_neut-POSCAR0-Charged-2.cif,9.45074954
30-ZnSe-Se_i_neut-POSCAR2-Charged-2.cif,9.42305351
172-GaP-P_i_A-POSCAR2-Charged-2.cif,9.39322888
250-SiC-Si_C-POSCAR0-Charged-2.cif,9.38968162
250-SiC-Si_C-POSCAR1-Charged-2.cif,9.38663854
101-BAs-B_i_neut-POSCAR0-Charged-2.cif,9.38252767
30-ZnSe-Se_i_neut-POSCAR3-Charged-2.cif,9.38173694
32-ZnTe-Te_Zn-POSCAR0-Charged-2.cif,9.38012622
250-SiC-Si_C-POSCAR2-Charged-2.cif,9.38
30-ZnSe-Se_i_neut-POSCAR4-Charged-2.cif,9.36886137
6-ZnO-Zn_i_B-POSCAR0-Charged-2.cif,9.36
30-ZnSe-Se_i_neut-POSCAR5-Charged-2.cif,9.35315822
30-ZnSe-Se_i_neut-POSCAR6-Charged-2.cif,9.35
110-BSb-B_i_B-POSCAR0-Charged-2.cif,9.34651639
248-SiC-V_C-POSCAR0-Charged-2.cif,9.34195382
101-BAs-B_i_neut-POSCAR1-Charged-2.cif,9.33406579
32-ZnTe-Te_Zn-POSCAR1-Charged-2.cif,9.33323877
174-GaP-P_i_neut-POSCAR0-Charged-2.cif,9.33003486
172-GaP-P_i_A-POSCAR3-Charged-2.cif,9.32253878
110-BSb-B_i_B-POSCAR1-Charged-2.cif,9.32210623
110-BSb-B_i_B-POSCAR2-Charged-2.cif,9.3159408
28-ZnSe-Se_i_A-POSCAR0-Charged-2.cif,9.31491568
101-BAs-B_i_neut-POSCAR2-Charged-2.cif,9.31412323
110-BSb-B_i_B-POSCAR3-Charged-2.cif,9.31
101-BAs-B_i_neut-POSCAR3-Charged-2.cif,9.28720097
32-ZnTe-Te_Zn-POSCAR2-Charged-2.cif,9.28647578
32-ZnTe-Te_Zn-POSCAR3-Charged-2.cif,9.28324291
32-ZnTe-Te_Zn-POSCAR4-Charged-2.cif,9.28
172-GaP-P_i_A-POSCAR4-Charged-2.cif,9.28
101-BAs-B_i_neut-POSCAR4-Charged-2.cif,9.27288453
39-ZnTe-Te_i_B-POSCAR0-Charged-2.cif,9.27215871
174-GaP-P_i_neut-POSCAR1-Charged-2.cif,9.27112436
101-BAs-B_i_neut-POSCAR5-Charged-2.cif,9.27
204-InN-N_i_neut-POSCAR1-Charged-2.cif,9.25985943
174-GaP-P_i_neut-POSCAR6-Charged-2.cif,9.25493297
174-GaP-P_i_neut-POSCAR7-Charged-2.cif,9.23257687
8-ZnO-O_i_A-POSCAR0-Charged-2.cif,9.23
174-GaP-P_i_neut-POSCAR5-Charged-2.cif,9.2237816
174-GaP-P_i_neut-POSCAR2-Charged-2.cif,9.2136523
10-ZnO-O_i_neut-POSCAR0-Charged-2.cif,9.19
131-AlP-Al_i_neut-POSCAR6-Charged-2.cif,9.18870217
131-AlP-Al_i_neut-POSCAR5-Charged-2.cif,9.18682716
131-AlP-Al_i_neut-POSCAR7-Charged-2.cif,9.18297005
174-GaP-P_i_neut-POSCAR3-Charged-2.cif,9.18111981
131-AlP-Al_i_neut-POSCAR8-Charged-2.cif,9.17635832
200-InN-In_i_B-POSCAR0-Charged-2.cif,9.17451303
131-AlP-Al_i_neut-POSCAR14-Charged-2.cif,9.17365173
131-AlP-Al_i_neut-POSCAR15-Charged-2.cif,9.17260717
131-AlP-Al_i_neut-POSCAR9-Charged-2.cif,9.16914807
131-AlP-Al_i_neut-POSCAR4-Charged-2.cif,9.16810494
131-AlP-Al_i_neut-POSCAR13-Charged-2.cif,9.16799276
131-AlP-Al_i_neut-POSCAR16-Charged-2.cif,9.16717225
131-AlP-Al_i_neut-POSCAR12-Charged-2.cif,9.16664093
131-AlP-Al_i_neut-POSCAR10-Charged-2.cif,9.16554789
131-AlP-Al_i_neut-POSCAR17-Charged-2.cif,9.16437908
131-AlP-Al_i_neut-POSCAR11-Charged-2.cif,9.16274786
131-AlP-Al_i_neut-POSCAR20-Charged-2.cif,9.15971898
131-AlP-Al_i_neut-POSCAR18-Charged-2.cif,9.15924765
131-AlP-Al_i_neut-POSCAR19-Charged-2.cif,9.15884272
131-AlP-Al_i_neut-POSCAR25-Charged-2.cif,9.15880148
131-AlP-Al_i_neut-POSCAR21-Charged-2.cif,9.15874419
131-AlP-Al_i_neut-POSCAR24-Charged-2.cif,9.15867512
131-AlP-Al_i_neut-POSCAR26-Charged-2.cif,9.15769906
131-AlP-Al_i_neut-POSCAR27-Charged-2.cif,9.15557099
200-InN-In_i_B-POSCAR1-Charged-2.cif,9.15495946
131-AlP-Al_i_neut-POSCAR22-Charged-2.cif,9.15461683
131-AlP-Al_i_neut-POSCAR23-Charged-2.cif,9.15377861
131-AlP-Al_i_neut-POSCAR28-Charged-2.cif,9.15359171
131-AlP-Al_i_neut-POSCAR0-Charged-2.cif,9.15301091
131-AlP-Al_i_neut-POSCAR35-Charged-2.cif,9.15271851
131-AlP-Al_i_neut-POSCAR34-Charged-2.cif,9.15264453
131-AlP-Al_i_neut-POSCAR36-Charged-2.cif,9.15207364
131-AlP-Al_i_neut-POSCAR33-Charged-2.cif,9.15200327
131-AlP-Al_i_neut-POSCAR29-Charged-2.cif,9.15161442
200-InN-In_i_B-POSCAR2-Charged-2.cif,9.15157434
131-AlP-Al_i_neut-POSCAR32-Charged-2.cif,9.15101798
131-AlP-Al_i_neut-POSCAR37-Charged-2.cif,9.15095582
131-AlP-Al_i_neut-POSCAR30-Charged-2.cif,9.15088968
131-AlP-Al_i_neut-POSCAR31-Charged-2.cif,9.15051722
131-AlP-Al_i_neut-POSCAR38-Charged-2.cif,9.15
200-InN-In_i_B-POSCAR3-Charged-2.cif,9.15
203-InN-N_i_B-POSCAR0-Charged-2.cif,9.14564107
174-GaP-P_i_neut-POSCAR8-Charged-2.cif,9.14446995
204-InN-N_i_neut-POSCAR2-Charged-2.cif,9.13486525
174-GaP-P_i_neut-POSCAR4-Charged-2.cif,9.1273001
131-AlP-Al_i_neut-POSCAR1-Charged-2.cif,9.12710265
203-InN-N_i_B-POSCAR1-Charged-2.cif,9.11868613
143-AlAs-As_i_B-POSCAR0-Charged-2.cif,9.11433042
131-AlP-Al_i_neut-POSCAR3-Charged-2.cif,9.11220064
131-AlP-Al_i_neut-POSCAR2-Charged-2.cif,9.10801816
204-InN-N_i_neut-POSCAR3-Charged-2.cif,9.10699619
248-SiC-V_C-POSCAR1-Charged-2.cif,9.1048371
201-InN-In_i_neut-POSCAR0-Charged-2.cif,9.09546243
203-InN-N_i_B-POSCAR2-Charged-2.cif,9.09510407
203-InN-N_i_B-POSCAR5-Charged-2.cif,9.07975896
201-InN-In_i_neut-POSCAR1-Charged-2.cif,9.07559797
4-ZnO-Zn_O-POSCAR0-Charged-2.cif,9.07379284
201-InN-In_i_neut-POSCAR2-Charged-2.cif,9.07184282
201-InN-In_i_neut-POSCAR3-Charged-2.cif,9.07
4-ZnO-Zn_O-POSCAR1-Charged-2.cif,9.06491444
4-ZnO-Zn_O-POSCAR2-Charged-2.cif,9.06
203-InN-N_i_B-POSCAR3-Charged-2.cif,9.05612788
203-InN-N_i_B-POSCAR4-Charged-2.cif,9.05072753
203-InN-N_i_B-POSCAR7-Charged-2.cif,9.04382506
203-InN-N_i_B-POSCAR6-Charged-2.cif,9.04329156
156-GaN-V_N-POSCAR0-Charged-2.cif,9.03798056
39-ZnTe-Te_i_B-POSCAR1-Charged-2.cif,9.02573503
174-GaP-P_i_neut-POSCAR10-Charged-2.cif,9.02567018
248-SiC-V_C-POSCAR2-Charged-2.cif,9.02526544
174-GaP-P_i_neut-POSCAR9-Charged-2.cif,9.0239751
28-ZnSe-Se_i_A-POSCAR1-Charged-2.cif,9.01878559
174-GaP-P_i_neut-POSCAR11-Charged-2.cif,9.01275701
144-AlAs-As_i_neut-POSCAR0-Charged-2.cif,8.98942756
204-InN-N_i_neut-POSCAR4-Charged-2.cif,8.98742284
248-SiC-V_C-POSCAR3-Charged-2.cif,8.98201673
174-GaP-P_i_neut-POSCAR12-Charged-2.cif,8.98060473
203-InN-N_i_B-POSCAR8-Charged-2.cif,8.97635019
203-InN-N_i_B-POSCAR9-Charged-2.cif,8.97496599
174-GaP-P_i_neut-POSCAR13-Charged-2.cif,8.96488636
248-SiC-V_C-POSCAR4-Charged-2.cif,8.96315237
248-SiC-V_C-POSCAR5-Charged-2.cif,8.96
203-InN-N_i_B-POSCAR10-Charged-2.cif,8.95583701
174-GaP-P_i_neut-POSCAR14-Charged-2.cif,8.94238371
39-ZnTe-Te_i_B-POSCAR2-Charged-2.cif,8.93387162
174-GaP-P_i_neut-POSCAR15-Charged-2.cif,8.92970971
203-InN-N_i_B-POSCAR11-Charged-2.cif,8.92915432
204-InN-N_i_neut-POSCAR5-Charged-2.cif,8.92093308
174-GaP-P_i_neut-POSCAR16-Charged-2.cif,8.91506599
143-AlAs-As_i_B-POSCAR1-Charged-2.cif,8.9136191
174-GaP-P_i_neut-POSCAR17-Charged-2.cif,8.91
204-InN-N_i_neut-POSCAR6-Charged-2.cif,8.909791
203-InN-N_i_B-POSCAR12-Charged-2.cif,8.90442638
204-InN-N_i_neut-POSCAR7-Charged-2.cif,8.89287448
39-ZnTe-Te_i_B-POSCAR3-Charged-2.cif,8.8836655
28-ZnSe-Se_i_A-POSCAR2-Charged-2.cif,8.88130988
204-InN-N_i_neut-POSCAR8-Charged-2.cif,8.87119256
204-InN-N_i_neut-POSCAR9-Charged-2.cif,8.8635808
204-InN-N_i_neut-POSCAR10-Charged-2.cif,8.85893027
203-InN-N_i_B-POSCAR13-Charged-2.cif,8.85470201
204-InN-N_i_neut-POSCAR11-Charged-2.cif,8.85369862
204-InN-N_i_neut-POSCAR15-Charged-2.cif,8.8510236
204-InN-N_i_neut-POSCAR14-Charged-2.cif,8.8505945
204-InN-N_i_neut-POSCAR13-Charged-2.cif,8.85020976
204-InN-N_i_neut-POSCAR12-Charged-2.cif,8.84938369
204-InN-N_i_neut-POSCAR30-Charged-2.cif,8.84773629
204-InN-N_i_neut-POSCAR27-Charged-2.cif,8.84721028
204-InN-N_i_neut-POSCAR32-Charged-2.cif,8.84707715
204-InN-N_i_neut-POSCAR23-Charged-2.cif,8.84706595
204-InN-N_i_neut-POSCAR24-Charged-2.cif,8.84698853
204-InN-N_i_neut-POSCAR16-Charged-2.cif,8.84697476
204-InN-N_i_neut-POSCAR18-Charged-2.cif,8.84683244
204-InN-N_i_neut-POSCAR17-Charged-2.cif,8.84663788
204-InN-N_i_neut-POSCAR31-Charged-2.cif,8.84641312
204-InN-N_i_neut-POSCAR25-Charged-2.cif,8.84621549
204-InN-N_i_neut-POSCAR26-Charged-2.cif,8.84611191
204-InN-N_i_neut-POSCAR28-Charged-2.cif,8.84561023
204-InN-N_i_neut-POSCAR20-Charged-2.cif,8.84450099
204-InN-N_i_neut-POSCAR33-Charged-2.cif,8.84427537
204-InN-N_i_neut-POSCAR39-Charged-2.cif,8.84404823
204-InN-N_i_neut-POSCAR42-Charged-2.cif,8.84366597
204-InN-N_i_neut-POSCAR34-Charged-2.cif,8.84363133
204-InN-N_i_neut-POSCAR29-Charged-2.cif,8.8436073
204-InN-N_i_neut-POSCAR38-Charged-2.cif,8.84304304
204-InN-N_i_neut-POSCAR21-Charged-2.cif,8.84299018
204-InN-N_i_neut-POSCAR22-Charged-2.cif,8.84261587
204-InN-N_i_neut-POSCAR40-Charged-2.cif,8.84248845
204-InN-N_i_neut-POSCAR41-Charged-2.cif,8.84218658
204-InN-N_i_neut-POSCAR43-Charged-2.cif,8.84132799
204-InN-N_i_neut-POSCAR45-Charged-2.cif,8.84091226
204-InN-N_i_neut-POSCAR44-Charged-2.cif,8.84076381
204-InN-N_i_neut-POSCAR35-Charged-2.cif,8.84004385
204-InN-N_i_neut-POSCAR53-Charged-2.cif,8.839582
204-InN-N_i_neut-POSCAR54-Charged-2.cif,8.83949863
204-InN-N_i_neut-POSCAR19-Charged-2.cif,8.83921411
204-InN-N_i_neut-POSCAR36-Charged-2.cif,8.83785383
204-InN-N_i_neut-POSCAR47-Charged-2.cif,8.83755477
204-InN-N_i_neut-POSCAR37-Charged-2.cif,8.83734331
204-InN-N_i_neut-POSCAR52-Charged-2.cif,8.83727542
204-InN-N_i_neut-POSCAR49-Charged-2.cif,8.83625758
204-InN-N_i_neut-POSCAR48-Charged-2.cif,8.83585877
144-AlAs-As_i_neut-POSCAR1-Charged-2.cif,8.83557122
28-ZnSe-Se_i_A-POSCAR3-Charged-2.cif,8.83483614
204-InN-N_i_neut-POSCAR46-Charged-2.cif,8.83384158
204-InN-N_i_neut-POSCAR50-Charged-2.cif,8.83176126
204-InN-N_i_neut-POSCAR51-Charged-2.cif,8.82859058
39-ZnTe-Te_i_B-POSCAR4-Charged-2.cif,8.82028747
203-InN-N_i_B-POSCAR14-Charged-2.cif,8.81723026
39-ZnTe-Te_i_B-POSCAR5-Charged-2.cif,8.81308382
40-ZnTe-Te_i_neut-POSCAR0-Charged-2.cif,8.81020649
39-ZnTe-Te_i_B-POSCAR6-Charged-2.cif,8.8
203-InN-N_i_B-POSCAR15-Charged-2.cif,8.79833894
142-AlAs-As_i_A-POSCAR0-Charged-2.cif,8.79138529
203-InN-N_i_B-POSCAR16-Charged-2.cif,8.79046146
203-InN-N_i_B-POSCAR17-Charged-2.cif,8.78584411
143-AlAs-As_i_B-POSCAR2-Charged-2.cif,8.78579408
203-InN-N_i_B-POSCAR18-Charged-2.cif,8.78118668
28-ZnSe-Se_i_A-POSCAR4-Charged-2.cif,8.78
203-InN-N_i_B-POSCAR19-Charged-2.cif,8.77629234
203-InN-N_i_B-POSCAR20-Charged-2.cif,8.7734464
203-InN-N_i_B-POSCAR21-Charged-2.cif,8.77126728
203-InN-N_i_B-POSCAR22-Charged-2.cif,8.77
204-InN-N_i_neut-POSCAR55-Charged-2.cif,8.7607335
204-InN-N_i_neut-POSCAR56-Charged-2.cif,8.73102792
249-SiC-C_Si-POSCAR0-Charged-2.cif,8.73086918
249-SiC-C_Si-POSCAR1-Charged-2.cif,8.73
156-GaN-V_N-POSCAR1-Charged-2.cif,8.71225158
144-AlAs-As_i_neut-POSCAR2-Charged-2.cif,8.71011761
144-AlAs-As_i_neut-POSCAR3-Charged-2.cif,8.70750174
128-AlP-P_Al-POSCAR0-Charged-2.cif,8.70726751
128-AlP-P_Al-POSCAR1-Charged-2.cif,8.70124876
128-AlP-P_Al-POSCAR2-Charged-2.cif,8.7
143-AlAs-As_i_B-POSCAR3-Charged-2.cif,8.69122154
130-AlP-Al_i_B-POSCAR0-Charged-2.cif,8.66457085
204-InN-N_i_neut-POSCAR57-Charged-2.cif,8.66392226
144-AlAs-As_i_neut-POSCAR4-Charged-2.cif,8.66024146
143-AlAs-As_i_B-POSCAR4-Charged-2.cif,8.6588008
129-AlP-Al_i_A-POSCAR0-Charged-2.cif,8.65415135
130-AlP-Al_i_B-POSCAR1-Charged-2.cif,8.6513227
129-AlP-Al_i_A-POSCAR1-Charged-2.cif,8.65
156-GaN-V_N-POSCAR2-Charged-2.cif,8.64491167
144-AlAs-As_i_neut-POSCAR5-Charged-2.cif,8.64457713
130-AlP-Al_i_B-POSCAR2-Charged-2.cif,8.64416542
130-AlP-Al_i_B-POSCAR3-Charged-2.cif,8.64
143-AlAs-As_i_B-POSCAR5-Charged-2.cif,8.63
144-AlAs-As_i_neut-POSCAR6-Charged-2.cif,8.62809414
144-AlAs-As_i_neut-POSCAR7-Charged-2.cif,8.61838744
156-GaN-V_N-POSCAR9-Charged-2.cif,8.61011431
156-GaN-V_N-POSCAR12-Charged-2.cif,8.61
156-GaN-V_N-POSCAR3-Charged-2.cif,8.60902391
142-AlAs-As_i_A-POSCAR1-Charged-2.cif,8.60758024
156-GaN-V_N-POSCAR10-Charged-2.cif,8.60712166
156-GaN-V_N-POSCAR8-Charged-2.cif,8.60661589
144-AlAs-As_i_neut-POSCAR8-Charged-2.cif,8.60509972
156-GaN-V_N-POSCAR7-Charged-2.cif,8.60048719
156-GaN-V_N-POSCAR5-Charged-2.cif,8.59809575
156-GaN-V_N-POSCAR6-Charged-2.cif,8.5962449
204-InN-N_i_neut-POSCAR58-Charged-2.cif,8.59550618
156-GaN-V_N-POSCAR11-Charged-2.cif,8.5954361
144-AlAs-As_i_neut-POSCAR9-Charged-2.cif,8.59287472
156-GaN-V_N-POSCAR4-Charged-2.cif,8.58954481
144-AlAs-As_i_neut-POSCAR10-Charged-2.cif,8.58847683
144-AlAs-As_i_neut-POSCAR11-Charged-2.cif,8.58207252
144-AlAs-As_i_neut-POSCAR12-Charged-2.cif,8.5739071
144-AlAs-As_i_neut-POSCAR13-Charged-2.cif,8.57238963
144-AlAs-As_i_neut-POSCAR14-Charged-2.cif,8.57
40-ZnTe-Te_i_neut-POSCAR1-Charged-2.cif,8.5508091
202-InN-N_i_A-POSCAR0-Charged-2.cif,8.5437073
204-InN-N_i_neut-POSCAR59-Charged-2.cif,8.53962224
204-InN-N_i_neut-POSCAR60-Charged-2.cif,8.52778564
204-InN-N_i_neut-POSCAR61-Charged-2.cif,8.52565921
142-AlAs-As_i_A-POSCAR2-Charged-2.cif,8.51936469
204-InN-N_i_neut-POSCAR62-Charged-2.cif,8.50743946
171-GaP-Ga_i_neut-POSCAR0-Charged-2.cif,8.50460976
204-InN-N_i_neut-POSCAR63-Charged-2.cif,8.49570087
38-ZnTe-Te_i_A-POSCAR0-Charged-2.cif,8.49402318
204-InN-N_i_neut-POSCAR64-Charged-2.cif,8.49027506
204-InN-N_i_neut-POSCAR65-Charged-2.cif,8.48673266
204-InN-N_i_neut-POSCAR66-Charged-2.cif,8.48390703
204-InN-N_i_neut-POSCAR67-Charged-2.cif,8.48245217
204-InN-N_i_neut-POSCAR69-Charged-2.cif,8.4819733
204-InN-N_i_neut-POSCAR68-Charged-2.cif,8.48194969
171-GaP-Ga_i_neut-POSCAR1-Charged-2.cif,8.48184341
204-InN-N_i_neut-POSCAR70-Charged-2.cif,8.48118623
142-AlAs-As_i_A-POSCAR3-Charged-2.cif,8.48115813
204-InN-N_i_neut-POSCAR74-Charged-2.cif,8.48
204-InN-N_i_neut-POSCAR71-Charged-2.cif,8.47993445
204-InN-N_i_neut-POSCAR72-Charged-2.cif,8.47952793
204-InN-N_i_neut-POSCAR73-Charged-2.cif,8.47942237
171-GaP-Ga_i_neut-POSCAR2-Charged-2.cif,8.47310399
171-GaP-Ga_i_neut-POSCAR8-Charged-2.cif,8.47025966
171-GaP-Ga_i_neut-POSCAR7-Charged-2.cif,8.46894362
171-GaP-Ga_i_neut-POSCAR9-Charged-2.cif,8.46784868
171-GaP-Ga_i_neut-POSCAR10-Charged-2.cif,8.46439487
171-GaP-Ga_i_neut-POSCAR3-Charged-2.cif,8.46323457
171-GaP-Ga_i_neut-POSCAR6-Charged-2.cif,8.46289304
171-GaP-Ga_i_neut-POSCAR31-Charged-2.cif,8.46285215
171-GaP-Ga_i_neut-POSCAR32-Charged-2.cif,8.46266357
171-GaP-Ga_i_neut-POSCAR11-Charged-2.cif,8.46221459
88-BP-P_B-POSCAR0-Charged-2.cif,8.46214173
171-GaP-Ga_i_neut-POSCAR21-Charged-2.cif,8.46141401
171-GaP-Ga_i_neut-POSCAR33-Charged-2.cif,8.46120864
171-GaP-Ga_i_neut-POSCAR30-Charged-2.cif,8.46119534
171-GaP-Ga_i_neut-POSCAR22-Charged-2.cif,8.46093609
171-GaP-Ga_i_neut-POSCAR15-Charged-2.cif,8.46090339
171-GaP-Ga_i_neut-POSCAR20-Charged-2.cif,8.46063607
171-GaP-Ga_i_neut-POSCAR29-Charged-2.cif,8.46058692
171-GaP-Ga_i_neut-POSCAR16-Charged-2.cif,8.46050067
171-GaP-Ga_i_neut-POSCAR34-Charged-2.cif,8.46
171-GaP-Ga_i_neut-POSCAR12-Charged-2.cif,8.45988476
171-GaP-Ga_i_neut-POSCAR19-Charged-2.cif,8.45978947
171-GaP-Ga_i_neut-POSCAR23-Charged-2.cif,8.45964769
171-GaP-Ga_i_neut-POSCAR24-Charged-2.cif,8.45948643
171-GaP-Ga_i_neut-POSCAR14-Charged-2.cif,8.45947113
171-GaP-Ga_i_neut-POSCAR13-Charged-2.cif,8.45945846
171-GaP-Ga_i_neut-POSCAR25-Charged-2.cif,8.45890248
171-GaP-Ga_i_neut-POSCAR27-Charged-2.cif,8.45873786
171-GaP-Ga_i_neut-POSCAR17-Charged-2.cif,8.45842316
171-GaP-Ga_i_neut-POSCAR26-Charged-2.cif,8.45839109
171-GaP-Ga_i_neut-POSCAR28-Charged-2.cif,8.45770107
171-GaP-Ga_i_neut-POSCAR18-Charged-2.cif,8.45701735
171-GaP-Ga_i_neut-POSCAR4-Charged-2.cif,8.45005474
142-AlAs-As_i_A-POSCAR4-Charged-2.cif,8.45
171-GaP-Ga_i_neut-POSCAR5-Charged-2.cif,8.44865077
40-ZnTe-Te_i_neut-POSCAR2-Charged-2.cif,8.44630135
88-BP-P_B-POSCAR1-Charged-2.cif,8.43445712
88-BP-P_B-POSCAR2-Charged-2.cif,8.43103185
88-BP-P_B-POSCAR3-Charged-2.cif,8.43
40-ZnTe-Te_i_neut-POSCAR3-Charged-2.cif,8.42403755
40-ZnTe-Te_i_neut-POSCAR4-Charged-2.cif,8.40646926
40-ZnTe-Te_i_neut-POSCAR5-Charged-2.cif,8.39763045
202-InN-N_i_A-POSCAR1-Charged-2.cif,8.39213243
40-ZnTe-Te_i_neut-POSCAR6-Charged-2.cif,8.39113596
40-ZnTe-Te_i_neut-POSCAR7-Charged-2.cif,8.38809395
40-ZnTe-Te_i_neut-POSCAR8-Charged-2.cif,8.38364184
40-ZnTe-Te_i_neut-POSCAR9-Charged-2.cif,8.37996128
40-ZnTe-Te_i_neut-POSCAR10-Charged-2.cif,8.37411635
40-ZnTe-Te_i_neut-POSCAR11-Charged-2.cif,8.37
202-InN-N_i_A-POSCAR2-Charged-2.cif,8.33950583
38-ZnTe-Te_i_A-POSCAR1-Charged-2.cif,8.32115715
202-InN-N_i_A-POSCAR3-Charged-2.cif,8.31080374
202-InN-N_i_A-POSCAR4-Charged-2.cif,8.3
27-ZnSe-Zn_i_neut-POSCAR0-Charged-2.cif,8.23526059
96-BAs-V_As-POSCAR0-Charged-2.cif,8.23142659
27-ZnSe-Zn_i_neut-POSCAR1-Charged-2.cif,8.22388213
27-ZnSe-Zn_i_neut-POSCAR2-Charged-2.cif,8.21785695
27-ZnSe-Zn_i_neut-POSCAR3-Charged-2.cif,8.21531713
14-ZnS-Zn_S-POSCAR0-Charged-2.cif,8.21254968
27-ZnSe-Zn_i_neut-POSCAR4-Charged-2.cif,8.21
56-CdSe-Se_Cd-POSCAR0-Charged-2.cif,8.2
86-BP-V_P-POSCAR0-Charged-2.cif,8.18536646
38-ZnTe-Te_i_A-POSCAR2-Charged-2.cif,8.18408339
197-InN-In_N-POSCAR0-Charged-2.cif,8.17119926
96-BAs-V_As-POSCAR1-Charged-2.cif,8.15118483
38-ZnTe-Te_i_A-POSCAR3-Charged-2.cif,8.15002939
96-BAs-V_As-POSCAR2-Charged-2.cif,8.14070951
96-BAs-V_As-POSCAR3-Charged-2.cif,8.13590803
96-BAs-V_As-POSCAR4-Charged-2.cif,8.13235893
96-BAs-V_As-POSCAR5-Charged-2.cif,8.13
195-InN-V_In-POSCAR0-Charged-2.cif,8.12975302
86-BP-V_P-POSCAR1-Charged-2.cif,8.12204298
86-BP-V_P-POSCAR2-Charged-2.cif,8.11214637
86-BP-V_P-POSCAR3-Charged-2.cif,8.11
38-ZnTe-Te_i_A-POSCAR4-Charged-2.cif,8.09
141-AlAs-Al_i_neut-POSCAR4-Charged-2.cif,8.05
141-AlAs-Al_i_neut-POSCAR3-Charged-2.cif,8.04597368
141-AlAs-Al_i_neut-POSCAR2-Charged-2.cif,8.04266608
141-AlAs-Al_i_neut-POSCAR0-Charged-2.cif,8.03227848
141-AlAs-Al_i_neut-POSCAR1-Charged-2.cif,8.03004932
197-InN-In_N-POSCAR1-Charged-2.cif,8.02480482
26-ZnSe-Zn_i_B-POSCAR0-Charged-2.cif,8.0066321
26-ZnSe-Zn_i_B-POSCAR1-Charged-2.cif,7.99882116
26-ZnSe-Zn_i_B-POSCAR2-Charged-2.cif,7.99262223
26-ZnSe-Zn_i_B-POSCAR3-Charged-2.cif,7.99
197-InN-In_N-POSCAR2-Charged-2.cif,7.98846935
183-GaAs-As_i_B-POSCAR0-Charged-2.cif,7.98451803
197-InN-In_N-POSCAR3-Charged-2.cif,7.98
140-AlAs-Al_i_B-POSCAR0-Charged-2.cif,7.9739079
14-ZnS-Zn_S-POSCAR1-Charged-2.cif,7.95420758
140-AlAs-Al_i_B-POSCAR1-Charged-2.cif,7.9495087
183-GaAs-As_i_B-POSCAR1-Charged-2.cif,7.9374769
195-InN-V_In-POSCAR1-Charged-2.cif,7.93052036
170-GaP-Ga_i_B-POSCAR0-Charged-2.cif,7.92444634
140-AlAs-Al_i_B-POSCAR2-Charged-2.cif,7.92417177
170-GaP-Ga_i_B-POSCAR1-Charged-2.cif,7.92
195-InN-V_In-POSCAR2-Charged-2.cif,7.91725902
109-BSb-B_i_A-POSCAR0-Charged-2.cif,7.9126093
195-InN-V_In-POSCAR3-Charged-2.cif,7.90941306
140-AlAs-Al_i_B-POSCAR3-Charged-2.cif,7.90820915
183-GaAs-As_i_B-POSCAR2-Charged-2.cif,7.9030465
195-InN-V_In-POSCAR4-Charged-2.cif,7.89979422
195-InN-V_In-POSCAR5-Charged-2.cif,7.89182316
195-InN-V_In-POSCAR6-Charged-2.cif,7.89
140-AlAs-Al_i_B-POSCAR4-Charged-2.cif,7.88943132
183-GaAs-As_i_B-POSCAR3-Charged-2.cif,7.88455521
140-AlAs-Al_i_B-POSCAR5-Charged-2.cif,7.88
109-BSb-B_i_A-POSCAR1-Charged-2.cif,7.85904442
183-GaAs-As_i_B-POSCAR4-Charged-2.cif,7.85724863
169-GaP-Ga_i_A-POSCAR0-Charged-2.cif,7.84
183-GaAs-As_i_B-POSCAR5-Charged-2.cif,7.83268089
183-GaAs-As_i_B-POSCAR6-Charged-2.cif,7.82360913
109-BSb-B_i_A-POSCAR2-Charged-2.cif,7.81443078
14-ZnS-Zn_S-POSCAR2-Charged-2.cif,7.80068616
183-GaAs-As_i_B-POSCAR7-Charged-2.cif,7.79762647
14-ZnS-Zn_S-POSCAR3-Charged-2.cif,7.79272214
14-ZnS-Zn_S-POSCAR4-Charged-2.cif,7.79
109-BSb-B_i_A-POSCAR3-Charged-2.cif,7.7523027
109-BSb-B_i_A-POSCAR4-Charged-2.cif,7.75
139-AlAs-Al_i_A-POSCAR0-Charged-2.cif,7.74630993
139-AlAs-Al_i_A-POSCAR1-Charged-2.cif,7.74
211-InP-In_i_neut-POSCAR0-Charged-2.cif,7.7281193
183-GaAs-As_i_B-POSCAR8-Charged-2.cif,7.72419721
1-ZnO-V_Zn-POSCAR0-Charged-2.cif,7.72
211-InP-In_i_neut-POSCAR1-Charged-2.cif,7.71700221
213-InP-P_i_B-POSCAR0-Charged-2.cif,7.71660195
211-InP-In_i_neut-POSCAR7-Charged-2.cif,7.71452852
211-InP-In_i_neut-POSCAR6-Charged-2.cif,7.7136188
211-InP-In_i_neut-POSCAR8-Charged-2.cif,7.71311882
211-InP-In_i_neut-POSCAR2-Charged-2.cif,7.71158215
211-InP-In_i_neut-POSCAR9-Charged-2.cif,7.71081537
211-InP-In_i_neut-POSCAR5-Charged-2.cif,7.70979719
211-InP-In_i_neut-POSCAR16-Charged-2.cif,7.70918882
211-InP-In_i_neut-POSCAR15-Charged-2.cif,7.70880996
211-InP-In_i_neut-POSCAR4-Charged-2.cif,7.708634
211-InP-In_i_neut-POSCAR10-Charged-2.cif,7.70860124
211-InP-In_i_neut-POSCAR17-Charged-2.cif,7.70847051
211-InP-In_i_neut-POSCAR14-Charged-2.cif,7.70814468
211-InP-In_i_neut-POSCAR3-Charged-2.cif,7.70789512
211-InP-In_i_neut-POSCAR13-Charged-2.cif,7.70743569
211-InP-In_i_neut-POSCAR11-Charged-2.cif,7.70702467
211-InP-In_i_neut-POSCAR12-Charged-2.cif,7.70664933
211-InP-In_i_neut-POSCAR18-Charged-2.cif,7.70641343
211-InP-In_i_neut-POSCAR19-Charged-2.cif,7.70504607
211-InP-In_i_neut-POSCAR21-Charged-2.cif,7.70306013
211-InP-In_i_neut-POSCAR34-Charged-2.cif,7.70280818
211-InP-In_i_neut-POSCAR30-Charged-2.cif,7.70275383
211-InP-In_i_neut-POSCAR33-Charged-2.cif,7.70264859
211-InP-In_i_neut-POSCAR20-Charged-2.cif,7.70256348
211-InP-In_i_neut-POSCAR31-Charged-2.cif,7.70251705
211-InP-In_i_neut-POSCAR25-Charged-2.cif,7.70232933
211-InP-In_i_neut-POSCAR23-Charged-2.cif,7.70197672
211-InP-In_i_neut-POSCAR26-Charged-2.cif,7.70195759
211-InP-In_i_neut-POSCAR28-Charged-2.cif,7.70191239
211-InP-In_i_neut-POSCAR22-Charged-2.cif,7.7018215
211-InP-In_i_neut-POSCAR27-Charged-2.cif,7.70166925
211-InP-In_i_neut-POSCAR32-Charged-2.cif,7.70161865
211-InP-In_i_neut-POSCAR24-Charged-2.cif,7.70105307
211-InP-In_i_neut-POSCAR29-Charged-2.cif,7.70104731
211-InP-In_i_neut-POSCAR35-Charged-2.cif,7.7
212-InP-P_i_A-POSCAR0-Charged-2.cif,7.6964839
183-GaAs-As_i_B-POSCAR10-Charged-2.cif,7.69591874
213-InP-P_i_B-POSCAR1-Charged-2.cif,7.69137424
183-GaAs-As_i_B-POSCAR11-Charged-2.cif,7.69
183-GaAs-As_i_B-POSCAR9-Charged-2.cif,7.6883718
213-InP-P_i_B-POSCAR2-Charged-2.cif,7.68
66-CdTe-Te_Cd-POSCAR0-Charged-2.cif,7.57488028
106-BSb-V_Sb-POSCAR0-Charged-2.cif,7.56897844
66-CdTe-Te_Cd-POSCAR1-Charged-2.cif,7.56746955
25-ZnSe-Zn_i_A-POSCAR0-Charged-2.cif,7.56431798
212-InP-P_i_A-POSCAR1-Charged-2.cif,7.56273772
25-ZnSe-Zn_i_A-POSCAR1-Charged-2.cif,7.55678523
25-ZnSe-Zn_i_A-POSCAR2-Charged-2.cif,7.55
66-CdTe-Te_Cd-POSCAR2-Charged-2.cif,7.55
212-InP-P_i_A-POSCAR2-Charged-2.cif,7.50412267
106-BSb-V_Sb-POSCAR1-Charged-2.cif,7.49973268
106-BSb-V_Sb-POSCAR2-Charged-2.cif,7.49325706
106-BSb-V_Sb-POSCAR3-Charged-2.cif,7.48798709
106-BSb-V_Sb-POSCAR4-Charged-2.cif,7.48355323
106-BSb-V_Sb-POSCAR5-Charged-2.cif,7.48
98-BAs-As_B-POSCAR0-Charged-2.cif,7.46370733
98-BAs-As_B-POSCAR1-Charged-2.cif,7.46
212-InP-P_i_A-POSCAR3-Charged-2.cif,7.45257931
182-GaAs-As_i_A-POSCAR0-Charged-2.cif,7.43274034
212-InP-P_i_A-POSCAR4-Charged-2.cif,7.41
111-BSb-B_i_neut-POSCAR0-Charged-2.cif,7.39678357
168-GaP-P_Ga-POSCAR0-Charged-2.cif,7.38364776
168-GaP-P_Ga-POSCAR1-Charged-2.cif,7.38
111-BSb-B_i_neut-POSCAR1-Charged-2.cif,7.36127685
184-GaAs-As_i_neut-POSCAR0-Charged-2.cif,7.34889613
111-BSb-B_i_neut-POSCAR2-Charged-2.cif,7.34711068
182-GaAs-As_i_A-POSCAR1-Charged-2.cif,7.34363785
111-BSb-B_i_neut-POSCAR3-Charged-2.cif,7.34
138-AlAs-As_Al-POSCAR0-Charged-2.cif,7.30377656
13-ZnS-V_S-POSCAR0-Charged-2.cif,7.30209715
138-AlAs-As_Al-POSCAR1-Charged-2.cif,7.3
182-GaAs-As_i_A-POSCAR2-Charged-2.cif,7.29850579
184-GaAs-As_i_neut-POSCAR1-Charged-2.cif,7.28299946
64-CdSe-Se_i_neut-POSCAR0-Charged-2.cif,7.28
153-AlSb-Sb_i_B-POSCAR0-Charged-2.cif,7.27711249
182-GaAs-As_i_A-POSCAR3-Charged-2.cif,7.2571306
182-GaAs-As_i_A-POSCAR4-Charged-2.cif,7.23
184-GaAs-As_i_neut-POSCAR2-Charged-2.cif,7.21240776
184-GaAs-As_i_neut-POSCAR3-Charged-2.cif,7.18299635
49-CdO-O_i_B-POSCAR0-Charged-2.cif,7.18
13-ZnS-V_S-POSCAR1-Charged-2.cif,7.17963744
153-AlSb-Sb_i_B-POSCAR1-Charged-2.cif,7.16364881
184-GaAs-As_i_neut-POSCAR4-Charged-2.cif,7.15981281
214-InP-P_i_neut-POSCAR0-Charged-2.cif,7.13270806
184-GaAs-As_i_neut-POSCAR5-Charged-2.cif,7.12962952
184-GaAs-As_i_neut-POSCAR6-Charged-2.cif,7.12711289
214-InP-P_i_neut-POSCAR1-Charged-2.cif,7.12368892
184-GaAs-As_i_neut-POSCAR7-Charged-2.cif,7.12261773
63-CdSe-Se_i_B-POSCAR0-Charged-2.cif,7.12
214-InP-P_i_neut-POSCAR2-Charged-2.cif,7.12
184-GaAs-As_i_neut-POSCAR8-Charged-2.cif,7.11599465
184-GaAs-As_i_neut-POSCAR9-Charged-2.cif,7.10308659
50-CdO-O_i_neut-POSCAR0-Charged-2.cif,7.10063379
50-CdO-O_i_neut-POSCAR1-Charged-2.cif,7.1
126-AlP-V_P-POSCAR0-Charged-2.cif,7.09411587
184-GaAs-As_i_neut-POSCAR10-Charged-2.cif,7.09
153-AlSb-Sb_i_B-POSCAR2-Charged-2.cif,7.0733146
153-AlSb-Sb_i_B-POSCAR3-Charged-2.cif,7.04801206
13-ZnS-V_S-POSCAR2-Charged-2.cif,7.04010023
152-AlSb-Sb_i_A-POSCAR0-Charged-2.cif,7.01940852
153-AlSb-Sb_i_B-POSCAR4-Charged-2.cif,7.00565034
54-CdS-Cd_S-POSCAR0-Charged-2.cif,6.99
153-AlSb-Sb_i_B-POSCAR5-Charged-2.cif,6.98964617
13-ZnS-V_S-POSCAR3-Charged-2.cif,6.98146731
153-AlSb-Sb_i_B-POSCAR6-Charged-2.cif,6.97434915
153-AlSb-Sb_i_B-POSCAR7-Charged-2.cif,6.97183939
153-AlSb-Sb_i_B-POSCAR8-Charged-2.cif,6.97
126-AlP-V_P-POSCAR1-Charged-2.cif,6.96078116
74-CdTe-Te_i_neut-POSCAR0-Charged-2.cif,6.95
152-AlSb-Sb_i_A-POSCAR1-Charged-2.cif,6.92993719
73-CdTe-Te_i_B-POSCAR0-Charged-2.cif,6.92
125-AlP-V_Al-POSCAR0-Charged-2.cif,6.9082974
13-ZnS-V_S-POSCAR4-Charged-2.cif,6.88682229
126-AlP-V_P-POSCAR2-Charged-2.cif,6.87792851
13-ZnS-V_S-POSCAR5-Charged-2.cif,6.877016
209-InP-In_i_A-POSCAR0-Charged-2.cif,6.87068491
152-AlSb-Sb_i_A-POSCAR2-Charged-2.cif,6.86437472
209-InP-In_i_A-POSCAR1-Charged-2.cif,6.86408426
13-ZnS-V_S-POSCAR6-Charged-2.cif,6.86
209-InP-In_i_A-POSCAR2-Charged-2.cif,6.86
152-AlSb-Sb_i_A-POSCAR3-Charged-2.cif,6.84235757
210-InP-In_i_B-POSCAR0-Charged-2.cif,6.83393656
210-InP-In_i_B-POSCAR1-Charged-2.cif,6.83
152-AlSb-Sb_i_A-POSCAR4-Charged-2.cif,6.8
126-AlP-V_P-POSCAR3-Charged-2.cif,6.75641663
125-AlP-V_Al-POSCAR1-Charged-2.cif,6.72477993
125-AlP-V_Al-POSCAR2-Charged-2.cif,6.68219382
125-AlP-V_Al-POSCAR3-Charged-2.cif,6.6573752
125-AlP-V_Al-POSCAR4-Charged-2.cif,6.6276891
193-GaSb-Sb_i_B-POSCAR0-Charged-2.cif,6.62549261
126-AlP-V_P-POSCAR4-Charged-2.cif,6.6245212
193-GaSb-Sb_i_B-POSCAR1-Charged-2.cif,6.61005748
125-AlP-V_Al-POSCAR5-Charged-2.cif,6.61
126-AlP-V_P-POSCAR5-Charged-2.cif,6.60376183
62-CdSe-Se_i_A-POSCAR0-Charged-2.cif,6.6
193-GaSb-Sb_i_B-POSCAR2-Charged-2.cif,6.5935635
193-GaSb-Sb_i_B-POSCAR3-Charged-2.cif,6.5859838
193-GaSb-Sb_i_B-POSCAR4-Charged-2.cif,6.58
126-AlP-V_P-POSCAR6-Charged-2.cif,6.56
127-AlP-Al_P-POSCAR0-Charged-2.cif,6.52865159
72-CdTe-Te_i_A-POSCAR0-Charged-2.cif,6.48
36-ZnTe-Zn_i_B-POSCAR0-Charged-2.cif,6.47716809
36-ZnTe-Zn_i_B-POSCAR1-Charged-2.cif,6.47400146
36-ZnTe-Zn_i_B-POSCAR2-Charged-2.cif,6.47
61-CdSe-Cd_i_neut-POSCAR0-Charged-2.cif,6.45
24-ZnSe-Zn_Se-POSCAR0-Charged-2.cif,6.41818407
181-GaAs-Ga_i_neut-POSCAR0-Charged-2.cif,6.33986889
136-AlAs-V_As-POSCAR0-Charged-2.cif,6.31021477
181-GaAs-Ga_i_neut-POSCAR1-Charged-2.cif,6.30735875
181-GaAs-Ga_i_neut-POSCAR2-Charged-2.cif,6.29298336
48-CdO-O_i_A-POSCAR0-Charged-2.cif,6.29
181-GaAs-Ga_i_neut-POSCAR3-Charged-2.cif,6.28249297
181-GaAs-Ga_i_neut-POSCAR9-Charged-2.cif,6.27759172
181-GaAs-Ga_i_neut-POSCAR10-Charged-2.cif,6.27666973
181-GaAs-Ga_i_neut-POSCAR8-Charged-2.cif,6.27471959
181-GaAs-Ga_i_neut-POSCAR11-Charged-2.cif,6.27431266
181-GaAs-Ga_i_neut-POSCAR19-Charged-2.cif,6.27207152
181-GaAs-Ga_i_neut-POSCAR18-Charged-2.cif,6.27171207
181-GaAs-Ga_i_neut-POSCAR12-Charged-2.cif,6.27167805
181-GaAs-Ga_i_neut-POSCAR20-Charged-2.cif,6.27137697
181-GaAs-Ga_i_neut-POSCAR4-Charged-2.cif,6.27066983
181-GaAs-Ga_i_neut-POSCAR17-Charged-2.cif,6.27055063
181-GaAs-Ga_i_neut-POSCAR21-Charged-2.cif,6.27
181-GaAs-Ga_i_neut-POSCAR13-Charged-2.cif,6.26963029
181-GaAs-Ga_i_neut-POSCAR16-Charged-2.cif,6.26908847
181-GaAs-Ga_i_neut-POSCAR14-Charged-2.cif,6.26844113
181-GaAs-Ga_i_neut-POSCAR15-Charged-2.cif,6.26824638
181-GaAs-Ga_i_neut-POSCAR7-Charged-2.cif,6.26593984
181-GaAs-Ga_i_neut-POSCAR6-Charged-2.cif,6.26297776
223-InAs-As_i_B-POSCAR0-Charged-2.cif,6.26297593
181-GaAs-Ga_i_neut-POSCAR5-Charged-2.cif,6.26159109
41-CdO-V_Cd-POSCAR0-Charged-2.cif,6.26
223-InAs-As_i_B-POSCAR1-Charged-2.cif,6.24541021
151-AlSb-Al_i_neut-POSCAR8-Charged-2.cif,6.2445765
151-AlSb-Al_i_neut-POSCAR7-Charged-2.cif,6.24238305
151-AlSb-Al_i_neut-POSCAR9-Charged-2.cif,6.24225389
151-AlSb-Al_i_neut-POSCAR10-Charged-2.cif,6.23866629
151-AlSb-Al_i_neut-POSCAR20-Charged-2.cif,6.23556477
151-AlSb-Al_i_neut-POSCAR19-Charged-2.cif,6.23548218
151-AlSb-Al_i_neut-POSCAR21-Charged-2.cif,6.23425566
151-AlSb-Al_i_neut-POSCAR18-Charged-2.cif,6.2342128
151-AlSb-Al_i_neut-POSCAR0-Charged-2.cif,6.23361888
223-InAs-As_i_B-POSCAR2-Charged-2.cif,6.23299574
151-AlSb-Al_i_neut-POSCAR11-Charged-2.cif,6.23236348
151-AlSb-Al_i_neut-POSCAR22-Charged-2.cif,6.23172348
151-AlSb-Al_i_neut-POSCAR12-Charged-2.cif,6.23040751
151-AlSb-Al_i_neut-POSCAR17-Charged-2.cif,6.23024726
151-AlSb-Al_i_neut-POSCAR23-Charged-2.cif,6.2302407
151-AlSb-Al_i_neut-POSCAR29-Charged-2.cif,6.23
223-InAs-As_i_B-POSCAR3-Charged-2.cif,6.23
24-ZnSe-Zn_Se-POSCAR1-Charged-2.cif,6.22953015
151-AlSb-Al_i_neut-POSCAR16-Charged-2.cif,6.2287337
151-AlSb-Al_i_neut-POSCAR28-Charged-2.cif,6.22826777
151-AlSb-Al_i_neut-POSCAR24-Charged-2.cif,6.22765559
151-AlSb-Al_i_neut-POSCAR27-Charged-2.cif,6.22764396
151-AlSb-Al_i_neut-POSCAR25-Charged-2.cif,6.22740736
151-AlSb-Al_i_neut-POSCAR26-Charged-2.cif,6.2268037
151-AlSb-Al_i_neut-POSCAR14-Charged-2.cif,6.22677998
151-AlSb-Al_i_neut-POSCAR13-Charged-2.cif,6.22592889
151-AlSb-Al_i_neut-POSCAR15-Charged-2.cif,6.22536071
151-AlSb-Al_i_neut-POSCAR6-Charged-2.cif,6.22441942
151-AlSb-Al_i_neut-POSCAR1-Charged-2.cif,6.21762249
127-AlP-Al_P-POSCAR1-Charged-2.cif,6.21162667
151-AlSb-Al_i_neut-POSCAR5-Charged-2.cif,6.20408907
151-AlSb-Al_i_neut-POSCAR2-Charged-2.cif,6.20385542
151-AlSb-Al_i_neut-POSCAR3-Charged-2.cif,6.19643482
151-AlSb-Al_i_neut-POSCAR4-Charged-2.cif,6.18829812
239-Si-Si_i_A-POSCAR0-Charged-2.cif,6.16765808
239-Si-Si_i_A-POSCAR1-Charged-2.cif,6.1581501
239-Si-Si_i_A-POSCAR2-Charged-2.cif,6.15
127-AlP-Al_P-POSCAR2-Charged-2.cif,6.13287941
136-AlAs-V_As-POSCAR1-Charged-2.cif,6.12169335
127-AlP-Al_P-POSCAR3-Charged-2.cif,6.12
150-AlSb-Al_i_B-POSCAR0-Charged-2.cif,6.09828799
150-AlSb-Al_i_B-POSCAR1-Charged-2.cif,6.09170646
222-InAs-As_i_A-POSCAR0-Charged-2.cif,6.08832353
150-AlSb-Al_i_B-POSCAR2-Charged-2.cif,6.08368385
71-CdTe-Cd_i_neut-POSCAR0-Charged-2.cif,6.08
150-AlSb-Al_i_B-POSCAR3-Charged-2.cif,6.08
24-ZnSe-Zn_Se-POSCAR2-Charged-2.cif,6.07720966
24-ZnSe-Zn_Se-POSCAR3-Charged-2.cif,6.06581769
24-ZnSe-Zn_Se-POSCAR4-Charged-2.cif,6.06
44-CdO-Cd_O-POSCAR0-Charged-2.cif,6.05
59-CdSe-Cd_i_A-POSCAR0-Charged-2.cif,6.05
60-CdSe-Cd_i_B-POSCAR0-Charged-2.cif,6.05
222-InAs-As_i_A-POSCAR1-Charged-2.cif,6.04849381
23-ZnSe-V_Se-POSCAR0-Charged-2.cif,6.03674371
240-Si-Si_i_neut-POSCAR0-Charged-2.cif,6.03384352
240-Si-Si_i_neut-POSCAR1-Charged-2.cif,6.03
222-InAs-As_i_A-POSCAR2-Charged-2.cif,6.0177707
222-InAs-As_i_A-POSCAR3-Charged-2.cif,6.00999625
222-InAs-As_i_A-POSCAR4-Charged-2.cif,5.99206618
222-InAs-As_i_A-POSCAR5-Charged-2.cif,5.98
136-AlAs-V_As-POSCAR2-Charged-2.cif,5.9762873
23-ZnSe-V_Se-POSCAR1-Charged-2.cif,5.96035522
37-ZnTe-Zn_i_neut-POSCAR0-Charged-2.cif,5.93863028
192-GaSb-Ab_i_A-POSCAR0-Charged-2.cif,5.93476321
37-ZnTe-Zn_i_neut-POSCAR1-Charged-2.cif,5.93440793
37-ZnTe-Zn_i_neut-POSCAR2-Charged-2.cif,5.93
192-GaSb-Ab_i_A-POSCAR1-Charged-2.cif,5.92477171
192-GaSb-Ab_i_A-POSCAR2-Charged-2.cif,5.92
194-GaSb-Sb_i_neut-POSCAR0-Charged-2.cif,5.87500965
47-CdO-Cd_i_neut-POSCAR0-Charged-2.cif,5.87
85-BP-V_B-POSCAR0-Charged-2.cif,5.86668623
194-GaSb-Sb_i_neut-POSCAR1-Charged-2.cif,5.85664226
23-ZnSe-V_Se-POSCAR2-Charged-2.cif,5.85038985
11-ZnS-V_Zn-POSCAR0-Charged-2.cif,5.85031393
136-AlAs-V_As-POSCAR3-Charged-2.cif,5.85017739
208-InP-P_In-POSCAR0-Charged-2.cif,5.8461207
194-GaSb-Sb_i_neut-POSCAR2-Charged-2.cif,5.83834379
208-InP-P_In-POSCAR1-Charged-2.cif,5.83604015
194-GaSb-Sb_i_neut-POSCAR3-Charged-2.cif,5.83124546
208-InP-P_In-POSCAR2-Charged-2.cif,5.83
194-GaSb-Sb_i_neut-POSCAR4-Charged-2.cif,5.823662
35-ZnTe-Zn_i_A-POSCAR0-Charged-2.cif,5.82064783
45-CdO-Cd_i_A-POSCAR0-Charged-2.cif,5.82
194-GaSb-Sb_i_neut-POSCAR5-Charged-2.cif,5.81962972
35-ZnTe-Zn_i_A-POSCAR1-Charged-2.cif,5.81652188
194-GaSb-Sb_i_neut-POSCAR6-Charged-2.cif,5.81604047
194-GaSb-Sb_i_neut-POSCAR7-Charged-2.cif,5.81409254
194-GaSb-Sb_i_neut-POSCAR8-Charged-2.cif,5.8108407
35-ZnTe-Zn_i_A-POSCAR2-Charged-2.cif,5.81
194-GaSb-Sb_i_neut-POSCAR9-Charged-2.cif,5.80768947
23-ZnSe-V_Se-POSCAR3-Charged-2.cif,5.80614724
194-GaSb-Sb_i_neut-POSCAR10-Charged-2.cif,5.8009147
194-GaSb-Sb_i_neut-POSCAR11-Charged-2.cif,5.79700826
58-CdSe-Cd_Se-POSCAR0-Charged-2.cif,5.79
194-GaSb-Sb_i_neut-POSCAR12-Charged-2.cif,5.79
11-ZnS-V_Zn-POSCAR1-Charged-2.cif,5.77342547
85-BP-V_B-POSCAR1-Charged-2.cif,5.75879868
136-AlAs-V_As-POSCAR4-Charged-2.cif,5.75149418
11-ZnS-V_Zn-POSCAR2-Charged-2.cif,5.7406741
85-BP-V_B-POSCAR2-Charged-2.cif,5.73456991
11-ZnS-V_Zn-POSCAR3-Charged-2.cif,5.72777481
85-BP-V_B-POSCAR3-Charged-2.cif,5.72540412
85-BP-V_B-POSCAR4-Charged-2.cif,5.72
136-AlAs-V_As-POSCAR5-Charged-2.cif,5.71592444
70-CdTe-Cd_i_B-POSCAR0-Charged-2.cif,5.71
11-ZnS-V_Zn-POSCAR4-Charged-2.cif,5.70761563
11-ZnS-V_Zn-POSCAR5-Charged-2.cif,5.7
108-BSb-Sb_B-POSCAR0-Charged-2.cif,5.69909682
23-ZnSe-V_Se-POSCAR4-Charged-2.cif,5.69884762
108-BSb-Sb_B-POSCAR1-Charged-2.cif,5.69219529
108-BSb-Sb_B-POSCAR2-Charged-2.cif,5.69
136-AlAs-V_As-POSCAR6-Charged-2.cif,5.69
224-InAs-As_i_neut-POSCAR0-Charged-2.cif,5.67211893
23-ZnSe-V_Se-POSCAR5-Charged-2.cif,5.66706096
224-InAs-As_i_neut-POSCAR1-Charged-2.cif,5.66608713
180-GaAs-Ga_i_B-POSCAR0-Charged-2.cif,5.66288393
180-GaAs-Ga_i_B-POSCAR1-Charged-2.cif,5.66
224-InAs-As_i_neut-POSCAR2-Charged-2.cif,5.66
23-ZnSe-V_Se-POSCAR6-Charged-2.cif,5.64484751
221-InAs-In_i_neut-POSCAR0-Charged-2.cif,5.64159577
23-ZnSe-V_Se-POSCAR7-Charged-2.cif,5.64
221-InAs-In_i_neut-POSCAR5-Charged-2.cif,5.64
221-InAs-In_i_neut-POSCAR1-Charged-2.cif,5.63901998
221-InAs-In_i_neut-POSCAR4-Charged-2.cif,5.63878313
221-InAs-In_i_neut-POSCAR2-Charged-2.cif,5.63690343
221-InAs-In_i_neut-POSCAR3-Charged-2.cif,5.63585895
3-ZnO-V_O-POSCAR0-Charged-2.cif,5.53
149-AlSb-Al_i_A-POSCAR0-Charged-2.cif,5.48318942
149-AlSb-Al_i_A-POSCAR1-Charged-2.cif,5.48
166-GaP-V_P-POSCAR0-Charged-2.cif,5.47848733
69-CdTe-Cd_i_A-POSCAR0-Charged-2.cif,5.47
46-CdO-Cd_i_B-POSCAR0-Charged-2.cif,5.43
233-InSb-Sb_i_B-POSCAR0-Charged-2.cif,5.35765827
233-InSb-Sb_i_B-POSCAR1-Charged-2.cif,5.34228016
233-InSb-Sb_i_B-POSCAR2-Charged-2.cif,5.33
179-GaAs-Ga_i_A-POSCAR0-Charged-2.cif,5.32463401
179-GaAs-Ga_i_A-POSCAR1-Charged-2.cif,5.32
135-AlAs-V_Al-POSCAR0-Charged-2.cif,5.27664016
166-GaP-V_P-POSCAR1-Charged-2.cif,5.25428526
53-CdS-V_S-POSCAR0-Charged-2.cif,5.19
178-GaAs-As_Ga-POSCAR0-Charged-2.cif,5.18364641
178-GaAs-As_Ga-POSCAR1-Charged-2.cif,5.18
135-AlAs-V_Al-POSCAR1-Charged-2.cif,5.1730111
137-AlAs-Al_As-POSCAR0-Charged-2.cif,5.15406441
165-GaP-V_Ga-POSCAR0-Charged-2.cif,5.14868351
135-AlAs-V_Al-POSCAR2-Charged-2.cif,5.1306418
135-AlAs-V_Al-POSCAR3-Charged-2.cif,5.11364016
148-AlSb-Sb_Al-POSCAR0-Charged-2.cif,5.11
166-GaP-V_P-POSCAR2-Charged-2.cif,5.09915036
135-AlAs-V_Al-POSCAR4-Charged-2.cif,5.0934837
135-AlAs-V_Al-POSCAR5-Charged-2.cif,5.08
146-AlSb-V_Sb-POSCAR0-Charged-2.cif,5.07250217
165-GaP-V_Ga-POSCAR1-Charged-2.cif,5.07232209
165-GaP-V_Ga-POSCAR2-Charged-2.cif,5.04392059
165-GaP-V_Ga-POSCAR3-Charged-2.cif,5.02481802
232-InSb-Ab_i_A-POSCAR0-Charged-2.cif,5.00891568
165-GaP-V_Ga-POSCAR4-Charged-2.cif,5.00534572
165-GaP-V_Ga-POSCAR5-Charged-2.cif,5
232-InSb-Ab_i_A-POSCAR1-Charged-2.cif,4.99625347
232-InSb-Ab_i_A-POSCAR2-Charged-2.cif,4.99
166-GaP-V_P-POSCAR3-Charged-2.cif,4.9743696
68-CdTe-Cd_Te-POSCAR0-Charged-2.cif,4.95
146-AlSb-V_Sb-POSCAR1-Charged-2.cif,4.94494551
34-ZnTe-Zn_Te-POSCAR0-Charged-2.cif,4.93701091
234-InSb-Sb_i_neut-POSCAR0-Charged-2.cif,4.93448425
234-InSb-Sb_i_neut-POSCAR1-Charged-2.cif,4.92566018
234-InSb-Sb_i_neut-POSCAR2-Charged-2.cif,4.91366184
234-InSb-Sb_i_neut-POSCAR3-Charged-2.cif,4.91064226
234-InSb-Sb_i_neut-POSCAR4-Charged-2.cif,4.90661083
234-InSb-Sb_i_neut-POSCAR5-Charged-2.cif,4.90451911
234-InSb-Sb_i_neut-POSCAR6-Charged-2.cif,4.9
166-GaP-V_P-POSCAR4-Charged-2.cif,4.8927781
166-GaP-V_P-POSCAR5-Charged-2.cif,4.86600322
51-CdS-V_Cd-POSCAR0-Charged-2.cif,4.86
166-GaP-V_P-POSCAR6-Charged-2.cif,4.86
137-AlAs-Al_As-POSCAR1-Charged-2.cif,4.85684121
33-ZnTe-V_Te-POSCAR0-Charged-2.cif,4.83376011
146-AlSb-V_Sb-POSCAR2-Charged-2.cif,4.82235012
205-InP-V_In-POSCAR0-Charged-2.cif,4.81165214
33-ZnTe-V_Te-POSCAR1-Charged-2.cif,4.79635599
137-AlAs-Al_As-POSCAR2-Charged-2.cif,4.78911163
137-AlAs-Al_As-POSCAR3-Charged-2.cif,4.78
243-Ge-Ge_i_neut-POSCAR0-Charged-2.cif,4.76646473
146-AlSb-V_Sb-POSCAR3-Charged-2.cif,4.76170485
243-Ge-Ge_i_neut-POSCAR1-Charged-2.cif,4.7592013
219-InAs-In_i_A-POSCAR0-Charged-2.cif,4.75897733
243-Ge-Ge_i_neut-POSCAR2-Charged-2.cif,4.75598867
219-InAs-In_i_A-POSCAR1-Charged-2.cif,4.75510708
243-Ge-Ge_i_neut-POSCAR3-Charged-2.cif,4.75207602
205-InP-V_In-POSCAR1-Charged-2.cif,4.75154535
34-ZnTe-Zn_Te-POSCAR1-Charged-2.cif,4.75024792
219-InAs-In_i_A-POSCAR2-Charged-2.cif,4.75
243-Ge-Ge_i_neut-POSCAR4-Charged-2.cif,4.75
33-ZnTe-V_Te-POSCAR2-Charged-2.cif,4.73693927
33-ZnTe-V_Te-POSCAR3-Charged-2.cif,4.72739001
33-ZnTe-V_Te-POSCAR4-Charged-2.cif,4.72
220-InAs-In_i_B-POSCAR0-Charged-2.cif,4.72
205-InP-V_In-POSCAR2-Charged-2.cif,4.71682213
242-Ge-Ge_i_A-POSCAR0-Charged-2.cif,4.70617417
242-Ge-Ge_i_A-POSCAR1-Charged-2.cif,4.7
205-InP-V_In-POSCAR3-Charged-2.cif,4.69868436
205-InP-V_In-POSCAR4-Charged-2.cif,4.67120347
205-InP-V_In-POSCAR5-Charged-2.cif,4.65
146-AlSb-V_Sb-POSCAR4-Charged-2.cif,4.62818995
238-Si-V_Si-POSCAR0-Charged-2.cif,4.59587018
57-CdSe-V_Se-POSCAR0-Charged-2.cif,4.56
196-InN-V_N-POSCAR0-Charged-2.cif,4.55681111
146-AlSb-V_Sb-POSCAR5-Charged-2.cif,4.54316146
34-ZnTe-Zn_Te-POSCAR2-Charged-2.cif,4.53211002
21-ZnSe-V_Zn-POSCAR0-Charged-2.cif,4.53087605
34-ZnTe-Zn_Te-POSCAR3-Charged-2.cif,4.51039455
196-InN-V_N-POSCAR1-Charged-2.cif,4.51020951
21-ZnSe-V_Zn-POSCAR1-Charged-2.cif,4.50238466
238-Si-V_Si-POSCAR1-Charged-2.cif,4.49942556
196-InN-V_N-POSCAR2-Charged-2.cif,4.49479576
34-ZnTe-Zn_Te-POSCAR4-Charged-2.cif,4.49
21-ZnSe-V_Zn-POSCAR2-Charged-2.cif,4.48961012
21-ZnSe-V_Zn-POSCAR3-Charged-2.cif,4.48579277
196-InN-V_N-POSCAR3-Charged-2.cif,4.48516026
21-ZnSe-V_Zn-POSCAR4-Charged-2.cif,4.48
196-InN-V_N-POSCAR4-Charged-2.cif,4.48
146-AlSb-V_Sb-POSCAR6-Charged-2.cif,4.47469506
146-AlSb-V_Sb-POSCAR7-Charged-2.cif,4.47
238-Si-V_Si-POSCAR2-Charged-2.cif,4.46191013
191-GaSb-Ga_i_neut-POSCAR0-Charged-2.cif,4.43507467
238-Si-V_Si-POSCAR3-Charged-2.cif,4.43120152
191-GaSb-Ga_i_neut-POSCAR1-Charged-2.cif,4.41852652
191-GaSb-Ga_i_neut-POSCAR2-Charged-2.cif,4.4061657
231-InSb-In_i_neut-POSCAR0-Charged-2.cif,4.40130564
191-GaSb-Ga_i_neut-POSCAR3-Charged-2.cif,4.40014295
231-InSb-In_i_neut-POSCAR1-Charged-2.cif,4.39709707
191-GaSb-Ga_i_neut-POSCAR4-Charged-2.cif,4.39321861
231-InSb-In_i_neut-POSCAR2-Charged-2.cif,4.39222316
231-InSb-In_i_neut-POSCAR3-Charged-2.cif,4.3903431
231-InSb-In_i_neut-POSCAR7-Charged-2.cif,4.39
231-InSb-In_i_neut-POSCAR6-Charged-2.cif,4.38947803
191-GaSb-Ga_i_neut-POSCAR5-Charged-2.cif,4.38742756
231-InSb-In_i_neut-POSCAR4-Charged-2.cif,4.38716351
231-InSb-In_i_neut-POSCAR5-Charged-2.cif,4.38688136
191-GaSb-Ga_i_neut-POSCAR20-Charged-2.cif,4.38671076
191-GaSb-Ga_i_neut-POSCAR19-Charged-2.cif,4.38576802
191-GaSb-Ga_i_neut-POSCAR21-Charged-2.cif,4.38533831
191-GaSb-Ga_i_neut-POSCAR18-Charged-2.cif,4.38425249
191-GaSb-Ga_i_neut-POSCAR22-Charged-2.cif,4.38164226
191-GaSb-Ga_i_neut-POSCAR12-Charged-2.cif,4.37991762
191-GaSb-Ga_i_neut-POSCAR17-Charged-2.cif,4.37887986
191-GaSb-Ga_i_neut-POSCAR11-Charged-2.cif,4.37863506
238-Si-V_Si-POSCAR4-Charged-2.cif,4.3784016
191-GaSb-Ga_i_neut-POSCAR23-Charged-2.cif,4.3783296
191-GaSb-Ga_i_neut-POSCAR13-Charged-2.cif,4.37771395
191-GaSb-Ga_i_neut-POSCAR32-Charged-2.cif,4.3766135
191-GaSb-Ga_i_neut-POSCAR33-Charged-2.cif,4.37655387
191-GaSb-Ga_i_neut-POSCAR10-Charged-2.cif,4.37652482
191-GaSb-Ga_i_neut-POSCAR31-Charged-2.cif,4.37615977
191-GaSb-Ga_i_neut-POSCAR34-Charged-2.cif,4.37561167
191-GaSb-Ga_i_neut-POSCAR7-Charged-2.cif,4.37506137
191-GaSb-Ga_i_neut-POSCAR6-Charged-2.cif,4.37500718
191-GaSb-Ga_i_neut-POSCAR24-Charged-2.cif,4.37490643
191-GaSb-Ga_i_neut-POSCAR16-Charged-2.cif,4.37397609
191-GaSb-Ga_i_neut-POSCAR25-Charged-2.cif,4.3733956
191-GaSb-Ga_i_neut-POSCAR30-Charged-2.cif,4.3732785
191-GaSb-Ga_i_neut-POSCAR35-Charged-2.cif,4.37265245
191-GaSb-Ga_i_neut-POSCAR29-Charged-2.cif,4.37249451
191-GaSb-Ga_i_neut-POSCAR27-Charged-2.cif,4.3722507
191-GaSb-Ga_i_neut-POSCAR26-Charged-2.cif,4.37179851
191-GaSb-Ga_i_neut-POSCAR36-Charged-2.cif,4.37155875
191-GaSb-Ga_i_neut-POSCAR28-Charged-2.cif,4.37152699
191-GaSb-Ga_i_neut-POSCAR8-Charged-2.cif,4.37130918
191-GaSb-Ga_i_neut-POSCAR39-Charged-2.cif,4.37074311
191-GaSb-Ga_i_neut-POSCAR14-Charged-2.cif,4.37056286
191-GaSb-Ga_i_neut-POSCAR46-Charged-2.cif,4.37035673
191-GaSb-Ga_i_neut-POSCAR45-Charged-2.cif,4.37007059
191-GaSb-Ga_i_neut-POSCAR52-Charged-2.cif,4.37
191-GaSb-Ga_i_neut-POSCAR42-Charged-2.cif,4.36989183
191-GaSb-Ga_i_neut-POSCAR40-Charged-2.cif,4.36977253
191-GaSb-Ga_i_neut-POSCAR43-Charged-2.cif,4.36968917
191-GaSb-Ga_i_neut-POSCAR37-Charged-2.cif,4.36957433
191-GaSb-Ga_i_neut-POSCAR38-Charged-2.cif,4.36944362
191-GaSb-Ga_i_neut-POSCAR41-Charged-2.cif,4.36939
191-GaSb-Ga_i_neut-POSCAR51-Charged-2.cif,4.36915682
191-GaSb-Ga_i_neut-POSCAR47-Charged-2.cif,4.36913437
191-GaSb-Ga_i_neut-POSCAR44-Charged-2.cif,4.36902288
191-GaSb-Ga_i_neut-POSCAR50-Charged-2.cif,4.36892721
191-GaSb-Ga_i_neut-POSCAR48-Charged-2.cif,4.36856194
191-GaSb-Ga_i_neut-POSCAR9-Charged-2.cif,4.36830731
191-GaSb-Ga_i_neut-POSCAR49-Charged-2.cif,4.3681551
191-GaSb-Ga_i_neut-POSCAR15-Charged-2.cif,4.3669099
206-InP-V_P-POSCAR0-Charged-2.cif,4.33516582
238-Si-V_Si-POSCAR5-Charged-2.cif,4.32046256
238-Si-V_Si-POSCAR6-Charged-2.cif,4.32
218-InAs-As_In-POSCAR0-Charged-2.cif,4.22
206-InP-V_P-POSCAR1-Charged-2.cif,4.19370759
67-CdTe-V_Te-POSCAR0-Charged-2.cif,4.17
207-InP-In_P-POSCAR0-Charged-2.cif,4.14713834
206-InP-V_P-POSCAR2-Charged-2.cif,4.06450112
206-InP-V_P-POSCAR3-Charged-2.cif,4.00588701
55-CdSe-V_Cd-POSCAR0-Charged-2.cif,3.97
206-InP-V_P-POSCAR4-Charged-2.cif,3.92993175
176-GaAs-V_As-POSCAR0-Charged-2.cif,3.9058001
206-InP-V_P-POSCAR5-Charged-2.cif,3.90265375
206-InP-V_P-POSCAR6-Charged-2.cif,3.89
207-InP-In_P-POSCAR1-Charged-2.cif,3.88904027
188-GaSb-Sb_Ga-POSCAR0-Charged-2.cif,3.87080442
188-GaSb-Sb_Ga-POSCAR1-Charged-2.cif,3.86465137
188-GaSb-Sb_Ga-POSCAR2-Charged-2.cif,3.86
190-GaSb-Ga_i_B-POSCAR0-Charged-2.cif,3.85157269
190-GaSb-Ga_i_B-POSCAR1-Charged-2.cif,3.85
207-InP-In_P-POSCAR2-Charged-2.cif,3.80983491
207-InP-In_P-POSCAR3-Charged-2.cif,3.8
176-GaAs-V_As-POSCAR1-Charged-2.cif,3.76756607
95-BAs-V_B-POSCAR0-Charged-2.cif,3.70631788
167-GaP-Ga_P-POSCAR0-Charged-2.cif,3.69179034
176-GaAs-V_As-POSCAR2-Charged-2.cif,3.64538696
230-InSb-In_i_B-POSCAR0-Charged-2.cif,3.56207935
95-BAs-V_B-POSCAR1-Charged-2.cif,3.56187771
230-InSb-In_i_B-POSCAR1-Charged-2.cif,3.56
176-GaAs-V_As-POSCAR3-Charged-2.cif,3.55300343
95-BAs-V_B-POSCAR2-Charged-2.cif,3.5383497
95-BAs-V_B-POSCAR3-Charged-2.cif,3.52481766
95-BAs-V_B-POSCAR4-Charged-2.cif,3.52
176-GaAs-V_As-POSCAR4-Charged-2.cif,3.45813422
215-InAs-V_In-POSCAR0-Charged-2.cif,3.44598619
167-GaP-Ga_P-POSCAR1-Charged-2.cif,3.43410685
215-InAs-V_In-POSCAR1-Charged-2.cif,3.42057471
216-InAs-V_As-POSCAR0-Charged-2.cif,3.41130429
215-InAs-V_In-POSCAR2-Charged-2.cif,3.40104399
167-GaP-Ga_P-POSCAR2-Charged-2.cif,3.39640223
215-InAs-V_In-POSCAR3-Charged-2.cif,3.39330413
176-GaAs-V_As-POSCAR5-Charged-2.cif,3.39153937
167-GaP-Ga_P-POSCAR3-Charged-2.cif,3.39
229-InSb-In_i_A-POSCAR0-Charged-2.cif,3.38235707
215-InAs-V_In-POSCAR4-Charged-2.cif,3.38226587
229-InSb-In_i_A-POSCAR1-Charged-2.cif,3.38
215-InAs-V_In-POSCAR5-Charged-2.cif,3.37537926
176-GaAs-V_As-POSCAR6-Charged-2.cif,3.37533841
176-GaAs-V_As-POSCAR7-Charged-2.cif,3.37
215-InAs-V_In-POSCAR6-Charged-2.cif,3.37
246-Sn-Sn_i_neut-POSCAR0-Charged-2.cif,3.36370088
189-GaSb-Ga_i_A-POSCAR0-Charged-2.cif,3.35210419
246-Sn-Sn_i_neut-POSCAR1-Charged-2.cif,3.35134672
189-GaSb-Ga_i_A-POSCAR1-Charged-2.cif,3.35
246-Sn-Sn_i_neut-POSCAR2-Charged-2.cif,3.34400858
216-InAs-V_As-POSCAR1-Charged-2.cif,3.33946143
246-Sn-Sn_i_neut-POSCAR3-Charged-2.cif,3.33714069
246-Sn-Sn_i_neut-POSCAR4-Charged-2.cif,3.32729636
246-Sn-Sn_i_neut-POSCAR5-Charged-2.cif,3.31946219
246-Sn-Sn_i_neut-POSCAR6-Charged-2.cif,3.31541256
246-Sn-Sn_i_neut-POSCAR7-Charged-2.cif,3.31
87-BP-B_P-POSCAR0-Charged-2.cif,3.27734257
31-ZnTe-V_Zn-POSCAR0-Charged-2.cif,3.26756528
228-InSb-Sb_In-POSCAR0-Charged-2.cif,3.26680501
228-InSb-Sb_In-POSCAR1-Charged-2.cif,3.26331859
228-InSb-Sb_In-POSCAR2-Charged-2.cif,3.26
186-GaSb-V_Sb-POSCAR0-Charged-2.cif,3.25715158
31-ZnTe-V_Zn-POSCAR1-Charged-2.cif,3.25410059
87-BP-B_P-POSCAR1-Charged-2.cif,3.24736936
216-InAs-V_As-POSCAR2-Charged-2.cif,3.24637557
31-ZnTe-V_Zn-POSCAR2-Charged-2.cif,3.24550065
31-ZnTe-V_Zn-POSCAR3-Charged-2.cif,3.24358707
31-ZnTe-V_Zn-POSCAR4-Charged-2.cif,3.24
87-BP-B_P-POSCAR2-Charged-2.cif,3.24
216-InAs-V_As-POSCAR3-Charged-2.cif,3.20301348
186-GaSb-V_Sb-POSCAR1-Charged-2.cif,3.15380925
43-CdO-V_O-POSCAR0-Charged-2.cif,3.15
175-GaAs-V_Ga-POSCAR0-Charged-2.cif,3.13678686
216-InAs-V_As-POSCAR4-Charged-2.cif,3.1331343
145-AlSb-V_Al-POSCAR0-Charged-2.cif,3.12421113
175-GaAs-V_Ga-POSCAR1-Charged-2.cif,3.10001645
216-InAs-V_As-POSCAR5-Charged-2.cif,3.09043061
175-GaAs-V_Ga-POSCAR2-Charged-2.cif,3.08387509
145-AlSb-V_Al-POSCAR1-Charged-2.cif,3.08272776
147-AlSb-Al_Sb-POSCAR0-Charged-2.cif,3.08006303
175-GaAs-V_Ga-POSCAR3-Charged-2.cif,3.07828072
175-GaAs-V_Ga-POSCAR4-Charged-2.cif,3.07371516
216-InAs-V_As-POSCAR6-Charged-2.cif,3.07144429
175-GaAs-V_Ga-POSCAR5-Charged-2.cif,3.07
145-AlSb-V_Al-POSCAR2-Charged-2.cif,3.06010287
216-InAs-V_As-POSCAR7-Charged-2.cif,3.06
145-AlSb-V_Al-POSCAR3-Charged-2.cif,3.0561284
145-AlSb-V_Al-POSCAR4-Charged-2.cif,3.0522614
145-AlSb-V_Al-POSCAR5-Charged-2.cif,3.05
186-GaSb-V_Sb-POSCAR2-Charged-2.cif,3.03152361
147-AlSb-Al_Sb-POSCAR1-Charged-2.cif,2.97797541
186-GaSb-V_Sb-POSCAR3-Charged-2.cif,2.96796779
245-Sn-Sn_i_A-POSCAR0-Charged-2.cif,2.96256657
245-Sn-Sn_i_A-POSCAR1-Charged-2.cif,2.96
147-AlSb-Al_Sb-POSCAR2-Charged-2.cif,2.93962352
147-AlSb-Al_Sb-POSCAR3-Charged-2.cif,2.93377414
217-InAs-In_As-POSCAR0-Charged-2.cif,2.93305244
147-AlSb-Al_Sb-POSCAR4-Charged-2.cif,2.93
107-BSb-B_Sb-POSCAR0-Charged-2.cif,2.92339008
107-BSb-B_Sb-POSCAR1-Charged-2.cif,2.92
226-InSb-V_Sb-POSCAR0-Charged-2.cif,2.89478761
65-CdTe-V_Cd-POSCAR0-Charged-2.cif,2.88
226-InSb-V_Sb-POSCAR1-Charged-2.cif,2.82893119
186-GaSb-V_Sb-POSCAR4-Charged-2.cif,2.81233431
217-InAs-In_As-POSCAR1-Charged-2.cif,2.78619222
97-BAs-B_As-POSCAR0-Charged-2.cif,2.74141635
97-BAs-B_As-POSCAR1-Charged-2.cif,2.73
226-InSb-V_Sb-POSCAR2-Charged-2.cif,2.7265861
217-InAs-In_As-POSCAR2-Charged-2.cif,2.71980098
217-InAs-In_As-POSCAR3-Charged-2.cif,2.71365163
217-InAs-In_As-POSCAR4-Charged-2.cif,2.71
186-GaSb-V_Sb-POSCAR5-Charged-2.cif,2.69571072
226-InSb-V_Sb-POSCAR3-Charged-2.cif,2.6830626
186-GaSb-V_Sb-POSCAR6-Charged-2.cif,2.60310203
186-GaSb-V_Sb-POSCAR7-Charged-2.cif,2.6
226-InSb-V_Sb-POSCAR4-Charged-2.cif,2.56425688
226-InSb-V_Sb-POSCAR5-Charged-2.cif,2.51492899
226-InSb-V_Sb-POSCAR8-Charged-2.cif,2.41577368
226-InSb-V_Sb-POSCAR6-Charged-2.cif,2.41520247
226-InSb-V_Sb-POSCAR9-Charged-2.cif,2.41444931
226-InSb-V_Sb-POSCAR7-Charged-2.cif,2.41434434
226-InSb-V_Sb-POSCAR10-Charged-2.cif,2.41108228
226-InSb-V_Sb-POSCAR11-Charged-2.cif,2.40868275
226-InSb-V_Sb-POSCAR12-Charged-2.cif,2.4024402
226-InSb-V_Sb-POSCAR13-Charged-2.cif,2.4
225-InSb-V_In-POSCAR0-Charged-2.cif,2.18356964
225-InSb-V_In-POSCAR1-Charged-2.cif,2.17023091
241-Ge-V_Ge-POSCAR0-Charged-2.cif,2.16539765
225-InSb-V_In-POSCAR2-Charged-2.cif,2.16
241-Ge-V_Ge-POSCAR1-Charged-2.cif,2.09093864
241-Ge-V_Ge-POSCAR2-Charged-2.cif,2.04313624
177-GaAs-Ga_As-POSCAR0-Charged-2.cif,2.03607393
241-Ge-V_Ge-POSCAR3-Charged-2.cif,2.00828392
241-Ge-V_Ge-POSCAR4-Charged-2.cif,1.95576788
241-Ge-V_Ge-POSCAR5-Charged-2.cif,1.93
177-GaAs-Ga_As-POSCAR1-Charged-2.cif,1.89805108
177-GaAs-Ga_As-POSCAR2-Charged-2.cif,1.86597451
177-GaAs-Ga_As-POSCAR3-Charged-2.cif,1.86
185-GaSb-V_Ga-POSCAR0-Charged-2.cif,1.82909701
105-BSb-V_B-POSCAR0-Charged-2.cif,1.8204716
185-GaSb-V_Ga-POSCAR1-Charged-2.cif,1.81104887
185-GaSb-V_Ga-POSCAR2-Charged-2.cif,1.8
105-BSb-V_B-POSCAR1-Charged-2.cif,1.70232775
227-InSb-In_Sb-POSCAR0-Charged-2.cif,1.69768204
105-BSb-V_B-POSCAR2-Charged-2.cif,1.67974165
105-BSb-V_B-POSCAR3-Charged-2.cif,1.66512729
105-BSb-V_B-POSCAR4-Charged-2.cif,1.66
227-InSb-In_Sb-POSCAR1-Charged-2.cif,1.62725939
227-InSb-In_Sb-POSCAR2-Charged-2.cif,1.58093438
227-InSb-In_Sb-POSCAR3-Charged-2.cif,1.57517208
227-InSb-In_Sb-POSCAR4-Charged-2.cif,1.57
244-Sn-V_Sn-POSCAR0-Charged-2.cif,1.09650319
244-Sn-V_Sn-POSCAR1-Charged-2.cif,1.09330067
244-Sn-V_Sn-POSCAR2-Charged-2.cif,1.08622047
244-Sn-V_Sn-POSCAR3-Charged-2.cif,1.08422825
244-Sn-V_Sn-POSCAR4-Charged-2.cif,1.08
187-GaSb-Ga_Sb-POSCAR0-Charged-2.cif,0.9033844
187-GaSb-Ga_Sb-POSCAR1-Charged-2.cif,0.87433725
187-GaSb-Ga_Sb-POSCAR2-Charged-2.cif,0.86288557
187-GaSb-Ga_Sb-POSCAR3-Charged-2.cif,0.86