CdTe-V_Cd+As_Cd-Neutral-POSCAR0.cif,0.86061242
CdTe-V_Cd+As_Cd-Neutral-POSCAR1.cif,0.78723218
CdTe-V_Cd+As_Cd-Neutral-POSCAR2.cif,0.6830272
CdTe-V_Cd+As_Cd-Neutral-POSCAR3.cif,0.66528278
CdTe-V_Cd+As_Cd-Neutral-POSCAR4.cif,0.58240549
CdTe-V_Cd+As_Cd-Neutral-POSCAR5.cif,0.54587151
CdTe-V_Cd+As_Cd-Neutral-POSCAR6.cif,0.48540455
CdTe-V_Cd+As_Cd-Neutral-POSCAR7.cif,0.47789459
CdTe-V_Cd+As_Te-Neutral-POSCAR0.cif,7.01974253
CdTe-V_Cd+As_Te-Neutral-POSCAR1.cif,6.99310156
CdTe-V_Cd+As_Te-Neutral-POSCAR2.cif,6.94885207
CdTe-V_Cd+As_Te-Neutral-POSCAR3.cif,6.93748471
CdTe-V_Cd+As_Te-Neutral-POSCAR4.cif,6.88729558
CdTe-V_Cd+As_Te-Neutral-POSCAR5.cif,6.86426941
CdTe-V_Cd+As_Te-Neutral-POSCAR6.cif,6.82371974
CdTe-V_Cd+As_Te-Neutral-POSCAR7.cif,6.81347858
CdTe-V_Cd+As_Te-Neutral-POSCAR8.cif,6.80877612
CdTe-V_Te+As_Cd-Neutral-POSCAR0.cif,0.95995072
CdTe-V_Te+As_Cd-Neutral-POSCAR1.cif,0.95952186
CdTe-V_Te+As_Cd-Neutral-POSCAR2.cif,0.96347645
CdTe-V_Te+As_Cd-Neutral-POSCAR3.cif,0.95673558
CdTe-V_Te+As_Cd-Neutral-POSCAR4.cif,0.95456418
CdTe-V_Te+As_Cd-Neutral-POSCAR5.cif,0.95695763
CdTe-V_Te+As_Cd-Neutral-POSCAR6.cif,0.9558403
CdTe-V_Te+As_Cd-Neutral-POSCAR7.cif,0.96343381
CdTe-V_Te+As_Cd-Neutral-POSCAR8.cif,0.95597775
CdTe-V_Te+As_Cd-Neutral-POSCAR9.cif,0.9539991
CdTe-V_Te+As_Cd-Neutral-POSCAR10.cif,0.95882226
CdTe-V_Te+As_Cd-Neutral-POSCAR11.cif,0.95525171
CdTe-V_Te+As_Cd-Neutral-POSCAR12.cif,0.95747897
CdTe-V_Te+As_Cd-Neutral-POSCAR13.cif,0.95995778
CdTe-V_Te+As_Cd-Neutral-POSCAR14.cif,0.95530715
CdTe-V_Te+As_Cd-Neutral-POSCAR15.cif,0.95508504
CdTe-V_Te+As_Cd-Neutral-POSCAR16.cif,0.95650811
CdTe-V_Te+As_Cd-Neutral-POSCAR17.cif,0.96085795
CdTe-V_Te+As_Cd-Neutral-POSCAR18.cif,0.95953075
CdTe-V_Te+As_Cd-Neutral-POSCAR19.cif,0.9595301
CdTe-V_Te+As_Cd-Neutral-POSCAR20.cif,0.95945136
CdTe-V_Te+As_Te-Neutral-POSCAR0.cif,5.19427775
CdTe-V_Te+As_Te-Neutral-POSCAR1.cif,5.1935809
CdTe-V_Te+As_Te-Neutral-POSCAR2.cif,5.19136805
CdTe-V_Te+As_Te-Neutral-POSCAR3.cif,5.1896783
CdTe-V_Te+As_Te-Neutral-POSCAR4.cif,5.18764118
CdTe-V_Te+As_Te-Neutral-POSCAR5.cif,5.18510543