83-BN-N_i_B-POSCAR35-Charged+2.cif,14.99743087
161-GaN-Ga_i_neut-POSCAR12-Charged+2.cif,14.92330646
83-BN-N_i_B-POSCAR28-Charged+2.cif,14.79905486
83-BN-N_i_B-POSCAR47-Charged+2.cif,13.65660736
83-BN-N_i_B-POSCAR45-Charged+2.cif,13.61033118
161-GaN-Ga_i_neut-POSCAR13-Charged+2.cif,13.53888587
83-BN-N_i_B-POSCAR46-Charged+2.cif,13.30586512
197-InN-In_N-POSCAR0-Charged+2.cif,12.93613005
197-InN-In_N-POSCAR1-Charged+2.cif,12.71305669
197-InN-In_N-POSCAR2-Charged+2.cif,12.67449807
197-InN-In_N-POSCAR3-Charged+2.cif,12.6625307
197-InN-In_N-POSCAR4-Charged+2.cif,12.66
83-BN-N_i_B-POSCAR48-Charged+2.cif,12.5886064
83-BN-N_i_B-POSCAR49-Charged+2.cif,12.03640243
119-AlN-Al_i_A-POSCAR0-Charged+2.cif,11.92470011
119-AlN-Al_i_A-POSCAR1-Charged+2.cif,11.89307766
119-AlN-Al_i_A-POSCAR2-Charged+2.cif,11.87484795
119-AlN-Al_i_A-POSCAR3-Charged+2.cif,11.87151174
119-AlN-Al_i_A-POSCAR4-Charged+2.cif,11.87
159-GaN-Ga_i_A-POSCAR0-Charged+2.cif,11.86872644
83-BN-N_i_B-POSCAR50-Charged+2.cif,11.84060948
83-BN-N_i_B-POSCAR51-Charged+2.cif,11.67164877
159-GaN-Ga_i_A-POSCAR1-Charged+2.cif,11.64789976
256-SiC-Si_i_neut-POSCAR0-Charged+2.cif,11.6037328
161-GaN-Ga_i_neut-POSCAR11-Charged+2.cif,11.57105102
159-GaN-Ga_i_A-POSCAR2-Charged+2.cif,11.49665025
159-GaN-Ga_i_A-POSCAR3-Charged+2.cif,11.44040788
159-GaN-Ga_i_A-POSCAR4-Charged+2.cif,11.41719959
159-GaN-Ga_i_A-POSCAR5-Charged+2.cif,11.4
161-GaN-Ga_i_neut-POSCAR7-Charged+2.cif,11.36940245
161-GaN-Ga_i_neut-POSCAR8-Charged+2.cif,11.35757808
83-BN-N_i_B-POSCAR52-Charged+2.cif,11.32856568
161-GaN-Ga_i_neut-POSCAR6-Charged+2.cif,11.31936757
161-GaN-Ga_i_neut-POSCAR5-Charged+2.cif,11.2732078
161-GaN-Ga_i_neut-POSCAR4-Charged+2.cif,11.22656352
161-GaN-Ga_i_neut-POSCAR9-Charged+2.cif,11.20394577
161-GaN-Ga_i_neut-POSCAR0-Charged+2.cif,11.19394751
83-BN-N_i_B-POSCAR53-Charged+2.cif,11.18046288
161-GaN-Ga_i_neut-POSCAR1-Charged+2.cif,11.14000348
161-GaN-Ga_i_neut-POSCAR10-Charged+2.cif,11.11760739
161-GaN-Ga_i_neut-POSCAR2-Charged+2.cif,11.10459801
161-GaN-Ga_i_neut-POSCAR3-Charged+2.cif,11.08981498
76-BN-V_N-POSCAR0-Charged+2.cif,10.98691066
83-BN-N_i_B-POSCAR54-Charged+2.cif,10.98068188
83-BN-N_i_B-POSCAR55-Charged+2.cif,10.95769695
83-BN-N_i_B-POSCAR56-Charged+2.cif,10.86092207
256-SiC-Si_i_neut-POSCAR2-Charged+2.cif,10.82511315
83-BN-N_i_B-POSCAR57-Charged+2.cif,10.81180395
161-GaN-Ga_i_neut-POSCAR14-Charged+2.cif,10.81059235
83-BN-N_i_B-POSCAR58-Charged+2.cif,10.79871755
83-BN-N_i_B-POSCAR59-Charged+2.cif,10.78607068
83-BN-N_i_B-POSCAR60-Charged+2.cif,10.78546606
83-BN-N_i_B-POSCAR61-Charged+2.cif,10.78259193
83-BN-N_i_B-POSCAR62-Charged+2.cif,10.78211739
83-BN-N_i_B-POSCAR63-Charged+2.cif,10.78149339
83-BN-N_i_B-POSCAR64-Charged+2.cif,10.78097968
83-BN-N_i_B-POSCAR65-Charged+2.cif,10.7805859
83-BN-N_i_B-POSCAR66-Charged+2.cif,10.7803295
83-BN-N_i_B-POSCAR67-Charged+2.cif,10.78019545
83-BN-N_i_B-POSCAR68-Charged+2.cif,10.78006417
83-BN-N_i_B-POSCAR69-Charged+2.cif,10.78
160-GaN-Ga_i_B-POSCAR0-Charged+2.cif,10.47921842
161-GaN-Ga_i_neut-POSCAR15-Charged+2.cif,10.43732436
76-BN-V_N-POSCAR1-Charged+2.cif,10.33250716
82-BN-N_i_A-POSCAR0-Charged+2.cif,10.29430268
82-BN-N_i_A-POSCAR1-Charged+2.cif,10.25711067
156-GaN-V_N-POSCAR5-Charged+2.cif,10.22838314
161-GaN-Ga_i_neut-POSCAR16-Charged+2.cif,10.15507616
121-AlN-Al_i_neut-POSCAR0-Charged+2.cif,10.10886299
161-GaN-Ga_i_neut-POSCAR17-Charged+2.cif,10.10777174
121-AlN-Al_i_neut-POSCAR1-Charged+2.cif,10.09754265
161-GaN-Ga_i_neut-POSCAR18-Charged+2.cif,10.09417261
161-GaN-Ga_i_neut-POSCAR19-Charged+2.cif,10.08715244
161-GaN-Ga_i_neut-POSCAR20-Charged+2.cif,10.08304458
161-GaN-Ga_i_neut-POSCAR21-Charged+2.cif,10.08
121-AlN-Al_i_neut-POSCAR2-Charged+2.cif,10.06149439
121-AlN-Al_i_neut-POSCAR3-Charged+2.cif,10.06
160-GaN-Ga_i_B-POSCAR1-Charged+2.cif,10.02845886
120-AlN-Al_i_B-POSCAR0-Charged+2.cif,10.02328193
120-AlN-Al_i_B-POSCAR1-Charged+2.cif,10.02275288
76-BN-V_N-POSCAR2-Charged+2.cif,10.01364043
120-AlN-Al_i_B-POSCAR2-Charged+2.cif,9.99
160-GaN-Ga_i_B-POSCAR2-Charged+2.cif,9.939102
160-GaN-Ga_i_B-POSCAR3-Charged+2.cif,9.89959146
160-GaN-Ga_i_B-POSCAR4-Charged+2.cif,9.88341298
160-GaN-Ga_i_B-POSCAR5-Charged+2.cif,9.88
76-BN-V_N-POSCAR3-Charged+2.cif,9.85746155
76-BN-V_N-POSCAR4-Charged+2.cif,9.81182182
76-BN-V_N-POSCAR5-Charged+2.cif,9.8
82-BN-N_i_A-POSCAR2-Charged+2.cif,9.68068322
82-BN-N_i_A-POSCAR3-Charged+2.cif,9.62924553
82-BN-N_i_A-POSCAR4-Charged+2.cif,9.62009817
82-BN-N_i_A-POSCAR8-Charged+2.cif,9.62
82-BN-N_i_A-POSCAR7-Charged+2.cif,9.61892729
82-BN-N_i_A-POSCAR6-Charged+2.cif,9.61630357
82-BN-N_i_A-POSCAR5-Charged+2.cif,9.61457831
103-BAs-As_i_B-POSCAR0-Charged+2.cif,9.53293311
103-BAs-As_i_B-POSCAR1-Charged+2.cif,9.43109097
103-BAs-As_i_B-POSCAR2-Charged+2.cif,9.40179612
103-BAs-As_i_B-POSCAR3-Charged+2.cif,9.38
113-BSb-Sb_i_B-POSCAR0-Charged+2.cif,8.95843529
113-BSb-Sb_i_B-POSCAR1-Charged+2.cif,8.90544196
93-BP-P_i_B-POSCAR0-Charged+2.cif,8.89119758
113-BSb-Sb_i_B-POSCAR2-Charged+2.cif,8.890043
113-BSb-Sb_i_B-POSCAR3-Charged+2.cif,8.87401511
113-BSb-Sb_i_B-POSCAR4-Charged+2.cif,8.87
93-BP-P_i_B-POSCAR1-Charged+2.cif,8.86984601
93-BP-P_i_B-POSCAR2-Charged+2.cif,8.86363271
93-BP-P_i_B-POSCAR3-Charged+2.cif,8.86
261-GeC-C_i_A-POSCAR0-Charged+2.cif,8.63
104-BAs-As_i_neut-POSCAR8-Charged+2.cif,8.59954928
116-AlN-V_N-POSCAR0-Charged+2.cif,8.52495127
104-BAs-As_i_neut-POSCAR0-Charged+2.cif,8.40208497
104-BAs-As_i_neut-POSCAR1-Charged+2.cif,8.35857296
252-SiC-C_i_B-POSCAR0-Charged+2.cif,8.35562525
114-BSb-Sb_i_neut-POSCAR16-Charged+2.cif,8.35170524
102-BAs-As_i_A-POSCAR0-Charged+2.cif,8.34051548
104-BAs-As_i_neut-POSCAR2-Charged+2.cif,8.3398947
92-BP-P_i_A-POSCAR0-Charged+2.cif,8.32795114
104-BAs-As_i_neut-POSCAR3-Charged+2.cif,8.31279773
92-BP-P_i_A-POSCAR1-Charged+2.cif,8.31181921
92-BP-P_i_A-POSCAR2-Charged+2.cif,8.31
102-BAs-As_i_A-POSCAR1-Charged+2.cif,8.30780627
102-BAs-As_i_A-POSCAR2-Charged+2.cif,8.30224568
252-SiC-C_i_B-POSCAR1-Charged+2.cif,8.30151588
104-BAs-As_i_neut-POSCAR7-Charged+2.cif,8.30084889
102-BAs-As_i_A-POSCAR3-Charged+2.cif,8.3
104-BAs-As_i_neut-POSCAR4-Charged+2.cif,8.29071462
252-SiC-C_i_B-POSCAR2-Charged+2.cif,8.26958579
104-BAs-As_i_neut-POSCAR5-Charged+2.cif,8.26628235
252-SiC-C_i_B-POSCAR3-Charged+2.cif,8.25617518
104-BAs-As_i_neut-POSCAR9-Charged+2.cif,8.25504182
252-SiC-C_i_B-POSCAR4-Charged+2.cif,8.25
256-SiC-Si_i_neut-POSCAR3-Charged+2.cif,8.19152618
114-BSb-Sb_i_neut-POSCAR9-Charged+2.cif,8.18704154
114-BSb-Sb_i_neut-POSCAR14-Charged+2.cif,8.16595291
114-BSb-Sb_i_neut-POSCAR6-Charged+2.cif,8.16517023
114-BSb-Sb_i_neut-POSCAR8-Charged+2.cif,8.15909628
114-BSb-Sb_i_neut-POSCAR13-Charged+2.cif,8.15652819
114-BSb-Sb_i_neut-POSCAR4-Charged+2.cif,8.15471547
114-BSb-Sb_i_neut-POSCAR10-Charged+2.cif,8.15363766
114-BSb-Sb_i_neut-POSCAR3-Charged+2.cif,8.15338476
114-BSb-Sb_i_neut-POSCAR12-Charged+2.cif,8.1533309
114-BSb-Sb_i_neut-POSCAR2-Charged+2.cif,8.15077623
262-GeC-C_i_B-POSCAR0-Charged+2.cif,8.15
114-BSb-Sb_i_neut-POSCAR0-Charged+2.cif,8.14994023
114-BSb-Sb_i_neut-POSCAR11-Charged+2.cif,8.14848224
114-BSb-Sb_i_neut-POSCAR1-Charged+2.cif,8.14814012
114-BSb-Sb_i_neut-POSCAR5-Charged+2.cif,8.1466716
199-InN-In_i_A-POSCAR0-Charged+2.cif,8.1461323
104-BAs-As_i_neut-POSCAR6-Charged+2.cif,8.14483618
114-BSb-Sb_i_neut-POSCAR15-Charged+2.cif,8.14148859
114-BSb-Sb_i_neut-POSCAR7-Charged+2.cif,8.13714798
104-BAs-As_i_neut-POSCAR10-Charged+2.cif,8.12719159
199-InN-In_i_A-POSCAR1-Charged+2.cif,8.12028347
199-InN-In_i_A-POSCAR2-Charged+2.cif,8.11327659
199-InN-In_i_A-POSCAR3-Charged+2.cif,8.11
114-BSb-Sb_i_neut-POSCAR17-Charged+2.cif,8.10541985
94-BP-P_i_neut-POSCAR0-Charged+2.cif,8.07018642
104-BAs-As_i_neut-POSCAR13-Charged+2.cif,8.06724531
104-BAs-As_i_neut-POSCAR11-Charged+2.cif,8.05984103
104-BAs-As_i_neut-POSCAR12-Charged+2.cif,8.04730065
104-BAs-As_i_neut-POSCAR14-Charged+2.cif,8.04303586
254-SiC-Si_i_A-POSCAR0-Charged+2.cif,8.03432545
254-SiC-Si_i_A-POSCAR1-Charged+2.cif,8.02823379
104-BAs-As_i_neut-POSCAR15-Charged+2.cif,8.01505798
254-SiC-Si_i_A-POSCAR2-Charged+2.cif,8.0110433
254-SiC-Si_i_A-POSCAR3-Charged+2.cif,8.01014267
254-SiC-Si_i_A-POSCAR4-Charged+2.cif,8.01
114-BSb-Sb_i_neut-POSCAR18-Charged+2.cif,7.997134
114-BSb-Sb_i_neut-POSCAR19-Charged+2.cif,7.9900732
104-BAs-As_i_neut-POSCAR16-Charged+2.cif,7.99
114-BSb-Sb_i_neut-POSCAR20-Charged+2.cif,7.98775737
94-BP-P_i_neut-POSCAR1-Charged+2.cif,7.987194
114-BSb-Sb_i_neut-POSCAR21-Charged+2.cif,7.98400133
94-BP-P_i_neut-POSCAR2-Charged+2.cif,7.9529413
114-BSb-Sb_i_neut-POSCAR22-Charged+2.cif,7.94807132
271-SnC-C_i_A-POSCAR0-Charged+2.cif,7.94419309
114-BSb-Sb_i_neut-POSCAR25-Charged+2.cif,7.91912589
94-BP-P_i_neut-POSCAR3-Charged+2.cif,7.91245427
266-GeC-Ge_i_neut-POSCAR0-Charged+2.cif,7.9
116-AlN-V_N-POSCAR1-Charged+2.cif,7.89997137
114-BSb-Sb_i_neut-POSCAR24-Charged+2.cif,7.87621406
94-BP-P_i_neut-POSCAR4-Charged+2.cif,7.87343851
114-BSb-Sb_i_neut-POSCAR23-Charged+2.cif,7.871072
114-BSb-Sb_i_neut-POSCAR26-Charged+2.cif,7.86290113
112-BSb-Sb_i_A-POSCAR0-Charged+2.cif,7.85299441
94-BP-P_i_neut-POSCAR5-Charged+2.cif,7.8445163
112-BSb-Sb_i_A-POSCAR1-Charged+2.cif,7.84317482
112-BSb-Sb_i_A-POSCAR2-Charged+2.cif,7.84
156-GaN-V_N-POSCAR0-Charged+2.cif,7.81678066
94-BP-P_i_neut-POSCAR6-Charged+2.cif,7.76809865
94-BP-P_i_neut-POSCAR7-Charged+2.cif,7.75792395
116-AlN-V_N-POSCAR2-Charged+2.cif,7.73681029
94-BP-P_i_neut-POSCAR8-Charged+2.cif,7.72846074
271-SnC-C_i_A-POSCAR1-Charged+2.cif,7.72492775
94-BP-P_i_neut-POSCAR9-Charged+2.cif,7.72467495
94-BP-P_i_neut-POSCAR10-Charged+2.cif,7.72118037
94-BP-P_i_neut-POSCAR11-Charged+2.cif,7.72
156-GaN-V_N-POSCAR6-Charged+2.cif,7.71349418
156-GaN-V_N-POSCAR4-Charged+2.cif,7.69364442
114-BSb-Sb_i_neut-POSCAR27-Charged+2.cif,7.69262747
247-SiC-V_Si-POSCAR0-Charged+2.cif,7.69
156-GaN-V_N-POSCAR1-Charged+2.cif,7.68458357
271-SnC-C_i_A-POSCAR2-Charged+2.cif,7.6818209
114-BSb-Sb_i_neut-POSCAR28-Charged+2.cif,7.6715701
156-GaN-V_N-POSCAR2-Charged+2.cif,7.66185227
251-SiC-C_i_A-POSCAR0-Charged+2.cif,7.66
114-BSb-Sb_i_neut-POSCAR32-Charged+2.cif,7.65998698
114-BSb-Sb_i_neut-POSCAR31-Charged+2.cif,7.65808674
271-SnC-C_i_A-POSCAR3-Charged+2.cif,7.64888203
114-BSb-Sb_i_neut-POSCAR33-Charged+2.cif,7.64522001
114-BSb-Sb_i_neut-POSCAR30-Charged+2.cif,7.64024745
271-SnC-C_i_A-POSCAR4-Charged+2.cif,7.64
116-AlN-V_N-POSCAR3-Charged+2.cif,7.63235517
114-BSb-Sb_i_neut-POSCAR29-Charged+2.cif,7.60453418
264-GeC-Ge_i_A-POSCAR0-Charged+2.cif,7.6
116-AlN-V_N-POSCAR4-Charged+2.cif,7.5916717
114-BSb-Sb_i_neut-POSCAR34-Charged+2.cif,7.58808024
116-AlN-V_N-POSCAR5-Charged+2.cif,7.58210532
116-AlN-V_N-POSCAR6-Charged+2.cif,7.58
114-BSb-Sb_i_neut-POSCAR35-Charged+2.cif,7.5732499
156-GaN-V_N-POSCAR3-Charged+2.cif,7.54080244
256-SiC-Si_i_neut-POSCAR4-Charged+2.cif,7.53158112
114-BSb-Sb_i_neut-POSCAR36-Charged+2.cif,7.52645881
265-GeC-Ge_i_B-POSCAR0-Charged+2.cif,7.5
114-BSb-Sb_i_neut-POSCAR37-Charged+2.cif,7.48718129
114-BSb-Sb_i_neut-POSCAR38-Charged+2.cif,7.47977363
114-BSb-Sb_i_neut-POSCAR39-Charged+2.cif,7.4725302
273-SnC-C_i_neut-POSCAR9-Charged+2.cif,7.46723552
156-GaN-V_N-POSCAR7-Charged+2.cif,7.45040257
201-InN-In_i_neut-POSCAR0-Charged+2.cif,7.44898364
114-BSb-Sb_i_neut-POSCAR40-Charged+2.cif,7.44893053
114-BSb-Sb_i_neut-POSCAR41-Charged+2.cif,7.4373493
114-BSb-Sb_i_neut-POSCAR42-Charged+2.cif,7.43389086
114-BSb-Sb_i_neut-POSCAR43-Charged+2.cif,7.43
201-InN-In_i_neut-POSCAR1-Charged+2.cif,7.4040621
201-InN-In_i_neut-POSCAR2-Charged+2.cif,7.4
200-InN-In_i_B-POSCAR0-Charged+2.cif,7.3697384
200-InN-In_i_B-POSCAR1-Charged+2.cif,7.32394932
200-InN-In_i_B-POSCAR2-Charged+2.cif,7.32
156-GaN-V_N-POSCAR8-Charged+2.cif,7.27318187
90-BP-B_i_B-POSCAR0-Charged+2.cif,7.24772371
156-GaN-V_N-POSCAR9-Charged+2.cif,7.24435024
156-GaN-V_N-POSCAR10-Charged+2.cif,7.24184161
156-GaN-V_N-POSCAR11-Charged+2.cif,7.24
90-BP-B_i_B-POSCAR1-Charged+2.cif,7.2337256
90-BP-B_i_B-POSCAR2-Charged+2.cif,7.23
256-SiC-Si_i_neut-POSCAR5-Charged+2.cif,7.22241105
13-ZnS-V_S-POSCAR7-Charged+2.cif,7.10173892
263-GeC-C_i_neut-POSCAR0-Charged+2.cif,7.09
256-SiC-Si_i_neut-POSCAR6-Charged+2.cif,7.04106443
100-BAs-B_i_B-POSCAR0-Charged+2.cif,6.98473399
100-BAs-B_i_B-POSCAR1-Charged+2.cif,6.98
273-SnC-C_i_neut-POSCAR22-Charged+2.cif,6.93591168
273-SnC-C_i_neut-POSCAR0-Charged+2.cif,6.89838594
13-ZnS-V_S-POSCAR8-Charged+2.cif,6.89730298
273-SnC-C_i_neut-POSCAR10-Charged+2.cif,6.89462541
256-SiC-Si_i_neut-POSCAR7-Charged+2.cif,6.85570827
273-SnC-C_i_neut-POSCAR23-Charged+2.cif,6.85367226
273-SnC-C_i_neut-POSCAR28-Charged+2.cif,6.85104951
256-SiC-Si_i_neut-POSCAR8-Charged+2.cif,6.8474986
273-SnC-C_i_neut-POSCAR27-Charged+2.cif,6.83284462
273-SnC-C_i_neut-POSCAR20-Charged+2.cif,6.82579686
273-SnC-C_i_neut-POSCAR25-Charged+2.cif,6.82578013
256-SiC-Si_i_neut-POSCAR9-Charged+2.cif,6.82368618
273-SnC-C_i_neut-POSCAR26-Charged+2.cif,6.81992171
256-SiC-Si_i_neut-POSCAR10-Charged+2.cif,6.81627294
256-SiC-Si_i_neut-POSCAR11-Charged+2.cif,6.81
273-SnC-C_i_neut-POSCAR8-Charged+2.cif,6.80673415
273-SnC-C_i_neut-POSCAR1-Charged+2.cif,6.80020144
273-SnC-C_i_neut-POSCAR19-Charged+2.cif,6.79927469
253-SiC-C_i_neut-POSCAR0-Charged+2.cif,6.79737881
89-BP-B_i_A-POSCAR0-Charged+2.cif,6.78298621
89-BP-B_i_A-POSCAR1-Charged+2.cif,6.77127668
89-BP-B_i_A-POSCAR2-Charged+2.cif,6.77
273-SnC-C_i_neut-POSCAR5-Charged+2.cif,6.7612572
273-SnC-C_i_neut-POSCAR29-Charged+2.cif,6.76
273-SnC-C_i_neut-POSCAR24-Charged+2.cif,6.75586756
273-SnC-C_i_neut-POSCAR4-Charged+2.cif,6.75016111
273-SnC-C_i_neut-POSCAR2-Charged+2.cif,6.74760994
273-SnC-C_i_neut-POSCAR18-Charged+2.cif,6.7319869
273-SnC-C_i_neut-POSCAR16-Charged+2.cif,6.72765492
273-SnC-C_i_neut-POSCAR6-Charged+2.cif,6.72610207
273-SnC-C_i_neut-POSCAR17-Charged+2.cif,6.71064654
273-SnC-C_i_neut-POSCAR11-Charged+2.cif,6.70305679
255-SiC-Si_i_B-POSCAR1-Charged+2.cif,6.70144691
96-BAs-V_As-POSCAR11-Charged+2.cif,6.70132921
255-SiC-Si_i_B-POSCAR0-Charged+2.cif,6.69919156
4-ZnO-Zn_O-POSCAR0-Charged+2.cif,6.68
255-SiC-Si_i_B-POSCAR2-Charged+2.cif,6.68
273-SnC-C_i_neut-POSCAR3-Charged+2.cif,6.6799788
273-SnC-C_i_neut-POSCAR7-Charged+2.cif,6.6797642
273-SnC-C_i_neut-POSCAR14-Charged+2.cif,6.67013442
273-SnC-C_i_neut-POSCAR15-Charged+2.cif,6.66954513
253-SiC-C_i_neut-POSCAR1-Charged+2.cif,6.6495242
13-ZnS-V_S-POSCAR9-Charged+2.cif,6.63171253
273-SnC-C_i_neut-POSCAR13-Charged+2.cif,6.60012588
269-SnC-C_Sn-POSCAR0-Charged+2.cif,6.59
253-SiC-C_i_neut-POSCAR2-Charged+2.cif,6.57118029
253-SiC-C_i_neut-POSCAR3-Charged+2.cif,6.55718379
23-ZnSe-V_Se-POSCAR35-Charged+2.cif,6.55627582
253-SiC-C_i_neut-POSCAR4-Charged+2.cif,6.55274432
253-SiC-C_i_neut-POSCAR5-Charged+2.cif,6.55
276-SnC-Sn_i_neut-POSCAR0-Charged+2.cif,6.5305297
273-SnC-C_i_neut-POSCAR21-Charged+2.cif,6.51877566
23-ZnSe-V_Se-POSCAR27-Charged+2.cif,6.50438087
91-BP-B_i_neut-POSCAR0-Charged+2.cif,6.50201002
276-SnC-Sn_i_neut-POSCAR1-Charged+2.cif,6.46491574
276-SnC-Sn_i_neut-POSCAR2-Charged+2.cif,6.4482856
272-SnC-C_i_B-POSCAR0-Charged+2.cif,6.44
276-SnC-Sn_i_neut-POSCAR3-Charged+2.cif,6.43316954
273-SnC-C_i_neut-POSCAR12-Charged+2.cif,6.43041717
91-BP-B_i_neut-POSCAR1-Charged+2.cif,6.42844216
235-C-V_C-POSCAR0-Charged+2.cif,6.42
276-SnC-Sn_i_neut-POSCAR4-Charged+2.cif,6.41601293
91-BP-B_i_neut-POSCAR2-Charged+2.cif,6.4104605
91-BP-B_i_neut-POSCAR3-Charged+2.cif,6.40452001
91-BP-B_i_neut-POSCAR4-Charged+2.cif,6.40193588
91-BP-B_i_neut-POSCAR5-Charged+2.cif,6.40085957
91-BP-B_i_neut-POSCAR6-Charged+2.cif,6.4
276-SnC-Sn_i_neut-POSCAR5-Charged+2.cif,6.39976768
23-ZnSe-V_Se-POSCAR23-Charged+2.cif,6.39058498
13-ZnS-V_S-POSCAR22-Charged+2.cif,6.38042536
276-SnC-Sn_i_neut-POSCAR6-Charged+2.cif,6.37758909
276-SnC-Sn_i_neut-POSCAR8-Charged+2.cif,6.36292111
276-SnC-Sn_i_neut-POSCAR7-Charged+2.cif,6.36235863
276-SnC-Sn_i_neut-POSCAR9-Charged+2.cif,6.35966748
276-SnC-Sn_i_neut-POSCAR10-Charged+2.cif,6.34623717
276-SnC-Sn_i_neut-POSCAR11-Charged+2.cif,6.33867566
276-SnC-Sn_i_neut-POSCAR13-Charged+2.cif,6.31393916
276-SnC-Sn_i_neut-POSCAR14-Charged+2.cif,6.31003209
276-SnC-Sn_i_neut-POSCAR15-Charged+2.cif,6.30751559
276-SnC-Sn_i_neut-POSCAR12-Charged+2.cif,6.30725857
276-SnC-Sn_i_neut-POSCAR17-Charged+2.cif,6.3
276-SnC-Sn_i_neut-POSCAR16-Charged+2.cif,6.29965457
96-BAs-V_As-POSCAR15-Charged+2.cif,6.10409452
96-BAs-V_As-POSCAR0-Charged+2.cif,6.08216696
96-BAs-V_As-POSCAR18-Charged+2.cif,6.07429744
96-BAs-V_As-POSCAR7-Charged+2.cif,6.06707966
96-BAs-V_As-POSCAR1-Charged+2.cif,6.06440029
96-BAs-V_As-POSCAR2-Charged+2.cif,6.06053229
96-BAs-V_As-POSCAR10-Charged+2.cif,6.06045761
96-BAs-V_As-POSCAR14-Charged+2.cif,6.05820355
96-BAs-V_As-POSCAR6-Charged+2.cif,6.0564223
96-BAs-V_As-POSCAR3-Charged+2.cif,6.05615133
96-BAs-V_As-POSCAR8-Charged+2.cif,6.05356275
96-BAs-V_As-POSCAR4-Charged+2.cif,6.05306833
96-BAs-V_As-POSCAR5-Charged+2.cif,6.05179413
2-ZnO-O_Zn-POSCAR9-Charged+2.cif,6.05
96-BAs-V_As-POSCAR12-Charged+2.cif,6.04968919
96-BAs-V_As-POSCAR16-Charged+2.cif,6.04922012
96-BAs-V_As-POSCAR9-Charged+2.cif,6.04503458
2-ZnO-O_Zn-POSCAR6-Charged+2.cif,6.04434084
96-BAs-V_As-POSCAR20-Charged+2.cif,6.0415887
96-BAs-V_As-POSCAR13-Charged+2.cif,6.03210291
99-BAs-B_i_A-POSCAR0-Charged+2.cif,6.02415887
86-BP-V_P-POSCAR0-Charged+2.cif,6.00797195
96-BAs-V_As-POSCAR17-Charged+2.cif,6.00465672
2-ZnO-O_Zn-POSCAR8-Charged+2.cif,6.00120468
2-ZnO-O_Zn-POSCAR0-Charged+2.cif,6.00098231
86-BP-V_P-POSCAR1-Charged+2.cif,5.9930263
86-BP-V_P-POSCAR2-Charged+2.cif,5.99
99-BAs-B_i_A-POSCAR1-Charged+2.cif,5.988198
96-BAs-V_As-POSCAR21-Charged+2.cif,5.98761648
99-BAs-B_i_A-POSCAR2-Charged+2.cif,5.98224897
99-BAs-B_i_A-POSCAR3-Charged+2.cif,5.98
2-ZnO-O_Zn-POSCAR7-Charged+2.cif,5.97999686
96-BAs-V_As-POSCAR22-Charged+2.cif,5.96623909
106-BSb-V_Sb-POSCAR0-Charged+2.cif,5.96216465
96-BAs-V_As-POSCAR23-Charged+2.cif,5.96
2-ZnO-O_Zn-POSCAR2-Charged+2.cif,5.95940763
196-InN-V_N-POSCAR5-Charged+2.cif,5.95651665
2-ZnO-O_Zn-POSCAR3-Charged+2.cif,5.95447038
106-BSb-V_Sb-POSCAR1-Charged+2.cif,5.94185842
106-BSb-V_Sb-POSCAR2-Charged+2.cif,5.9360537
274-SnC-Sn_i_A-POSCAR0-Charged+2.cif,5.93
196-InN-V_N-POSCAR4-Charged+2.cif,5.92854809
106-BSb-V_Sb-POSCAR3-Charged+2.cif,5.92801281
106-BSb-V_Sb-POSCAR4-Charged+2.cif,5.92248561
106-BSb-V_Sb-POSCAR5-Charged+2.cif,5.92
196-InN-V_N-POSCAR0-Charged+2.cif,5.88954773
101-BAs-B_i_neut-POSCAR0-Charged+2.cif,5.88431019
196-InN-V_N-POSCAR6-Charged+2.cif,5.86294803
2-ZnO-O_Zn-POSCAR5-Charged+2.cif,5.85246456
2-ZnO-O_Zn-POSCAR1-Charged+2.cif,5.84005871
196-InN-V_N-POSCAR1-Charged+2.cif,5.83038259
267-SnC-V_Sn-POSCAR0-Charged+2.cif,5.81
2-ZnO-O_Zn-POSCAR4-Charged+2.cif,5.80850097
101-BAs-B_i_neut-POSCAR1-Charged+2.cif,5.803581
275-SnC-Sn_i_B-POSCAR0-Charged+2.cif,5.80055379
13-ZnS-V_S-POSCAR10-Charged+2.cif,5.80037203
275-SnC-Sn_i_B-POSCAR1-Charged+2.cif,5.78549089
196-InN-V_N-POSCAR2-Charged+2.cif,5.78433455
275-SnC-Sn_i_B-POSCAR2-Charged+2.cif,5.78171024
101-BAs-B_i_neut-POSCAR2-Charged+2.cif,5.78133909
275-SnC-Sn_i_B-POSCAR3-Charged+2.cif,5.78
42-CdO-O_Cd-POSCAR0-Charged+2.cif,5.77
196-InN-V_N-POSCAR3-Charged+2.cif,5.76867305
101-BAs-B_i_neut-POSCAR3-Charged+2.cif,5.7606199
101-BAs-B_i_neut-POSCAR4-Charged+2.cif,5.74699908
101-BAs-B_i_neut-POSCAR5-Charged+2.cif,5.742079
101-BAs-B_i_neut-POSCAR6-Charged+2.cif,5.74
196-InN-V_N-POSCAR7-Charged+2.cif,5.6994706
196-InN-V_N-POSCAR8-Charged+2.cif,5.67
87-BP-B_P-POSCAR0-Charged+2.cif,5.6654226
87-BP-B_P-POSCAR1-Charged+2.cif,5.65194077
87-BP-B_P-POSCAR2-Charged+2.cif,5.65
13-ZnS-V_S-POSCAR20-Charged+2.cif,5.56600367
13-ZnS-V_S-POSCAR11-Charged+2.cif,5.46937997
110-BSb-B_i_B-POSCAR0-Charged+2.cif,5.37668411
110-BSb-B_i_B-POSCAR1-Charged+2.cif,5.37161264
110-BSb-B_i_B-POSCAR2-Charged+2.cif,5.37
127-AlP-Al_P-POSCAR0-Charged+2.cif,5.20024005
13-ZnS-V_S-POSCAR4-Charged+2.cif,5.1875878
13-ZnS-V_S-POSCAR17-Charged+2.cif,5.07803565
259-GeC-C_Ge-POSCAR0-Charged+2.cif,5.07
84-BN-N_i_neut-POSCAR1-Charged+2.cif,5.05239439
23-ZnSe-V_Se-POSCAR31-Charged+2.cif,5.04608392
13-ZnS-V_S-POSCAR12-Charged+2.cif,5.00453035
13-ZnS-V_S-POSCAR16-Charged+2.cif,4.96446143
127-AlP-Al_P-POSCAR1-Charged+2.cif,4.959686
13-ZnS-V_S-POSCAR13-Charged+2.cif,4.94874985
127-AlP-Al_P-POSCAR2-Charged+2.cif,4.87789316
23-ZnSe-V_Se-POSCAR40-Charged+2.cif,4.86338507
13-ZnS-V_S-POSCAR3-Charged+2.cif,4.85068561
127-AlP-Al_P-POSCAR3-Charged+2.cif,4.8377598
127-AlP-Al_P-POSCAR4-Charged+2.cif,4.83
257-GeC-V_Ge-POSCAR0-Charged+2.cif,4.83
23-ZnSe-V_Se-POSCAR34-Charged+2.cif,4.82289184
137-AlAs-Al_As-POSCAR0-Charged+2.cif,4.79488978
23-ZnSe-V_Se-POSCAR5-Charged+2.cif,4.78152597
84-BN-N_i_neut-POSCAR2-Charged+2.cif,4.77772691
23-ZnSe-V_Se-POSCAR22-Charged+2.cif,4.76128697
23-ZnSe-V_Se-POSCAR4-Charged+2.cif,4.75604173
205-InP-V_In-POSCAR0-Charged+2.cif,4.74484073
23-ZnSe-V_Se-POSCAR6-Charged+2.cif,4.74150349
205-InP-V_In-POSCAR1-Charged+2.cif,4.73589195
205-InP-V_In-POSCAR2-Charged+2.cif,4.73
13-ZnS-V_S-POSCAR19-Charged+2.cif,4.72809318
23-ZnSe-V_Se-POSCAR26-Charged+2.cif,4.72130445
287-SiSn-V_Si-POSCAR0-Charged+2.cif,4.71
23-ZnSe-V_Se-POSCAR7-Charged+2.cif,4.70353918
23-ZnSe-V_Se-POSCAR39-Charged+2.cif,4.70261334
18-ZnS-S_i_A-POSCAR0-Charged+2.cif,4.70179318
13-ZnS-V_S-POSCAR14-Charged+2.cif,4.69821335
23-ZnSe-V_Se-POSCAR30-Charged+2.cif,4.69469895
23-ZnSe-V_Se-POSCAR36-Charged+2.cif,4.69249919
23-ZnSe-V_Se-POSCAR8-Charged+2.cif,4.68637826
23-ZnSe-V_Se-POSCAR15-Charged+2.cif,4.68446833
23-ZnSe-V_Se-POSCAR14-Charged+2.cif,4.68056352
288-SiSn-V_Sn-POSCAR0-Charged+2.cif,4.68
23-ZnSe-V_Se-POSCAR13-Charged+2.cif,4.67720664
23-ZnSe-V_Se-POSCAR20-Charged+2.cif,4.67231778
23-ZnSe-V_Se-POSCAR16-Charged+2.cif,4.67223329
23-ZnSe-V_Se-POSCAR11-Charged+2.cif,4.67139104
13-ZnS-V_S-POSCAR2-Charged+2.cif,4.66950563
13-ZnS-V_S-POSCAR18-Charged+2.cif,4.66847355
23-ZnSe-V_Se-POSCAR24-Charged+2.cif,4.66560335
23-ZnSe-V_Se-POSCAR17-Charged+2.cif,4.66488729
23-ZnSe-V_Se-POSCAR19-Charged+2.cif,4.66398534
23-ZnSe-V_Se-POSCAR18-Charged+2.cif,4.6590114
23-ZnSe-V_Se-POSCAR28-Charged+2.cif,4.65665472
23-ZnSe-V_Se-POSCAR10-Charged+2.cif,4.65214238
23-ZnSe-V_Se-POSCAR37-Charged+2.cif,4.64654822
23-ZnSe-V_Se-POSCAR12-Charged+2.cif,4.64544922
23-ZnSe-V_Se-POSCAR9-Charged+2.cif,4.64442561
7-ZnO-Zn_i_neut-POSCAR0-Charged+2.cif,4.64
137-AlAs-Al_As-POSCAR1-Charged+2.cif,4.63973737
84-BN-N_i_neut-POSCAR0-Charged+2.cif,4.63182241
9-ZnO-O_i_B-POSCAR0-Charged+2.cif,4.62
23-ZnSe-V_Se-POSCAR25-Charged+2.cif,4.61966625
125-AlP-V_Al-POSCAR0-Charged+2.cif,4.6069564
23-ZnSe-V_Se-POSCAR29-Charged+2.cif,4.6016609
250-SiC-Si_C-POSCAR0-Charged+2.cif,4.6
23-ZnSe-V_Se-POSCAR32-Charged+2.cif,4.58823618
165-GaP-V_Ga-POSCAR0-Charged+2.cif,4.58774858
23-ZnSe-V_Se-POSCAR41-Charged+2.cif,4.58111442
125-AlP-V_Al-POSCAR1-Charged+2.cif,4.57785531
165-GaP-V_Ga-POSCAR1-Charged+2.cif,4.5752103
13-ZnS-V_S-POSCAR15-Charged+2.cif,4.57489995
165-GaP-V_Ga-POSCAR2-Charged+2.cif,4.57
125-AlP-V_Al-POSCAR3-Charged+2.cif,4.55995223
125-AlP-V_Al-POSCAR2-Charged+2.cif,4.5580392
137-AlAs-Al_As-POSCAR2-Charged+2.cif,4.55529824
125-AlP-V_Al-POSCAR4-Charged+2.cif,4.55296387
125-AlP-V_Al-POSCAR5-Charged+2.cif,4.55034906
125-AlP-V_Al-POSCAR6-Charged+2.cif,4.54277865
125-AlP-V_Al-POSCAR7-Charged+2.cif,4.54
18-ZnS-S_i_A-POSCAR1-Charged+2.cif,4.53029886
137-AlAs-Al_As-POSCAR3-Charged+2.cif,4.52313154
23-ZnSe-V_Se-POSCAR3-Charged+2.cif,4.52141718
109-BSb-B_i_A-POSCAR0-Charged+2.cif,4.51362775
109-BSb-B_i_A-POSCAR1-Charged+2.cif,4.51132983
109-BSb-B_i_A-POSCAR2-Charged+2.cif,4.51
137-AlAs-Al_As-POSCAR4-Charged+2.cif,4.51
23-ZnSe-V_Se-POSCAR21-Charged+2.cif,4.50682755
249-SiC-C_Si-POSCAR0-Charged+2.cif,4.47
29-ZnSe-Se_i_B-POSCAR0-Charged+2.cif,4.4524504
18-ZnS-S_i_A-POSCAR2-Charged+2.cif,4.43994294
18-ZnS-S_i_A-POSCAR3-Charged+2.cif,4.42107792
14-ZnS-Zn_S-POSCAR0-Charged+2.cif,4.42035595
18-ZnS-S_i_A-POSCAR4-Charged+2.cif,4.40004928
13-ZnS-V_S-POSCAR5-Charged+2.cif,4.39671885
18-ZnS-S_i_A-POSCAR5-Charged+2.cif,4.39039623
18-ZnS-S_i_A-POSCAR12-Charged+2.cif,4.39
18-ZnS-S_i_A-POSCAR11-Charged+2.cif,4.38973938
18-ZnS-S_i_A-POSCAR7-Charged+2.cif,4.38852103
18-ZnS-S_i_A-POSCAR9-Charged+2.cif,4.38687212
18-ZnS-S_i_A-POSCAR6-Charged+2.cif,4.38347549
13-ZnS-V_S-POSCAR0-Charged+2.cif,4.38342103
18-ZnS-S_i_A-POSCAR8-Charged+2.cif,4.38300658
18-ZnS-S_i_A-POSCAR10-Charged+2.cif,4.3814549
5-ZnO-Zn_i_A-POSCAR0-Charged+2.cif,4.38
23-ZnSe-V_Se-POSCAR0-Charged+2.cif,4.37642233
278-SiGe-V_Ge-POSCAR0-Charged+2.cif,4.37
97-BAs-B_As-POSCAR0-Charged+2.cif,4.30464582
97-BAs-B_As-POSCAR1-Charged+2.cif,4.3
172-GaP-P_i_A-POSCAR0-Charged+2.cif,4.29111241
10-ZnO-O_i_neut-POSCAR0-Charged+2.cif,4.2807349
10-ZnO-O_i_neut-POSCAR1-Charged+2.cif,4.28
24-ZnSe-Zn_Se-POSCAR0-Charged+2.cif,4.27913686
39-ZnTe-Te_i_B-POSCAR0-Charged+2.cif,4.25541531
23-ZnSe-V_Se-POSCAR1-Charged+2.cif,4.23201067
1-ZnO-V_Zn-POSCAR0-Charged+2.cif,4.2
84-BN-N_i_neut-POSCAR3-Charged+2.cif,4.18723618
29-ZnSe-Se_i_B-POSCAR1-Charged+2.cif,4.18431953
277-SiGe-V_Si-POSCAR0-Charged+2.cif,4.18363107
13-ZnS-V_S-POSCAR1-Charged+2.cif,4.165142
277-SiGe-V_Si-POSCAR1-Charged+2.cif,4.16166254
20-ZnS-S_i_neut-POSCAR0-Charged+2.cif,4.14226233
277-SiGe-V_Si-POSCAR2-Charged+2.cif,4.14102663
8-ZnO-O_i_A-POSCAR0-Charged+2.cif,4.14
84-BN-N_i_neut-POSCAR4-Charged+2.cif,4.1385704
277-SiGe-V_Si-POSCAR9-Charged+2.cif,4.13725254
277-SiGe-V_Si-POSCAR3-Charged+2.cif,4.12770921
277-SiGe-V_Si-POSCAR4-Charged+2.cif,4.12498165
277-SiGe-V_Si-POSCAR8-Charged+2.cif,4.1224959
277-SiGe-V_Si-POSCAR6-Charged+2.cif,4.11879837
277-SiGe-V_Si-POSCAR7-Charged+2.cif,4.1153877
277-SiGe-V_Si-POSCAR5-Charged+2.cif,4.11468122
84-BN-N_i_neut-POSCAR5-Charged+2.cif,4.11159269
84-BN-N_i_neut-POSCAR6-Charged+2.cif,4.10919322
277-SiGe-V_Si-POSCAR10-Charged+2.cif,4.10884798
84-BN-N_i_neut-POSCAR8-Charged+2.cif,4.10100876
84-BN-N_i_neut-POSCAR7-Charged+2.cif,4.10053667
84-BN-N_i_neut-POSCAR10-Charged+2.cif,4.1
84-BN-N_i_neut-POSCAR9-Charged+2.cif,4.09999838
277-SiGe-V_Si-POSCAR11-Charged+2.cif,4.09698882
277-SiGe-V_Si-POSCAR12-Charged+2.cif,4.09597382
277-SiGe-V_Si-POSCAR13-Charged+2.cif,4.09413582
277-SiGe-V_Si-POSCAR14-Charged+2.cif,4.08764469
172-GaP-P_i_A-POSCAR1-Charged+2.cif,4.08620402
23-ZnSe-V_Se-POSCAR38-Charged+2.cif,4.08316021
277-SiGe-V_Si-POSCAR16-Charged+2.cif,4.08117278
277-SiGe-V_Si-POSCAR17-Charged+2.cif,4.07693692
277-SiGe-V_Si-POSCAR15-Charged+2.cif,4.070266
277-SiGe-V_Si-POSCAR19-Charged+2.cif,4.06867045
277-SiGe-V_Si-POSCAR20-Charged+2.cif,4.06744689
277-SiGe-V_Si-POSCAR18-Charged+2.cif,4.0664291
39-ZnTe-Te_i_B-POSCAR1-Charged+2.cif,4.06130643
277-SiGe-V_Si-POSCAR21-Charged+2.cif,4.06
123-AlN-N_i_B-POSCAR0-Charged+2.cif,4.03932327
23-ZnSe-V_Se-POSCAR43-Charged+2.cif,4.03729912
44-CdO-Cd_O-POSCAR0-Charged+2.cif,4.03
111-BSb-B_i_neut-POSCAR0-Charged+2.cif,4.02920473
172-GaP-P_i_A-POSCAR2-Charged+2.cif,4.02905565
240-Si-Si_i_neut-POSCAR0-Charged+2.cif,4.02
29-ZnSe-Se_i_B-POSCAR2-Charged+2.cif,4.0156835
41-CdO-V_Cd-POSCAR0-Charged+2.cif,4
111-BSb-B_i_neut-POSCAR1-Charged+2.cif,3.99705296
111-BSb-B_i_neut-POSCAR2-Charged+2.cif,3.98562425
172-GaP-P_i_A-POSCAR3-Charged+2.cif,3.98088334
24-ZnSe-Zn_Se-POSCAR1-Charged+2.cif,3.98071899
29-ZnSe-Se_i_B-POSCAR3-Charged+2.cif,3.97685814
14-ZnS-Zn_S-POSCAR1-Charged+2.cif,3.9749188
111-BSb-B_i_neut-POSCAR3-Charged+2.cif,3.97488504
146-AlSb-V_Sb-POSCAR0-Charged+2.cif,3.97161187
111-BSb-B_i_neut-POSCAR4-Charged+2.cif,3.97
29-ZnSe-Se_i_B-POSCAR5-Charged+2.cif,3.95785604
29-ZnSe-Se_i_B-POSCAR7-Charged+2.cif,3.95650597
29-ZnSe-Se_i_B-POSCAR8-Charged+2.cif,3.95087724
29-ZnSe-Se_i_B-POSCAR10-Charged+2.cif,3.95087645
29-ZnSe-Se_i_B-POSCAR4-Charged+2.cif,3.95078653
29-ZnSe-Se_i_B-POSCAR12-Charged+2.cif,3.94966543
172-GaP-P_i_A-POSCAR4-Charged+2.cif,3.94841167
29-ZnSe-Se_i_B-POSCAR9-Charged+2.cif,3.94586335
29-ZnSe-Se_i_B-POSCAR14-Charged+2.cif,3.94444409
146-AlSb-V_Sb-POSCAR1-Charged+2.cif,3.94313119
29-ZnSe-Se_i_B-POSCAR6-Charged+2.cif,3.94216109
29-ZnSe-Se_i_B-POSCAR15-Charged+2.cif,3.94149717
29-ZnSe-Se_i_B-POSCAR13-Charged+2.cif,3.94029901
172-GaP-P_i_A-POSCAR5-Charged+2.cif,3.94
29-ZnSe-Se_i_B-POSCAR11-Charged+2.cif,3.93948601
29-ZnSe-Se_i_B-POSCAR16-Charged+2.cif,3.93441614
29-ZnSe-Se_i_B-POSCAR20-Charged+2.cif,3.93233817
29-ZnSe-Se_i_B-POSCAR17-Charged+2.cif,3.93196004
29-ZnSe-Se_i_B-POSCAR18-Charged+2.cif,3.93147708
29-ZnSe-Se_i_B-POSCAR21-Charged+2.cif,3.92733021
29-ZnSe-Se_i_B-POSCAR24-Charged+2.cif,3.92444986
29-ZnSe-Se_i_B-POSCAR19-Charged+2.cif,3.9234677
29-ZnSe-Se_i_B-POSCAR25-Charged+2.cif,3.92327569
29-ZnSe-Se_i_B-POSCAR23-Charged+2.cif,3.92314655
29-ZnSe-Se_i_B-POSCAR22-Charged+2.cif,3.92093955
39-ZnTe-Te_i_B-POSCAR2-Charged+2.cif,3.91994661
29-ZnSe-Se_i_B-POSCAR26-Charged+2.cif,3.91753897
29-ZnSe-Se_i_B-POSCAR27-Charged+2.cif,3.91711743
29-ZnSe-Se_i_B-POSCAR28-Charged+2.cif,3.91693974
146-AlSb-V_Sb-POSCAR2-Charged+2.cif,3.9165434
29-ZnSe-Se_i_B-POSCAR30-Charged+2.cif,3.91635682
29-ZnSe-Se_i_B-POSCAR32-Charged+2.cif,3.9153709
29-ZnSe-Se_i_B-POSCAR29-Charged+2.cif,3.91432801
29-ZnSe-Se_i_B-POSCAR33-Charged+2.cif,3.91388953
29-ZnSe-Se_i_B-POSCAR31-Charged+2.cif,3.91362921
29-ZnSe-Se_i_B-POSCAR34-Charged+2.cif,3.91187607
29-ZnSe-Se_i_B-POSCAR35-Charged+2.cif,3.9118133
29-ZnSe-Se_i_B-POSCAR37-Charged+2.cif,3.91104654
29-ZnSe-Se_i_B-POSCAR39-Charged+2.cif,3.91086105
29-ZnSe-Se_i_B-POSCAR38-Charged+2.cif,3.91048333
29-ZnSe-Se_i_B-POSCAR40-Charged+2.cif,3.91
29-ZnSe-Se_i_B-POSCAR36-Charged+2.cif,3.90998493
146-AlSb-V_Sb-POSCAR3-Charged+2.cif,3.9054952
146-AlSb-V_Sb-POSCAR4-Charged+2.cif,3.89076596
39-ZnTe-Te_i_B-POSCAR3-Charged+2.cif,3.88459154
146-AlSb-V_Sb-POSCAR5-Charged+2.cif,3.8827231
146-AlSb-V_Sb-POSCAR6-Charged+2.cif,3.87
238-Si-V_Si-POSCAR0-Charged+2.cif,3.87
23-ZnSe-V_Se-POSCAR2-Charged+2.cif,3.85223388
34-ZnTe-Zn_Te-POSCAR0-Charged+2.cif,3.85087224
39-ZnTe-Te_i_B-POSCAR4-Charged+2.cif,3.84844384
175-GaAs-V_Ga-POSCAR0-Charged+2.cif,3.8443428
13-ZnS-V_S-POSCAR21-Charged+2.cif,3.84420669
28-ZnSe-Se_i_A-POSCAR0-Charged+2.cif,3.84053125
175-GaAs-V_Ga-POSCAR1-Charged+2.cif,3.83309063
39-ZnTe-Te_i_B-POSCAR5-Charged+2.cif,3.82762989
215-InAs-V_In-POSCAR0-Charged+2.cif,3.82361176
175-GaAs-V_Ga-POSCAR2-Charged+2.cif,3.82224241
175-GaAs-V_Ga-POSCAR3-Charged+2.cif,3.82
215-InAs-V_In-POSCAR1-Charged+2.cif,3.81815823
39-ZnTe-Te_i_B-POSCAR6-Charged+2.cif,3.81350733
39-ZnTe-Te_i_B-POSCAR7-Charged+2.cif,3.81085435
39-ZnTe-Te_i_B-POSCAR8-Charged+2.cif,3.81084654
215-InAs-V_In-POSCAR2-Charged+2.cif,3.81
39-ZnTe-Te_i_B-POSCAR9-Charged+2.cif,3.80769118
39-ZnTe-Te_i_B-POSCAR12-Charged+2.cif,3.80449943
39-ZnTe-Te_i_B-POSCAR26-Charged+2.cif,3.80386743
39-ZnTe-Te_i_B-POSCAR11-Charged+2.cif,3.80364321
39-ZnTe-Te_i_B-POSCAR24-Charged+2.cif,3.80357952
39-ZnTe-Te_i_B-POSCAR13-Charged+2.cif,3.80311181
39-ZnTe-Te_i_B-POSCAR27-Charged+2.cif,3.80300999
39-ZnTe-Te_i_B-POSCAR14-Charged+2.cif,3.80250142
39-ZnTe-Te_i_B-POSCAR10-Charged+2.cif,3.80176434
39-ZnTe-Te_i_B-POSCAR25-Charged+2.cif,3.80132366
39-ZnTe-Te_i_B-POSCAR28-Charged+2.cif,3.80041681
39-ZnTe-Te_i_B-POSCAR29-Charged+2.cif,3.8
39-ZnTe-Te_i_B-POSCAR15-Charged+2.cif,3.79942862
39-ZnTe-Te_i_B-POSCAR21-Charged+2.cif,3.79864684
39-ZnTe-Te_i_B-POSCAR16-Charged+2.cif,3.7984712
39-ZnTe-Te_i_B-POSCAR17-Charged+2.cif,3.79520067
39-ZnTe-Te_i_B-POSCAR19-Charged+2.cif,3.79437876
39-ZnTe-Te_i_B-POSCAR22-Charged+2.cif,3.79346403
39-ZnTe-Te_i_B-POSCAR23-Charged+2.cif,3.7909948
39-ZnTe-Te_i_B-POSCAR20-Charged+2.cif,3.79085495
135-AlAs-V_Al-POSCAR0-Charged+2.cif,3.79024678
39-ZnTe-Te_i_B-POSCAR18-Charged+2.cif,3.79010052
171-GaP-Ga_i_neut-POSCAR0-Charged+2.cif,3.78439346
135-AlAs-V_Al-POSCAR1-Charged+2.cif,3.77121916
85-BP-V_B-POSCAR0-Charged+2.cif,3.77015648
167-GaP-Ga_P-POSCAR0-Charged+2.cif,3.75640008
135-AlAs-V_Al-POSCAR2-Charged+2.cif,3.75497292
135-AlAs-V_Al-POSCAR3-Charged+2.cif,3.75178618
14-ZnS-Zn_S-POSCAR2-Charged+2.cif,3.74943193
135-AlAs-V_Al-POSCAR4-Charged+2.cif,3.74920256
135-AlAs-V_Al-POSCAR5-Charged+2.cif,3.7445065
135-AlAs-V_Al-POSCAR6-Charged+2.cif,3.74
24-ZnSe-Zn_Se-POSCAR2-Charged+2.cif,3.73915576
6-ZnO-Zn_i_B-POSCAR0-Charged+2.cif,3.72
38-ZnTe-Te_i_A-POSCAR0-Charged+2.cif,3.6837314
20-ZnS-S_i_neut-POSCAR1-Charged+2.cif,3.67255251
14-ZnS-Zn_S-POSCAR3-Charged+2.cif,3.66764751
28-ZnSe-Se_i_A-POSCAR1-Charged+2.cif,3.66681305
34-ZnTe-Zn_Te-POSCAR1-Charged+2.cif,3.66161939
24-ZnSe-Zn_Se-POSCAR3-Charged+2.cif,3.66010053
293-SiSn-Sn_i_neut-POSCAR0-Charged+2.cif,3.65825265
85-BP-V_B-POSCAR1-Charged+2.cif,3.65384706
171-GaP-Ga_i_neut-POSCAR1-Charged+2.cif,3.64541662
243-Ge-Ge_i_neut-POSCAR0-Charged+2.cif,3.64
126-AlP-V_P-POSCAR16-Charged+2.cif,3.63448921
85-BP-V_B-POSCAR2-Charged+2.cif,3.63064034
133-AlP-P_i_B-POSCAR0-Charged+2.cif,3.63046367
171-GaP-Ga_i_neut-POSCAR2-Charged+2.cif,3.6178558
85-BP-V_B-POSCAR3-Charged+2.cif,3.61754578
293-SiSn-Sn_i_neut-POSCAR1-Charged+2.cif,3.61285582
85-BP-V_B-POSCAR4-Charged+2.cif,3.61
171-GaP-Ga_i_neut-POSCAR6-Charged+2.cif,3.60974386
171-GaP-Ga_i_neut-POSCAR7-Charged+2.cif,3.60719716
293-SiSn-Sn_i_neut-POSCAR4-Charged+2.cif,3.60363529
11-ZnS-V_Zn-POSCAR0-Charged+2.cif,3.60298932
171-GaP-Ga_i_neut-POSCAR8-Charged+2.cif,3.60214443
171-GaP-Ga_i_neut-POSCAR5-Charged+2.cif,3.6011188
167-GaP-Ga_P-POSCAR1-Charged+2.cif,3.60057195
171-GaP-Ga_i_neut-POSCAR13-Charged+2.cif,3.60051801
11-ZnS-V_Zn-POSCAR1-Charged+2.cif,3.6
171-GaP-Ga_i_neut-POSCAR14-Charged+2.cif,3.6
171-GaP-Ga_i_neut-POSCAR12-Charged+2.cif,3.59972497
171-GaP-Ga_i_neut-POSCAR9-Charged+2.cif,3.59887949
293-SiSn-Sn_i_neut-POSCAR5-Charged+2.cif,3.59804286
171-GaP-Ga_i_neut-POSCAR11-Charged+2.cif,3.59728072
171-GaP-Ga_i_neut-POSCAR10-Charged+2.cif,3.59696108
171-GaP-Ga_i_neut-POSCAR3-Charged+2.cif,3.59666645
17-ZnS-Zn_i_neut-POSCAR0-Charged+2.cif,3.59527059
212-InP-P_i_A-POSCAR0-Charged+2.cif,3.59145987
293-SiSn-Sn_i_neut-POSCAR3-Charged+2.cif,3.58806648
293-SiSn-Sn_i_neut-POSCAR6-Charged+2.cif,3.58765575
171-GaP-Ga_i_neut-POSCAR4-Charged+2.cif,3.58503951
293-SiSn-Sn_i_neut-POSCAR7-Charged+2.cif,3.58213274
293-SiSn-Sn_i_neut-POSCAR2-Charged+2.cif,3.58127876
293-SiSn-Sn_i_neut-POSCAR10-Charged+2.cif,3.58023783
293-SiSn-Sn_i_neut-POSCAR11-Charged+2.cif,3.58
293-SiSn-Sn_i_neut-POSCAR9-Charged+2.cif,3.57946738
293-SiSn-Sn_i_neut-POSCAR8-Charged+2.cif,3.5789149
28-ZnSe-Se_i_A-POSCAR2-Charged+2.cif,3.57710749
14-ZnS-Zn_S-POSCAR4-Charged+2.cif,3.57566486
241-Ge-V_Ge-POSCAR0-Charged+2.cif,3.56
28-ZnSe-Se_i_A-POSCAR3-Charged+2.cif,3.55879538
14-ZnS-Zn_S-POSCAR5-Charged+2.cif,3.55703171
14-ZnS-Zn_S-POSCAR6-Charged+2.cif,3.55
181-GaAs-Ga_i_neut-POSCAR0-Charged+2.cif,3.54454433
182-GaAs-As_i_A-POSCAR0-Charged+2.cif,3.54327674
38-ZnTe-Te_i_A-POSCAR1-Charged+2.cif,3.54306387
51-CdS-V_Cd-POSCAR0-Charged+2.cif,3.54
143-AlAs-As_i_B-POSCAR0-Charged+2.cif,3.53835196
28-ZnSe-Se_i_A-POSCAR4-Charged+2.cif,3.53791332
24-ZnSe-Zn_Se-POSCAR4-Charged+2.cif,3.53579682
167-GaP-Ga_P-POSCAR2-Charged+2.cif,3.53312669
28-ZnSe-Se_i_A-POSCAR5-Charged+2.cif,3.52796641
50-CdO-O_i_neut-POSCAR5-Charged+2.cif,3.52131829
50-CdO-O_i_neut-POSCAR6-Charged+2.cif,3.52027908
28-ZnSe-Se_i_A-POSCAR6-Charged+2.cif,3.52
50-CdO-O_i_neut-POSCAR9-Charged+2.cif,3.52
50-CdO-O_i_neut-POSCAR7-Charged+2.cif,3.51992396
50-CdO-O_i_neut-POSCAR8-Charged+2.cif,3.51986546
50-CdO-O_i_neut-POSCAR4-Charged+2.cif,3.51618001
50-CdO-O_i_neut-POSCAR0-Charged+2.cif,3.51554431
50-CdO-O_i_neut-POSCAR1-Charged+2.cif,3.51514092
50-CdO-O_i_neut-POSCAR2-Charged+2.cif,3.51474207
50-CdO-O_i_neut-POSCAR3-Charged+2.cif,3.51432882
24-ZnSe-Zn_Se-POSCAR5-Charged+2.cif,3.50492742
49-CdO-O_i_B-POSCAR9-Charged+2.cif,3.5
49-CdO-O_i_B-POSCAR7-Charged+2.cif,3.49837176
49-CdO-O_i_B-POSCAR3-Charged+2.cif,3.49747317
167-GaP-Ga_P-POSCAR3-Charged+2.cif,3.49691455
49-CdO-O_i_B-POSCAR6-Charged+2.cif,3.49454808
49-CdO-O_i_B-POSCAR2-Charged+2.cif,3.49330311
49-CdO-O_i_B-POSCAR0-Charged+2.cif,3.49278756
49-CdO-O_i_B-POSCAR1-Charged+2.cif,3.49253789
49-CdO-O_i_B-POSCAR5-Charged+2.cif,3.49226179
49-CdO-O_i_B-POSCAR4-Charged+2.cif,3.4913632
177-GaAs-Ga_As-POSCAR0-Charged+2.cif,3.49011565
24-ZnSe-Zn_Se-POSCAR6-Charged+2.cif,3.49
167-GaP-Ga_P-POSCAR4-Charged+2.cif,3.49
49-CdO-O_i_B-POSCAR8-Charged+2.cif,3.48944435
173-GaP-P_i_B-POSCAR0-Charged+2.cif,3.47927987
174-GaP-P_i_neut-POSCAR0-Charged+2.cif,3.46936283
147-AlSb-Al_Sb-POSCAR0-Charged+2.cif,3.46886227
38-ZnTe-Te_i_A-POSCAR2-Charged+2.cif,3.44765197
34-ZnTe-Zn_Te-POSCAR2-Charged+2.cif,3.44519783
181-GaAs-Ga_i_neut-POSCAR1-Charged+2.cif,3.44373036
38-ZnTe-Te_i_A-POSCAR3-Charged+2.cif,3.43376444
184-GaAs-As_i_neut-POSCAR0-Charged+2.cif,3.4274272
212-InP-P_i_A-POSCAR1-Charged+2.cif,3.4233121
147-AlSb-Al_Sb-POSCAR1-Charged+2.cif,3.42219498
181-GaAs-Ga_i_neut-POSCAR6-Charged+2.cif,3.42047085
181-GaAs-Ga_i_neut-POSCAR7-Charged+2.cif,3.41970005
183-GaAs-As_i_B-POSCAR0-Charged+2.cif,3.41966793
181-GaAs-Ga_i_neut-POSCAR8-Charged+2.cif,3.41444095
38-ZnTe-Te_i_A-POSCAR4-Charged+2.cif,3.41363028
182-GaAs-As_i_A-POSCAR1-Charged+2.cif,3.41318352
181-GaAs-Ga_i_neut-POSCAR5-Charged+2.cif,3.41098254
181-GaAs-Ga_i_neut-POSCAR15-Charged+2.cif,3.41
181-GaAs-Ga_i_neut-POSCAR2-Charged+2.cif,3.40907487
181-GaAs-Ga_i_neut-POSCAR14-Charged+2.cif,3.409069
181-GaAs-Ga_i_neut-POSCAR9-Charged+2.cif,3.40830745
38-ZnTe-Te_i_A-POSCAR5-Charged+2.cif,3.4066715
181-GaAs-Ga_i_neut-POSCAR13-Charged+2.cif,3.40609058
184-GaAs-As_i_neut-POSCAR1-Charged+2.cif,3.40538024
181-GaAs-Ga_i_neut-POSCAR10-Charged+2.cif,3.40476457
181-GaAs-Ga_i_neut-POSCAR12-Charged+2.cif,3.40342733
181-GaAs-Ga_i_neut-POSCAR11-Charged+2.cif,3.40254713
126-AlP-V_P-POSCAR15-Charged+2.cif,3.4007294
177-GaAs-Ga_As-POSCAR1-Charged+2.cif,3.40063002
38-ZnTe-Te_i_A-POSCAR6-Charged+2.cif,3.4
184-GaAs-As_i_neut-POSCAR2-Charged+2.cif,3.39268352
298-GeSn-V_Sn-POSCAR0-Charged+2.cif,3.39
34-ZnTe-Zn_Te-POSCAR3-Charged+2.cif,3.38939019
181-GaAs-Ga_i_neut-POSCAR3-Charged+2.cif,3.38787226
184-GaAs-As_i_neut-POSCAR3-Charged+2.cif,3.38717048
147-AlSb-Al_Sb-POSCAR2-Charged+2.cif,3.386059
132-AlP-P_i_A-POSCAR0-Charged+2.cif,3.3850142
181-GaAs-Ga_i_neut-POSCAR4-Charged+2.cif,3.38356019
184-GaAs-As_i_neut-POSCAR4-Charged+2.cif,3.38317939
184-GaAs-As_i_neut-POSCAR9-Charged+2.cif,3.38
184-GaAs-As_i_neut-POSCAR8-Charged+2.cif,3.37978022
184-GaAs-As_i_neut-POSCAR5-Charged+2.cif,3.37914682
126-AlP-V_P-POSCAR0-Charged+2.cif,3.37897507
184-GaAs-As_i_neut-POSCAR7-Charged+2.cif,3.37853857
184-GaAs-As_i_neut-POSCAR6-Charged+2.cif,3.37779008
147-AlSb-Al_Sb-POSCAR3-Charged+2.cif,3.3770654
147-AlSb-Al_Sb-POSCAR4-Charged+2.cif,3.37
174-GaP-P_i_neut-POSCAR1-Charged+2.cif,3.36955697
182-GaAs-As_i_A-POSCAR2-Charged+2.cif,3.36158936
212-InP-P_i_A-POSCAR2-Charged+2.cif,3.35623652
177-GaAs-Ga_As-POSCAR2-Charged+2.cif,3.3485496
183-GaAs-As_i_B-POSCAR1-Charged+2.cif,3.34680759
163-GaN-N_i_B-POSCAR0-Charged+2.cif,3.33972899
126-AlP-V_P-POSCAR1-Charged+2.cif,3.33073802
177-GaAs-Ga_As-POSCAR3-Charged+2.cif,3.33021287
126-AlP-V_P-POSCAR8-Charged+2.cif,3.32907726
174-GaP-P_i_neut-POSCAR2-Charged+2.cif,3.32675552
183-GaAs-As_i_B-POSCAR2-Charged+2.cif,3.32419806
126-AlP-V_P-POSCAR12-Charged+2.cif,3.32055593
177-GaAs-Ga_As-POSCAR4-Charged+2.cif,3.32
183-GaAs-As_i_B-POSCAR3-Charged+2.cif,3.32
182-GaAs-As_i_A-POSCAR3-Charged+2.cif,3.31879169
174-GaP-P_i_neut-POSCAR4-Charged+2.cif,3.31783745
126-AlP-V_P-POSCAR2-Charged+2.cif,3.31689845
174-GaP-P_i_neut-POSCAR5-Charged+2.cif,3.31259644
134-AlP-P_i_neut-POSCAR0-Charged+2.cif,3.31233245
30-ZnSe-Se_i_neut-POSCAR0-Charged+2.cif,3.30904761
126-AlP-V_P-POSCAR7-Charged+2.cif,3.30768209
126-AlP-V_P-POSCAR3-Charged+2.cif,3.30675621
126-AlP-V_P-POSCAR11-Charged+2.cif,3.30523791
174-GaP-P_i_neut-POSCAR3-Charged+2.cif,3.30285758
126-AlP-V_P-POSCAR4-Charged+2.cif,3.30269991
174-GaP-P_i_neut-POSCAR6-Charged+2.cif,3.29888393
182-GaAs-As_i_A-POSCAR4-Charged+2.cif,3.29784461
126-AlP-V_P-POSCAR6-Charged+2.cif,3.29765465
126-AlP-V_P-POSCAR9-Charged+2.cif,3.29511177
173-GaP-P_i_B-POSCAR1-Charged+2.cif,3.29510847
126-AlP-V_P-POSCAR5-Charged+2.cif,3.29450886
174-GaP-P_i_neut-POSCAR7-Charged+2.cif,3.29377364
126-AlP-V_P-POSCAR13-Charged+2.cif,3.29364028
212-InP-P_i_A-POSCAR3-Charged+2.cif,3.29106971
174-GaP-P_i_neut-POSCAR8-Charged+2.cif,3.29
182-GaAs-As_i_A-POSCAR5-Charged+2.cif,3.29
131-AlP-Al_i_neut-POSCAR0-Charged+2.cif,3.28530443
153-AlSb-Sb_i_B-POSCAR0-Charged+2.cif,3.28523632
141-AlAs-Al_i_neut-POSCAR0-Charged+2.cif,3.28087945
12-ZnS-S_Zn-POSCAR0-Charged+2.cif,3.27758696
166-GaP-V_P-POSCAR11-Charged+2.cif,3.27132692
286-SiGe-Si_i_neut-POSCAR0-Charged+2.cif,3.27
23-ZnSe-V_Se-POSCAR33-Charged+2.cif,3.26444656
212-InP-P_i_A-POSCAR4-Charged+2.cif,3.2616957
285-SiGe-Si_i_B-POSCAR0-Charged+2.cif,3.25
133-AlP-P_i_B-POSCAR1-Charged+2.cif,3.24910047
20-ZnS-S_i_neut-POSCAR2-Charged+2.cif,3.24821008
34-ZnTe-Zn_Te-POSCAR4-Charged+2.cif,3.24757157
166-GaP-V_P-POSCAR0-Charged+2.cif,3.24736468
297-GeSn-V_Ge-POSCAR0-Charged+2.cif,3.24432909
173-GaP-P_i_B-POSCAR2-Charged+2.cif,3.24076261
297-GeSn-V_Ge-POSCAR1-Charged+2.cif,3.24
145-AlSb-V_Al-POSCAR0-Charged+2.cif,3.23923796
144-AlAs-As_i_neut-POSCAR0-Charged+2.cif,3.23324427
145-AlSb-V_Al-POSCAR1-Charged+2.cif,3.23125626
143-AlAs-As_i_B-POSCAR1-Charged+2.cif,3.2279452
145-AlSb-V_Al-POSCAR2-Charged+2.cif,3.22208494
145-AlSb-V_Al-POSCAR3-Charged+2.cif,3.22
212-InP-P_i_A-POSCAR5-Charged+2.cif,3.22
173-GaP-P_i_B-POSCAR3-Charged+2.cif,3.21900413
225-InSb-V_In-POSCAR0-Charged+2.cif,3.21438763
173-GaP-P_i_B-POSCAR4-Charged+2.cif,3.21385524
225-InSb-V_In-POSCAR1-Charged+2.cif,3.21032967
173-GaP-P_i_B-POSCAR5-Charged+2.cif,3.21
126-AlP-V_P-POSCAR10-Charged+2.cif,3.20509582
34-ZnTe-Zn_Te-POSCAR5-Charged+2.cif,3.20246922
225-InSb-V_In-POSCAR2-Charged+2.cif,3.2
166-GaP-V_P-POSCAR1-Charged+2.cif,3.19727958
136-AlAs-V_As-POSCAR0-Charged+2.cif,3.18415974
194-GaSb-Sb_i_neut-POSCAR8-Charged+2.cif,3.18282469
194-GaSb-Sb_i_neut-POSCAR9-Charged+2.cif,3.18278619
194-GaSb-Sb_i_neut-POSCAR10-Charged+2.cif,3.18
95-BAs-V_B-POSCAR0-Charged+2.cif,3.17909298
194-GaSb-Sb_i_neut-POSCAR7-Charged+2.cif,3.17775014
15-ZnS-Zn_i_A-POSCAR0-Charged+2.cif,3.17647236
166-GaP-V_P-POSCAR2-Charged+2.cif,3.17620662
123-AlN-N_i_B-POSCAR1-Charged+2.cif,3.16916519
131-AlP-Al_i_neut-POSCAR1-Charged+2.cif,3.16721884
194-GaSb-Sb_i_neut-POSCAR6-Charged+2.cif,3.16246955
166-GaP-V_P-POSCAR3-Charged+2.cif,3.16110002
34-ZnTe-Zn_Te-POSCAR6-Charged+2.cif,3.15997591
166-GaP-V_P-POSCAR8-Charged+2.cif,3.15587601
166-GaP-V_P-POSCAR4-Charged+2.cif,3.15465702
166-GaP-V_P-POSCAR9-Charged+2.cif,3.1532376
131-AlP-Al_i_neut-POSCAR2-Charged+2.cif,3.15203798
131-AlP-Al_i_neut-POSCAR9-Charged+2.cif,3.15090561
34-ZnTe-Zn_Te-POSCAR7-Charged+2.cif,3.15
131-AlP-Al_i_neut-POSCAR10-Charged+2.cif,3.15
166-GaP-V_P-POSCAR10-Charged+2.cif,3.14832897
166-GaP-V_P-POSCAR7-Charged+2.cif,3.14790334
131-AlP-Al_i_neut-POSCAR8-Charged+2.cif,3.14645286
131-AlP-Al_i_neut-POSCAR7-Charged+2.cif,3.14536674
166-GaP-V_P-POSCAR5-Charged+2.cif,3.14399597
166-GaP-V_P-POSCAR6-Charged+2.cif,3.14367552
131-AlP-Al_i_neut-POSCAR6-Charged+2.cif,3.14275883
131-AlP-Al_i_neut-POSCAR3-Charged+2.cif,3.14262666
194-GaSb-Sb_i_neut-POSCAR5-Charged+2.cif,3.14061696
133-AlP-P_i_B-POSCAR2-Charged+2.cif,3.14000864
131-AlP-Al_i_neut-POSCAR5-Charged+2.cif,3.13616956
131-AlP-Al_i_neut-POSCAR4-Charged+2.cif,3.13395574
194-GaSb-Sb_i_neut-POSCAR0-Charged+2.cif,3.13334787
136-AlAs-V_As-POSCAR1-Charged+2.cif,3.13177974
153-AlSb-Sb_i_B-POSCAR1-Charged+2.cif,3.12777686
143-AlAs-As_i_B-POSCAR2-Charged+2.cif,3.12691953
194-GaSb-Sb_i_neut-POSCAR1-Charged+2.cif,3.1229498
194-GaSb-Sb_i_neut-POSCAR4-Charged+2.cif,3.11716987
107-BSb-B_Sb-POSCAR0-Charged+2.cif,3.11482183
176-GaAs-V_As-POSCAR0-Charged+2.cif,3.1135197
107-BSb-B_Sb-POSCAR1-Charged+2.cif,3.11
194-GaSb-Sb_i_neut-POSCAR2-Charged+2.cif,3.10983005
166-GaP-V_P-POSCAR12-Charged+2.cif,3.1076036
141-AlAs-Al_i_neut-POSCAR1-Charged+2.cif,3.10613704
169-GaP-Ga_i_A-POSCAR0-Charged+2.cif,3.10500982
136-AlAs-V_As-POSCAR2-Charged+2.cif,3.10364136
194-GaSb-Sb_i_neut-POSCAR3-Charged+2.cif,3.09948229
132-AlP-P_i_A-POSCAR1-Charged+2.cif,3.09396211
12-ZnS-S_Zn-POSCAR1-Charged+2.cif,3.09164563
136-AlAs-V_As-POSCAR3-Charged+2.cif,3.08821451
20-ZnS-S_i_neut-POSCAR3-Charged+2.cif,3.08633232
176-GaAs-V_As-POSCAR1-Charged+2.cif,3.08433554
133-AlP-P_i_B-POSCAR3-Charged+2.cif,3.08318953
143-AlAs-As_i_B-POSCAR3-Charged+2.cif,3.07981474
136-AlAs-V_As-POSCAR4-Charged+2.cif,3.07714775
95-BAs-V_B-POSCAR1-Charged+2.cif,3.07567166
141-AlAs-Al_i_neut-POSCAR2-Charged+2.cif,3.07379457
126-AlP-V_P-POSCAR17-Charged+2.cif,3.07106804
136-AlAs-V_As-POSCAR5-Charged+2.cif,3.07
176-GaAs-V_As-POSCAR2-Charged+2.cif,3.06418359
143-AlAs-As_i_B-POSCAR4-Charged+2.cif,3.06237024
141-AlAs-Al_i_neut-POSCAR3-Charged+2.cif,3.06076371
186-GaSb-V_Sb-POSCAR0-Charged+2.cif,3.05826882
95-BAs-V_B-POSCAR2-Charged+2.cif,3.05797073
133-AlP-P_i_B-POSCAR4-Charged+2.cif,3.05623726
141-AlAs-Al_i_neut-POSCAR4-Charged+2.cif,3.05565387
169-GaP-Ga_i_A-POSCAR1-Charged+2.cif,3.05481716
176-GaAs-V_As-POSCAR3-Charged+2.cif,3.05427931
141-AlAs-Al_i_neut-POSCAR5-Charged+2.cif,3.05086298
141-AlAs-Al_i_neut-POSCAR10-Charged+2.cif,3.05053888
141-AlAs-Al_i_neut-POSCAR11-Charged+2.cif,3.05
141-AlAs-Al_i_neut-POSCAR9-Charged+2.cif,3.04960761
141-AlAs-Al_i_neut-POSCAR6-Charged+2.cif,3.04878373
141-AlAs-Al_i_neut-POSCAR8-Charged+2.cif,3.0484973
141-AlAs-Al_i_neut-POSCAR7-Charged+2.cif,3.04753297
20-ZnS-S_i_neut-POSCAR4-Charged+2.cif,3.04711705
134-AlP-P_i_neut-POSCAR1-Charged+2.cif,3.04686477
176-GaAs-V_As-POSCAR4-Charged+2.cif,3.04615914
95-BAs-V_B-POSCAR3-Charged+2.cif,3.04584878
169-GaP-Ga_i_A-POSCAR2-Charged+2.cif,3.044726
186-GaSb-V_Sb-POSCAR1-Charged+2.cif,3.04394895
143-AlAs-As_i_B-POSCAR5-Charged+2.cif,3.04284976
95-BAs-V_B-POSCAR4-Charged+2.cif,3.04
143-AlAs-As_i_B-POSCAR6-Charged+2.cif,3.04
169-GaP-Ga_i_A-POSCAR3-Charged+2.cif,3.04
176-GaAs-V_As-POSCAR5-Charged+2.cif,3.04
153-AlSb-Sb_i_B-POSCAR2-Charged+2.cif,3.03569448
133-AlP-P_i_B-POSCAR5-Charged+2.cif,3.03497654
132-AlP-P_i_A-POSCAR2-Charged+2.cif,3.03396424
133-AlP-P_i_B-POSCAR6-Charged+2.cif,3.03
144-AlAs-As_i_neut-POSCAR1-Charged+2.cif,3.02925369
186-GaSb-V_Sb-POSCAR2-Charged+2.cif,3.02854556
186-GaSb-V_Sb-POSCAR3-Charged+2.cif,3.02405382
20-ZnS-S_i_neut-POSCAR5-Charged+2.cif,3.01865977
186-GaSb-V_Sb-POSCAR4-Charged+2.cif,3.0186021
186-GaSb-V_Sb-POSCAR5-Charged+2.cif,3.01563111
186-GaSb-V_Sb-POSCAR6-Charged+2.cif,3.01
20-ZnS-S_i_neut-POSCAR6-Charged+2.cif,3.00918341
153-AlSb-Sb_i_B-POSCAR3-Charged+2.cif,3.00673861
40-ZnTe-Te_i_neut-POSCAR0-Charged+2.cif,3.00149899
20-ZnS-S_i_neut-POSCAR7-Charged+2.cif,3.00055169
283-SiGe-Ge_i_neut-POSCAR0-Charged+2.cif,3
16-ZnS-Zn_i_B-POSCAR0-Charged+2.cif,2.99725383
20-ZnS-S_i_neut-POSCAR8-Charged+2.cif,2.99547952
20-ZnS-S_i_neut-POSCAR9-Charged+2.cif,2.99168111
20-ZnS-S_i_neut-POSCAR10-Charged+2.cif,2.99
55-CdSe-V_Cd-POSCAR0-Charged+2.cif,2.99
132-AlP-P_i_A-POSCAR3-Charged+2.cif,2.98956643
193-GaSb-Sb_i_B-POSCAR0-Charged+2.cif,2.98840152
153-AlSb-Sb_i_B-POSCAR4-Charged+2.cif,2.97965759
162-GaN-N_i_A-POSCAR0-Charged+2.cif,2.9731213
3-ZnO-V_O-POSCAR0-Charged+2.cif,2.97
282-SiGe-Ge_i_B-POSCAR0-Charged+2.cif,2.97
303-GeSn-Sn_i_neut-POSCAR0-Charged+2.cif,2.96912751
126-AlP-V_P-POSCAR14-Charged+2.cif,2.96737436
153-AlSb-Sb_i_B-POSCAR5-Charged+2.cif,2.96403711
132-AlP-P_i_A-POSCAR4-Charged+2.cif,2.96393114
193-GaSb-Sb_i_B-POSCAR1-Charged+2.cif,2.96383199
132-AlP-P_i_A-POSCAR5-Charged+2.cif,2.96
303-GeSn-Sn_i_neut-POSCAR1-Charged+2.cif,2.95769839
142-AlAs-As_i_A-POSCAR0-Charged+2.cif,2.95481595
153-AlSb-Sb_i_B-POSCAR6-Charged+2.cif,2.95337032
303-GeSn-Sn_i_neut-POSCAR2-Charged+2.cif,2.95240065
153-AlSb-Sb_i_B-POSCAR7-Charged+2.cif,2.95
193-GaSb-Sb_i_B-POSCAR2-Charged+2.cif,2.95
303-GeSn-Sn_i_neut-POSCAR3-Charged+2.cif,2.95
123-AlN-N_i_B-POSCAR2-Charged+2.cif,2.94817613
48-CdO-O_i_A-POSCAR0-Charged+2.cif,2.93
144-AlAs-As_i_neut-POSCAR2-Charged+2.cif,2.92605148
19-ZnS-S_i_B-POSCAR0-Charged+2.cif,2.91663303
296-SiSn-Si_i_neut-POSCAR0-Charged+2.cif,2.91343711
21-ZnSe-V_Zn-POSCAR0-Charged+2.cif,2.91180727
30-ZnSe-Se_i_neut-POSCAR1-Charged+2.cif,2.91161722
21-ZnSe-V_Zn-POSCAR1-Charged+2.cif,2.90594025
21-ZnSe-V_Zn-POSCAR2-Charged+2.cif,2.9
134-AlP-P_i_neut-POSCAR2-Charged+2.cif,2.89793317
244-Sn-V_Sn-POSCAR0-Charged+2.cif,2.89
166-GaP-V_P-POSCAR13-Charged+2.cif,2.8829816
211-InP-In_i_neut-POSCAR0-Charged+2.cif,2.88222059
185-GaSb-V_Ga-POSCAR0-Charged+2.cif,2.87758062
296-SiSn-Si_i_neut-POSCAR1-Charged+2.cif,2.87639262
185-GaSb-V_Ga-POSCAR1-Charged+2.cif,2.86986634
296-SiSn-Si_i_neut-POSCAR6-Charged+2.cif,2.86343125
296-SiSn-Si_i_neut-POSCAR7-Charged+2.cif,2.86284713
185-GaSb-V_Ga-POSCAR2-Charged+2.cif,2.86
296-SiSn-Si_i_neut-POSCAR8-Charged+2.cif,2.85756416
144-AlAs-As_i_neut-POSCAR3-Charged+2.cif,2.8556685
296-SiSn-Si_i_neut-POSCAR2-Charged+2.cif,2.8543845
296-SiSn-Si_i_neut-POSCAR9-Charged+2.cif,2.85345757
239-Si-Si_i_A-POSCAR0-Charged+2.cif,2.85
296-SiSn-Si_i_neut-POSCAR16-Charged+2.cif,2.85
296-SiSn-Si_i_neut-POSCAR15-Charged+2.cif,2.84907076
296-SiSn-Si_i_neut-POSCAR10-Charged+2.cif,2.84843974
296-SiSn-Si_i_neut-POSCAR14-Charged+2.cif,2.84814151
296-SiSn-Si_i_neut-POSCAR12-Charged+2.cif,2.84679614
296-SiSn-Si_i_neut-POSCAR11-Charged+2.cif,2.84655757
296-SiSn-Si_i_neut-POSCAR13-Charged+2.cif,2.84645425
123-AlN-N_i_B-POSCAR4-Charged+2.cif,2.84425242
108-BSb-Sb_B-POSCAR0-Charged+2.cif,2.84276313
296-SiSn-Si_i_neut-POSCAR5-Charged+2.cif,2.83610814
12-ZnS-S_Zn-POSCAR2-Charged+2.cif,2.83218042
296-SiSn-Si_i_neut-POSCAR3-Charged+2.cif,2.83137041
144-AlAs-As_i_neut-POSCAR4-Charged+2.cif,2.82651801
19-ZnS-S_i_B-POSCAR1-Charged+2.cif,2.82103205
296-SiSn-Si_i_neut-POSCAR4-Charged+2.cif,2.8172749
123-AlN-N_i_B-POSCAR5-Charged+2.cif,2.80483919
144-AlAs-As_i_neut-POSCAR5-Charged+2.cif,2.79176373
134-AlP-P_i_neut-POSCAR3-Charged+2.cif,2.79173966
19-ZnS-S_i_B-POSCAR2-Charged+2.cif,2.7914077
284-SiGe-Si_i_A-POSCAR0-Charged+2.cif,2.79
192-GaSb-Ab_i_A-POSCAR0-Charged+2.cif,2.7898119
166-GaP-V_P-POSCAR14-Charged+2.cif,2.78512479
47-CdO-Cd_i_neut-POSCAR0-Charged+2.cif,2.78
162-GaN-N_i_A-POSCAR1-Charged+2.cif,2.77286712
144-AlAs-As_i_neut-POSCAR6-Charged+2.cif,2.77009021
144-AlAs-As_i_neut-POSCAR7-Charged+2.cif,2.76776626
179-GaAs-Ga_i_A-POSCAR0-Charged+2.cif,2.76590997
144-AlAs-As_i_neut-POSCAR8-Charged+2.cif,2.76254808
65-CdTe-V_Cd-POSCAR0-Charged+2.cif,2.76
144-AlAs-As_i_neut-POSCAR9-Charged+2.cif,2.76
19-ZnS-S_i_B-POSCAR3-Charged+2.cif,2.75890269
126-AlP-V_P-POSCAR19-Charged+2.cif,2.75755427
179-GaAs-Ga_i_A-POSCAR1-Charged+2.cif,2.75711439
123-AlN-N_i_B-POSCAR3-Charged+2.cif,2.75709926
126-AlP-V_P-POSCAR18-Charged+2.cif,2.75619902
126-AlP-V_P-POSCAR20-Charged+2.cif,2.7554993
211-InP-In_i_neut-POSCAR1-Charged+2.cif,2.75402748
126-AlP-V_P-POSCAR21-Charged+2.cif,2.75
179-GaAs-Ga_i_A-POSCAR2-Charged+2.cif,2.75
192-GaSb-Ab_i_A-POSCAR1-Charged+2.cif,2.74950647
166-GaP-V_P-POSCAR15-Charged+2.cif,2.74
134-AlP-P_i_neut-POSCAR4-Charged+2.cif,2.73390803
40-ZnTe-Te_i_neut-POSCAR1-Charged+2.cif,2.73169732
295-SiSn-Si_i_B-POSCAR0-Charged+2.cif,2.72992959
162-GaN-N_i_A-POSCAR2-Charged+2.cif,2.72754955
142-AlAs-As_i_A-POSCAR1-Charged+2.cif,2.72744578
19-ZnS-S_i_B-POSCAR4-Charged+2.cif,2.72647262
192-GaSb-Ab_i_A-POSCAR2-Charged+2.cif,2.72470835
134-AlP-P_i_neut-POSCAR5-Charged+2.cif,2.7237316
295-SiSn-Si_i_B-POSCAR1-Charged+2.cif,2.72191942
108-BSb-Sb_B-POSCAR1-Charged+2.cif,2.72120756
134-AlP-P_i_neut-POSCAR6-Charged+2.cif,2.72
295-SiSn-Si_i_B-POSCAR2-Charged+2.cif,2.72
211-InP-In_i_neut-POSCAR7-Charged+2.cif,2.71835674
211-InP-In_i_neut-POSCAR2-Charged+2.cif,2.71751958
12-ZnS-S_Zn-POSCAR3-Charged+2.cif,2.71612537
211-InP-In_i_neut-POSCAR8-Charged+2.cif,2.71603731
211-InP-In_i_neut-POSCAR6-Charged+2.cif,2.71367966
192-GaSb-Ab_i_A-POSCAR3-Charged+2.cif,2.7125997
108-BSb-Sb_B-POSCAR2-Charged+2.cif,2.71123992
108-BSb-Sb_B-POSCAR3-Charged+2.cif,2.71
211-InP-In_i_neut-POSCAR16-Charged+2.cif,2.71
211-InP-In_i_neut-POSCAR9-Charged+2.cif,2.70965161
211-InP-In_i_neut-POSCAR15-Charged+2.cif,2.70866006
162-GaN-N_i_A-POSCAR3-Charged+2.cif,2.70853934
19-ZnS-S_i_B-POSCAR5-Charged+2.cif,2.70638515
211-InP-In_i_neut-POSCAR10-Charged+2.cif,2.70464297
211-InP-In_i_neut-POSCAR14-Charged+2.cif,2.70208989
211-InP-In_i_neut-POSCAR11-Charged+2.cif,2.70088485
211-InP-In_i_neut-POSCAR13-Charged+2.cif,2.70066778
162-GaN-N_i_A-POSCAR4-Charged+2.cif,2.7
211-InP-In_i_neut-POSCAR12-Charged+2.cif,2.6996273
211-InP-In_i_neut-POSCAR3-Charged+2.cif,2.69944706
211-InP-In_i_neut-POSCAR5-Charged+2.cif,2.69907182
192-GaSb-Ab_i_A-POSCAR4-Charged+2.cif,2.6956885
19-ZnS-S_i_B-POSCAR6-Charged+2.cif,2.6952655
151-AlSb-Al_i_neut-POSCAR0-Charged+2.cif,2.69382565
192-GaSb-Ab_i_A-POSCAR5-Charged+2.cif,2.69
211-InP-In_i_neut-POSCAR4-Charged+2.cif,2.68799383
19-ZnS-S_i_B-POSCAR7-Charged+2.cif,2.68408956
163-GaN-N_i_B-POSCAR1-Charged+2.cif,2.67827456
19-ZnS-S_i_B-POSCAR8-Charged+2.cif,2.67648043
123-AlN-N_i_B-POSCAR7-Charged+2.cif,2.67226444
25-ZnSe-Zn_i_A-POSCAR0-Charged+2.cif,2.67076982
19-ZnS-S_i_B-POSCAR9-Charged+2.cif,2.66919138
19-ZnS-S_i_B-POSCAR10-Charged+2.cif,2.66684931
142-AlAs-As_i_A-POSCAR2-Charged+2.cif,2.6662525
19-ZnS-S_i_B-POSCAR11-Charged+2.cif,2.66523181
73-CdTe-Te_i_B-POSCAR0-Charged+2.cif,2.66
213-InP-P_i_B-POSCAR0-Charged+2.cif,2.6576614
19-ZnS-S_i_B-POSCAR12-Charged+2.cif,2.65738843
180-GaAs-Ga_i_B-POSCAR0-Charged+2.cif,2.65738288
19-ZnS-S_i_B-POSCAR13-Charged+2.cif,2.65419081
19-ZnS-S_i_B-POSCAR14-Charged+2.cif,2.65135337
207-InP-In_P-POSCAR0-Charged+2.cif,2.65051952
19-ZnS-S_i_B-POSCAR22-Charged+2.cif,2.65
19-ZnS-S_i_B-POSCAR15-Charged+2.cif,2.64949577
19-ZnS-S_i_B-POSCAR18-Charged+2.cif,2.64927511
19-ZnS-S_i_B-POSCAR21-Charged+2.cif,2.64890872
19-ZnS-S_i_B-POSCAR16-Charged+2.cif,2.64867996
19-ZnS-S_i_B-POSCAR17-Charged+2.cif,2.64861012
19-ZnS-S_i_B-POSCAR19-Charged+2.cif,2.64814961
19-ZnS-S_i_B-POSCAR20-Charged+2.cif,2.64762906
105-BSb-V_B-POSCAR0-Charged+2.cif,2.6447515
152-AlSb-Sb_i_A-POSCAR0-Charged+2.cif,2.62766689
142-AlAs-As_i_A-POSCAR3-Charged+2.cif,2.62463936
63-CdSe-Se_i_B-POSCAR0-Charged+2.cif,2.62
12-ZnS-S_Zn-POSCAR4-Charged+2.cif,2.61994528
170-GaP-Ga_i_B-POSCAR0-Charged+2.cif,2.61630257
217-InAs-In_As-POSCAR0-Charged+2.cif,2.6124133
62-CdSe-Se_i_A-POSCAR0-Charged+2.cif,2.61
142-AlAs-As_i_A-POSCAR4-Charged+2.cif,2.60516447
180-GaAs-Ga_i_B-POSCAR1-Charged+2.cif,2.60241006
222-InAs-As_i_A-POSCAR0-Charged+2.cif,2.60222453
142-AlAs-As_i_A-POSCAR5-Charged+2.cif,2.6
151-AlSb-Al_i_neut-POSCAR1-Charged+2.cif,2.59548909
180-GaAs-Ga_i_B-POSCAR2-Charged+2.cif,2.59
242-Ge-Ge_i_A-POSCAR0-Charged+2.cif,2.59
281-SiGe-Ge_i_A-POSCAR0-Charged+2.cif,2.59
12-ZnS-S_Zn-POSCAR5-Charged+2.cif,2.58697207
30-ZnSe-Se_i_neut-POSCAR2-Charged+2.cif,2.57719708
17-ZnS-Zn_i_neut-POSCAR1-Charged+2.cif,2.56591296
163-GaN-N_i_B-POSCAR2-Charged+2.cif,2.56164695
191-GaSb-Ga_i_neut-POSCAR0-Charged+2.cif,2.55818474
105-BSb-V_B-POSCAR1-Charged+2.cif,2.55666156
151-AlSb-Al_i_neut-POSCAR2-Charged+2.cif,2.55377691
292-SiSn-Sn_i_B-POSCAR0-Charged+2.cif,2.55173376
191-GaSb-Ga_i_neut-POSCAR1-Charged+2.cif,2.55013116
292-SiSn-Sn_i_B-POSCAR1-Charged+2.cif,2.55
170-GaP-Ga_i_B-POSCAR1-Charged+2.cif,2.54636003
191-GaSb-Ga_i_neut-POSCAR2-Charged+2.cif,2.54390053
129-AlP-Al_i_A-POSCAR0-Charged+2.cif,2.54375995
191-GaSb-Ga_i_neut-POSCAR3-Charged+2.cif,2.54071865
170-GaP-Ga_i_B-POSCAR2-Charged+2.cif,2.54
191-GaSb-Ga_i_neut-POSCAR7-Charged+2.cif,2.54
12-ZnS-S_Zn-POSCAR6-Charged+2.cif,2.53963857
191-GaSb-Ga_i_neut-POSCAR6-Charged+2.cif,2.53950111
221-InAs-In_i_neut-POSCAR0-Charged+2.cif,2.53928602
151-AlSb-Al_i_neut-POSCAR3-Charged+2.cif,2.53873267
191-GaSb-Ga_i_neut-POSCAR4-Charged+2.cif,2.53699245
191-GaSb-Ga_i_neut-POSCAR5-Charged+2.cif,2.53652143
105-BSb-V_B-POSCAR2-Charged+2.cif,2.53591451
151-AlSb-Al_i_neut-POSCAR8-Charged+2.cif,2.52693882
151-AlSb-Al_i_neut-POSCAR4-Charged+2.cif,2.52654797
105-BSb-V_B-POSCAR3-Charged+2.cif,2.52390899
151-AlSb-Al_i_neut-POSCAR9-Charged+2.cif,2.52322145
151-AlSb-Al_i_neut-POSCAR7-Charged+2.cif,2.52287115
151-AlSb-Al_i_neut-POSCAR10-Charged+2.cif,2.52273385
207-InP-In_P-POSCAR1-Charged+2.cif,2.52272109
152-AlSb-Sb_i_A-POSCAR1-Charged+2.cif,2.52082371
72-CdTe-Te_i_A-POSCAR0-Charged+2.cif,2.52
105-BSb-V_B-POSCAR4-Charged+2.cif,2.52
151-AlSb-Al_i_neut-POSCAR11-Charged+2.cif,2.52
151-AlSb-Al_i_neut-POSCAR6-Charged+2.cif,2.51997361
217-InAs-In_As-POSCAR1-Charged+2.cif,2.51847281
40-ZnTe-Te_i_neut-POSCAR2-Charged+2.cif,2.51716494
12-ZnS-S_Zn-POSCAR7-Charged+2.cif,2.51527192
15-ZnS-Zn_i_A-POSCAR1-Charged+2.cif,2.51019044
30-ZnSe-Se_i_neut-POSCAR3-Charged+2.cif,2.50742153
123-AlN-N_i_B-POSCAR6-Charged+2.cif,2.50686112
151-AlSb-Al_i_neut-POSCAR5-Charged+2.cif,2.50510072
246-Sn-Sn_i_neut-POSCAR0-Charged+2.cif,2.50348907
246-Sn-Sn_i_neut-POSCAR1-Charged+2.cif,2.5
163-GaN-N_i_B-POSCAR3-Charged+2.cif,2.49617405
222-InAs-As_i_A-POSCAR1-Charged+2.cif,2.49333317
12-ZnS-S_Zn-POSCAR8-Charged+2.cif,2.48572246
40-ZnTe-Te_i_neut-POSCAR3-Charged+2.cif,2.48515868
129-AlP-Al_i_A-POSCAR1-Charged+2.cif,2.47816916
12-ZnS-S_Zn-POSCAR9-Charged+2.cif,2.47696501
30-ZnSe-Se_i_neut-POSCAR4-Charged+2.cif,2.47400799
152-AlSb-Sb_i_A-POSCAR2-Charged+2.cif,2.47334753
139-AlAs-Al_i_A-POSCAR0-Charged+2.cif,2.47332758
12-ZnS-S_Zn-POSCAR10-Charged+2.cif,2.47
306-GeSn-Ge_i_neut-POSCAR0-Charged+2.cif,2.46557713
129-AlP-Al_i_A-POSCAR2-Charged+2.cif,2.46517663
306-GeSn-Ge_i_neut-POSCAR1-Charged+2.cif,2.46267798
306-GeSn-Ge_i_neut-POSCAR2-Charged+2.cif,2.46023835
306-GeSn-Ge_i_neut-POSCAR7-Charged+2.cif,2.46
306-GeSn-Ge_i_neut-POSCAR6-Charged+2.cif,2.45914216
306-GeSn-Ge_i_neut-POSCAR3-Charged+2.cif,2.45860872
306-GeSn-Ge_i_neut-POSCAR5-Charged+2.cif,2.45792016
152-AlSb-Sb_i_A-POSCAR3-Charged+2.cif,2.45738868
207-InP-In_P-POSCAR2-Charged+2.cif,2.45713349
306-GeSn-Ge_i_neut-POSCAR4-Charged+2.cif,2.45672827
129-AlP-Al_i_A-POSCAR3-Charged+2.cif,2.45614065
40-ZnTe-Te_i_neut-POSCAR4-Charged+2.cif,2.45514043
30-ZnSe-Se_i_neut-POSCAR5-Charged+2.cif,2.4547585
221-InAs-In_i_neut-POSCAR1-Charged+2.cif,2.45466401
129-AlP-Al_i_A-POSCAR4-Charged+2.cif,2.45
163-GaN-N_i_B-POSCAR4-Charged+2.cif,2.44746488
217-InAs-In_As-POSCAR2-Charged+2.cif,2.44590323
30-ZnSe-Se_i_neut-POSCAR6-Charged+2.cif,2.44514147
40-ZnTe-Te_i_neut-POSCAR5-Charged+2.cif,2.44426872
30-ZnSe-Se_i_neut-POSCAR7-Charged+2.cif,2.44030196
163-GaN-N_i_B-POSCAR9-Charged+2.cif,2.44001066
163-GaN-N_i_B-POSCAR12-Charged+2.cif,2.44
163-GaN-N_i_B-POSCAR11-Charged+2.cif,2.43999712
163-GaN-N_i_B-POSCAR8-Charged+2.cif,2.4399585
163-GaN-N_i_B-POSCAR10-Charged+2.cif,2.43978407
163-GaN-N_i_B-POSCAR7-Charged+2.cif,2.43975874
163-GaN-N_i_B-POSCAR6-Charged+2.cif,2.43969008
163-GaN-N_i_B-POSCAR5-Charged+2.cif,2.43933981
140-AlAs-Al_i_B-POSCAR0-Charged+2.cif,2.43816271
30-ZnSe-Se_i_neut-POSCAR8-Charged+2.cif,2.43577748
152-AlSb-Sb_i_A-POSCAR4-Charged+2.cif,2.43540148
40-ZnTe-Te_i_neut-POSCAR6-Charged+2.cif,2.43476461
207-InP-In_P-POSCAR3-Charged+2.cif,2.43372926
222-InAs-As_i_A-POSCAR2-Charged+2.cif,2.43261699
30-ZnSe-Se_i_neut-POSCAR9-Charged+2.cif,2.43204664
40-ZnTe-Te_i_neut-POSCAR7-Charged+2.cif,2.43042347
30-ZnSe-Se_i_neut-POSCAR10-Charged+2.cif,2.43
152-AlSb-Sb_i_A-POSCAR5-Charged+2.cif,2.43
40-ZnTe-Te_i_neut-POSCAR8-Charged+2.cif,2.42584526
221-InAs-In_i_neut-POSCAR2-Charged+2.cif,2.42420545
217-InAs-In_As-POSCAR3-Charged+2.cif,2.42362499
40-ZnTe-Te_i_neut-POSCAR9-Charged+2.cif,2.42281419
221-InAs-In_i_neut-POSCAR8-Charged+2.cif,2.42114706
221-InAs-In_i_neut-POSCAR9-Charged+2.cif,2.42031326
40-ZnTe-Te_i_neut-POSCAR10-Charged+2.cif,2.42
207-InP-In_P-POSCAR4-Charged+2.cif,2.42
213-InP-P_i_B-POSCAR1-Charged+2.cif,2.41721635
221-InAs-In_i_neut-POSCAR10-Charged+2.cif,2.41585824
221-InAs-In_i_neut-POSCAR7-Charged+2.cif,2.4155328
221-InAs-In_i_neut-POSCAR3-Charged+2.cif,2.41442579
221-InAs-In_i_neut-POSCAR11-Charged+2.cif,2.41141645
221-InAs-In_i_neut-POSCAR19-Charged+2.cif,2.41
221-InAs-In_i_neut-POSCAR18-Charged+2.cif,2.4097315
26-ZnSe-Zn_i_B-POSCAR0-Charged+2.cif,2.40872533
221-InAs-In_i_neut-POSCAR6-Charged+2.cif,2.4071635
221-InAs-In_i_neut-POSCAR17-Charged+2.cif,2.40678229
221-InAs-In_i_neut-POSCAR12-Charged+2.cif,2.40620865
221-InAs-In_i_neut-POSCAR16-Charged+2.cif,2.40434257
217-InAs-In_As-POSCAR4-Charged+2.cif,2.40415167
221-InAs-In_i_neut-POSCAR13-Charged+2.cif,2.40390352
139-AlAs-Al_i_A-POSCAR1-Charged+2.cif,2.40373968
221-InAs-In_i_neut-POSCAR15-Charged+2.cif,2.40261586
123-AlN-N_i_B-POSCAR9-Charged+2.cif,2.4024142
221-InAs-In_i_neut-POSCAR14-Charged+2.cif,2.40201136
222-InAs-As_i_A-POSCAR3-Charged+2.cif,2.40179739
221-InAs-In_i_neut-POSCAR4-Charged+2.cif,2.40175991
217-InAs-In_As-POSCAR5-Charged+2.cif,2.4
221-InAs-In_i_neut-POSCAR5-Charged+2.cif,2.39766531
31-ZnTe-V_Zn-POSCAR0-Charged+2.cif,2.3925591
45-CdO-Cd_i_A-POSCAR0-Charged+2.cif,2.39
31-ZnTe-V_Zn-POSCAR1-Charged+2.cif,2.38693184
139-AlAs-Al_i_A-POSCAR2-Charged+2.cif,2.38357131
31-ZnTe-V_Zn-POSCAR2-Charged+2.cif,2.38
130-AlP-Al_i_B-POSCAR0-Charged+2.cif,2.36951366
139-AlAs-Al_i_A-POSCAR3-Charged+2.cif,2.36791684
98-BAs-As_B-POSCAR0-Charged+2.cif,2.36186269
139-AlAs-Al_i_A-POSCAR4-Charged+2.cif,2.36
222-InAs-As_i_A-POSCAR4-Charged+2.cif,2.35660095
248-SiC-V_C-POSCAR0-Charged+2.cif,2.35
140-AlAs-Al_i_B-POSCAR1-Charged+2.cif,2.34768832
155-GaN-V_Ga-POSCAR0-Charged+2.cif,2.34474578
214-InP-P_i_neut-POSCAR0-Charged+2.cif,2.34282531
140-AlAs-Al_i_B-POSCAR2-Charged+2.cif,2.33267605
140-AlAs-Al_i_B-POSCAR3-Charged+2.cif,2.33
222-InAs-As_i_A-POSCAR5-Charged+2.cif,2.33
58-CdSe-Cd_Se-POSCAR0-Charged+2.cif,2.32
68-CdTe-Cd_Te-POSCAR0-Charged+2.cif,2.32
226-InSb-V_Sb-POSCAR0-Charged+2.cif,2.30495286
130-AlP-Al_i_B-POSCAR1-Charged+2.cif,2.29845189
187-GaSb-Ga_Sb-POSCAR0-Charged+2.cif,2.29314109
35-ZnTe-Zn_i_A-POSCAR0-Charged+2.cif,2.29215617
226-InSb-V_Sb-POSCAR1-Charged+2.cif,2.2901037
15-ZnS-Zn_i_A-POSCAR2-Charged+2.cif,2.28986332
213-InP-P_i_B-POSCAR2-Charged+2.cif,2.2878092
123-AlN-N_i_B-POSCAR8-Charged+2.cif,2.2862852
187-GaSb-Ga_Sb-POSCAR1-Charged+2.cif,2.28380934
155-GaN-V_Ga-POSCAR1-Charged+2.cif,2.28376334
130-AlP-Al_i_B-POSCAR2-Charged+2.cif,2.28180931
130-AlP-Al_i_B-POSCAR3-Charged+2.cif,2.28
214-InP-P_i_neut-POSCAR1-Charged+2.cif,2.27817792
234-InSb-Sb_i_neut-POSCAR0-Charged+2.cif,2.27398622
187-GaSb-Ga_Sb-POSCAR2-Charged+2.cif,2.27316438
226-InSb-V_Sb-POSCAR2-Charged+2.cif,2.27120598
187-GaSb-Ga_Sb-POSCAR3-Charged+2.cif,2.27
226-InSb-V_Sb-POSCAR3-Charged+2.cif,2.26693105
155-GaN-V_Ga-POSCAR2-Charged+2.cif,2.26647767
25-ZnSe-Zn_i_A-POSCAR1-Charged+2.cif,2.26201352
226-InSb-V_Sb-POSCAR4-Charged+2.cif,2.26178411
226-InSb-V_Sb-POSCAR5-Charged+2.cif,2.26
234-InSb-Sb_i_neut-POSCAR1-Charged+2.cif,2.25987341
234-InSb-Sb_i_neut-POSCAR7-Charged+2.cif,2.25116321
234-InSb-Sb_i_neut-POSCAR8-Charged+2.cif,2.24948498
214-InP-P_i_neut-POSCAR2-Charged+2.cif,2.24945692
234-InSb-Sb_i_neut-POSCAR6-Charged+2.cif,2.24706846
155-GaN-V_Ga-POSCAR3-Charged+2.cif,2.2462043
234-InSb-Sb_i_neut-POSCAR9-Charged+2.cif,2.24459332
234-InSb-Sb_i_neut-POSCAR2-Charged+2.cif,2.24198942
234-InSb-Sb_i_neut-POSCAR10-Charged+2.cif,2.24060217
234-InSb-Sb_i_neut-POSCAR16-Charged+2.cif,2.24
214-InP-P_i_neut-POSCAR6-Charged+2.cif,2.23733928
214-InP-P_i_neut-POSCAR3-Charged+2.cif,2.23716616
214-InP-P_i_neut-POSCAR7-Charged+2.cif,2.23646004
234-InSb-Sb_i_neut-POSCAR15-Charged+2.cif,2.23549569
234-InSb-Sb_i_neut-POSCAR3-Charged+2.cif,2.23520553
234-InSb-Sb_i_neut-POSCAR5-Charged+2.cif,2.23487965
234-InSb-Sb_i_neut-POSCAR11-Charged+2.cif,2.23474011
234-InSb-Sb_i_neut-POSCAR14-Charged+2.cif,2.23431119
214-InP-P_i_neut-POSCAR8-Charged+2.cif,2.23356958
234-InSb-Sb_i_neut-POSCAR12-Charged+2.cif,2.2325264
214-InP-P_i_neut-POSCAR5-Charged+2.cif,2.23248364
234-InSb-Sb_i_neut-POSCAR13-Charged+2.cif,2.23184971
155-GaN-V_Ga-POSCAR4-Charged+2.cif,2.23
214-InP-P_i_neut-POSCAR15-Charged+2.cif,2.23
214-InP-P_i_neut-POSCAR14-Charged+2.cif,2.2299574
214-InP-P_i_neut-POSCAR9-Charged+2.cif,2.22982559
214-InP-P_i_neut-POSCAR12-Charged+2.cif,2.22954216
214-InP-P_i_neut-POSCAR11-Charged+2.cif,2.22951078
214-InP-P_i_neut-POSCAR10-Charged+2.cif,2.22927397
214-InP-P_i_neut-POSCAR4-Charged+2.cif,2.22813606
214-InP-P_i_neut-POSCAR13-Charged+2.cif,2.22781037
213-InP-P_i_B-POSCAR3-Charged+2.cif,2.22515451
15-ZnS-Zn_i_A-POSCAR3-Charged+2.cif,2.22443589
234-InSb-Sb_i_neut-POSCAR4-Charged+2.cif,2.22415998
37-ZnTe-Zn_i_neut-POSCAR0-Charged+2.cif,2.22356988
52-CdS-S_Cd-POSCAR0-Charged+2.cif,2.21
291-SiSn-Sn_i_A-POSCAR0-Charged+2.cif,2.20655061
164-GaN-N_i_neut-POSCAR6-Charged+2.cif,2.20520503
291-SiSn-Sn_i_A-POSCAR1-Charged+2.cif,2.2036264
15-ZnS-Zn_i_A-POSCAR4-Charged+2.cif,2.20020471
291-SiSn-Sn_i_A-POSCAR2-Charged+2.cif,2.2
213-InP-P_i_B-POSCAR4-Charged+2.cif,2.19035002
224-InAs-As_i_neut-POSCAR0-Charged+2.cif,2.18511886
98-BAs-As_B-POSCAR1-Charged+2.cif,2.18306086
213-InP-P_i_B-POSCAR5-Charged+2.cif,2.17483384
98-BAs-As_B-POSCAR2-Charged+2.cif,2.17175063
15-ZnS-Zn_i_A-POSCAR5-Charged+2.cif,2.17
98-BAs-As_B-POSCAR3-Charged+2.cif,2.17
122-AlN-N_i_A-POSCAR0-Charged+2.cif,2.16431797
213-InP-P_i_B-POSCAR6-Charged+2.cif,2.16064296
213-InP-P_i_B-POSCAR7-Charged+2.cif,2.15350988
213-InP-P_i_B-POSCAR8-Charged+2.cif,2.15
209-InP-In_i_A-POSCAR0-Charged+2.cif,2.14717078
224-InAs-As_i_neut-POSCAR1-Charged+2.cif,2.14037252
46-CdO-Cd_i_B-POSCAR0-Charged+2.cif,2.14
227-InSb-In_Sb-POSCAR0-Charged+2.cif,2.13431294
17-ZnS-Zn_i_neut-POSCAR2-Charged+2.cif,2.13240123
17-ZnS-Zn_i_neut-POSCAR93-Charged+2.cif,2.11135285
231-InSb-In_i_neut-POSCAR0-Charged+2.cif,2.11125387
17-ZnS-Zn_i_neut-POSCAR99-Charged+2.cif,2.11
224-InAs-As_i_neut-POSCAR2-Charged+2.cif,2.10913527
224-InAs-As_i_neut-POSCAR15-Charged+2.cif,2.1016598
224-InAs-As_i_neut-POSCAR16-Charged+2.cif,2.1
17-ZnS-Zn_i_neut-POSCAR84-Charged+2.cif,2.0996717
17-ZnS-Zn_i_neut-POSCAR98-Charged+2.cif,2.09938537
224-InAs-As_i_neut-POSCAR14-Charged+2.cif,2.09900382
35-ZnTe-Zn_i_A-POSCAR1-Charged+2.cif,2.09844054
223-InAs-As_i_B-POSCAR0-Charged+2.cif,2.09822968
209-InP-In_i_A-POSCAR1-Charged+2.cif,2.09544975
17-ZnS-Zn_i_neut-POSCAR94-Charged+2.cif,2.09375637
224-InAs-As_i_neut-POSCAR3-Charged+2.cif,2.09355235
25-ZnSe-Zn_i_A-POSCAR2-Charged+2.cif,2.09309997
17-ZnS-Zn_i_neut-POSCAR95-Charged+2.cif,2.09215945
227-InSb-In_Sb-POSCAR1-Charged+2.cif,2.09193659
17-ZnS-Zn_i_neut-POSCAR96-Charged+2.cif,2.09162274
17-ZnS-Zn_i_neut-POSCAR92-Charged+2.cif,2.09082494
54-CdS-Cd_S-POSCAR0-Charged+2.cif,2.09
17-ZnS-Zn_i_neut-POSCAR80-Charged+2.cif,2.08976661
17-ZnS-Zn_i_neut-POSCAR85-Charged+2.cif,2.08956094
17-ZnS-Zn_i_neut-POSCAR91-Charged+2.cif,2.08876637
17-ZnS-Zn_i_neut-POSCAR97-Charged+2.cif,2.08718717
164-GaN-N_i_neut-POSCAR0-Charged+2.cif,2.08641438
17-ZnS-Zn_i_neut-POSCAR89-Charged+2.cif,2.08631457
17-ZnS-Zn_i_neut-POSCAR86-Charged+2.cif,2.08549088
209-InP-In_i_A-POSCAR2-Charged+2.cif,2.08464996
17-ZnS-Zn_i_neut-POSCAR90-Charged+2.cif,2.08368545
224-InAs-As_i_neut-POSCAR4-Charged+2.cif,2.08314329
17-ZnS-Zn_i_neut-POSCAR76-Charged+2.cif,2.082449
17-ZnS-Zn_i_neut-POSCAR87-Charged+2.cif,2.08079113
209-InP-In_i_A-POSCAR3-Charged+2.cif,2.08
123-AlN-N_i_B-POSCAR10-Charged+2.cif,2.07822015
224-InAs-As_i_neut-POSCAR12-Charged+2.cif,2.07451345
232-InSb-Ab_i_A-POSCAR0-Charged+2.cif,2.07373056
224-InAs-As_i_neut-POSCAR6-Charged+2.cif,2.07359981
224-InAs-As_i_neut-POSCAR5-Charged+2.cif,2.07273398
224-InAs-As_i_neut-POSCAR7-Charged+2.cif,2.07255907
224-InAs-As_i_neut-POSCAR13-Charged+2.cif,2.07181296
231-InSb-In_i_neut-POSCAR1-Charged+2.cif,2.07088721
17-ZnS-Zn_i_neut-POSCAR88-Charged+2.cif,2.07034533
224-InAs-As_i_neut-POSCAR8-Charged+2.cif,2.06877762
115-AlN-V_Al-POSCAR0-Charged+2.cif,2.06804289
224-InAs-As_i_neut-POSCAR11-Charged+2.cif,2.06732248
17-ZnS-Zn_i_neut-POSCAR81-Charged+2.cif,2.06637251
17-ZnS-Zn_i_neut-POSCAR82-Charged+2.cif,2.06631225
17-ZnS-Zn_i_neut-POSCAR83-Charged+2.cif,2.06617006
294-SiSn-Si_i_A-POSCAR0-Charged+2.cif,2.06515771
17-ZnS-Zn_i_neut-POSCAR73-Charged+2.cif,2.06466972
25-ZnSe-Zn_i_A-POSCAR3-Charged+2.cif,2.05960851
224-InAs-As_i_neut-POSCAR9-Charged+2.cif,2.0587951
224-InAs-As_i_neut-POSCAR10-Charged+2.cif,2.05738418
17-ZnS-Zn_i_neut-POSCAR55-Charged+2.cif,2.0558735
216-InAs-V_As-POSCAR0-Charged+2.cif,2.05447121
17-ZnS-Zn_i_neut-POSCAR77-Charged+2.cif,2.05374584
17-ZnS-Zn_i_neut-POSCAR70-Charged+2.cif,2.05319187
164-GaN-N_i_neut-POSCAR7-Charged+2.cif,2.05142716
227-InSb-In_Sb-POSCAR2-Charged+2.cif,2.05134493
231-InSb-In_i_neut-POSCAR9-Charged+2.cif,2.05
17-ZnS-Zn_i_neut-POSCAR67-Charged+2.cif,2.0482249
294-SiSn-Si_i_A-POSCAR1-Charged+2.cif,2.04655868
231-InSb-In_i_neut-POSCAR8-Charged+2.cif,2.04603521
17-ZnS-Zn_i_neut-POSCAR56-Charged+2.cif,2.04436555
17-ZnS-Zn_i_neut-POSCAR57-Charged+2.cif,2.0436964
17-ZnS-Zn_i_neut-POSCAR3-Charged+2.cif,2.04331616
17-ZnS-Zn_i_neut-POSCAR74-Charged+2.cif,2.04257619
231-InSb-In_i_neut-POSCAR2-Charged+2.cif,2.04232885
227-InSb-In_Sb-POSCAR3-Charged+2.cif,2.04220331
231-InSb-In_i_neut-POSCAR7-Charged+2.cif,2.04199702
223-InAs-As_i_B-POSCAR1-Charged+2.cif,2.04174797
17-ZnS-Zn_i_neut-POSCAR64-Charged+2.cif,2.0404824
17-ZnS-Zn_i_neut-POSCAR61-Charged+2.cif,2.03978423
231-InSb-In_i_neut-POSCAR3-Charged+2.cif,2.03873946
17-ZnS-Zn_i_neut-POSCAR78-Charged+2.cif,2.03824975
17-ZnS-Zn_i_neut-POSCAR71-Charged+2.cif,2.03806622
294-SiSn-Si_i_A-POSCAR2-Charged+2.cif,2.0380367
17-ZnS-Zn_i_neut-POSCAR68-Charged+2.cif,2.03790337
17-ZnS-Zn_i_neut-POSCAR58-Charged+2.cif,2.03779571
294-SiSn-Si_i_A-POSCAR3-Charged+2.cif,2.03480107
231-InSb-In_i_neut-POSCAR5-Charged+2.cif,2.03391196
17-ZnS-Zn_i_neut-POSCAR65-Charged+2.cif,2.03324995
216-InAs-V_As-POSCAR1-Charged+2.cif,2.03305884
231-InSb-In_i_neut-POSCAR6-Charged+2.cif,2.03248463
17-ZnS-Zn_i_neut-POSCAR37-Charged+2.cif,2.03212331
231-InSb-In_i_neut-POSCAR4-Charged+2.cif,2.03159337
17-ZnS-Zn_i_neut-POSCAR62-Charged+2.cif,2.03116688
227-InSb-In_Sb-POSCAR4-Charged+2.cif,2.03
260-GeC-Ge_C-POSCAR0-Charged+2.cif,2.03
294-SiSn-Si_i_A-POSCAR4-Charged+2.cif,2.03
25-ZnSe-Zn_i_A-POSCAR4-Charged+2.cif,2.02993073
17-ZnS-Zn_i_neut-POSCAR59-Charged+2.cif,2.029119
37-ZnTe-Zn_i_neut-POSCAR1-Charged+2.cif,2.02821062
27-ZnSe-Zn_i_neut-POSCAR13-Charged+2.cif,2.02817485
232-InSb-Ab_i_A-POSCAR1-Charged+2.cif,2.02723134
27-ZnSe-Zn_i_neut-POSCAR56-Charged+2.cif,2.02
27-ZnSe-Zn_i_neut-POSCAR55-Charged+2.cif,2.01890488
27-ZnSe-Zn_i_neut-POSCAR54-Charged+2.cif,2.0185783
27-ZnSe-Zn_i_neut-POSCAR46-Charged+2.cif,2.01856532
27-ZnSe-Zn_i_neut-POSCAR47-Charged+2.cif,2.01855058
27-ZnSe-Zn_i_neut-POSCAR45-Charged+2.cif,2.01845418
27-ZnSe-Zn_i_neut-POSCAR48-Charged+2.cif,2.01834833
27-ZnSe-Zn_i_neut-POSCAR44-Charged+2.cif,2.01821561
27-ZnSe-Zn_i_neut-POSCAR23-Charged+2.cif,2.01814007
27-ZnSe-Zn_i_neut-POSCAR53-Charged+2.cif,2.01793941
27-ZnSe-Zn_i_neut-POSCAR51-Charged+2.cif,2.01782528
27-ZnSe-Zn_i_neut-POSCAR49-Charged+2.cif,2.01782272
27-ZnSe-Zn_i_neut-POSCAR50-Charged+2.cif,2.01763734
27-ZnSe-Zn_i_neut-POSCAR24-Charged+2.cif,2.01762642
27-ZnSe-Zn_i_neut-POSCAR35-Charged+2.cif,2.01733966
27-ZnSe-Zn_i_neut-POSCAR32-Charged+2.cif,2.01718912
27-ZnSe-Zn_i_neut-POSCAR52-Charged+2.cif,2.01715292
27-ZnSe-Zn_i_neut-POSCAR22-Charged+2.cif,2.01690809
27-ZnSe-Zn_i_neut-POSCAR25-Charged+2.cif,2.01641037
27-ZnSe-Zn_i_neut-POSCAR21-Charged+2.cif,2.01636288
27-ZnSe-Zn_i_neut-POSCAR27-Charged+2.cif,2.0153459
27-ZnSe-Zn_i_neut-POSCAR26-Charged+2.cif,2.0150447
27-ZnSe-Zn_i_neut-POSCAR33-Charged+2.cif,2.01478312
27-ZnSe-Zn_i_neut-POSCAR20-Charged+2.cif,2.01468494
27-ZnSe-Zn_i_neut-POSCAR29-Charged+2.cif,2.01453253
27-ZnSe-Zn_i_neut-POSCAR28-Charged+2.cif,2.01410578
27-ZnSe-Zn_i_neut-POSCAR34-Charged+2.cif,2.01375456
27-ZnSe-Zn_i_neut-POSCAR30-Charged+2.cif,2.01371611
27-ZnSe-Zn_i_neut-POSCAR39-Charged+2.cif,2.01364068
27-ZnSe-Zn_i_neut-POSCAR38-Charged+2.cif,2.01362476
27-ZnSe-Zn_i_neut-POSCAR37-Charged+2.cif,2.01355836
27-ZnSe-Zn_i_neut-POSCAR36-Charged+2.cif,2.0135137
27-ZnSe-Zn_i_neut-POSCAR42-Charged+2.cif,2.01338421
27-ZnSe-Zn_i_neut-POSCAR40-Charged+2.cif,2.01334254
27-ZnSe-Zn_i_neut-POSCAR31-Charged+2.cif,2.0128393
27-ZnSe-Zn_i_neut-POSCAR41-Charged+2.cif,2.01279957
17-ZnS-Zn_i_neut-POSCAR79-Charged+2.cif,2.01269499
216-InAs-V_As-POSCAR2-Charged+2.cif,2.0126646
27-ZnSe-Zn_i_neut-POSCAR19-Charged+2.cif,2.01236417
17-ZnS-Zn_i_neut-POSCAR29-Charged+2.cif,2.01200203
27-ZnSe-Zn_i_neut-POSCAR18-Charged+2.cif,2.01044144
27-ZnSe-Zn_i_neut-POSCAR43-Charged+2.cif,2.01011366
25-ZnSe-Zn_i_A-POSCAR5-Charged+2.cif,2.01
17-ZnS-Zn_i_neut-POSCAR75-Charged+2.cif,2.00945334
17-ZnS-Zn_i_neut-POSCAR60-Charged+2.cif,2.00912844
223-InAs-As_i_B-POSCAR2-Charged+2.cif,2.00680336
27-ZnSe-Zn_i_neut-POSCAR17-Charged+2.cif,2.0067701
216-InAs-V_As-POSCAR3-Charged+2.cif,2.00562427
124-AlN-N_i_neut-POSCAR1-Charged+2.cif,2.00493317
17-ZnS-Zn_i_neut-POSCAR49-Charged+2.cif,2.00365922
17-ZnS-Zn_i_neut-POSCAR45-Charged+2.cif,2.0021025
27-ZnSe-Zn_i_neut-POSCAR16-Charged+2.cif,2.00209463
17-ZnS-Zn_i_neut-POSCAR42-Charged+2.cif,2.00052659
223-InAs-As_i_B-POSCAR3-Charged+2.cif,2
27-ZnSe-Zn_i_neut-POSCAR15-Charged+2.cif,1.9997358
216-InAs-V_As-POSCAR4-Charged+2.cif,1.99863327
17-ZnS-Zn_i_neut-POSCAR72-Charged+2.cif,1.99797542
27-ZnSe-Zn_i_neut-POSCAR14-Charged+2.cif,1.99782275
17-ZnS-Zn_i_neut-POSCAR69-Charged+2.cif,1.99658335
27-ZnSe-Zn_i_neut-POSCAR12-Charged+2.cif,1.99616411
216-InAs-V_As-POSCAR5-Charged+2.cif,1.99513581
115-AlN-V_Al-POSCAR1-Charged+2.cif,1.99446644
35-ZnTe-Zn_i_A-POSCAR2-Charged+2.cif,1.9920892
216-InAs-V_As-POSCAR6-Charged+2.cif,1.99
27-ZnSe-Zn_i_neut-POSCAR9-Charged+2.cif,1.9880775
232-InSb-Ab_i_A-POSCAR2-Charged+2.cif,1.98727001
17-ZnS-Zn_i_neut-POSCAR63-Charged+2.cif,1.98639937
17-ZnS-Zn_i_neut-POSCAR66-Charged+2.cif,1.98307693
35-ZnTe-Zn_i_A-POSCAR3-Charged+2.cif,1.98126084
17-ZnS-Zn_i_neut-POSCAR15-Charged+2.cif,1.9808096
17-ZnS-Zn_i_neut-POSCAR4-Charged+2.cif,1.97990553
17-ZnS-Zn_i_neut-POSCAR48-Charged+2.cif,1.97843562
233-InSb-Sb_i_B-POSCAR0-Charged+2.cif,1.97572904
115-AlN-V_Al-POSCAR2-Charged+2.cif,1.97128886
232-InSb-Ab_i_A-POSCAR3-Charged+2.cif,1.9699993
17-ZnS-Zn_i_neut-POSCAR43-Charged+2.cif,1.96558166
35-ZnTe-Zn_i_A-POSCAR4-Charged+2.cif,1.96477153
27-ZnSe-Zn_i_neut-POSCAR8-Charged+2.cif,1.96328733
27-ZnSe-Zn_i_neut-POSCAR11-Charged+2.cif,1.96249569
219-InAs-In_i_A-POSCAR0-Charged+2.cif,1.96241005
233-InSb-Sb_i_B-POSCAR1-Charged+2.cif,1.96103173
17-ZnS-Zn_i_neut-POSCAR32-Charged+2.cif,1.96022636
35-ZnTe-Zn_i_A-POSCAR5-Charged+2.cif,1.95841237
17-ZnS-Zn_i_neut-POSCAR46-Charged+2.cif,1.95709963
27-ZnSe-Zn_i_neut-POSCAR10-Charged+2.cif,1.95709555
17-ZnS-Zn_i_neut-POSCAR26-Charged+2.cif,1.95625483
17-ZnS-Zn_i_neut-POSCAR47-Charged+2.cif,1.95329909
17-ZnS-Zn_i_neut-POSCAR54-Charged+2.cif,1.95308144
115-AlN-V_Al-POSCAR3-Charged+2.cif,1.95235358
35-ZnTe-Zn_i_A-POSCAR6-Charged+2.cif,1.95
233-InSb-Sb_i_B-POSCAR2-Charged+2.cif,1.94623276
27-ZnSe-Zn_i_neut-POSCAR5-Charged+2.cif,1.94498169
17-ZnS-Zn_i_neut-POSCAR12-Charged+2.cif,1.94358515
233-InSb-Sb_i_B-POSCAR3-Charged+2.cif,1.9423505
115-AlN-V_Al-POSCAR4-Charged+2.cif,1.94
233-InSb-Sb_i_B-POSCAR4-Charged+2.cif,1.94
27-ZnSe-Zn_i_neut-POSCAR7-Charged+2.cif,1.93985094
17-ZnS-Zn_i_neut-POSCAR33-Charged+2.cif,1.93978621
16-ZnS-Zn_i_B-POSCAR1-Charged+2.cif,1.93892811
17-ZnS-Zn_i_neut-POSCAR41-Charged+2.cif,1.93658166
17-ZnS-Zn_i_neut-POSCAR44-Charged+2.cif,1.93631296
232-InSb-Ab_i_A-POSCAR4-Charged+2.cif,1.93564284
17-ZnS-Zn_i_neut-POSCAR5-Charged+2.cif,1.93549822
150-AlSb-Al_i_B-POSCAR0-Charged+2.cif,1.9345351
17-ZnS-Zn_i_neut-POSCAR51-Charged+2.cif,1.93377039
17-ZnS-Zn_i_neut-POSCAR40-Charged+2.cif,1.92871044
27-ZnSe-Zn_i_neut-POSCAR3-Charged+2.cif,1.92829424
27-ZnSe-Zn_i_neut-POSCAR2-Charged+2.cif,1.92664474
219-InAs-In_i_A-POSCAR1-Charged+2.cif,1.9251074
27-ZnSe-Zn_i_neut-POSCAR0-Charged+2.cif,1.92397326
27-ZnSe-Zn_i_neut-POSCAR1-Charged+2.cif,1.92160707
232-InSb-Ab_i_A-POSCAR5-Charged+2.cif,1.92
17-ZnS-Zn_i_neut-POSCAR16-Charged+2.cif,1.91966705
17-ZnS-Zn_i_neut-POSCAR52-Charged+2.cif,1.91582701
27-ZnSe-Zn_i_neut-POSCAR4-Charged+2.cif,1.9139484
37-ZnTe-Zn_i_neut-POSCAR2-Charged+2.cif,1.91025731
17-ZnS-Zn_i_neut-POSCAR38-Charged+2.cif,1.91023577
17-ZnS-Zn_i_neut-POSCAR39-Charged+2.cif,1.90608263
27-ZnSe-Zn_i_neut-POSCAR6-Charged+2.cif,1.90426207
219-InAs-In_i_A-POSCAR2-Charged+2.cif,1.90352842
75-BN-V_B-POSCAR1-Charged+2.cif,1.90213193
17-ZnS-Zn_i_neut-POSCAR13-Charged+2.cif,1.90184967
219-InAs-In_i_A-POSCAR3-Charged+2.cif,1.89889493
17-ZnS-Zn_i_neut-POSCAR35-Charged+2.cif,1.89811325
17-ZnS-Zn_i_neut-POSCAR27-Charged+2.cif,1.89773132
36-ZnTe-Zn_i_B-POSCAR0-Charged+2.cif,1.89769716
17-ZnS-Zn_i_neut-POSCAR9-Charged+2.cif,1.89680287
37-ZnTe-Zn_i_neut-POSCAR3-Charged+2.cif,1.89590565
17-ZnS-Zn_i_neut-POSCAR10-Charged+2.cif,1.89446578
17-ZnS-Zn_i_neut-POSCAR8-Charged+2.cif,1.89383877
17-ZnS-Zn_i_neut-POSCAR6-Charged+2.cif,1.89290385
22-ZnSe-Se_Zn-POSCAR0-Charged+2.cif,1.89282427
150-AlSb-Al_i_B-POSCAR1-Charged+2.cif,1.89220033
75-BN-V_B-POSCAR0-Charged+2.cif,1.89118632
17-ZnS-Zn_i_neut-POSCAR11-Charged+2.cif,1.89076533
219-InAs-In_i_A-POSCAR4-Charged+2.cif,1.89
17-ZnS-Zn_i_neut-POSCAR17-Charged+2.cif,1.88931127
17-ZnS-Zn_i_neut-POSCAR25-Charged+2.cif,1.88876203
17-ZnS-Zn_i_neut-POSCAR34-Charged+2.cif,1.88678894
17-ZnS-Zn_i_neut-POSCAR53-Charged+2.cif,1.88518213
150-AlSb-Al_i_B-POSCAR2-Charged+2.cif,1.88
17-ZnS-Zn_i_neut-POSCAR31-Charged+2.cif,1.87947201
17-ZnS-Zn_i_neut-POSCAR28-Charged+2.cif,1.87896253
17-ZnS-Zn_i_neut-POSCAR36-Charged+2.cif,1.87326197
37-ZnTe-Zn_i_neut-POSCAR4-Charged+2.cif,1.8708987
17-ZnS-Zn_i_neut-POSCAR18-Charged+2.cif,1.87012855
17-ZnS-Zn_i_neut-POSCAR30-Charged+2.cif,1.86849582
17-ZnS-Zn_i_neut-POSCAR20-Charged+2.cif,1.8678865
164-GaN-N_i_neut-POSCAR5-Charged+2.cif,1.86766169
17-ZnS-Zn_i_neut-POSCAR21-Charged+2.cif,1.86688661
17-ZnS-Zn_i_neut-POSCAR14-Charged+2.cif,1.86661318
17-ZnS-Zn_i_neut-POSCAR19-Charged+2.cif,1.86364426
37-ZnTe-Zn_i_neut-POSCAR5-Charged+2.cif,1.8615199
302-GeSn-Sn_i_B-POSCAR0-Charged+2.cif,1.86
17-ZnS-Zn_i_neut-POSCAR7-Charged+2.cif,1.85735924
17-ZnS-Zn_i_neut-POSCAR50-Charged+2.cif,1.85055154
37-ZnTe-Zn_i_neut-POSCAR6-Charged+2.cif,1.85
210-InP-In_i_B-POSCAR0-Charged+2.cif,1.84389725
149-AlSb-Al_i_A-POSCAR0-Charged+2.cif,1.84358417
17-ZnS-Zn_i_neut-POSCAR22-Charged+2.cif,1.83998473
17-ZnS-Zn_i_neut-POSCAR23-Charged+2.cif,1.83767592
123-AlN-N_i_B-POSCAR11-Charged+2.cif,1.82835126
122-AlN-N_i_A-POSCAR1-Charged+2.cif,1.82689618
195-InN-V_In-POSCAR0-Charged+2.cif,1.82136665
17-ZnS-Zn_i_neut-POSCAR24-Charged+2.cif,1.81802565
149-AlSb-Al_i_A-POSCAR1-Charged+2.cif,1.8169357
305-GeSn-Ge_i_B-POSCAR0-Charged+2.cif,1.80984066
305-GeSn-Ge_i_B-POSCAR1-Charged+2.cif,1.80402957
305-GeSn-Ge_i_B-POSCAR2-Charged+2.cif,1.8
13-ZnS-V_S-POSCAR23-Charged+2.cif,1.7974022
149-AlSb-Al_i_A-POSCAR2-Charged+2.cif,1.79597697
75-BN-V_B-POSCAR2-Charged+2.cif,1.79520073
75-BN-V_B-POSCAR3-Charged+2.cif,1.79227484
149-AlSb-Al_i_A-POSCAR3-Charged+2.cif,1.79090504
75-BN-V_B-POSCAR4-Charged+2.cif,1.79
203-InN-N_i_B-POSCAR0-Charged+2.cif,1.78143873
149-AlSb-Al_i_A-POSCAR4-Charged+2.cif,1.78
301-GeSn-Sn_i_A-POSCAR0-Charged+2.cif,1.78
195-InN-V_In-POSCAR1-Charged+2.cif,1.77123058
26-ZnSe-Zn_i_B-POSCAR1-Charged+2.cif,1.76841608
164-GaN-N_i_neut-POSCAR1-Charged+2.cif,1.76082929
195-InN-V_In-POSCAR2-Charged+2.cif,1.7596015
195-InN-V_In-POSCAR3-Charged+2.cif,1.74443967
210-InP-In_i_B-POSCAR1-Charged+2.cif,1.74338112
23-ZnSe-V_Se-POSCAR42-Charged+2.cif,1.73675167
220-InAs-In_i_B-POSCAR0-Charged+2.cif,1.72679347
210-InP-In_i_B-POSCAR2-Charged+2.cif,1.72275112
195-InN-V_In-POSCAR4-Charged+2.cif,1.72260857
195-InN-V_In-POSCAR5-Charged+2.cif,1.72
210-InP-In_i_B-POSCAR3-Charged+2.cif,1.72
190-GaSb-Ga_i_B-POSCAR0-Charged+2.cif,1.71164345
190-GaSb-Ga_i_B-POSCAR1-Charged+2.cif,1.71
206-InP-V_P-POSCAR0-Charged+2.cif,1.70931293
206-InP-V_P-POSCAR1-Charged+2.cif,1.67564276
22-ZnSe-Se_Zn-POSCAR1-Charged+2.cif,1.66754674
206-InP-V_P-POSCAR2-Charged+2.cif,1.65601992
36-ZnTe-Zn_i_B-POSCAR1-Charged+2.cif,1.65555512
220-InAs-In_i_B-POSCAR1-Charged+2.cif,1.64963469
206-InP-V_P-POSCAR3-Charged+2.cif,1.64822302
206-InP-V_P-POSCAR4-Charged+2.cif,1.64286457
206-InP-V_P-POSCAR5-Charged+2.cif,1.64
164-GaN-N_i_neut-POSCAR8-Charged+2.cif,1.63817931
123-AlN-N_i_B-POSCAR12-Charged+2.cif,1.63713748
23-ZnSe-V_Se-POSCAR44-Charged+2.cif,1.63311846
304-GeSn-Ge_i_A-POSCAR0-Charged+2.cif,1.63227981
220-InAs-In_i_B-POSCAR2-Charged+2.cif,1.63
304-GeSn-Ge_i_A-POSCAR1-Charged+2.cif,1.63
33-ZnTe-V_Te-POSCAR0-Charged+2.cif,1.62270545
33-ZnTe-V_Te-POSCAR1-Charged+2.cif,1.62
122-AlN-N_i_A-POSCAR2-Charged+2.cif,1.61418707
203-InN-N_i_B-POSCAR1-Charged+2.cif,1.60273975
16-ZnS-Zn_i_B-POSCAR2-Charged+2.cif,1.60137079
123-AlN-N_i_B-POSCAR14-Charged+2.cif,1.58814843
164-GaN-N_i_neut-POSCAR2-Charged+2.cif,1.58086284
122-AlN-N_i_A-POSCAR27-Charged+2.cif,1.58000891
122-AlN-N_i_A-POSCAR26-Charged+2.cif,1.57958457
122-AlN-N_i_A-POSCAR31-Charged+2.cif,1.57620619
16-ZnS-Zn_i_B-POSCAR3-Charged+2.cif,1.5728438
122-AlN-N_i_A-POSCAR32-Charged+2.cif,1.57195848
122-AlN-N_i_A-POSCAR28-Charged+2.cif,1.57109524
122-AlN-N_i_A-POSCAR39-Charged+2.cif,1.57082249
122-AlN-N_i_A-POSCAR3-Charged+2.cif,1.57041605
122-AlN-N_i_A-POSCAR41-Charged+2.cif,1.56823016
122-AlN-N_i_A-POSCAR40-Charged+2.cif,1.56811294
122-AlN-N_i_A-POSCAR38-Charged+2.cif,1.56685457
122-AlN-N_i_A-POSCAR42-Charged+2.cif,1.56670807
122-AlN-N_i_A-POSCAR30-Charged+2.cif,1.56543237
122-AlN-N_i_A-POSCAR29-Charged+2.cif,1.56506393
122-AlN-N_i_A-POSCAR36-Charged+2.cif,1.5650356
122-AlN-N_i_A-POSCAR33-Charged+2.cif,1.5649393
122-AlN-N_i_A-POSCAR35-Charged+2.cif,1.56354844
189-GaSb-Ga_i_A-POSCAR0-Charged+2.cif,1.5616045
189-GaSb-Ga_i_A-POSCAR1-Charged+2.cif,1.56
122-AlN-N_i_A-POSCAR37-Charged+2.cif,1.55771934
122-AlN-N_i_A-POSCAR23-Charged+2.cif,1.55440217
122-AlN-N_i_A-POSCAR34-Charged+2.cif,1.55016237
122-AlN-N_i_A-POSCAR24-Charged+2.cif,1.55016151
16-ZnS-Zn_i_B-POSCAR4-Charged+2.cif,1.54968684
122-AlN-N_i_A-POSCAR6-Charged+2.cif,1.54931528
122-AlN-N_i_A-POSCAR25-Charged+2.cif,1.54919873
122-AlN-N_i_A-POSCAR5-Charged+2.cif,1.54192306
16-ZnS-Zn_i_B-POSCAR5-Charged+2.cif,1.54037948
122-AlN-N_i_A-POSCAR43-Charged+2.cif,1.54002271
258-GeC-V_C-POSCAR0-Charged+2.cif,1.54
36-ZnTe-Zn_i_B-POSCAR2-Charged+2.cif,1.53973487
122-AlN-N_i_A-POSCAR7-Charged+2.cif,1.53962848
122-AlN-N_i_A-POSCAR4-Charged+2.cif,1.5384908
122-AlN-N_i_A-POSCAR8-Charged+2.cif,1.53704075
208-InP-P_In-POSCAR0-Charged+2.cif,1.53596978
32-ZnTe-Te_Zn-POSCAR0-Charged+2.cif,1.53537635
16-ZnS-Zn_i_B-POSCAR6-Charged+2.cif,1.53378475
122-AlN-N_i_A-POSCAR9-Charged+2.cif,1.53265006
16-ZnS-Zn_i_B-POSCAR7-Charged+2.cif,1.53
74-CdTe-Te_i_neut-POSCAR0-Charged+2.cif,1.53
245-Sn-Sn_i_A-POSCAR0-Charged+2.cif,1.53
122-AlN-N_i_A-POSCAR10-Charged+2.cif,1.52825029
122-AlN-N_i_A-POSCAR44-Charged+2.cif,1.52695386
36-ZnTe-Zn_i_B-POSCAR3-Charged+2.cif,1.52655053
122-AlN-N_i_A-POSCAR11-Charged+2.cif,1.52543862
122-AlN-N_i_A-POSCAR59-Charged+2.cif,1.5209999
122-AlN-N_i_A-POSCAR56-Charged+2.cif,1.51878547
26-ZnSe-Zn_i_B-POSCAR2-Charged+2.cif,1.514931
122-AlN-N_i_A-POSCAR58-Charged+2.cif,1.51471845
36-ZnTe-Zn_i_B-POSCAR4-Charged+2.cif,1.51418382
122-AlN-N_i_A-POSCAR60-Charged+2.cif,1.51188113
122-AlN-N_i_A-POSCAR57-Charged+2.cif,1.51181254
122-AlN-N_i_A-POSCAR12-Charged+2.cif,1.51143553
122-AlN-N_i_A-POSCAR50-Charged+2.cif,1.51128801
36-ZnTe-Zn_i_B-POSCAR5-Charged+2.cif,1.51
203-InN-N_i_B-POSCAR2-Charged+2.cif,1.50393989
122-AlN-N_i_A-POSCAR61-Charged+2.cif,1.5011354
23-ZnSe-V_Se-POSCAR45-Charged+2.cif,1.49993355
122-AlN-N_i_A-POSCAR51-Charged+2.cif,1.49943971
122-AlN-N_i_A-POSCAR52-Charged+2.cif,1.4983768
26-ZnSe-Zn_i_B-POSCAR3-Charged+2.cif,1.49623774
122-AlN-N_i_A-POSCAR65-Charged+2.cif,1.49396803
122-AlN-N_i_A-POSCAR15-Charged+2.cif,1.49374652
122-AlN-N_i_A-POSCAR66-Charged+2.cif,1.49302036
122-AlN-N_i_A-POSCAR13-Charged+2.cif,1.49265726
122-AlN-N_i_A-POSCAR55-Charged+2.cif,1.49183792
122-AlN-N_i_A-POSCAR67-Charged+2.cif,1.49179084
122-AlN-N_i_A-POSCAR16-Charged+2.cif,1.49158557
122-AlN-N_i_A-POSCAR68-Charged+2.cif,1.49
122-AlN-N_i_A-POSCAR64-Charged+2.cif,1.48689088
122-AlN-N_i_A-POSCAR62-Charged+2.cif,1.48674248
122-AlN-N_i_A-POSCAR14-Charged+2.cif,1.48634043
122-AlN-N_i_A-POSCAR53-Charged+2.cif,1.48594815
122-AlN-N_i_A-POSCAR22-Charged+2.cif,1.48564043
122-AlN-N_i_A-POSCAR63-Charged+2.cif,1.4847929
26-ZnSe-Zn_i_B-POSCAR4-Charged+2.cif,1.48446916
23-ZnSe-V_Se-POSCAR46-Charged+2.cif,1.48371025
22-ZnSe-Se_Zn-POSCAR2-Charged+2.cif,1.4836499
122-AlN-N_i_A-POSCAR49-Charged+2.cif,1.48239831
122-AlN-N_i_A-POSCAR45-Charged+2.cif,1.48200945
122-AlN-N_i_A-POSCAR20-Charged+2.cif,1.48103273
26-ZnSe-Zn_i_B-POSCAR5-Charged+2.cif,1.48
23-ZnSe-V_Se-POSCAR47-Charged+2.cif,1.47664762
122-AlN-N_i_A-POSCAR54-Charged+2.cif,1.47507433
122-AlN-N_i_A-POSCAR21-Charged+2.cif,1.47504939
23-ZnSe-V_Se-POSCAR48-Charged+2.cif,1.4746272
22-ZnSe-Se_Zn-POSCAR3-Charged+2.cif,1.47292431
122-AlN-N_i_A-POSCAR17-Charged+2.cif,1.47219147
122-AlN-N_i_A-POSCAR48-Charged+2.cif,1.47045585
22-ZnSe-Se_Zn-POSCAR4-Charged+2.cif,1.47
23-ZnSe-V_Se-POSCAR49-Charged+2.cif,1.47
66-CdTe-Te_Cd-POSCAR0-Charged+2.cif,1.46862817
122-AlN-N_i_A-POSCAR19-Charged+2.cif,1.46445276
122-AlN-N_i_A-POSCAR18-Charged+2.cif,1.46087585
13-ZnS-V_S-POSCAR24-Charged+2.cif,1.46050082
122-AlN-N_i_A-POSCAR46-Charged+2.cif,1.45732848
123-AlN-N_i_B-POSCAR13-Charged+2.cif,1.45326723
43-CdO-V_O-POSCAR0-Charged+2.cif,1.45086633
43-CdO-V_O-POSCAR1-Charged+2.cif,1.45
203-InN-N_i_B-POSCAR3-Charged+2.cif,1.43878276
122-AlN-N_i_A-POSCAR47-Charged+2.cif,1.42009207
32-ZnTe-Te_Zn-POSCAR1-Charged+2.cif,1.41565066
203-InN-N_i_B-POSCAR4-Charged+2.cif,1.38606408
123-AlN-N_i_B-POSCAR15-Charged+2.cif,1.38243281
13-ZnS-V_S-POSCAR25-Charged+2.cif,1.37926413
230-InSb-In_i_B-POSCAR0-Charged+2.cif,1.36379084
203-InN-N_i_B-POSCAR5-Charged+2.cif,1.36325907
203-InN-N_i_B-POSCAR6-Charged+2.cif,1.36308903
203-InN-N_i_B-POSCAR7-Charged+2.cif,1.3612402
203-InN-N_i_B-POSCAR9-Charged+2.cif,1.36112103
203-InN-N_i_B-POSCAR11-Charged+2.cif,1.36091149
203-InN-N_i_B-POSCAR13-Charged+2.cif,1.36028868
203-InN-N_i_B-POSCAR15-Charged+2.cif,1.36
203-InN-N_i_B-POSCAR12-Charged+2.cif,1.35992247
203-InN-N_i_B-POSCAR14-Charged+2.cif,1.35957086
203-InN-N_i_B-POSCAR10-Charged+2.cif,1.35544174
203-InN-N_i_B-POSCAR8-Charged+2.cif,1.35263991
164-GaN-N_i_neut-POSCAR3-Charged+2.cif,1.34653654
164-GaN-N_i_neut-POSCAR4-Charged+2.cif,1.34545383
178-GaAs-As_Ga-POSCAR0-Charged+2.cif,1.34136542
230-InSb-In_i_B-POSCAR1-Charged+2.cif,1.34027109
64-CdSe-Se_i_neut-POSCAR0-Charged+2.cif,1.34
230-InSb-In_i_B-POSCAR2-Charged+2.cif,1.33
123-AlN-N_i_B-POSCAR16-Charged+2.cif,1.32232427
13-ZnS-V_S-POSCAR26-Charged+2.cif,1.32159427
13-ZnS-V_S-POSCAR27-Charged+2.cif,1.31034507
67-CdTe-V_Te-POSCAR0-Charged+2.cif,1.31
69-CdTe-Cd_i_A-POSCAR0-Charged+2.cif,1.31
13-ZnS-V_S-POSCAR28-Charged+2.cif,1.3
32-ZnTe-Te_Zn-POSCAR2-Charged+2.cif,1.29476843
32-ZnTe-Te_Zn-POSCAR3-Charged+2.cif,1.29
229-InSb-In_i_A-POSCAR0-Charged+2.cif,1.28650316
229-InSb-In_i_A-POSCAR1-Charged+2.cif,1.28442947
168-GaP-P_Ga-POSCAR0-Charged+2.cif,1.28202262
229-InSb-In_i_A-POSCAR2-Charged+2.cif,1.28
218-InAs-As_In-POSCAR0-Charged+2.cif,1.27095247
71-CdTe-Cd_i_neut-POSCAR0-Charged+2.cif,1.27
66-CdTe-Te_Cd-POSCAR1-Charged+2.cif,1.2697429
202-InN-N_i_A-POSCAR0-Charged+2.cif,1.25254429
202-InN-N_i_A-POSCAR1-Charged+2.cif,1.23228433
123-AlN-N_i_B-POSCAR17-Charged+2.cif,1.2321306
202-InN-N_i_A-POSCAR2-Charged+2.cif,1.23
56-CdSe-Se_Cd-POSCAR0-Charged+2.cif,1.22
208-InP-P_In-POSCAR1-Charged+2.cif,1.20785661
61-CdSe-Cd_i_neut-POSCAR0-Charged+2.cif,1.2
123-AlN-N_i_B-POSCAR18-Charged+2.cif,1.17790105
123-AlN-N_i_B-POSCAR31-Charged+2.cif,1.17076294
123-AlN-N_i_B-POSCAR48-Charged+2.cif,1.17024138
123-AlN-N_i_B-POSCAR49-Charged+2.cif,1.17
123-AlN-N_i_B-POSCAR47-Charged+2.cif,1.16994137
123-AlN-N_i_B-POSCAR30-Charged+2.cif,1.16976404
123-AlN-N_i_B-POSCAR46-Charged+2.cif,1.16962362
123-AlN-N_i_B-POSCAR29-Charged+2.cif,1.1695089
123-AlN-N_i_B-POSCAR42-Charged+2.cif,1.16907279
123-AlN-N_i_B-POSCAR32-Charged+2.cif,1.16897937
123-AlN-N_i_B-POSCAR36-Charged+2.cif,1.16892515
123-AlN-N_i_B-POSCAR41-Charged+2.cif,1.16874906
123-AlN-N_i_B-POSCAR43-Charged+2.cif,1.16858473
123-AlN-N_i_B-POSCAR37-Charged+2.cif,1.16818702
123-AlN-N_i_B-POSCAR35-Charged+2.cif,1.16810167
123-AlN-N_i_B-POSCAR40-Charged+2.cif,1.16771705
123-AlN-N_i_B-POSCAR44-Charged+2.cif,1.1674265
123-AlN-N_i_B-POSCAR19-Charged+2.cif,1.16742496
123-AlN-N_i_B-POSCAR38-Charged+2.cif,1.16742089
123-AlN-N_i_B-POSCAR45-Charged+2.cif,1.16736401
123-AlN-N_i_B-POSCAR33-Charged+2.cif,1.16699229
123-AlN-N_i_B-POSCAR39-Charged+2.cif,1.16664637
123-AlN-N_i_B-POSCAR34-Charged+2.cif,1.16635874
178-GaAs-As_Ga-POSCAR1-Charged+2.cif,1.16429303
123-AlN-N_i_B-POSCAR28-Charged+2.cif,1.15993715
123-AlN-N_i_B-POSCAR20-Charged+2.cif,1.15629154
88-BP-P_B-POSCAR0-Charged+2.cif,1.15146417
123-AlN-N_i_B-POSCAR21-Charged+2.cif,1.14865362
123-AlN-N_i_B-POSCAR24-Charged+2.cif,1.14663756
123-AlN-N_i_B-POSCAR27-Charged+2.cif,1.145382
123-AlN-N_i_B-POSCAR22-Charged+2.cif,1.14323354
218-InAs-As_In-POSCAR1-Charged+2.cif,1.14322378
123-AlN-N_i_B-POSCAR23-Charged+2.cif,1.14124255
59-CdSe-Cd_i_A-POSCAR0-Charged+2.cif,1.14
123-AlN-N_i_B-POSCAR26-Charged+2.cif,1.13661159
123-AlN-N_i_B-POSCAR25-Charged+2.cif,1.13601669
88-BP-P_B-POSCAR1-Charged+2.cif,1.12295771
88-BP-P_B-POSCAR2-Charged+2.cif,1.12
178-GaAs-As_Ga-POSCAR2-Charged+2.cif,1.09852352
178-GaAs-As_Ga-POSCAR3-Charged+2.cif,1.09
66-CdTe-Te_Cd-POSCAR2-Charged+2.cif,1.04613499
218-InAs-As_In-POSCAR2-Charged+2.cif,1.0359815
66-CdTe-Te_Cd-POSCAR3-Charged+2.cif,1.03542262
66-CdTe-Te_Cd-POSCAR4-Charged+2.cif,1.03
218-InAs-As_In-POSCAR3-Charged+2.cif,1.02843945
218-InAs-As_In-POSCAR4-Charged+2.cif,1.02
228-InSb-Sb_In-POSCAR0-Charged+2.cif,1.0143567
208-InP-P_In-POSCAR2-Charged+2.cif,1.01091296
188-GaSb-Sb_Ga-POSCAR0-Charged+2.cif,0.98461071
208-InP-P_In-POSCAR3-Charged+2.cif,0.96916751
208-InP-P_In-POSCAR4-Charged+2.cif,0.95660418
228-InSb-Sb_In-POSCAR1-Charged+2.cif,0.94482707
208-InP-P_In-POSCAR5-Charged+2.cif,0.94
280-SiGe-Si_Ge-POSCAR0-Charged+2.cif,0.94
188-GaSb-Sb_Ga-POSCAR1-Charged+2.cif,0.91884409
228-InSb-Sb_In-POSCAR2-Charged+2.cif,0.89345879
228-InSb-Sb_In-POSCAR3-Charged+2.cif,0.89
188-GaSb-Sb_Ga-POSCAR2-Charged+2.cif,0.88249037
70-CdTe-Cd_i_B-POSCAR0-Charged+2.cif,0.88
188-GaSb-Sb_Ga-POSCAR3-Charged+2.cif,0.88
168-GaP-P_Ga-POSCAR1-Charged+2.cif,0.87501499
57-CdSe-V_Se-POSCAR0-Charged+2.cif,0.82
270-SnC-Sn_C-POSCAR0-Charged+2.cif,0.81829315
128-AlP-P_Al-POSCAR0-Charged+2.cif,0.81304859
138-AlAs-As_Al-POSCAR0-Charged+2.cif,0.81057948
204-InN-N_i_neut-POSCAR0-Charged+2.cif,0.80706185
290-SiSn-Si_Sn-POSCAR0-Charged+2.cif,0.79248456
290-SiSn-Si_Sn-POSCAR1-Charged+2.cif,0.79
148-AlSb-Sb_Al-POSCAR0-Charged+2.cif,0.78504403
279-SiGe-Ge_Si-POSCAR0-Charged+2.cif,0.78
204-InN-N_i_neut-POSCAR1-Charged+2.cif,0.77661481
60-CdSe-Cd_i_B-POSCAR0-Charged+2.cif,0.77
204-InN-N_i_neut-POSCAR2-Charged+2.cif,0.75767537
289-SiSn-Sn_Si-POSCAR0-Charged+2.cif,0.75310893
289-SiSn-Sn_Si-POSCAR1-Charged+2.cif,0.75
204-InN-N_i_neut-POSCAR3-Charged+2.cif,0.73853181
168-GaP-P_Ga-POSCAR2-Charged+2.cif,0.73487558
270-SnC-Sn_C-POSCAR1-Charged+2.cif,0.73318414
270-SnC-Sn_C-POSCAR2-Charged+2.cif,0.73
204-InN-N_i_neut-POSCAR4-Charged+2.cif,0.72564892
204-InN-N_i_neut-POSCAR5-Charged+2.cif,0.72
168-GaP-P_Ga-POSCAR3-Charged+2.cif,0.70617463
164-GaN-N_i_neut-POSCAR9-Charged+2.cif,0.7019621
168-GaP-P_Ga-POSCAR4-Charged+2.cif,0.7
164-GaN-N_i_neut-POSCAR10-Charged+2.cif,0.6623037
148-AlSb-Sb_Al-POSCAR1-Charged+2.cif,0.65025496
164-GaN-N_i_neut-POSCAR11-Charged+2.cif,0.6328625
300-GeSn-Ge_Sn-POSCAR0-Charged+2.cif,0.58
148-AlSb-Sb_Al-POSCAR2-Charged+2.cif,0.57849457
148-AlSb-Sb_Al-POSCAR3-Charged+2.cif,0.57
138-AlAs-As_Al-POSCAR1-Charged+2.cif,0.5685022
299-GeSn-Sn_Ge-POSCAR0-Charged+2.cif,0.49
138-AlAs-As_Al-POSCAR2-Charged+2.cif,0.48192513
53-CdS-V_S-POSCAR0-Charged+2.cif,0.48
138-AlAs-As_Al-POSCAR3-Charged+2.cif,0.47
128-AlP-P_Al-POSCAR1-Charged+2.cif,0.36163125
268-SnC-V_C-POSCAR0-Charged+2.cif,0.25
128-AlP-P_Al-POSCAR2-Charged+2.cif,0.23662601
128-AlP-P_Al-POSCAR3-Charged+2.cif,0.20591783
128-AlP-P_Al-POSCAR4-Charged+2.cif,0.2
164-GaN-N_i_neut-POSCAR12-Charged+2.cif,0.1339704
164-GaN-N_i_neut-POSCAR13-Charged+2.cif,0.0539688
164-GaN-N_i_neut-POSCAR14-Charged+2.cif,0.02811608
164-GaN-N_i_neut-POSCAR15-Charged+2.cif,-0.02475587
164-GaN-N_i_neut-POSCAR16-Charged+2.cif,-0.02901612
164-GaN-N_i_neut-POSCAR17-Charged+2.cif,-0.06083954
164-GaN-N_i_neut-POSCAR18-Charged+2.cif,-0.07991543
164-GaN-N_i_neut-POSCAR19-Charged+2.cif,-0.10095237
124-AlN-N_i_neut-POSCAR0-Charged+2.cif,-0.11912406
164-GaN-N_i_neut-POSCAR20-Charged+2.cif,-0.12101529
164-GaN-N_i_neut-POSCAR21-Charged+2.cif,-0.16192361
164-GaN-N_i_neut-POSCAR22-Charged+2.cif,-0.17207223
164-GaN-N_i_neut-POSCAR23-Charged+2.cif,-0.19361109
164-GaN-N_i_neut-POSCAR24-Charged+2.cif,-0.20950778
164-GaN-N_i_neut-POSCAR25-Charged+2.cif,-0.22697834
164-GaN-N_i_neut-POSCAR26-Charged+2.cif,-0.24785777
164-GaN-N_i_neut-POSCAR27-Charged+2.cif,-0.26465099
164-GaN-N_i_neut-POSCAR28-Charged+2.cif,-0.26508772
164-GaN-N_i_neut-POSCAR29-Charged+2.cif,-0.27257153
164-GaN-N_i_neut-POSCAR30-Charged+2.cif,-0.28314549
164-GaN-N_i_neut-POSCAR32-Charged+2.cif,-0.29313415
164-GaN-N_i_neut-POSCAR31-Charged+2.cif,-0.29739581
164-GaN-N_i_neut-POSCAR33-Charged+2.cif,-0.30284732
164-GaN-N_i_neut-POSCAR34-Charged+2.cif,-0.308467
164-GaN-N_i_neut-POSCAR35-Charged+2.cif,-0.31312164
164-GaN-N_i_neut-POSCAR36-Charged+2.cif,-0.31733513
164-GaN-N_i_neut-POSCAR37-Charged+2.cif,-0.32
154-AlSb-Sb_i_neut-POSCAR0-Charged+2.cif,-0.61019371
154-AlSb-Sb_i_neut-POSCAR1-Charged+2.cif,-0.67440512
154-AlSb-Sb_i_neut-POSCAR2-Charged+2.cif,-0.71293566
154-AlSb-Sb_i_neut-POSCAR9-Charged+2.cif,-0.72431493
154-AlSb-Sb_i_neut-POSCAR8-Charged+2.cif,-0.72948196
154-AlSb-Sb_i_neut-POSCAR12-Charged+2.cif,-0.73
154-AlSb-Sb_i_neut-POSCAR11-Charged+2.cif,-0.73030401
154-AlSb-Sb_i_neut-POSCAR3-Charged+2.cif,-0.73063902
154-AlSb-Sb_i_neut-POSCAR10-Charged+2.cif,-0.73419747
154-AlSb-Sb_i_neut-POSCAR7-Charged+2.cif,-0.73698694
154-AlSb-Sb_i_neut-POSCAR4-Charged+2.cif,-0.75126436
154-AlSb-Sb_i_neut-POSCAR5-Charged+2.cif,-0.76405736
154-AlSb-Sb_i_neut-POSCAR6-Charged+2.cif,-0.77353365
124-AlN-N_i_neut-POSCAR2-Charged+2.cif,-0.80988929
124-AlN-N_i_neut-POSCAR5-Charged+2.cif,-0.81381868
124-AlN-N_i_neut-POSCAR3-Charged+2.cif,-1.10777383
124-AlN-N_i_neut-POSCAR4-Charged+2.cif,-1.3029258
124-AlN-N_i_neut-POSCAR6-Charged+2.cif,-1.48240805
124-AlN-N_i_neut-POSCAR7-Charged+2.cif,-1.53337306
198-InN-N_In-POSCAR0-Charged+2.cif,-1.55622957
124-AlN-N_i_neut-POSCAR8-Charged+2.cif,-1.56257564
124-AlN-N_i_neut-POSCAR9-Charged+2.cif,-1.56766245
124-AlN-N_i_neut-POSCAR10-Charged+2.cif,-1.57228037
124-AlN-N_i_neut-POSCAR11-Charged+2.cif,-1.5796316
124-AlN-N_i_neut-POSCAR13-Charged+2.cif,-1.59016558
124-AlN-N_i_neut-POSCAR12-Charged+2.cif,-1.59209579
124-AlN-N_i_neut-POSCAR14-Charged+2.cif,-1.59914669
124-AlN-N_i_neut-POSCAR15-Charged+2.cif,-1.60779169
124-AlN-N_i_neut-POSCAR16-Charged+2.cif,-1.65453483
124-AlN-N_i_neut-POSCAR17-Charged+2.cif,-1.66218284
124-AlN-N_i_neut-POSCAR18-Charged+2.cif,-1.66874435
124-AlN-N_i_neut-POSCAR19-Charged+2.cif,-1.66951884
124-AlN-N_i_neut-POSCAR20-Charged+2.cif,-1.67025295
124-AlN-N_i_neut-POSCAR21-Charged+2.cif,-1.67134514
124-AlN-N_i_neut-POSCAR22-Charged+2.cif,-1.67257669
124-AlN-N_i_neut-POSCAR23-Charged+2.cif,-1.67285422
124-AlN-N_i_neut-POSCAR24-Charged+2.cif,-1.67371832
124-AlN-N_i_neut-POSCAR25-Charged+2.cif,-1.67445997
124-AlN-N_i_neut-POSCAR26-Charged+2.cif,-1.67477882
124-AlN-N_i_neut-POSCAR27-Charged+2.cif,-1.67536976
124-AlN-N_i_neut-POSCAR28-Charged+2.cif,-1.67596011
124-AlN-N_i_neut-POSCAR29-Charged+2.cif,-1.67619216
124-AlN-N_i_neut-POSCAR30-Charged+2.cif,-1.6766276
124-AlN-N_i_neut-POSCAR31-Charged+2.cif,-1.6770632
124-AlN-N_i_neut-POSCAR32-Charged+2.cif,-1.67730978
124-AlN-N_i_neut-POSCAR33-Charged+2.cif,-1.67758329
124-AlN-N_i_neut-POSCAR34-Charged+2.cif,-1.67791694
124-AlN-N_i_neut-POSCAR35-Charged+2.cif,-1.67816596
124-AlN-N_i_neut-POSCAR36-Charged+2.cif,-1.67834527
124-AlN-N_i_neut-POSCAR37-Charged+2.cif,-1.6786068
124-AlN-N_i_neut-POSCAR43-Charged+2.cif,-1.67884413
124-AlN-N_i_neut-POSCAR44-Charged+2.cif,-1.67884979
124-AlN-N_i_neut-POSCAR38-Charged+2.cif,-1.6788802
124-AlN-N_i_neut-POSCAR39-Charged+2.cif,-1.67897999
124-AlN-N_i_neut-POSCAR45-Charged+2.cif,-1.67908449
124-AlN-N_i_neut-POSCAR42-Charged+2.cif,-1.67918653
124-AlN-N_i_neut-POSCAR40-Charged+2.cif,-1.67925197
124-AlN-N_i_neut-POSCAR46-Charged+2.cif,-1.67949697
124-AlN-N_i_neut-POSCAR41-Charged+2.cif,-1.67950932
124-AlN-N_i_neut-POSCAR47-Charged+2.cif,-1.68
158-GaN-N_Ga-POSCAR0-Charged+2.cif,-1.77864058
198-InN-N_In-POSCAR1-Charged+2.cif,-2.07033958
198-InN-N_In-POSCAR2-Charged+2.cif,-2.44837987
158-GaN-N_Ga-POSCAR1-Charged+2.cif,-2.46376015
118-AlN-N_Al-POSCAR0-Charged+2.cif,-2.55030824
158-GaN-N_Ga-POSCAR2-Charged+2.cif,-2.87235774
198-InN-N_In-POSCAR3-Charged+2.cif,-3.09231295
198-InN-N_In-POSCAR4-Charged+2.cif,-3.11689323
198-InN-N_In-POSCAR5-Charged+2.cif,-3.13518549
198-InN-N_In-POSCAR6-Charged+2.cif,-3.13932109
198-InN-N_In-POSCAR7-Charged+2.cif,-3.14
78-BN-N_B-POSCAR0-Charged+2.cif,-3.32936329
158-GaN-N_Ga-POSCAR3-Charged+2.cif,-3.4417762
118-AlN-N_Al-POSCAR1-Charged+2.cif,-3.50910676
158-GaN-N_Ga-POSCAR5-Charged+2.cif,-3.62362924
158-GaN-N_Ga-POSCAR6-Charged+2.cif,-3.645604
158-GaN-N_Ga-POSCAR4-Charged+2.cif,-3.6505339
158-GaN-N_Ga-POSCAR7-Charged+2.cif,-3.66940653
158-GaN-N_Ga-POSCAR8-Charged+2.cif,-3.67
118-AlN-N_Al-POSCAR2-Charged+2.cif,-3.95003139
78-BN-N_B-POSCAR1-Charged+2.cif,-4.35093621
118-AlN-N_Al-POSCAR3-Charged+2.cif,-4.43163637
118-AlN-N_Al-POSCAR5-Charged+2.cif,-4.6019413
118-AlN-N_Al-POSCAR4-Charged+2.cif,-4.68026418
118-AlN-N_Al-POSCAR6-Charged+2.cif,-4.739284
118-AlN-N_Al-POSCAR7-Charged+2.cif,-4.74673595
118-AlN-N_Al-POSCAR8-Charged+2.cif,-4.75
78-BN-N_B-POSCAR2-Charged+2.cif,-5.35312059
78-BN-N_B-POSCAR3-Charged+2.cif,-5.47672366
78-BN-N_B-POSCAR4-Charged+2.cif,-5.51085649
78-BN-N_B-POSCAR5-Charged+2.cif,-5.52