1-CdTe-V_Cd-POSCAR0-Charged+2.cif,2.04
2-CdTe-V_Te-POSCAR0-Charged+2.cif,4.27
3-CdTe-Cd_i_1-POSCAR0-Charged+2.cif,5.51
4-CdTe-Te_i_1-POSCAR0-Charged+2.cif,6.49
5-CdTe-Cd_Te-POSCAR0-Charged+2.cif,5.02
6-CdTe-Te_Cd-POSCAR0-Charged+2.cif,7.24862817
6-CdTe-Te_Cd-POSCAR1-Charged+2.cif,7.0497429
6-CdTe-Te_Cd-POSCAR2-Charged+2.cif,6.82613499
6-CdTe-Te_Cd-POSCAR3-Charged+2.cif,6.81542262
6-CdTe-Te_Cd-POSCAR4-Charged+2.cif,6.81
7-Cd_Te0.250_Se0.750-V_Cd-POSCAR0-Charged+2.cif,2.91033076
7-Cd_Te0.250_Se0.750-V_Cd-POSCAR1-Charged+2.cif,2.90467705
7-Cd_Te0.250_Se0.750-V_Cd-POSCAR2-Charged+2.cif,2.9
8-Cd_Te0.250_Se0.750-V_Te-POSCAR0-Charged+2.cif,5.3680584
8-Cd_Te0.250_Se0.750-V_Te-POSCAR1-Charged+2.cif,5.36450326
8-Cd_Te0.250_Se0.750-V_Te-POSCAR2-Charged+2.cif,5.34447261
8-Cd_Te0.250_Se0.750-V_Te-POSCAR3-Charged+2.cif,5.34
9-Cd_Te0.250_Se0.750-V_Se-POSCAR0-Charged+2.cif,6.96861854
9-Cd_Te0.250_Se0.750-V_Se-POSCAR1-Charged+2.cif,6.95961598
9-Cd_Te0.250_Se0.750-V_Se-POSCAR2-Charged+2.cif,6.95
10-Cd_Te0.250_Se0.750-Cd_i-POSCAR0-Charged+2.cif,6.76640227
10-Cd_Te0.250_Se0.750-Cd_i-POSCAR1-Charged+2.cif,6.507156
10-Cd_Te0.250_Se0.750-Cd_i-POSCAR2-Charged+2.cif,6.32927751
10-Cd_Te0.250_Se0.750-Cd_i-POSCAR3-Charged+2.cif,6.31397513
10-Cd_Te0.250_Se0.750-Cd_i-POSCAR4-Charged+2.cif,6.29900708
10-Cd_Te0.250_Se0.750-Cd_i-POSCAR5-Charged+2.cif,6.29376502
10-Cd_Te0.250_Se0.750-Cd_i-POSCAR6-Charged+2.cif,6.29
11-Cd_Te0.250_Se0.750-Te_i-POSCAR0-Charged+2.cif,5.96189688
11-Cd_Te0.250_Se0.750-Te_i-POSCAR1-Charged+2.cif,5.90770551
11-Cd_Te0.250_Se0.750-Te_i-POSCAR2-Charged+2.cif,5.86470972
11-Cd_Te0.250_Se0.750-Te_i-POSCAR3-Charged+2.cif,5.84270183
11-Cd_Te0.250_Se0.750-Te_i-POSCAR4-Charged+2.cif,5.82666322
11-Cd_Te0.250_Se0.750-Te_i-POSCAR5-Charged+2.cif,5.81325006
11-Cd_Te0.250_Se0.750-Te_i-POSCAR6-Charged+2.cif,5.80505815
11-Cd_Te0.250_Se0.750-Te_i-POSCAR7-Charged+2.cif,5.79891107
11-Cd_Te0.250_Se0.750-Te_i-POSCAR8-Charged+2.cif,5.79438005
11-Cd_Te0.250_Se0.750-Te_i-POSCAR9-Charged+2.cif,5.79020956
11-Cd_Te0.250_Se0.750-Te_i-POSCAR10-Charged+2.cif,5.7872111
11-Cd_Te0.250_Se0.750-Te_i-POSCAR11-Charged+2.cif,5.78401306
11-Cd_Te0.250_Se0.750-Te_i-POSCAR12-Charged+2.cif,5.78091449
11-Cd_Te0.250_Se0.750-Te_i-POSCAR13-Charged+2.cif,5.77723726
11-Cd_Te0.250_Se0.750-Te_i-POSCAR14-Charged+2.cif,5.77431257
11-Cd_Te0.250_Se0.750-Te_i-POSCAR15-Charged+2.cif,5.77139198
11-Cd_Te0.250_Se0.750-Te_i-POSCAR16-Charged+2.cif,5.77
12-Cd_Te0.250_Se0.750-Se_i-POSCAR0-Charged+2.cif,6.25592364
12-Cd_Te0.250_Se0.750-Se_i-POSCAR1-Charged+2.cif,6.25479887
12-Cd_Te0.250_Se0.750-Se_i-POSCAR2-Charged+2.cif,6.26308347
12-Cd_Te0.250_Se0.750-Se_i-POSCAR3-Charged+2.cif,6.25980759
12-Cd_Te0.250_Se0.750-Se_i-POSCAR4-Charged+2.cif,6.25803514
12-Cd_Te0.250_Se0.750-Se_i-POSCAR5-Charged+2.cif,6.25938787
12-Cd_Te0.250_Se0.750-Se_i-POSCAR6-Charged+2.cif,6.26725689
12-Cd_Te0.250_Se0.750-Se_i-POSCAR7-Charged+2.cif,6.25907708
12-Cd_Te0.250_Se0.750-Se_i-POSCAR8-Charged+2.cif,6.25922538
12-Cd_Te0.250_Se0.750-Se_i-POSCAR9-Charged+2.cif,6.26565138
12-Cd_Te0.250_Se0.750-Se_i-POSCAR10-Charged+2.cif,6.26832332
12-Cd_Te0.250_Se0.750-Se_i-POSCAR11-Charged+2.cif,6.27
13-Cd_Te0.250_Se0.750-Cd_Te-POSCAR0-Charged+2.cif,6.91974143
13-Cd_Te0.250_Se0.750-Cd_Te-POSCAR1-Charged+2.cif,6.7995923
13-Cd_Te0.250_Se0.750-Cd_Te-POSCAR2-Charged+2.cif,6.66632948
13-Cd_Te0.250_Se0.750-Cd_Te-POSCAR3-Charged+2.cif,6.63701145
13-Cd_Te0.250_Se0.750-Cd_Te-POSCAR4-Charged+2.cif,6.57291858
13-Cd_Te0.250_Se0.750-Cd_Te-POSCAR5-Charged+2.cif,6.55878482
13-Cd_Te0.250_Se0.750-Cd_Te-POSCAR6-Charged+2.cif,6.55
14-Cd_Te0.250_Se0.750-Cd_Se-POSCAR0-Charged+2.cif,6.86162023
14-Cd_Te0.250_Se0.750-Cd_Se-POSCAR1-Charged+2.cif,6.6875192
14-Cd_Te0.250_Se0.750-Cd_Se-POSCAR2-Charged+2.cif,6.50186106
14-Cd_Te0.250_Se0.750-Cd_Se-POSCAR3-Charged+2.cif,6.46741307
14-Cd_Te0.250_Se0.750-Cd_Se-POSCAR4-Charged+2.cif,6.38995339
14-Cd_Te0.250_Se0.750-Cd_Se-POSCAR5-Charged+2.cif,6.37093393
14-Cd_Te0.250_Se0.750-Cd_Se-POSCAR6-Charged+2.cif,6.3468427
14-Cd_Te0.250_Se0.750-Cd_Se-POSCAR7-Charged+2.cif,6.34
15-Cd_Te0.250_Se0.750-Te_Cd-POSCAR0-Charged+2.cif,5.27765078
15-Cd_Te0.250_Se0.750-Te_Cd-POSCAR1-Charged+2.cif,5.13881775
15-Cd_Te0.250_Se0.750-Te_Cd-POSCAR2-Charged+2.cif,4.83073137
15-Cd_Te0.250_Se0.750-Te_Cd-POSCAR3-Charged+2.cif,4.70059018
15-Cd_Te0.250_Se0.750-Te_Cd-POSCAR4-Charged+2.cif,4.60349398
15-Cd_Te0.250_Se0.750-Te_Cd-POSCAR5-Charged+2.cif,4.55663968
15-Cd_Te0.250_Se0.750-Te_Cd-POSCAR6-Charged+2.cif,4.55451511
15-Cd_Te0.250_Se0.750-Te_Cd-POSCAR7-Charged+2.cif,4.54582248
15-Cd_Te0.250_Se0.750-Te_Cd-POSCAR8-Charged+2.cif,4.48610796
15-Cd_Te0.250_Se0.750-Te_Cd-POSCAR9-Charged+2.cif,4.47291298
15-Cd_Te0.250_Se0.750-Te_Cd-POSCAR10-Charged+2.cif,4.46188402
15-Cd_Te0.250_Se0.750-Te_Cd-POSCAR11-Charged+2.cif,4.46
16-Cd_Te0.250_Se0.750-Se_Cd-POSCAR0-Charged+2.cif,6.16395181
16-Cd_Te0.250_Se0.750-Se_Cd-POSCAR1-Charged+2.cif,6.08704792
16-Cd_Te0.250_Se0.750-Se_Cd-POSCAR2-Charged+2.cif,5.92792822
16-Cd_Te0.250_Se0.750-Se_Cd-POSCAR3-Charged+2.cif,5.83805146
16-Cd_Te0.250_Se0.750-Se_Cd-POSCAR4-Charged+2.cif,5.73095888
16-Cd_Te0.250_Se0.750-Se_Cd-POSCAR5-Charged+2.cif,5.70037367
16-Cd_Te0.250_Se0.750-Se_Cd-POSCAR6-Charged+2.cif,5.61740203
16-Cd_Te0.250_Se0.750-Se_Cd-POSCAR7-Charged+2.cif,5.60880375
16-Cd_Te0.250_Se0.750-Se_Cd-POSCAR8-Charged+2.cif,5.58367114
16-Cd_Te0.250_Se0.750-Se_Cd-POSCAR9-Charged+2.cif,5.57062024
16-Cd_Te0.250_Se0.750-Se_Cd-POSCAR10-Charged+2.cif,5.54500237
16-Cd_Te0.250_Se0.750-Se_Cd-POSCAR11-Charged+2.cif,5.53522865
16-Cd_Te0.250_Se0.750-Se_Cd-POSCAR12-Charged+2.cif,5.53
17-Cd_Te0.500_Se0.500-V_Cd-POSCAR0-Charged+2.cif,2.5361227
17-Cd_Te0.500_Se0.500-V_Cd-POSCAR1-Charged+2.cif,2.52519982
17-Cd_Te0.500_Se0.500-V_Cd-POSCAR2-Charged+2.cif,2.51510567
17-Cd_Te0.500_Se0.500-V_Cd-POSCAR3-Charged+2.cif,2.51370603
17-Cd_Te0.500_Se0.500-V_Cd-POSCAR4-Charged+2.cif,2.51
18-Cd_Te0.500_Se0.500-V_Te-POSCAR0-Charged+2.cif,5.89666448
18-Cd_Te0.500_Se0.500-V_Te-POSCAR1-Charged+2.cif,5.88685348
18-Cd_Te0.500_Se0.500-V_Te-POSCAR2-Charged+2.cif,5.88
19-Cd_Te0.500_Se0.500-V_Se-POSCAR0-Charged+2.cif,4.43737584
19-Cd_Te0.500_Se0.500-V_Se-POSCAR1-Charged+2.cif,4.30982883
19-Cd_Te0.500_Se0.500-V_Se-POSCAR2-Charged+2.cif,4.14152608
19-Cd_Te0.500_Se0.500-V_Se-POSCAR3-Charged+2.cif,4.06792462
19-Cd_Te0.500_Se0.500-V_Se-POSCAR4-Charged+2.cif,4.02983135
19-Cd_Te0.500_Se0.500-V_Se-POSCAR5-Charged+2.cif,3.96534423
19-Cd_Te0.500_Se0.500-V_Se-POSCAR6-Charged+2.cif,3.94162604
19-Cd_Te0.500_Se0.500-V_Se-POSCAR7-Charged+2.cif,3.90224132
19-Cd_Te0.500_Se0.500-V_Se-POSCAR8-Charged+2.cif,3.89536146
19-Cd_Te0.500_Se0.500-V_Se-POSCAR9-Charged+2.cif,3.87229137
19-Cd_Te0.500_Se0.500-V_Se-POSCAR10-Charged+2.cif,3.86860868
19-Cd_Te0.500_Se0.500-V_Se-POSCAR11-Charged+2.cif,3.85516404
19-Cd_Te0.500_Se0.500-V_Se-POSCAR12-Charged+2.cif,3.85439974
19-Cd_Te0.500_Se0.500-V_Se-POSCAR13-Charged+2.cif,3.84715239
19-Cd_Te0.500_Se0.500-V_Se-POSCAR14-Charged+2.cif,3.84701331
19-Cd_Te0.500_Se0.500-V_Se-POSCAR15-Charged+2.cif,3.84304634
19-Cd_Te0.500_Se0.500-V_Se-POSCAR16-Charged+2.cif,3.84289076
19-Cd_Te0.500_Se0.500-V_Se-POSCAR17-Charged+2.cif,3.84
20-Cd_Te0.500_Se0.500-Cd_i-POSCAR0-Charged+2.cif,6.10249437
20-Cd_Te0.500_Se0.500-Cd_i-POSCAR1-Charged+2.cif,5.75744732
20-Cd_Te0.500_Se0.500-Cd_i-POSCAR2-Charged+2.cif,5.49900884
20-Cd_Te0.500_Se0.500-Cd_i-POSCAR3-Charged+2.cif,5.47191758
20-Cd_Te0.500_Se0.500-Cd_i-POSCAR4-Charged+2.cif,5.44577323
20-Cd_Te0.500_Se0.500-Cd_i-POSCAR5-Charged+2.cif,5.43845694
20-Cd_Te0.500_Se0.500-Cd_i-POSCAR6-Charged+2.cif,5.43192386
20-Cd_Te0.500_Se0.500-Cd_i-POSCAR7-Charged+2.cif,5.43
21-Cd_Te0.500_Se0.500-Te_i-POSCAR0-Charged+2.cif,6.84993356
21-Cd_Te0.500_Se0.500-Te_i-POSCAR1-Charged+2.cif,6.80333876
21-Cd_Te0.500_Se0.500-Te_i-POSCAR2-Charged+2.cif,6.76719981
21-Cd_Te0.500_Se0.500-Te_i-POSCAR3-Charged+2.cif,6.7439814
21-Cd_Te0.500_Se0.500-Te_i-POSCAR4-Charged+2.cif,6.73287439
21-Cd_Te0.500_Se0.500-Te_i-POSCAR5-Charged+2.cif,6.71359006
21-Cd_Te0.500_Se0.500-Te_i-POSCAR6-Charged+2.cif,6.70400265
21-Cd_Te0.500_Se0.500-Te_i-POSCAR7-Charged+2.cif,6.69259084
21-Cd_Te0.500_Se0.500-Te_i-POSCAR8-Charged+2.cif,6.6851605
21-Cd_Te0.500_Se0.500-Te_i-POSCAR9-Charged+2.cif,6.67663198
21-Cd_Te0.500_Se0.500-Te_i-POSCAR10-Charged+2.cif,6.67418985
21-Cd_Te0.500_Se0.500-Te_i-POSCAR11-Charged+2.cif,6.66866585
21-Cd_Te0.500_Se0.500-Te_i-POSCAR12-Charged+2.cif,6.66804208
21-Cd_Te0.500_Se0.500-Te_i-POSCAR13-Charged+2.cif,6.66327034
21-Cd_Te0.500_Se0.500-Te_i-POSCAR14-Charged+2.cif,6.66273072
21-Cd_Te0.500_Se0.500-Te_i-POSCAR15-Charged+2.cif,6.66
22-Cd_Te0.500_Se0.500-Se_i-POSCAR0-Charged+2.cif,6.17112496
22-Cd_Te0.500_Se0.500-Se_i-POSCAR1-Charged+2.cif,6.1443616
22-Cd_Te0.500_Se0.500-Se_i-POSCAR2-Charged+2.cif,6.11998807
22-Cd_Te0.500_Se0.500-Se_i-POSCAR3-Charged+2.cif,6.10124756
22-Cd_Te0.500_Se0.500-Se_i-POSCAR4-Charged+2.cif,6.08824563
22-Cd_Te0.500_Se0.500-Se_i-POSCAR5-Charged+2.cif,6.07748364
22-Cd_Te0.500_Se0.500-Se_i-POSCAR6-Charged+2.cif,6.07340539
22-Cd_Te0.500_Se0.500-Se_i-POSCAR7-Charged+2.cif,6.06651321
22-Cd_Te0.500_Se0.500-Se_i-POSCAR8-Charged+2.cif,6.06019425
22-Cd_Te0.500_Se0.500-Se_i-POSCAR9-Charged+2.cif,6.05537718
22-Cd_Te0.500_Se0.500-Se_i-POSCAR10-Charged+2.cif,6.05261126
22-Cd_Te0.500_Se0.500-Se_i-POSCAR11-Charged+2.cif,6.05
23-Cd_Te0.500_Se0.500-Cd_Te-POSCAR0-Charged+2.cif,4.86523299
23-Cd_Te0.500_Se0.500-Cd_Te-POSCAR1-Charged+2.cif,4.69459193
23-Cd_Te0.500_Se0.500-Cd_Te-POSCAR2-Charged+2.cif,4.49986244
23-Cd_Te0.500_Se0.500-Cd_Te-POSCAR3-Charged+2.cif,4.46426402
23-Cd_Te0.500_Se0.500-Cd_Te-POSCAR4-Charged+2.cif,4.37824112
23-Cd_Te0.500_Se0.500-Cd_Te-POSCAR5-Charged+2.cif,4.35859276
23-Cd_Te0.500_Se0.500-Cd_Te-POSCAR6-Charged+2.cif,4.33640488
23-Cd_Te0.500_Se0.500-Cd_Te-POSCAR7-Charged+2.cif,4.33
24-Cd_Te0.500_Se0.500-Cd_Se-POSCAR0-Charged+2.cif,4.70171092
24-Cd_Te0.500_Se0.500-Cd_Se-POSCAR1-Charged+2.cif,4.7
25-Cd_Te0.500_Se0.500-Te_Cd-POSCAR0-Charged+2.cif,6.91691697
25-Cd_Te0.500_Se0.500-Te_Cd-POSCAR1-Charged+2.cif,6.7362042
25-Cd_Te0.500_Se0.500-Te_Cd-POSCAR2-Charged+2.cif,6.44948004
25-Cd_Te0.500_Se0.500-Te_Cd-POSCAR3-Charged+2.cif,6.39339055
25-Cd_Te0.500_Se0.500-Te_Cd-POSCAR4-Charged+2.cif,6.34712006
25-Cd_Te0.500_Se0.500-Te_Cd-POSCAR5-Charged+2.cif,6.31083987
25-Cd_Te0.500_Se0.500-Te_Cd-POSCAR6-Charged+2.cif,6.22797666
25-Cd_Te0.500_Se0.500-Te_Cd-POSCAR7-Charged+2.cif,6.15725923
25-Cd_Te0.500_Se0.500-Te_Cd-POSCAR8-Charged+2.cif,6.1061451
25-Cd_Te0.500_Se0.500-Te_Cd-POSCAR9-Charged+2.cif,6.09292579
25-Cd_Te0.500_Se0.500-Te_Cd-POSCAR10-Charged+2.cif,6.08367467
25-Cd_Te0.500_Se0.500-Te_Cd-POSCAR11-Charged+2.cif,6.08
26-Cd_Te0.500_Se0.500-Se_Cd-POSCAR0-Charged+2.cif,-1.19468403
26-Cd_Te0.500_Se0.500-Se_Cd-POSCAR1-Charged+2.cif,-1.22719988
26-Cd_Te0.500_Se0.500-Se_Cd-POSCAR2-Charged+2.cif,-1.26683592
26-Cd_Te0.500_Se0.500-Se_Cd-POSCAR3-Charged+2.cif,-1.30381227
26-Cd_Te0.500_Se0.500-Se_Cd-POSCAR4-Charged+2.cif,-1.43234849
26-Cd_Te0.500_Se0.500-Se_Cd-POSCAR5-Charged+2.cif,-1.69011362
26-Cd_Te0.500_Se0.500-Se_Cd-POSCAR6-Charged+2.cif,-1.68596862
26-Cd_Te0.500_Se0.500-Se_Cd-POSCAR7-Charged+2.cif,-1.69603431
26-Cd_Te0.500_Se0.500-Se_Cd-POSCAR8-Charged+2.cif,-1.72078753
26-Cd_Te0.500_Se0.500-Se_Cd-POSCAR9-Charged+2.cif,-1.73465438
26-Cd_Te0.500_Se0.500-Se_Cd-POSCAR10-Charged+2.cif,-1.7672437
26-Cd_Te0.500_Se0.500-Se_Cd-POSCAR11-Charged+2.cif,-1.83862393
26-Cd_Te0.500_Se0.500-Se_Cd-POSCAR12-Charged+2.cif,-1.85952764
26-Cd_Te0.500_Se0.500-Se_Cd-POSCAR13-Charged+2.cif,-1.87106248
26-Cd_Te0.500_Se0.500-Se_Cd-POSCAR14-Charged+2.cif,-1.89607707
26-Cd_Te0.500_Se0.500-Se_Cd-POSCAR15-Charged+2.cif,-1.91665328
26-Cd_Te0.500_Se0.500-Se_Cd-POSCAR16-Charged+2.cif,-1.92760436
26-Cd_Te0.500_Se0.500-Se_Cd-POSCAR17-Charged+2.cif,-1.94037525
26-Cd_Te0.500_Se0.500-Se_Cd-POSCAR18-Charged+2.cif,-1.95
27-Cd_Te0.750_Se0.250-V_Cd-POSCAR0-Charged+2.cif,2.61406195
27-Cd_Te0.750_Se0.250-V_Cd-POSCAR1-Charged+2.cif,2.60786152
27-Cd_Te0.750_Se0.250-V_Cd-POSCAR2-Charged+2.cif,2.6
28-Cd_Te0.750_Se0.250-V_Te-POSCAR0-Charged+2.cif,7.06748327
28-Cd_Te0.750_Se0.250-V_Te-POSCAR1-Charged+2.cif,7.06000146
28-Cd_Te0.750_Se0.250-V_Te-POSCAR2-Charged+2.cif,7.05
29-Cd_Te0.750_Se0.250-V_Se-POSCAR0-Charged+2.cif,4.82707077
29-Cd_Te0.750_Se0.250-V_Se-POSCAR1-Charged+2.cif,4.75716321
29-Cd_Te0.750_Se0.250-V_Se-POSCAR2-Charged+2.cif,4.69774726
29-Cd_Te0.750_Se0.250-V_Se-POSCAR3-Charged+2.cif,4.5540308
29-Cd_Te0.750_Se0.250-V_Se-POSCAR4-Charged+2.cif,4.59901015
29-Cd_Te0.750_Se0.250-V_Se-POSCAR5-Charged+2.cif,4.43707657
29-Cd_Te0.750_Se0.250-V_Se-POSCAR6-Charged+2.cif,4.15537536
29-Cd_Te0.750_Se0.250-V_Se-POSCAR7-Charged+2.cif,3.76838006
29-Cd_Te0.750_Se0.250-V_Se-POSCAR8-Charged+2.cif,3.56892199
29-Cd_Te0.750_Se0.250-V_Se-POSCAR9-Charged+2.cif,3.48112438
29-Cd_Te0.750_Se0.250-V_Se-POSCAR10-Charged+2.cif,3.46352771
29-Cd_Te0.750_Se0.250-V_Se-POSCAR11-Charged+2.cif,3.45043807
29-Cd_Te0.750_Se0.250-V_Se-POSCAR12-Charged+2.cif,3.44541895
29-Cd_Te0.750_Se0.250-V_Se-POSCAR13-Charged+2.cif,3.44
30-Cd_Te0.750_Se0.250-Cd_i-POSCAR0-Charged+2.cif,6.48976215
30-Cd_Te0.750_Se0.250-Cd_i-POSCAR1-Charged+2.cif,6.18104002
30-Cd_Te0.750_Se0.250-Cd_i-POSCAR2-Charged+2.cif,5.93157076
30-Cd_Te0.750_Se0.250-Cd_i-POSCAR3-Charged+2.cif,5.91074112
30-Cd_Te0.750_Se0.250-Cd_i-POSCAR4-Charged+2.cif,5.89194045
30-Cd_Te0.750_Se0.250-Cd_i-POSCAR5-Charged+2.cif,5.88426012
30-Cd_Te0.750_Se0.250-Cd_i-POSCAR6-Charged+2.cif,5.88
31-Cd_Te0.750_Se0.250-Te_i-POSCAR0-Charged+2.cif,5.59677054
31-Cd_Te0.750_Se0.250-Te_i-POSCAR1-Charged+2.cif,5.56531695
31-Cd_Te0.750_Se0.250-Te_i-POSCAR2-Charged+2.cif,5.5443132
31-Cd_Te0.750_Se0.250-Te_i-POSCAR3-Charged+2.cif,5.53941818
31-Cd_Te0.750_Se0.250-Te_i-POSCAR4-Charged+2.cif,5.53378855
31-Cd_Te0.750_Se0.250-Te_i-POSCAR5-Charged+2.cif,5.53021722
31-Cd_Te0.750_Se0.250-Te_i-POSCAR6-Charged+2.cif,5.52548846
31-Cd_Te0.750_Se0.250-Te_i-POSCAR7-Charged+2.cif,5.52199745
31-Cd_Te0.750_Se0.250-Te_i-POSCAR8-Charged+2.cif,5.51624357
31-Cd_Te0.750_Se0.250-Te_i-POSCAR9-Charged+2.cif,5.51103195
31-Cd_Te0.750_Se0.250-Te_i-POSCAR10-Charged+2.cif,5.50612915
31-Cd_Te0.750_Se0.250-Te_i-POSCAR11-Charged+2.cif,5.50264469
31-Cd_Te0.750_Se0.250-Te_i-POSCAR12-Charged+2.cif,5.5
32-Cd_Te0.750_Se0.250-Se_i-POSCAR0-Charged+2.cif,6.99579516
32-Cd_Te0.750_Se0.250-Se_i-POSCAR1-Charged+2.cif,6.96124764
32-Cd_Te0.750_Se0.250-Se_i-POSCAR2-Charged+2.cif,6.93607377
32-Cd_Te0.750_Se0.250-Se_i-POSCAR3-Charged+2.cif,6.91585778
32-Cd_Te0.750_Se0.250-Se_i-POSCAR4-Charged+2.cif,6.91186848
32-Cd_Te0.750_Se0.250-Se_i-POSCAR5-Charged+2.cif,6.90132094
32-Cd_Te0.750_Se0.250-Se_i-POSCAR6-Charged+2.cif,6.89539644
32-Cd_Te0.750_Se0.250-Se_i-POSCAR7-Charged+2.cif,6.89
33-Cd_Te0.750_Se0.250-Cd_Te-POSCAR0-Charged+2.cif,6.65133882
33-Cd_Te0.750_Se0.250-Cd_Te-POSCAR1-Charged+2.cif,6.41083218
33-Cd_Te0.750_Se0.250-Cd_Te-POSCAR2-Charged+2.cif,6.12802663
33-Cd_Te0.750_Se0.250-Cd_Te-POSCAR3-Charged+2.cif,6.06734278
33-Cd_Te0.750_Se0.250-Cd_Te-POSCAR4-Charged+2.cif,5.96983032
33-Cd_Te0.750_Se0.250-Cd_Te-POSCAR5-Charged+2.cif,5.91547856
33-Cd_Te0.750_Se0.250-Cd_Te-POSCAR6-Charged+2.cif,5.85741104
33-Cd_Te0.750_Se0.250-Cd_Te-POSCAR7-Charged+2.cif,5.83701154
33-Cd_Te0.750_Se0.250-Cd_Te-POSCAR8-Charged+2.cif,5.8163108
33-Cd_Te0.750_Se0.250-Cd_Te-POSCAR9-Charged+2.cif,5.81
34-Cd_Te0.750_Se0.250-Cd_Se-POSCAR0-Charged+2.cif,5.09360707
34-Cd_Te0.750_Se0.250-Cd_Se-POSCAR1-Charged+2.cif,4.86382455
34-Cd_Te0.750_Se0.250-Cd_Se-POSCAR2-Charged+2.cif,4.59445087
34-Cd_Te0.750_Se0.250-Cd_Se-POSCAR3-Charged+2.cif,4.54253482
34-Cd_Te0.750_Se0.250-Cd_Se-POSCAR4-Charged+2.cif,4.44583846
34-Cd_Te0.750_Se0.250-Cd_Se-POSCAR5-Charged+2.cif,4.40570465
34-Cd_Te0.750_Se0.250-Cd_Se-POSCAR6-Charged+2.cif,4.35939726
34-Cd_Te0.750_Se0.250-Cd_Se-POSCAR7-Charged+2.cif,4.34581083
34-Cd_Te0.750_Se0.250-Cd_Se-POSCAR8-Charged+2.cif,4.33
35-Cd_Te0.750_Se0.250-Te_Cd-POSCAR0-Charged+2.cif,5.28638653
35-Cd_Te0.750_Se0.250-Te_Cd-POSCAR1-Charged+2.cif,5.11100504
35-Cd_Te0.750_Se0.250-Te_Cd-POSCAR2-Charged+2.cif,4.78562568
35-Cd_Te0.750_Se0.250-Te_Cd-POSCAR3-Charged+2.cif,4.73678454
35-Cd_Te0.750_Se0.250-Te_Cd-POSCAR4-Charged+2.cif,4.68058909
35-Cd_Te0.750_Se0.250-Te_Cd-POSCAR5-Charged+2.cif,4.63717715
35-Cd_Te0.750_Se0.250-Te_Cd-POSCAR6-Charged+2.cif,4.58927966
35-Cd_Te0.750_Se0.250-Te_Cd-POSCAR7-Charged+2.cif,4.51269374
35-Cd_Te0.750_Se0.250-Te_Cd-POSCAR8-Charged+2.cif,4.45365561
35-Cd_Te0.750_Se0.250-Te_Cd-POSCAR9-Charged+2.cif,4.42959147
35-Cd_Te0.750_Se0.250-Te_Cd-POSCAR10-Charged+2.cif,4.41999908
35-Cd_Te0.750_Se0.250-Te_Cd-POSCAR11-Charged+2.cif,4.41382327
35-Cd_Te0.750_Se0.250-Te_Cd-POSCAR12-Charged+2.cif,4.41
36-Cd_Te0.750_Se0.250-Se_Cd-POSCAR0-Charged+2.cif,8.11136137
36-Cd_Te0.750_Se0.250-Se_Cd-POSCAR1-Charged+2.cif,7.97270552
36-Cd_Te0.750_Se0.250-Se_Cd-POSCAR2-Charged+2.cif,7.81994916
36-Cd_Te0.750_Se0.250-Se_Cd-POSCAR3-Charged+2.cif,7.81360595
36-Cd_Te0.750_Se0.250-Se_Cd-POSCAR4-Charged+2.cif,7.81
37-CdSe-V_Cd-POSCAR0-Charged+2.cif,2.78
38-CdSe-V_Se-POSCAR0-Charged+2.cif,5.89
39-CdSe-Cd_i_1-POSCAR0-Charged+2.cif,7.46
40-CdSe-Se_i_1-POSCAR0-Charged+2.cif,5.43
41-CdSe-Cd_Se-POSCAR0-Charged+2.cif,8.39
42-CdSe-Se_Cd-POSCAR0-Charged+2.cif,5.73
id_prop.csv,