156-GaN-V_N-POSCAR1-Charged-2.cif,14.85225158
156-GaN-V_N-POSCAR2-Charged-2.cif,14.78491167
156-GaN-V_N-POSCAR9-Charged-2.cif,14.75011431
156-GaN-V_N-POSCAR12-Charged-2.cif,14.75
156-GaN-V_N-POSCAR3-Charged-2.cif,14.74902391
156-GaN-V_N-POSCAR10-Charged-2.cif,14.74712166
156-GaN-V_N-POSCAR8-Charged-2.cif,14.74661589
156-GaN-V_N-POSCAR7-Charged-2.cif,14.74048719
156-GaN-V_N-POSCAR5-Charged-2.cif,14.73809575
156-GaN-V_N-POSCAR6-Charged-2.cif,14.7362449
156-GaN-V_N-POSCAR11-Charged-2.cif,14.7354361
156-GaN-V_N-POSCAR4-Charged-2.cif,14.72954481
93-BP-P_i_B-POSCAR0-Charged-2.cif,14.68658326
93-BP-P_i_B-POSCAR1-Charged-2.cif,14.65690057
93-BP-P_i_B-POSCAR2-Charged-2.cif,14.64546352
93-BP-P_i_B-POSCAR3-Charged-2.cif,14.63
103-BAs-As_i_B-POSCAR0-Charged-2.cif,14.58651996
103-BAs-As_i_B-POSCAR1-Charged-2.cif,14.54284769
103-BAs-As_i_B-POSCAR2-Charged-2.cif,14.52677128
103-BAs-As_i_B-POSCAR3-Charged-2.cif,14.51
92-BP-P_i_A-POSCAR0-Charged-2.cif,14.31254238
92-BP-P_i_A-POSCAR1-Charged-2.cif,14.3051449
92-BP-P_i_A-POSCAR2-Charged-2.cif,14.30220206
92-BP-P_i_A-POSCAR3-Charged-2.cif,14.3
200-InN-In_i_B-POSCAR0-Charged-2.cif,14.20451303
200-InN-In_i_B-POSCAR1-Charged-2.cif,14.18495946
200-InN-In_i_B-POSCAR2-Charged-2.cif,14.18157434
200-InN-In_i_B-POSCAR3-Charged-2.cif,14.18
84-BN-N_i_neut-POSCAR3-Charged-2.cif,14.14684132
201-InN-In_i_neut-POSCAR0-Charged-2.cif,14.13546243
201-InN-In_i_neut-POSCAR1-Charged-2.cif,14.11559797
201-InN-In_i_neut-POSCAR2-Charged-2.cif,14.11184282
201-InN-In_i_neut-POSCAR3-Charged-2.cif,14.11
102-BAs-As_i_A-POSCAR0-Charged-2.cif,13.88276448
102-BAs-As_i_A-POSCAR1-Charged-2.cif,13.80503944
102-BAs-As_i_A-POSCAR2-Charged-2.cif,13.77706545
102-BAs-As_i_A-POSCAR3-Charged-2.cif,13.77
84-BN-N_i_neut-POSCAR0-Charged-2.cif,13.34779461
5-ZnO-Zn_i_A-POSCAR0-Charged-2.cif,13.34
113-BSb-Sb_i_B-POSCAR0-Charged-2.cif,13.30362495
113-BSb-Sb_i_B-POSCAR1-Charged-2.cif,13.26715093
113-BSb-Sb_i_B-POSCAR2-Charged-2.cif,13.25121817
113-BSb-Sb_i_B-POSCAR3-Charged-2.cif,13.23
84-BN-N_i_neut-POSCAR5-Charged-2.cif,13.06029389
84-BN-N_i_neut-POSCAR2-Charged-2.cif,13.05483839
84-BN-N_i_neut-POSCAR4-Charged-2.cif,13.01909208
84-BN-N_i_neut-POSCAR7-Charged-2.cif,13.00026253
84-BN-N_i_neut-POSCAR9-Charged-2.cif,12.98231422
84-BN-N_i_neut-POSCAR6-Charged-2.cif,12.97439386
84-BN-N_i_neut-POSCAR11-Charged-2.cif,12.97257496
84-BN-N_i_neut-POSCAR8-Charged-2.cif,12.97125392
84-BN-N_i_neut-POSCAR13-Charged-2.cif,12.97118058
84-BN-N_i_neut-POSCAR10-Charged-2.cif,12.97044227
84-BN-N_i_neut-POSCAR12-Charged-2.cif,12.97023543
84-BN-N_i_neut-POSCAR14-Charged-2.cif,12.97
7-ZnO-Zn_i_neut-POSCAR0-Charged-2.cif,12.94
6-ZnO-Zn_i_B-POSCAR0-Charged-2.cif,12.62
17-ZnS-Zn_i_neut-POSCAR0-Charged-2.cif,12.58652732
17-ZnS-Zn_i_neut-POSCAR1-Charged-2.cif,12.57241237
17-ZnS-Zn_i_neut-POSCAR2-Charged-2.cif,12.5658541
17-ZnS-Zn_i_neut-POSCAR3-Charged-2.cif,12.56296964
17-ZnS-Zn_i_neut-POSCAR4-Charged-2.cif,12.56
235-C-V_C-POSCAR1-Charged-2.cif,12.5550425
104-BAs-As_i_neut-POSCAR0-Charged-2.cif,12.54751044
94-BP-P_i_neut-POSCAR0-Charged-2.cif,12.54427546
94-BP-P_i_neut-POSCAR1-Charged-2.cif,12.49516704
104-BAs-As_i_neut-POSCAR1-Charged-2.cif,12.48102692
94-BP-P_i_neut-POSCAR2-Charged-2.cif,12.47906873
94-BP-P_i_neut-POSCAR3-Charged-2.cif,12.46659617
104-BAs-As_i_neut-POSCAR2-Charged-2.cif,12.46205066
94-BP-P_i_neut-POSCAR4-Charged-2.cif,12.45743093
94-BP-P_i_neut-POSCAR5-Charged-2.cif,12.45157554
94-BP-P_i_neut-POSCAR6-Charged-2.cif,12.45
104-BAs-As_i_neut-POSCAR3-Charged-2.cif,12.44777755
104-BAs-As_i_neut-POSCAR4-Charged-2.cif,12.43793321
104-BAs-As_i_neut-POSCAR5-Charged-2.cif,12.43151849
104-BAs-As_i_neut-POSCAR6-Charged-2.cif,12.43
112-BSb-Sb_i_A-POSCAR0-Charged-2.cif,12.41141026
112-BSb-Sb_i_A-POSCAR1-Charged-2.cif,12.40690421
112-BSb-Sb_i_A-POSCAR2-Charged-2.cif,12.40434202
112-BSb-Sb_i_A-POSCAR3-Charged-2.cif,12.4
16-ZnS-Zn_i_B-POSCAR0-Charged-2.cif,12.34887747
235-C-V_C-POSCAR0-Charged-2.cif,12.33800167
16-ZnS-Zn_i_B-POSCAR1-Charged-2.cif,12.33469744
16-ZnS-Zn_i_B-POSCAR2-Charged-2.cif,12.32534294
16-ZnS-Zn_i_B-POSCAR3-Charged-2.cif,12.32060858
16-ZnS-Zn_i_B-POSCAR4-Charged-2.cif,12.31
235-C-V_C-POSCAR3-Charged-2.cif,12.25658876
235-C-V_C-POSCAR2-Charged-2.cif,12.25312652
235-C-V_C-POSCAR4-Charged-2.cif,12.25
14-ZnS-Zn_S-POSCAR0-Charged-2.cif,12.22254968
90-BP-B_i_B-POSCAR0-Charged-2.cif,12.06654503
90-BP-B_i_B-POSCAR1-Charged-2.cif,12.06083246
90-BP-B_i_B-POSCAR2-Charged-2.cif,12.06
15-ZnS-Zn_i_A-POSCAR0-Charged-2.cif,12.00673976
15-ZnS-Zn_i_A-POSCAR1-Charged-2.cif,11.99671778
15-ZnS-Zn_i_A-POSCAR2-Charged-2.cif,11.99
14-ZnS-Zn_S-POSCAR1-Charged-2.cif,11.96420758
14-ZnS-Zn_S-POSCAR2-Charged-2.cif,11.81068616
14-ZnS-Zn_S-POSCAR3-Charged-2.cif,11.80272214
14-ZnS-Zn_S-POSCAR4-Charged-2.cif,11.8
89-BP-B_i_A-POSCAR0-Charged-2.cif,11.59178237
89-BP-B_i_A-POSCAR1-Charged-2.cif,11.5817727
89-BP-B_i_A-POSCAR2-Charged-2.cif,11.58
114-BSb-Sb_i_neut-POSCAR0-Charged-2.cif,11.50326432
114-BSb-Sb_i_neut-POSCAR1-Charged-2.cif,11.47085086
114-BSb-Sb_i_neut-POSCAR2-Charged-2.cif,11.46160513
114-BSb-Sb_i_neut-POSCAR3-Charged-2.cif,11.45380666
114-BSb-Sb_i_neut-POSCAR4-Charged-2.cif,11.44712152
114-BSb-Sb_i_neut-POSCAR5-Charged-2.cif,11.44326317
114-BSb-Sb_i_neut-POSCAR6-Charged-2.cif,11.44
100-BAs-B_i_B-POSCAR0-Charged-2.cif,11.38586799
100-BAs-B_i_B-POSCAR1-Charged-2.cif,11.38
123-AlN-N_i_B-POSCAR0-Charged-2.cif,11.00062642
91-BP-B_i_neut-POSCAR0-Charged-2.cif,10.53834228
91-BP-B_i_neut-POSCAR1-Charged-2.cif,10.52063315
91-BP-B_i_neut-POSCAR2-Charged-2.cif,10.51603133
91-BP-B_i_neut-POSCAR3-Charged-2.cif,10.5127808
91-BP-B_i_neut-POSCAR4-Charged-2.cif,10.51
123-AlN-N_i_B-POSCAR1-Charged-2.cif,10.50568978
154-AlSb-Sb_i_neut-POSCAR0-Charged-2.cif,10.44276085
131-AlP-Al_i_neut-POSCAR6-Charged-2.cif,10.43870217
131-AlP-Al_i_neut-POSCAR5-Charged-2.cif,10.43682716
131-AlP-Al_i_neut-POSCAR7-Charged-2.cif,10.43297005
131-AlP-Al_i_neut-POSCAR8-Charged-2.cif,10.42635832
131-AlP-Al_i_neut-POSCAR14-Charged-2.cif,10.42365173
131-AlP-Al_i_neut-POSCAR15-Charged-2.cif,10.42260717
131-AlP-Al_i_neut-POSCAR9-Charged-2.cif,10.41914807
131-AlP-Al_i_neut-POSCAR4-Charged-2.cif,10.41810494
131-AlP-Al_i_neut-POSCAR13-Charged-2.cif,10.41799276
131-AlP-Al_i_neut-POSCAR16-Charged-2.cif,10.41717225
131-AlP-Al_i_neut-POSCAR12-Charged-2.cif,10.41664093
131-AlP-Al_i_neut-POSCAR10-Charged-2.cif,10.41554789
131-AlP-Al_i_neut-POSCAR17-Charged-2.cif,10.41437908
131-AlP-Al_i_neut-POSCAR11-Charged-2.cif,10.41274786
131-AlP-Al_i_neut-POSCAR20-Charged-2.cif,10.40971898
131-AlP-Al_i_neut-POSCAR18-Charged-2.cif,10.40924765
131-AlP-Al_i_neut-POSCAR19-Charged-2.cif,10.40884272
131-AlP-Al_i_neut-POSCAR25-Charged-2.cif,10.40880148
131-AlP-Al_i_neut-POSCAR21-Charged-2.cif,10.40874419
131-AlP-Al_i_neut-POSCAR24-Charged-2.cif,10.40867512
131-AlP-Al_i_neut-POSCAR26-Charged-2.cif,10.40769906
131-AlP-Al_i_neut-POSCAR27-Charged-2.cif,10.40557099
131-AlP-Al_i_neut-POSCAR22-Charged-2.cif,10.40461683
131-AlP-Al_i_neut-POSCAR23-Charged-2.cif,10.40377861
131-AlP-Al_i_neut-POSCAR28-Charged-2.cif,10.40359171
131-AlP-Al_i_neut-POSCAR0-Charged-2.cif,10.40301091
131-AlP-Al_i_neut-POSCAR35-Charged-2.cif,10.40271851
131-AlP-Al_i_neut-POSCAR34-Charged-2.cif,10.40264453
131-AlP-Al_i_neut-POSCAR36-Charged-2.cif,10.40207364
131-AlP-Al_i_neut-POSCAR33-Charged-2.cif,10.40200327
131-AlP-Al_i_neut-POSCAR29-Charged-2.cif,10.40161442
131-AlP-Al_i_neut-POSCAR32-Charged-2.cif,10.40101798
131-AlP-Al_i_neut-POSCAR37-Charged-2.cif,10.40095582
131-AlP-Al_i_neut-POSCAR30-Charged-2.cif,10.40088968
131-AlP-Al_i_neut-POSCAR31-Charged-2.cif,10.40051722
131-AlP-Al_i_neut-POSCAR38-Charged-2.cif,10.4
131-AlP-Al_i_neut-POSCAR1-Charged-2.cif,10.37710265
131-AlP-Al_i_neut-POSCAR3-Charged-2.cif,10.36220064
154-AlSb-Sb_i_neut-POSCAR1-Charged-2.cif,10.35975523
131-AlP-Al_i_neut-POSCAR2-Charged-2.cif,10.35801816
154-AlSb-Sb_i_neut-POSCAR2-Charged-2.cif,10.28370912
154-AlSb-Sb_i_neut-POSCAR3-Charged-2.cif,10.27436672
247-SiC-V_Si-POSCAR0-Charged-2.cif,10.25467686
154-AlSb-Sb_i_neut-POSCAR4-Charged-2.cif,10.23963193
154-AlSb-Sb_i_neut-POSCAR5-Charged-2.cif,10.22920705
250-SiC-Si_C-POSCAR0-Charged-2.cif,10.21968162
154-AlSb-Sb_i_neut-POSCAR6-Charged-2.cif,10.21790957
250-SiC-Si_C-POSCAR1-Charged-2.cif,10.21663854
154-AlSb-Sb_i_neut-POSCAR7-Charged-2.cif,10.21104926
247-SiC-V_Si-POSCAR1-Charged-2.cif,10.21019803
250-SiC-Si_C-POSCAR2-Charged-2.cif,10.21
154-AlSb-Sb_i_neut-POSCAR8-Charged-2.cif,10.20023538
154-AlSb-Sb_i_neut-POSCAR9-Charged-2.cif,10.18976042
154-AlSb-Sb_i_neut-POSCAR10-Charged-2.cif,10.17856343
154-AlSb-Sb_i_neut-POSCAR11-Charged-2.cif,10.17337637
154-AlSb-Sb_i_neut-POSCAR12-Charged-2.cif,10.17
44-CdO-Cd_O-POSCAR0-Charged-2.cif,10.13
27-ZnSe-Zn_i_neut-POSCAR0-Charged-2.cif,10.04526059
24-ZnSe-Zn_Se-POSCAR0-Charged-2.cif,10.03818407
247-SiC-V_Si-POSCAR2-Charged-2.cif,10.03704626
27-ZnSe-Zn_i_neut-POSCAR1-Charged-2.cif,10.03388213
247-SiC-V_Si-POSCAR3-Charged-2.cif,10.03284347
247-SiC-V_Si-POSCAR4-Charged-2.cif,10.03087363
247-SiC-V_Si-POSCAR5-Charged-2.cif,10.03
27-ZnSe-Zn_i_neut-POSCAR2-Charged-2.cif,10.02785695
27-ZnSe-Zn_i_neut-POSCAR3-Charged-2.cif,10.02531713
27-ZnSe-Zn_i_neut-POSCAR4-Charged-2.cif,10.02
130-AlP-Al_i_B-POSCAR0-Charged-2.cif,9.91457085
129-AlP-Al_i_A-POSCAR0-Charged-2.cif,9.91415135
129-AlP-Al_i_A-POSCAR1-Charged-2.cif,9.91
130-AlP-Al_i_B-POSCAR1-Charged-2.cif,9.9013227
99-BAs-B_i_A-POSCAR0-Charged-2.cif,9.89592054
130-AlP-Al_i_B-POSCAR2-Charged-2.cif,9.89416542
130-AlP-Al_i_B-POSCAR3-Charged-2.cif,9.89
99-BAs-B_i_A-POSCAR1-Charged-2.cif,9.85227663
24-ZnSe-Zn_Se-POSCAR1-Charged-2.cif,9.84953015
99-BAs-B_i_A-POSCAR2-Charged-2.cif,9.83302091
99-BAs-B_i_A-POSCAR3-Charged-2.cif,9.83
26-ZnSe-Zn_i_B-POSCAR0-Charged-2.cif,9.8166321
26-ZnSe-Zn_i_B-POSCAR1-Charged-2.cif,9.80882116
26-ZnSe-Zn_i_B-POSCAR2-Charged-2.cif,9.80262223
26-ZnSe-Zn_i_B-POSCAR3-Charged-2.cif,9.8
248-SiC-V_C-POSCAR0-Charged-2.cif,9.75195382
24-ZnSe-Zn_Se-POSCAR2-Charged-2.cif,9.69720966
24-ZnSe-Zn_Se-POSCAR3-Charged-2.cif,9.68581769
24-ZnSe-Zn_Se-POSCAR4-Charged-2.cif,9.68
123-AlN-N_i_B-POSCAR2-Charged-2.cif,9.66147411
54-CdS-Cd_S-POSCAR0-Charged-2.cif,9.59
196-InN-V_N-POSCAR0-Charged-2.cif,9.58681111
163-GaN-N_i_B-POSCAR0-Charged-2.cif,9.55091115
196-InN-V_N-POSCAR1-Charged-2.cif,9.54020951
196-InN-V_N-POSCAR2-Charged-2.cif,9.52479576
196-InN-V_N-POSCAR3-Charged-2.cif,9.51516026
248-SiC-V_C-POSCAR1-Charged-2.cif,9.5148371
196-InN-V_N-POSCAR4-Charged-2.cif,9.51
101-BAs-B_i_neut-POSCAR0-Charged-2.cif,9.46252767
123-AlN-N_i_B-POSCAR3-Charged-2.cif,9.46223858
123-AlN-N_i_B-POSCAR8-Charged-2.cif,9.43705389
248-SiC-V_C-POSCAR2-Charged-2.cif,9.43526544
123-AlN-N_i_B-POSCAR9-Charged-2.cif,9.43307124
123-AlN-N_i_B-POSCAR12-Charged-2.cif,9.42781211
123-AlN-N_i_B-POSCAR13-Charged-2.cif,9.42580252
123-AlN-N_i_B-POSCAR11-Charged-2.cif,9.42525703
123-AlN-N_i_B-POSCAR14-Charged-2.cif,9.42327948
123-AlN-N_i_B-POSCAR10-Charged-2.cif,9.42259481
123-AlN-N_i_B-POSCAR6-Charged-2.cif,9.42195212
123-AlN-N_i_B-POSCAR15-Charged-2.cif,9.42185852
123-AlN-N_i_B-POSCAR19-Charged-2.cif,9.42071519
123-AlN-N_i_B-POSCAR18-Charged-2.cif,9.42068943
123-AlN-N_i_B-POSCAR16-Charged-2.cif,9.42020733
123-AlN-N_i_B-POSCAR20-Charged-2.cif,9.42000008
123-AlN-N_i_B-POSCAR21-Charged-2.cif,9.42
123-AlN-N_i_B-POSCAR17-Charged-2.cif,9.41962805
101-BAs-B_i_neut-POSCAR1-Charged-2.cif,9.41406579
123-AlN-N_i_B-POSCAR5-Charged-2.cif,9.40936628
123-AlN-N_i_B-POSCAR7-Charged-2.cif,9.40260913
20-ZnS-S_i_neut-POSCAR0-Charged-2.cif,9.39655959
101-BAs-B_i_neut-POSCAR2-Charged-2.cif,9.39412323
248-SiC-V_C-POSCAR3-Charged-2.cif,9.39201673
25-ZnSe-Zn_i_A-POSCAR0-Charged-2.cif,9.37431798
248-SiC-V_C-POSCAR4-Charged-2.cif,9.37315237
123-AlN-N_i_B-POSCAR4-Charged-2.cif,9.37203395
248-SiC-V_C-POSCAR5-Charged-2.cif,9.37
101-BAs-B_i_neut-POSCAR3-Charged-2.cif,9.36720097
25-ZnSe-Zn_i_A-POSCAR1-Charged-2.cif,9.36678523
25-ZnSe-Zn_i_A-POSCAR2-Charged-2.cif,9.36
101-BAs-B_i_neut-POSCAR4-Charged-2.cif,9.35288453
101-BAs-B_i_neut-POSCAR5-Charged-2.cif,9.35
171-GaP-Ga_i_neut-POSCAR0-Charged-2.cif,9.32460976
13-ZnS-V_S-POSCAR0-Charged-2.cif,9.31209715
171-GaP-Ga_i_neut-POSCAR1-Charged-2.cif,9.30184341
171-GaP-Ga_i_neut-POSCAR2-Charged-2.cif,9.29310399
171-GaP-Ga_i_neut-POSCAR8-Charged-2.cif,9.29025966
19-ZnS-S_i_B-POSCAR0-Charged-2.cif,9.28922075
171-GaP-Ga_i_neut-POSCAR7-Charged-2.cif,9.28894362
171-GaP-Ga_i_neut-POSCAR9-Charged-2.cif,9.28784868
19-ZnS-S_i_B-POSCAR1-Charged-2.cif,9.28532609
171-GaP-Ga_i_neut-POSCAR10-Charged-2.cif,9.28439487
171-GaP-Ga_i_neut-POSCAR3-Charged-2.cif,9.28323457
19-ZnS-S_i_B-POSCAR2-Charged-2.cif,9.28307232
171-GaP-Ga_i_neut-POSCAR6-Charged-2.cif,9.28289304
171-GaP-Ga_i_neut-POSCAR31-Charged-2.cif,9.28285215
171-GaP-Ga_i_neut-POSCAR32-Charged-2.cif,9.28266357
171-GaP-Ga_i_neut-POSCAR11-Charged-2.cif,9.28221459
19-ZnS-S_i_B-POSCAR3-Charged-2.cif,9.28183966
171-GaP-Ga_i_neut-POSCAR21-Charged-2.cif,9.28141401
171-GaP-Ga_i_neut-POSCAR33-Charged-2.cif,9.28120864
171-GaP-Ga_i_neut-POSCAR30-Charged-2.cif,9.28119534
171-GaP-Ga_i_neut-POSCAR22-Charged-2.cif,9.28093609
171-GaP-Ga_i_neut-POSCAR15-Charged-2.cif,9.28090339
171-GaP-Ga_i_neut-POSCAR20-Charged-2.cif,9.28063607
171-GaP-Ga_i_neut-POSCAR29-Charged-2.cif,9.28058692
171-GaP-Ga_i_neut-POSCAR16-Charged-2.cif,9.28050067
19-ZnS-S_i_B-POSCAR4-Charged-2.cif,9.28
171-GaP-Ga_i_neut-POSCAR34-Charged-2.cif,9.28
171-GaP-Ga_i_neut-POSCAR12-Charged-2.cif,9.27988476
171-GaP-Ga_i_neut-POSCAR19-Charged-2.cif,9.27978947
171-GaP-Ga_i_neut-POSCAR23-Charged-2.cif,9.27964769
171-GaP-Ga_i_neut-POSCAR24-Charged-2.cif,9.27948643
171-GaP-Ga_i_neut-POSCAR14-Charged-2.cif,9.27947113
171-GaP-Ga_i_neut-POSCAR13-Charged-2.cif,9.27945846
171-GaP-Ga_i_neut-POSCAR25-Charged-2.cif,9.27890248
171-GaP-Ga_i_neut-POSCAR27-Charged-2.cif,9.27873786
171-GaP-Ga_i_neut-POSCAR17-Charged-2.cif,9.27842316
171-GaP-Ga_i_neut-POSCAR26-Charged-2.cif,9.27839109
171-GaP-Ga_i_neut-POSCAR28-Charged-2.cif,9.27770107
171-GaP-Ga_i_neut-POSCAR18-Charged-2.cif,9.27701735
171-GaP-Ga_i_neut-POSCAR4-Charged-2.cif,9.27005474
171-GaP-Ga_i_neut-POSCAR5-Charged-2.cif,9.26865077
13-ZnS-V_S-POSCAR1-Charged-2.cif,9.18963744
141-AlAs-Al_i_neut-POSCAR4-Charged-2.cif,9.06
141-AlAs-Al_i_neut-POSCAR3-Charged-2.cif,9.05597368
141-AlAs-Al_i_neut-POSCAR2-Charged-2.cif,9.05266608
13-ZnS-V_S-POSCAR2-Charged-2.cif,9.05010023
141-AlAs-Al_i_neut-POSCAR0-Charged-2.cif,9.04227848
141-AlAs-Al_i_neut-POSCAR1-Charged-2.cif,9.04004932
127-AlP-Al_P-POSCAR0-Charged-2.cif,9.03865159
122-AlN-N_i_A-POSCAR0-Charged-2.cif,9.01670246
86-BP-V_P-POSCAR0-Charged-2.cif,8.99536646
13-ZnS-V_S-POSCAR3-Charged-2.cif,8.99146731
140-AlAs-Al_i_B-POSCAR0-Charged-2.cif,8.9839079
140-AlAs-Al_i_B-POSCAR1-Charged-2.cif,8.9595087
133-AlP-P_i_B-POSCAR0-Charged-2.cif,8.9483057
140-AlAs-Al_i_B-POSCAR2-Charged-2.cif,8.93417177
86-BP-V_P-POSCAR1-Charged-2.cif,8.93204298
86-BP-V_P-POSCAR2-Charged-2.cif,8.92214637
86-BP-V_P-POSCAR3-Charged-2.cif,8.92
140-AlAs-Al_i_B-POSCAR3-Charged-2.cif,8.91820915
173-GaP-P_i_B-POSCAR0-Charged-2.cif,8.91249912
140-AlAs-Al_i_B-POSCAR4-Charged-2.cif,8.89943132
13-ZnS-V_S-POSCAR4-Charged-2.cif,8.89682229
140-AlAs-Al_i_B-POSCAR5-Charged-2.cif,8.89
13-ZnS-V_S-POSCAR5-Charged-2.cif,8.887016
173-GaP-P_i_B-POSCAR1-Charged-2.cif,8.87040048
13-ZnS-V_S-POSCAR6-Charged-2.cif,8.87
173-GaP-P_i_B-POSCAR2-Charged-2.cif,8.86
78-BN-N_B-POSCAR0-Charged-2.cif,8.84254908
172-GaP-P_i_A-POSCAR0-Charged-2.cif,8.83481056
163-GaN-N_i_B-POSCAR1-Charged-2.cif,8.79968368
132-AlP-P_i_A-POSCAR0-Charged-2.cif,8.78697465
3-ZnO-V_O-POSCAR0-Charged-2.cif,8.78
139-AlAs-Al_i_A-POSCAR0-Charged-2.cif,8.75630993
133-AlP-P_i_B-POSCAR1-Charged-2.cif,8.75412663
139-AlAs-Al_i_A-POSCAR1-Charged-2.cif,8.75
170-GaP-Ga_i_B-POSCAR0-Charged-2.cif,8.73444634
20-ZnS-S_i_neut-POSCAR1-Charged-2.cif,8.73224628
170-GaP-Ga_i_B-POSCAR1-Charged-2.cif,8.73
127-AlP-Al_P-POSCAR1-Charged-2.cif,8.72162667
134-AlP-P_i_neut-POSCAR0-Charged-2.cif,8.70890319
172-GaP-P_i_A-POSCAR1-Charged-2.cif,8.66355607
169-GaP-Ga_i_A-POSCAR0-Charged-2.cif,8.65
127-AlP-Al_P-POSCAR2-Charged-2.cif,8.64287941
110-BSb-B_i_B-POSCAR0-Charged-2.cif,8.63651639
127-AlP-Al_P-POSCAR3-Charged-2.cif,8.63
133-AlP-P_i_B-POSCAR2-Charged-2.cif,8.61321971
110-BSb-B_i_B-POSCAR1-Charged-2.cif,8.61210623
110-BSb-B_i_B-POSCAR2-Charged-2.cif,8.6059408
20-ZnS-S_i_neut-POSCAR2-Charged-2.cif,8.60026129
110-BSb-B_i_B-POSCAR3-Charged-2.cif,8.6
172-GaP-P_i_A-POSCAR2-Charged-2.cif,8.58322888
132-AlP-P_i_A-POSCAR1-Charged-2.cif,8.56858181
134-AlP-P_i_neut-POSCAR1-Charged-2.cif,8.56347832
18-ZnS-S_i_A-POSCAR0-Charged-2.cif,8.55504369
78-BN-N_B-POSCAR1-Charged-2.cif,8.5548426
20-ZnS-S_i_neut-POSCAR3-Charged-2.cif,8.54179022
163-GaN-N_i_B-POSCAR2-Charged-2.cif,8.53994485
29-ZnSe-Se_i_B-POSCAR0-Charged-2.cif,8.53682134
174-GaP-P_i_neut-POSCAR0-Charged-2.cif,8.52003486
124-AlN-N_i_neut-POSCAR1-Charged-2.cif,8.51590312
172-GaP-P_i_A-POSCAR3-Charged-2.cif,8.51253878
20-ZnS-S_i_neut-POSCAR4-Charged-2.cif,8.50826229
133-AlP-P_i_B-POSCAR3-Charged-2.cif,8.50421356
132-AlP-P_i_A-POSCAR2-Charged-2.cif,8.50284575
20-ZnS-S_i_neut-POSCAR93-Charged-2.cif,8.5024082
20-ZnS-S_i_neut-POSCAR97-Charged-2.cif,8.49810333
20-ZnS-S_i_neut-POSCAR5-Charged-2.cif,8.49636586
20-ZnS-S_i_neut-POSCAR85-Charged-2.cif,8.49561326
20-ZnS-S_i_neut-POSCAR6-Charged-2.cif,8.49175819
20-ZnS-S_i_neut-POSCAR89-Charged-2.cif,8.49087886
20-ZnS-S_i_neut-POSCAR18-Charged-2.cif,8.49028911
20-ZnS-S_i_neut-POSCAR61-Charged-2.cif,8.4887798
20-ZnS-S_i_neut-POSCAR81-Charged-2.cif,8.4884767
20-ZnS-S_i_neut-POSCAR78-Charged-2.cif,8.48799062
20-ZnS-S_i_neut-POSCAR63-Charged-2.cif,8.48778428
20-ZnS-S_i_neut-POSCAR60-Charged-2.cif,8.4877472
78-BN-N_B-POSCAR7-Charged-2.cif,8.48739171
20-ZnS-S_i_neut-POSCAR64-Charged-2.cif,8.48700542
20-ZnS-S_i_neut-POSCAR80-Charged-2.cif,8.48693761
20-ZnS-S_i_neut-POSCAR7-Charged-2.cif,8.48613094
20-ZnS-S_i_neut-POSCAR92-Charged-2.cif,8.48585632
20-ZnS-S_i_neut-POSCAR59-Charged-2.cif,8.48575103
20-ZnS-S_i_neut-POSCAR57-Charged-2.cif,8.48567294
20-ZnS-S_i_neut-POSCAR96-Charged-2.cif,8.48517253
20-ZnS-S_i_neut-POSCAR19-Charged-2.cif,8.48491278
20-ZnS-S_i_neut-POSCAR69-Charged-2.cif,8.48464157
20-ZnS-S_i_neut-POSCAR77-Charged-2.cif,8.4839963
20-ZnS-S_i_neut-POSCAR72-Charged-2.cif,8.48398107
20-ZnS-S_i_neut-POSCAR56-Charged-2.cif,8.48394889
20-ZnS-S_i_neut-POSCAR88-Charged-2.cif,8.48351976
20-ZnS-S_i_neut-POSCAR44-Charged-2.cif,8.48333733
20-ZnS-S_i_neut-POSCAR84-Charged-2.cif,8.48333228
20-ZnS-S_i_neut-POSCAR17-Charged-2.cif,8.48320403
20-ZnS-S_i_neut-POSCAR40-Charged-2.cif,8.48300498
20-ZnS-S_i_neut-POSCAR70-Charged-2.cif,8.48281475
20-ZnS-S_i_neut-POSCAR20-Charged-2.cif,8.48277146
20-ZnS-S_i_neut-POSCAR67-Charged-2.cif,8.48268498
20-ZnS-S_i_neut-POSCAR65-Charged-2.cif,8.48267495
20-ZnS-S_i_neut-POSCAR41-Charged-2.cif,8.48250567
20-ZnS-S_i_neut-POSCAR21-Charged-2.cif,8.48247822
20-ZnS-S_i_neut-POSCAR66-Charged-2.cif,8.48201931
20-ZnS-S_i_neut-POSCAR47-Charged-2.cif,8.48201857
20-ZnS-S_i_neut-POSCAR48-Charged-2.cif,8.48191202
20-ZnS-S_i_neut-POSCAR73-Charged-2.cif,8.48178682
20-ZnS-S_i_neut-POSCAR22-Charged-2.cif,8.48178466
20-ZnS-S_i_neut-POSCAR33-Charged-2.cif,8.48161689
20-ZnS-S_i_neut-POSCAR32-Charged-2.cif,8.4815048
20-ZnS-S_i_neut-POSCAR55-Charged-2.cif,8.48142321
20-ZnS-S_i_neut-POSCAR75-Charged-2.cif,8.48140996
20-ZnS-S_i_neut-POSCAR51-Charged-2.cif,8.48138569
20-ZnS-S_i_neut-POSCAR34-Charged-2.cif,8.48131861
20-ZnS-S_i_neut-POSCAR35-Charged-2.cif,8.48123812
20-ZnS-S_i_neut-POSCAR45-Charged-2.cif,8.48117477
20-ZnS-S_i_neut-POSCAR42-Charged-2.cif,8.48113214
20-ZnS-S_i_neut-POSCAR23-Charged-2.cif,8.48104604
20-ZnS-S_i_neut-POSCAR39-Charged-2.cif,8.48104353
20-ZnS-S_i_neut-POSCAR37-Charged-2.cif,8.4810075
20-ZnS-S_i_neut-POSCAR36-Charged-2.cif,8.48096758
20-ZnS-S_i_neut-POSCAR52-Charged-2.cif,8.48093577
20-ZnS-S_i_neut-POSCAR74-Charged-2.cif,8.48092116
20-ZnS-S_i_neut-POSCAR8-Charged-2.cif,8.48086216
20-ZnS-S_i_neut-POSCAR71-Charged-2.cif,8.4808171
20-ZnS-S_i_neut-POSCAR16-Charged-2.cif,8.48078359
20-ZnS-S_i_neut-POSCAR38-Charged-2.cif,8.4807053
20-ZnS-S_i_neut-POSCAR54-Charged-2.cif,8.48063709
20-ZnS-S_i_neut-POSCAR46-Charged-2.cif,8.48061673
20-ZnS-S_i_neut-POSCAR82-Charged-2.cif,8.48050183
20-ZnS-S_i_neut-POSCAR50-Charged-2.cif,8.48047646
20-ZnS-S_i_neut-POSCAR53-Charged-2.cif,8.48045927
20-ZnS-S_i_neut-POSCAR24-Charged-2.cif,8.48034052
20-ZnS-S_i_neut-POSCAR43-Charged-2.cif,8.48029282
20-ZnS-S_i_neut-POSCAR49-Charged-2.cif,8.48009064
20-ZnS-S_i_neut-POSCAR25-Charged-2.cif,8.47981383
20-ZnS-S_i_neut-POSCAR26-Charged-2.cif,8.47972306
20-ZnS-S_i_neut-POSCAR27-Charged-2.cif,8.47947684
20-ZnS-S_i_neut-POSCAR31-Charged-2.cif,8.47918575
20-ZnS-S_i_neut-POSCAR68-Charged-2.cif,8.47896446
20-ZnS-S_i_neut-POSCAR29-Charged-2.cif,8.47882863
20-ZnS-S_i_neut-POSCAR28-Charged-2.cif,8.47880587
20-ZnS-S_i_neut-POSCAR30-Charged-2.cif,8.47846304
20-ZnS-S_i_neut-POSCAR86-Charged-2.cif,8.47822556
20-ZnS-S_i_neut-POSCAR76-Charged-2.cif,8.47814191
20-ZnS-S_i_neut-POSCAR14-Charged-2.cif,8.47756281
20-ZnS-S_i_neut-POSCAR15-Charged-2.cif,8.47751441
20-ZnS-S_i_neut-POSCAR79-Charged-2.cif,8.47742262
20-ZnS-S_i_neut-POSCAR83-Charged-2.cif,8.47733657
20-ZnS-S_i_neut-POSCAR62-Charged-2.cif,8.47699085
20-ZnS-S_i_neut-POSCAR94-Charged-2.cif,8.47668694
20-ZnS-S_i_neut-POSCAR9-Charged-2.cif,8.47510858
20-ZnS-S_i_neut-POSCAR90-Charged-2.cif,8.47490506
20-ZnS-S_i_neut-POSCAR98-Charged-2.cif,8.47383826
20-ZnS-S_i_neut-POSCAR58-Charged-2.cif,8.47238276
20-ZnS-S_i_neut-POSCAR13-Charged-2.cif,8.47095691
20-ZnS-S_i_neut-POSCAR11-Charged-2.cif,8.47085956
20-ZnS-S_i_neut-POSCAR10-Charged-2.cif,8.47078316
20-ZnS-S_i_neut-POSCAR12-Charged-2.cif,8.47001347
172-GaP-P_i_A-POSCAR4-Charged-2.cif,8.47
20-ZnS-S_i_neut-POSCAR91-Charged-2.cif,8.46587691
174-GaP-P_i_neut-POSCAR1-Charged-2.cif,8.46112436
20-ZnS-S_i_neut-POSCAR87-Charged-2.cif,8.45929196
134-AlP-P_i_neut-POSCAR2-Charged-2.cif,8.44994957
20-ZnS-S_i_neut-POSCAR95-Charged-2.cif,8.44546902
174-GaP-P_i_neut-POSCAR6-Charged-2.cif,8.44493297
132-AlP-P_i_A-POSCAR3-Charged-2.cif,8.42871969
132-AlP-P_i_A-POSCAR4-Charged-2.cif,8.42368721
174-GaP-P_i_neut-POSCAR7-Charged-2.cif,8.42257687
133-AlP-P_i_B-POSCAR4-Charged-2.cif,8.42125102
174-GaP-P_i_neut-POSCAR5-Charged-2.cif,8.4137816
132-AlP-P_i_A-POSCAR5-Charged-2.cif,8.41
174-GaP-P_i_neut-POSCAR2-Charged-2.cif,8.4036523
133-AlP-P_i_B-POSCAR5-Charged-2.cif,8.39728607
20-ZnS-S_i_neut-POSCAR99-Charged-2.cif,8.39
133-AlP-P_i_B-POSCAR6-Charged-2.cif,8.39
134-AlP-P_i_neut-POSCAR3-Charged-2.cif,8.37736981
134-AlP-P_i_neut-POSCAR4-Charged-2.cif,8.37139924
174-GaP-P_i_neut-POSCAR3-Charged-2.cif,8.37111981
126-AlP-V_P-POSCAR0-Charged-2.cif,8.34411587
58-CdSe-Cd_Se-POSCAR0-Charged-2.cif,8.34
134-AlP-P_i_neut-POSCAR5-Charged-2.cif,8.33770442
174-GaP-P_i_neut-POSCAR8-Charged-2.cif,8.33446995
122-AlN-N_i_A-POSCAR1-Charged-2.cif,8.33393129
134-AlP-P_i_neut-POSCAR6-Charged-2.cif,8.32629486
134-AlP-P_i_neut-POSCAR8-Charged-2.cif,8.32102404
134-AlP-P_i_neut-POSCAR9-Charged-2.cif,8.31939527
134-AlP-P_i_neut-POSCAR7-Charged-2.cif,8.31883879
174-GaP-P_i_neut-POSCAR4-Charged-2.cif,8.3173001
134-AlP-P_i_neut-POSCAR10-Charged-2.cif,8.30820811
163-GaN-N_i_B-POSCAR3-Charged-2.cif,8.30364316
96-BAs-V_As-POSCAR0-Charged-2.cif,8.30142659
134-AlP-P_i_neut-POSCAR11-Charged-2.cif,8.29937402
134-AlP-P_i_neut-POSCAR14-Charged-2.cif,8.29350549
134-AlP-P_i_neut-POSCAR12-Charged-2.cif,8.2934576
134-AlP-P_i_neut-POSCAR13-Charged-2.cif,8.29210369
134-AlP-P_i_neut-POSCAR15-Charged-2.cif,8.29052263
134-AlP-P_i_neut-POSCAR22-Charged-2.cif,8.28699588
134-AlP-P_i_neut-POSCAR26-Charged-2.cif,8.28698733
134-AlP-P_i_neut-POSCAR27-Charged-2.cif,8.28664808
134-AlP-P_i_neut-POSCAR25-Charged-2.cif,8.28659449
134-AlP-P_i_neut-POSCAR23-Charged-2.cif,8.28641208
134-AlP-P_i_neut-POSCAR16-Charged-2.cif,8.28618982
134-AlP-P_i_neut-POSCAR28-Charged-2.cif,8.28571024
134-AlP-P_i_neut-POSCAR31-Charged-2.cif,8.28565341
134-AlP-P_i_neut-POSCAR21-Charged-2.cif,8.28560158
134-AlP-P_i_neut-POSCAR32-Charged-2.cif,8.28547364
134-AlP-P_i_neut-POSCAR24-Charged-2.cif,8.28530743
134-AlP-P_i_neut-POSCAR18-Charged-2.cif,8.28517538
134-AlP-P_i_neut-POSCAR30-Charged-2.cif,8.28516379
134-AlP-P_i_neut-POSCAR29-Charged-2.cif,8.28502327
134-AlP-P_i_neut-POSCAR19-Charged-2.cif,8.28465396
134-AlP-P_i_neut-POSCAR33-Charged-2.cif,8.28452163
134-AlP-P_i_neut-POSCAR17-Charged-2.cif,8.28441878
134-AlP-P_i_neut-POSCAR20-Charged-2.cif,8.28402319
134-AlP-P_i_neut-POSCAR34-Charged-2.cif,8.28392544
134-AlP-P_i_neut-POSCAR37-Charged-2.cif,8.28385409
134-AlP-P_i_neut-POSCAR36-Charged-2.cif,8.28375496
134-AlP-P_i_neut-POSCAR38-Charged-2.cif,8.28371374
134-AlP-P_i_neut-POSCAR60-Charged-2.cif,8.28324014
134-AlP-P_i_neut-POSCAR59-Charged-2.cif,8.28321115
134-AlP-P_i_neut-POSCAR58-Charged-2.cif,8.2831765
134-AlP-P_i_neut-POSCAR39-Charged-2.cif,8.28315367
134-AlP-P_i_neut-POSCAR35-Charged-2.cif,8.2831456
134-AlP-P_i_neut-POSCAR61-Charged-2.cif,8.28295598
134-AlP-P_i_neut-POSCAR42-Charged-2.cif,8.28281946
134-AlP-P_i_neut-POSCAR41-Charged-2.cif,8.28274545
134-AlP-P_i_neut-POSCAR40-Charged-2.cif,8.28248282
134-AlP-P_i_neut-POSCAR62-Charged-2.cif,8.28244533
134-AlP-P_i_neut-POSCAR43-Charged-2.cif,8.28238509
134-AlP-P_i_neut-POSCAR63-Charged-2.cif,8.28176002
134-AlP-P_i_neut-POSCAR44-Charged-2.cif,8.28156955
134-AlP-P_i_neut-POSCAR68-Charged-2.cif,8.28146419
134-AlP-P_i_neut-POSCAR67-Charged-2.cif,8.28143491
134-AlP-P_i_neut-POSCAR64-Charged-2.cif,8.28142624
134-AlP-P_i_neut-POSCAR66-Charged-2.cif,8.28137578
134-AlP-P_i_neut-POSCAR69-Charged-2.cif,8.28119926
134-AlP-P_i_neut-POSCAR65-Charged-2.cif,8.28099326
134-AlP-P_i_neut-POSCAR45-Charged-2.cif,8.28092023
134-AlP-P_i_neut-POSCAR48-Charged-2.cif,8.2805677
134-AlP-P_i_neut-POSCAR70-Charged-2.cif,8.28049484
134-AlP-P_i_neut-POSCAR47-Charged-2.cif,8.28046321
134-AlP-P_i_neut-POSCAR46-Charged-2.cif,8.2804361
134-AlP-P_i_neut-POSCAR49-Charged-2.cif,8.28041934
134-AlP-P_i_neut-POSCAR71-Charged-2.cif,8.28007641
134-AlP-P_i_neut-POSCAR52-Charged-2.cif,8.28007359
134-AlP-P_i_neut-POSCAR74-Charged-2.cif,8.28005109
134-AlP-P_i_neut-POSCAR50-Charged-2.cif,8.28001698
134-AlP-P_i_neut-POSCAR75-Charged-2.cif,8.28
134-AlP-P_i_neut-POSCAR53-Charged-2.cif,8.27997086
134-AlP-P_i_neut-POSCAR72-Charged-2.cif,8.27981955
134-AlP-P_i_neut-POSCAR73-Charged-2.cif,8.27974979
134-AlP-P_i_neut-POSCAR54-Charged-2.cif,8.27950876
134-AlP-P_i_neut-POSCAR51-Charged-2.cif,8.27947433
134-AlP-P_i_neut-POSCAR55-Charged-2.cif,8.27894704
134-AlP-P_i_neut-POSCAR57-Charged-2.cif,8.27892265
134-AlP-P_i_neut-POSCAR56-Charged-2.cif,8.27276436
78-BN-N_B-POSCAR2-Charged-2.cif,8.2602064
96-BAs-V_As-POSCAR1-Charged-2.cif,8.22118483
174-GaP-P_i_neut-POSCAR10-Charged-2.cif,8.21567018
174-GaP-P_i_neut-POSCAR9-Charged-2.cif,8.2139751
126-AlP-V_P-POSCAR1-Charged-2.cif,8.21078116
96-BAs-V_As-POSCAR2-Charged-2.cif,8.21070951
96-BAs-V_As-POSCAR3-Charged-2.cif,8.20590803
174-GaP-P_i_neut-POSCAR11-Charged-2.cif,8.20275701
96-BAs-V_As-POSCAR4-Charged-2.cif,8.20235893
96-BAs-V_As-POSCAR5-Charged-2.cif,8.2
163-GaN-N_i_B-POSCAR4-Charged-2.cif,8.18426891
211-InP-In_i_neut-POSCAR0-Charged-2.cif,8.1781193
174-GaP-P_i_neut-POSCAR12-Charged-2.cif,8.17060473
211-InP-In_i_neut-POSCAR1-Charged-2.cif,8.16700221
211-InP-In_i_neut-POSCAR7-Charged-2.cif,8.16452852
30-ZnSe-Se_i_neut-POSCAR0-Charged-2.cif,8.16439409
211-InP-In_i_neut-POSCAR6-Charged-2.cif,8.1636188
211-InP-In_i_neut-POSCAR8-Charged-2.cif,8.16311882
211-InP-In_i_neut-POSCAR2-Charged-2.cif,8.16158215
211-InP-In_i_neut-POSCAR9-Charged-2.cif,8.16081537
211-InP-In_i_neut-POSCAR5-Charged-2.cif,8.15979719
211-InP-In_i_neut-POSCAR16-Charged-2.cif,8.15918882
211-InP-In_i_neut-POSCAR15-Charged-2.cif,8.15880996
211-InP-In_i_neut-POSCAR4-Charged-2.cif,8.158634
211-InP-In_i_neut-POSCAR10-Charged-2.cif,8.15860124
211-InP-In_i_neut-POSCAR17-Charged-2.cif,8.15847051
211-InP-In_i_neut-POSCAR14-Charged-2.cif,8.15814468
211-InP-In_i_neut-POSCAR3-Charged-2.cif,8.15789512
211-InP-In_i_neut-POSCAR13-Charged-2.cif,8.15743569
78-BN-N_B-POSCAR5-Charged-2.cif,8.15709307
211-InP-In_i_neut-POSCAR11-Charged-2.cif,8.15702467
211-InP-In_i_neut-POSCAR12-Charged-2.cif,8.15664933
211-InP-In_i_neut-POSCAR18-Charged-2.cif,8.15641343
211-InP-In_i_neut-POSCAR19-Charged-2.cif,8.15504607
174-GaP-P_i_neut-POSCAR13-Charged-2.cif,8.15488636
211-InP-In_i_neut-POSCAR21-Charged-2.cif,8.15306013
211-InP-In_i_neut-POSCAR34-Charged-2.cif,8.15280818
211-InP-In_i_neut-POSCAR30-Charged-2.cif,8.15275383
211-InP-In_i_neut-POSCAR33-Charged-2.cif,8.15264859
211-InP-In_i_neut-POSCAR20-Charged-2.cif,8.15256348
211-InP-In_i_neut-POSCAR31-Charged-2.cif,8.15251705
211-InP-In_i_neut-POSCAR25-Charged-2.cif,8.15232933
211-InP-In_i_neut-POSCAR23-Charged-2.cif,8.15197672
211-InP-In_i_neut-POSCAR26-Charged-2.cif,8.15195759
211-InP-In_i_neut-POSCAR28-Charged-2.cif,8.15191239
211-InP-In_i_neut-POSCAR22-Charged-2.cif,8.1518215
211-InP-In_i_neut-POSCAR27-Charged-2.cif,8.15166925
211-InP-In_i_neut-POSCAR32-Charged-2.cif,8.15161865
211-InP-In_i_neut-POSCAR24-Charged-2.cif,8.15105307
211-InP-In_i_neut-POSCAR29-Charged-2.cif,8.15104731
211-InP-In_i_neut-POSCAR35-Charged-2.cif,8.15
78-BN-N_B-POSCAR4-Charged-2.cif,8.14225045
174-GaP-P_i_neut-POSCAR14-Charged-2.cif,8.13238371
126-AlP-V_P-POSCAR2-Charged-2.cif,8.12792851
29-ZnSe-Se_i_B-POSCAR1-Charged-2.cif,8.12725615
174-GaP-P_i_neut-POSCAR15-Charged-2.cif,8.11970971
174-GaP-P_i_neut-POSCAR16-Charged-2.cif,8.10506599
143-AlAs-As_i_B-POSCAR0-Charged-2.cif,8.10433042
174-GaP-P_i_neut-POSCAR17-Charged-2.cif,8.1
163-GaN-N_i_B-POSCAR5-Charged-2.cif,8.08835859
78-BN-N_B-POSCAR12-Charged-2.cif,8.08485039
78-BN-N_B-POSCAR3-Charged-2.cif,8.07938927
18-ZnS-S_i_A-POSCAR1-Charged-2.cif,8.0772985
163-GaN-N_i_B-POSCAR6-Charged-2.cif,8.0219112
126-AlP-V_P-POSCAR3-Charged-2.cif,8.00641663
78-BN-N_B-POSCAR10-Charged-2.cif,8.00310196
29-ZnSe-Se_i_B-POSCAR2-Charged-2.cif,8.00196172
163-GaN-N_i_B-POSCAR7-Charged-2.cif,7.9829634
144-AlAs-As_i_neut-POSCAR0-Charged-2.cif,7.97942756
18-ZnS-S_i_A-POSCAR2-Charged-2.cif,7.95437883
163-GaN-N_i_B-POSCAR8-Charged-2.cif,7.95277972
124-AlN-N_i_neut-POSCAR0-Charged-2.cif,7.94529106
39-ZnTe-Te_i_B-POSCAR0-Charged-2.cif,7.94215871
78-BN-N_B-POSCAR11-Charged-2.cif,7.92374427
163-GaN-N_i_B-POSCAR9-Charged-2.cif,7.91065615
143-AlAs-As_i_B-POSCAR1-Charged-2.cif,7.9036191
163-GaN-N_i_B-POSCAR10-Charged-2.cif,7.90310692
47-CdO-Cd_i_neut-POSCAR0-Charged-2.cif,7.9
249-SiC-C_Si-POSCAR0-Charged-2.cif,7.89086918
249-SiC-C_Si-POSCAR1-Charged-2.cif,7.89
163-GaN-N_i_B-POSCAR11-Charged-2.cif,7.88282644
18-ZnS-S_i_A-POSCAR3-Charged-2.cif,7.87812139
126-AlP-V_P-POSCAR4-Charged-2.cif,7.8745212
163-GaN-N_i_B-POSCAR12-Charged-2.cif,7.87
18-ZnS-S_i_A-POSCAR4-Charged-2.cif,7.86
45-CdO-Cd_i_A-POSCAR0-Charged-2.cif,7.86
126-AlP-V_P-POSCAR5-Charged-2.cif,7.85376183
29-ZnSe-Se_i_B-POSCAR3-Charged-2.cif,7.85022049
23-ZnSe-V_Se-POSCAR0-Charged-2.cif,7.84674371
144-AlAs-As_i_neut-POSCAR1-Charged-2.cif,7.82557122
29-ZnSe-Se_i_B-POSCAR4-Charged-2.cif,7.82321429
126-AlP-V_P-POSCAR6-Charged-2.cif,7.81
29-ZnSe-Se_i_B-POSCAR5-Charged-2.cif,7.80829153
36-ZnTe-Zn_i_B-POSCAR0-Charged-2.cif,7.80716809
36-ZnTe-Zn_i_B-POSCAR1-Charged-2.cif,7.80400146
36-ZnTe-Zn_i_B-POSCAR2-Charged-2.cif,7.8
142-AlAs-As_i_A-POSCAR0-Charged-2.cif,7.79138529
29-ZnSe-Se_i_B-POSCAR6-Charged-2.cif,7.79
143-AlAs-As_i_B-POSCAR2-Charged-2.cif,7.77579408
23-ZnSe-V_Se-POSCAR1-Charged-2.cif,7.77035522
78-BN-N_B-POSCAR9-Charged-2.cif,7.74522655
30-ZnSe-Se_i_neut-POSCAR1-Charged-2.cif,7.73029816
61-CdSe-Cd_i_neut-POSCAR0-Charged-2.cif,7.72
122-AlN-N_i_A-POSCAR2-Charged-2.cif,7.71267639
144-AlAs-As_i_neut-POSCAR2-Charged-2.cif,7.70011761
144-AlAs-As_i_neut-POSCAR3-Charged-2.cif,7.69750174
39-ZnTe-Te_i_B-POSCAR1-Charged-2.cif,7.69573503
143-AlAs-As_i_B-POSCAR3-Charged-2.cif,7.68122154
164-GaN-N_i_neut-POSCAR0-Charged-2.cif,7.66765322
23-ZnSe-V_Se-POSCAR2-Charged-2.cif,7.66038985
122-AlN-N_i_A-POSCAR3-Charged-2.cif,7.65732247
124-AlN-N_i_neut-POSCAR2-Charged-2.cif,7.65533092
122-AlN-N_i_A-POSCAR4-Charged-2.cif,7.65167498
144-AlAs-As_i_neut-POSCAR4-Charged-2.cif,7.65024146
122-AlN-N_i_A-POSCAR5-Charged-2.cif,7.65
143-AlAs-As_i_B-POSCAR4-Charged-2.cif,7.6488008
144-AlAs-As_i_neut-POSCAR5-Charged-2.cif,7.63457713
143-AlAs-As_i_B-POSCAR5-Charged-2.cif,7.62
144-AlAs-As_i_neut-POSCAR6-Charged-2.cif,7.61809414
23-ZnSe-V_Se-POSCAR3-Charged-2.cif,7.61614724
30-ZnSe-Se_i_neut-POSCAR2-Charged-2.cif,7.61305351
144-AlAs-As_i_neut-POSCAR7-Charged-2.cif,7.60838744
142-AlAs-As_i_A-POSCAR1-Charged-2.cif,7.60758024
39-ZnTe-Te_i_B-POSCAR2-Charged-2.cif,7.60387162
34-ZnTe-Zn_Te-POSCAR0-Charged-2.cif,7.59701091
78-BN-N_B-POSCAR8-Charged-2.cif,7.59517564
144-AlAs-As_i_neut-POSCAR8-Charged-2.cif,7.59509972
144-AlAs-As_i_neut-POSCAR9-Charged-2.cif,7.58287472
144-AlAs-As_i_neut-POSCAR10-Charged-2.cif,7.57847683
144-AlAs-As_i_neut-POSCAR11-Charged-2.cif,7.57207252
30-ZnSe-Se_i_neut-POSCAR3-Charged-2.cif,7.57173694
124-AlN-N_i_neut-POSCAR3-Charged-2.cif,7.56676816
144-AlAs-As_i_neut-POSCAR12-Charged-2.cif,7.5639071
144-AlAs-As_i_neut-POSCAR13-Charged-2.cif,7.56238963
144-AlAs-As_i_neut-POSCAR14-Charged-2.cif,7.56
30-ZnSe-Se_i_neut-POSCAR4-Charged-2.cif,7.55886137
39-ZnTe-Te_i_B-POSCAR3-Charged-2.cif,7.5536655
30-ZnSe-Se_i_neut-POSCAR5-Charged-2.cif,7.54315822
30-ZnSe-Se_i_neut-POSCAR6-Charged-2.cif,7.54
164-GaN-N_i_neut-POSCAR1-Charged-2.cif,7.53581647
124-AlN-N_i_neut-POSCAR4-Charged-2.cif,7.5323071
124-AlN-N_i_neut-POSCAR5-Charged-2.cif,7.52609161
124-AlN-N_i_neut-POSCAR6-Charged-2.cif,7.52233964
142-AlAs-As_i_A-POSCAR2-Charged-2.cif,7.51936469
124-AlN-N_i_neut-POSCAR7-Charged-2.cif,7.51926763
124-AlN-N_i_neut-POSCAR11-Charged-2.cif,7.51803018
124-AlN-N_i_neut-POSCAR12-Charged-2.cif,7.51683037
124-AlN-N_i_neut-POSCAR8-Charged-2.cif,7.51676095
124-AlN-N_i_neut-POSCAR10-Charged-2.cif,7.51660201
124-AlN-N_i_neut-POSCAR13-Charged-2.cif,7.51505828
124-AlN-N_i_neut-POSCAR9-Charged-2.cif,7.51437261
124-AlN-N_i_neut-POSCAR14-Charged-2.cif,7.51208672
124-AlN-N_i_neut-POSCAR15-Charged-2.cif,7.51
23-ZnSe-V_Se-POSCAR4-Charged-2.cif,7.50884762
28-ZnSe-Se_i_A-POSCAR0-Charged-2.cif,7.50491568
39-ZnTe-Te_i_B-POSCAR4-Charged-2.cif,7.49028747
40-ZnTe-Te_i_neut-POSCAR0-Charged-2.cif,7.49020649
39-ZnTe-Te_i_B-POSCAR5-Charged-2.cif,7.48308382
142-AlAs-As_i_A-POSCAR3-Charged-2.cif,7.48115813
23-ZnSe-V_Se-POSCAR5-Charged-2.cif,7.47706096
39-ZnTe-Te_i_B-POSCAR6-Charged-2.cif,7.47
46-CdO-Cd_i_B-POSCAR0-Charged-2.cif,7.47
12-ZnS-S_Zn-POSCAR0-Charged-2.cif,7.46721183
23-ZnSe-V_Se-POSCAR6-Charged-2.cif,7.45484751
162-GaN-N_i_A-POSCAR0-Charged-2.cif,7.45482079
23-ZnSe-V_Se-POSCAR7-Charged-2.cif,7.45
142-AlAs-As_i_A-POSCAR4-Charged-2.cif,7.45
78-BN-N_B-POSCAR13-Charged-2.cif,7.4443837
34-ZnTe-Zn_Te-POSCAR1-Charged-2.cif,7.41024792
22-ZnSe-Se_Zn-POSCAR0-Charged-2.cif,7.37330562
209-InP-In_i_A-POSCAR0-Charged-2.cif,7.33068491
59-CdSe-Cd_i_A-POSCAR0-Charged-2.cif,7.33
60-CdSe-Cd_i_B-POSCAR0-Charged-2.cif,7.33
209-InP-In_i_A-POSCAR1-Charged-2.cif,7.32408426
98-BAs-As_B-POSCAR0-Charged-2.cif,7.32370733
136-AlAs-V_As-POSCAR0-Charged-2.cif,7.32021477
98-BAs-As_B-POSCAR1-Charged-2.cif,7.32
209-InP-In_i_A-POSCAR2-Charged-2.cif,7.32
164-GaN-N_i_neut-POSCAR2-Charged-2.cif,7.29423159
210-InP-In_i_B-POSCAR0-Charged-2.cif,7.28393656
210-InP-In_i_B-POSCAR1-Charged-2.cif,7.28
183-GaAs-As_i_B-POSCAR0-Charged-2.cif,7.27451803
22-ZnSe-Se_Zn-POSCAR1-Charged-2.cif,7.27129289
37-ZnTe-Zn_i_neut-POSCAR0-Charged-2.cif,7.25863028
213-InP-P_i_B-POSCAR0-Charged-2.cif,7.25660195
37-ZnTe-Zn_i_neut-POSCAR1-Charged-2.cif,7.25440793
37-ZnTe-Zn_i_neut-POSCAR2-Charged-2.cif,7.25
212-InP-P_i_A-POSCAR0-Charged-2.cif,7.2364839
213-InP-P_i_B-POSCAR1-Charged-2.cif,7.23137424
40-ZnTe-Te_i_neut-POSCAR1-Charged-2.cif,7.2308091
183-GaAs-As_i_B-POSCAR1-Charged-2.cif,7.2274769
213-InP-P_i_B-POSCAR2-Charged-2.cif,7.22
164-GaN-N_i_neut-POSCAR3-Charged-2.cif,7.21813049
28-ZnSe-Se_i_A-POSCAR1-Charged-2.cif,7.20878559
78-BN-N_B-POSCAR6-Charged-2.cif,7.20667235
109-BSb-B_i_A-POSCAR0-Charged-2.cif,7.2026093
22-ZnSe-Se_Zn-POSCAR2-Charged-2.cif,7.19933655
183-GaAs-As_i_B-POSCAR2-Charged-2.cif,7.1930465
34-ZnTe-Zn_Te-POSCAR2-Charged-2.cif,7.19211002
22-ZnSe-Se_Zn-POSCAR3-Charged-2.cif,7.19083276
164-GaN-N_i_neut-POSCAR4-Charged-2.cif,7.18210753
22-ZnSe-Se_Zn-POSCAR4-Charged-2.cif,7.18188766
22-ZnSe-Se_Zn-POSCAR6-Charged-2.cif,7.18055321
22-ZnSe-Se_Zn-POSCAR7-Charged-2.cif,7.18052448
22-ZnSe-Se_Zn-POSCAR9-Charged-2.cif,7.18005616
22-ZnSe-Se_Zn-POSCAR5-Charged-2.cif,7.18000216
22-ZnSe-Se_Zn-POSCAR10-Charged-2.cif,7.18
22-ZnSe-Se_Zn-POSCAR8-Charged-2.cif,7.17986528
183-GaAs-As_i_B-POSCAR3-Charged-2.cif,7.17455521
137-AlAs-Al_As-POSCAR0-Charged-2.cif,7.17406441
34-ZnTe-Zn_Te-POSCAR3-Charged-2.cif,7.17039455
38-ZnTe-Te_i_A-POSCAR0-Charged-2.cif,7.16402318
35-ZnTe-Zn_i_A-POSCAR0-Charged-2.cif,7.15064783
34-ZnTe-Zn_Te-POSCAR4-Charged-2.cif,7.15
109-BSb-B_i_A-POSCAR1-Charged-2.cif,7.14904442
183-GaAs-As_i_B-POSCAR4-Charged-2.cif,7.14724863
35-ZnTe-Zn_i_A-POSCAR1-Charged-2.cif,7.14652188
35-ZnTe-Zn_i_A-POSCAR2-Charged-2.cif,7.14
164-GaN-N_i_neut-POSCAR5-Charged-2.cif,7.13706233
136-AlAs-V_As-POSCAR1-Charged-2.cif,7.13169335
40-ZnTe-Te_i_neut-POSCAR2-Charged-2.cif,7.12630135
183-GaAs-As_i_B-POSCAR5-Charged-2.cif,7.12268089
108-BSb-Sb_B-POSCAR0-Charged-2.cif,7.11909682
183-GaAs-As_i_B-POSCAR6-Charged-2.cif,7.11360913
164-GaN-N_i_neut-POSCAR6-Charged-2.cif,7.11235067
108-BSb-Sb_B-POSCAR1-Charged-2.cif,7.11219529
108-BSb-Sb_B-POSCAR2-Charged-2.cif,7.11
109-BSb-B_i_A-POSCAR2-Charged-2.cif,7.10443078
40-ZnTe-Te_i_neut-POSCAR3-Charged-2.cif,7.10403755
212-InP-P_i_A-POSCAR1-Charged-2.cif,7.10273772
164-GaN-N_i_neut-POSCAR7-Charged-2.cif,7.10089172
164-GaN-N_i_neut-POSCAR9-Charged-2.cif,7.09463002
164-GaN-N_i_neut-POSCAR8-Charged-2.cif,7.09304255
164-GaN-N_i_neut-POSCAR10-Charged-2.cif,7.08984736
183-GaAs-As_i_B-POSCAR7-Charged-2.cif,7.08762647
40-ZnTe-Te_i_neut-POSCAR4-Charged-2.cif,7.08646926
164-GaN-N_i_neut-POSCAR11-Charged-2.cif,7.08517921
164-GaN-N_i_neut-POSCAR12-Charged-2.cif,7.08287151
12-ZnS-S_Zn-POSCAR1-Charged-2.cif,7.08130559
164-GaN-N_i_neut-POSCAR13-Charged-2.cif,7.08
40-ZnTe-Te_i_neut-POSCAR5-Charged-2.cif,7.07763045
28-ZnSe-Se_i_A-POSCAR2-Charged-2.cif,7.07130988
40-ZnTe-Te_i_neut-POSCAR6-Charged-2.cif,7.07113596
40-ZnTe-Te_i_neut-POSCAR7-Charged-2.cif,7.06809395
40-ZnTe-Te_i_neut-POSCAR8-Charged-2.cif,7.06364184
40-ZnTe-Te_i_neut-POSCAR9-Charged-2.cif,7.05996128
40-ZnTe-Te_i_neut-POSCAR10-Charged-2.cif,7.05411635
40-ZnTe-Te_i_neut-POSCAR11-Charged-2.cif,7.05
181-GaAs-Ga_i_neut-POSCAR0-Charged-2.cif,7.04986889
212-InP-P_i_A-POSCAR2-Charged-2.cif,7.04412267
109-BSb-B_i_A-POSCAR3-Charged-2.cif,7.0423027
109-BSb-B_i_A-POSCAR4-Charged-2.cif,7.04
71-CdTe-Cd_i_neut-POSCAR0-Charged-2.cif,7.03
28-ZnSe-Se_i_A-POSCAR3-Charged-2.cif,7.02483614
181-GaAs-Ga_i_neut-POSCAR1-Charged-2.cif,7.01735875
183-GaAs-As_i_B-POSCAR8-Charged-2.cif,7.01419721
9-ZnO-O_i_B-POSCAR0-Charged-2.cif,7.01
181-GaAs-Ga_i_neut-POSCAR2-Charged-2.cif,7.00298336
212-InP-P_i_A-POSCAR3-Charged-2.cif,6.99257931
181-GaAs-Ga_i_neut-POSCAR3-Charged-2.cif,6.99249297
38-ZnTe-Te_i_A-POSCAR1-Charged-2.cif,6.99115715
181-GaAs-Ga_i_neut-POSCAR9-Charged-2.cif,6.98759172
181-GaAs-Ga_i_neut-POSCAR10-Charged-2.cif,6.98666973
136-AlAs-V_As-POSCAR2-Charged-2.cif,6.9862873
183-GaAs-As_i_B-POSCAR10-Charged-2.cif,6.98591874
181-GaAs-Ga_i_neut-POSCAR8-Charged-2.cif,6.98471959
181-GaAs-Ga_i_neut-POSCAR11-Charged-2.cif,6.98431266
181-GaAs-Ga_i_neut-POSCAR19-Charged-2.cif,6.98207152
181-GaAs-Ga_i_neut-POSCAR18-Charged-2.cif,6.98171207
181-GaAs-Ga_i_neut-POSCAR12-Charged-2.cif,6.98167805
181-GaAs-Ga_i_neut-POSCAR20-Charged-2.cif,6.98137697
181-GaAs-Ga_i_neut-POSCAR4-Charged-2.cif,6.98066983
181-GaAs-Ga_i_neut-POSCAR17-Charged-2.cif,6.98055063
52-CdS-S_Cd-POSCAR0-Charged-2.cif,6.98
181-GaAs-Ga_i_neut-POSCAR21-Charged-2.cif,6.98
183-GaAs-As_i_B-POSCAR11-Charged-2.cif,6.98
181-GaAs-Ga_i_neut-POSCAR13-Charged-2.cif,6.97963029
181-GaAs-Ga_i_neut-POSCAR16-Charged-2.cif,6.97908847
181-GaAs-Ga_i_neut-POSCAR14-Charged-2.cif,6.97844113
183-GaAs-As_i_B-POSCAR9-Charged-2.cif,6.9783718
181-GaAs-Ga_i_neut-POSCAR15-Charged-2.cif,6.97824638
181-GaAs-Ga_i_neut-POSCAR7-Charged-2.cif,6.97593984
181-GaAs-Ga_i_neut-POSCAR6-Charged-2.cif,6.97297776
181-GaAs-Ga_i_neut-POSCAR5-Charged-2.cif,6.97159109
28-ZnSe-Se_i_A-POSCAR4-Charged-2.cif,6.97
212-InP-P_i_A-POSCAR4-Charged-2.cif,6.95
12-ZnS-S_Zn-POSCAR2-Charged-2.cif,6.9492349
153-AlSb-Sb_i_B-POSCAR0-Charged-2.cif,6.91711249
2-ZnO-O_Zn-POSCAR0-Charged-2.cif,6.9
78-BN-N_B-POSCAR14-Charged-2.cif,6.88165496
137-AlAs-Al_As-POSCAR1-Charged-2.cif,6.87684121
12-ZnS-S_Zn-POSCAR3-Charged-2.cif,6.86084251
136-AlAs-V_As-POSCAR3-Charged-2.cif,6.86017739
106-BSb-V_Sb-POSCAR0-Charged-2.cif,6.85897844
38-ZnTe-Te_i_A-POSCAR2-Charged-2.cif,6.85408339
68-CdTe-Cd_Te-POSCAR0-Charged-2.cif,6.85
88-BP-P_B-POSCAR0-Charged-2.cif,6.83214173
38-ZnTe-Te_i_A-POSCAR3-Charged-2.cif,6.82002939
137-AlAs-Al_As-POSCAR2-Charged-2.cif,6.80911163
88-BP-P_B-POSCAR1-Charged-2.cif,6.80445712
153-AlSb-Sb_i_B-POSCAR1-Charged-2.cif,6.80364881
88-BP-P_B-POSCAR2-Charged-2.cif,6.80103185
12-ZnS-S_Zn-POSCAR4-Charged-2.cif,6.80077727
88-BP-P_B-POSCAR3-Charged-2.cif,6.8
137-AlAs-Al_As-POSCAR3-Charged-2.cif,6.8
12-ZnS-S_Zn-POSCAR11-Charged-2.cif,6.7960622
12-ZnS-S_Zn-POSCAR10-Charged-2.cif,6.79322762
12-ZnS-S_Zn-POSCAR12-Charged-2.cif,6.79104643
106-BSb-V_Sb-POSCAR1-Charged-2.cif,6.78973268
106-BSb-V_Sb-POSCAR2-Charged-2.cif,6.78325706
12-ZnS-S_Zn-POSCAR13-Charged-2.cif,6.78262879
106-BSb-V_Sb-POSCAR3-Charged-2.cif,6.77798709
12-ZnS-S_Zn-POSCAR9-Charged-2.cif,6.77442133
106-BSb-V_Sb-POSCAR4-Charged-2.cif,6.77355323
106-BSb-V_Sb-POSCAR5-Charged-2.cif,6.77
12-ZnS-S_Zn-POSCAR14-Charged-2.cif,6.76939988
12-ZnS-S_Zn-POSCAR5-Charged-2.cif,6.76937342
136-AlAs-V_As-POSCAR4-Charged-2.cif,6.76149418
38-ZnTe-Te_i_A-POSCAR4-Charged-2.cif,6.76
12-ZnS-S_Zn-POSCAR15-Charged-2.cif,6.75120221
12-ZnS-S_Zn-POSCAR7-Charged-2.cif,6.74083948
12-ZnS-S_Zn-POSCAR16-Charged-2.cif,6.73953759
12-ZnS-S_Zn-POSCAR8-Charged-2.cif,6.73925348
12-ZnS-S_Zn-POSCAR6-Charged-2.cif,6.73708873
12-ZnS-S_Zn-POSCAR17-Charged-2.cif,6.73285182
12-ZnS-S_Zn-POSCAR30-Charged-2.cif,6.73141808
12-ZnS-S_Zn-POSCAR31-Charged-2.cif,6.7303364
12-ZnS-S_Zn-POSCAR29-Charged-2.cif,6.73021621
32-ZnTe-Te_Zn-POSCAR0-Charged-2.cif,6.73012622
12-ZnS-S_Zn-POSCAR28-Charged-2.cif,6.7299022
12-ZnS-S_Zn-POSCAR18-Charged-2.cif,6.72964622
12-ZnS-S_Zn-POSCAR19-Charged-2.cif,6.7273888
12-ZnS-S_Zn-POSCAR32-Charged-2.cif,6.72710928
12-ZnS-S_Zn-POSCAR27-Charged-2.cif,6.72594004
136-AlAs-V_As-POSCAR5-Charged-2.cif,6.72592444
182-GaAs-As_i_A-POSCAR0-Charged-2.cif,6.72274034
12-ZnS-S_Zn-POSCAR20-Charged-2.cif,6.72255723
12-ZnS-S_Zn-POSCAR21-Charged-2.cif,6.72176696
12-ZnS-S_Zn-POSCAR33-Charged-2.cif,6.72094304
162-GaN-N_i_A-POSCAR1-Charged-2.cif,6.71918259
12-ZnS-S_Zn-POSCAR22-Charged-2.cif,6.71875146
12-ZnS-S_Zn-POSCAR38-Charged-2.cif,6.71873585
12-ZnS-S_Zn-POSCAR37-Charged-2.cif,6.71768804
12-ZnS-S_Zn-POSCAR23-Charged-2.cif,6.71702153
12-ZnS-S_Zn-POSCAR34-Charged-2.cif,6.71671892
12-ZnS-S_Zn-POSCAR36-Charged-2.cif,6.71636349
12-ZnS-S_Zn-POSCAR25-Charged-2.cif,6.71540147
12-ZnS-S_Zn-POSCAR54-Charged-2.cif,6.71342989
12-ZnS-S_Zn-POSCAR35-Charged-2.cif,6.71333543
153-AlSb-Sb_i_B-POSCAR2-Charged-2.cif,6.7133146
12-ZnS-S_Zn-POSCAR55-Charged-2.cif,6.71329697
12-ZnS-S_Zn-POSCAR24-Charged-2.cif,6.71276004
12-ZnS-S_Zn-POSCAR56-Charged-2.cif,6.71220996
12-ZnS-S_Zn-POSCAR39-Charged-2.cif,6.71059388
12-ZnS-S_Zn-POSCAR57-Charged-2.cif,6.71
12-ZnS-S_Zn-POSCAR49-Charged-2.cif,6.70998842
12-ZnS-S_Zn-POSCAR42-Charged-2.cif,6.70904837
12-ZnS-S_Zn-POSCAR26-Charged-2.cif,6.70877703
12-ZnS-S_Zn-POSCAR41-Charged-2.cif,6.70860688
12-ZnS-S_Zn-POSCAR40-Charged-2.cif,6.70859893
12-ZnS-S_Zn-POSCAR52-Charged-2.cif,6.70850127
12-ZnS-S_Zn-POSCAR51-Charged-2.cif,6.70849381
12-ZnS-S_Zn-POSCAR50-Charged-2.cif,6.70840169
12-ZnS-S_Zn-POSCAR48-Charged-2.cif,6.70829563
12-ZnS-S_Zn-POSCAR43-Charged-2.cif,6.70763198
12-ZnS-S_Zn-POSCAR44-Charged-2.cif,6.70751703
12-ZnS-S_Zn-POSCAR46-Charged-2.cif,6.70696745
12-ZnS-S_Zn-POSCAR53-Charged-2.cif,6.70687704
12-ZnS-S_Zn-POSCAR45-Charged-2.cif,6.70592938
12-ZnS-S_Zn-POSCAR47-Charged-2.cif,6.70440378
78-BN-N_B-POSCAR15-Charged-2.cif,6.70143276
136-AlAs-V_As-POSCAR6-Charged-2.cif,6.7
153-AlSb-Sb_i_B-POSCAR3-Charged-2.cif,6.68801206
111-BSb-B_i_neut-POSCAR0-Charged-2.cif,6.68678357
32-ZnTe-Te_Zn-POSCAR1-Charged-2.cif,6.68323877
214-InP-P_i_neut-POSCAR0-Charged-2.cif,6.68270806
214-InP-P_i_neut-POSCAR1-Charged-2.cif,6.67368892
214-InP-P_i_neut-POSCAR2-Charged-2.cif,6.67
70-CdTe-Cd_i_B-POSCAR0-Charged-2.cif,6.66
152-AlSb-Sb_i_A-POSCAR0-Charged-2.cif,6.65940852
111-BSb-B_i_neut-POSCAR1-Charged-2.cif,6.65127685
78-BN-N_B-POSCAR19-Charged-2.cif,6.64988489
153-AlSb-Sb_i_B-POSCAR4-Charged-2.cif,6.64565034
184-GaAs-As_i_neut-POSCAR0-Charged-2.cif,6.63889613
111-BSb-B_i_neut-POSCAR2-Charged-2.cif,6.63711068
32-ZnTe-Te_Zn-POSCAR2-Charged-2.cif,6.63647578
78-BN-N_B-POSCAR20-Charged-2.cif,6.63578384
182-GaAs-As_i_A-POSCAR1-Charged-2.cif,6.63363785
32-ZnTe-Te_Zn-POSCAR3-Charged-2.cif,6.63324291
32-ZnTe-Te_Zn-POSCAR4-Charged-2.cif,6.63
111-BSb-B_i_neut-POSCAR3-Charged-2.cif,6.63
153-AlSb-Sb_i_B-POSCAR5-Charged-2.cif,6.62964617
78-BN-N_B-POSCAR18-Charged-2.cif,6.61990386
153-AlSb-Sb_i_B-POSCAR6-Charged-2.cif,6.61434915
153-AlSb-Sb_i_B-POSCAR7-Charged-2.cif,6.61183939
153-AlSb-Sb_i_B-POSCAR8-Charged-2.cif,6.61
151-AlSb-Al_i_neut-POSCAR8-Charged-2.cif,6.6045765
151-AlSb-Al_i_neut-POSCAR7-Charged-2.cif,6.60238305
151-AlSb-Al_i_neut-POSCAR9-Charged-2.cif,6.60225389
151-AlSb-Al_i_neut-POSCAR10-Charged-2.cif,6.59866629
151-AlSb-Al_i_neut-POSCAR20-Charged-2.cif,6.59556477
151-AlSb-Al_i_neut-POSCAR19-Charged-2.cif,6.59548218
151-AlSb-Al_i_neut-POSCAR21-Charged-2.cif,6.59425566
151-AlSb-Al_i_neut-POSCAR18-Charged-2.cif,6.5942128
151-AlSb-Al_i_neut-POSCAR0-Charged-2.cif,6.59361888
151-AlSb-Al_i_neut-POSCAR11-Charged-2.cif,6.59236348
151-AlSb-Al_i_neut-POSCAR22-Charged-2.cif,6.59172348
151-AlSb-Al_i_neut-POSCAR12-Charged-2.cif,6.59040751
151-AlSb-Al_i_neut-POSCAR17-Charged-2.cif,6.59024726
151-AlSb-Al_i_neut-POSCAR23-Charged-2.cif,6.5902407
151-AlSb-Al_i_neut-POSCAR29-Charged-2.cif,6.59
151-AlSb-Al_i_neut-POSCAR16-Charged-2.cif,6.5887337
182-GaAs-As_i_A-POSCAR2-Charged-2.cif,6.58850579
151-AlSb-Al_i_neut-POSCAR28-Charged-2.cif,6.58826777
151-AlSb-Al_i_neut-POSCAR24-Charged-2.cif,6.58765559
151-AlSb-Al_i_neut-POSCAR27-Charged-2.cif,6.58764396
151-AlSb-Al_i_neut-POSCAR25-Charged-2.cif,6.58740736
151-AlSb-Al_i_neut-POSCAR26-Charged-2.cif,6.5868037
151-AlSb-Al_i_neut-POSCAR14-Charged-2.cif,6.58677998
151-AlSb-Al_i_neut-POSCAR13-Charged-2.cif,6.58592889
151-AlSb-Al_i_neut-POSCAR15-Charged-2.cif,6.58536071
151-AlSb-Al_i_neut-POSCAR6-Charged-2.cif,6.58441942
151-AlSb-Al_i_neut-POSCAR1-Charged-2.cif,6.57762249
184-GaAs-As_i_neut-POSCAR1-Charged-2.cif,6.57299946
152-AlSb-Sb_i_A-POSCAR1-Charged-2.cif,6.56993719
78-BN-N_B-POSCAR21-Charged-2.cif,6.56852573
151-AlSb-Al_i_neut-POSCAR5-Charged-2.cif,6.56408907
151-AlSb-Al_i_neut-POSCAR2-Charged-2.cif,6.56385542
78-BN-N_B-POSCAR16-Charged-2.cif,6.56158104
151-AlSb-Al_i_neut-POSCAR3-Charged-2.cif,6.55643482
151-AlSb-Al_i_neut-POSCAR4-Charged-2.cif,6.54829812
182-GaAs-As_i_A-POSCAR3-Charged-2.cif,6.5471306
78-BN-N_B-POSCAR22-Charged-2.cif,6.53566126
182-GaAs-As_i_A-POSCAR4-Charged-2.cif,6.52
152-AlSb-Sb_i_A-POSCAR2-Charged-2.cif,6.50437472
162-GaN-N_i_A-POSCAR2-Charged-2.cif,6.50342739
184-GaAs-As_i_neut-POSCAR2-Charged-2.cif,6.50240776
53-CdS-V_S-POSCAR0-Charged-2.cif,6.5
152-AlSb-Sb_i_A-POSCAR3-Charged-2.cif,6.48235757
184-GaAs-As_i_neut-POSCAR3-Charged-2.cif,6.47299635
78-BN-N_B-POSCAR17-Charged-2.cif,6.46559516
78-BN-N_B-POSCAR23-Charged-2.cif,6.46282991
150-AlSb-Al_i_B-POSCAR0-Charged-2.cif,6.45828799
150-AlSb-Al_i_B-POSCAR1-Charged-2.cif,6.45170646
184-GaAs-As_i_neut-POSCAR4-Charged-2.cif,6.44981281
162-GaN-N_i_A-POSCAR3-Charged-2.cif,6.44735214
150-AlSb-Al_i_B-POSCAR2-Charged-2.cif,6.44368385
42-CdO-O_Cd-POSCAR0-Charged-2.cif,6.44
150-AlSb-Al_i_B-POSCAR3-Charged-2.cif,6.44
152-AlSb-Sb_i_A-POSCAR4-Charged-2.cif,6.44
162-GaN-N_i_A-POSCAR7-Charged-2.cif,6.43029233
162-GaN-N_i_A-POSCAR11-Charged-2.cif,6.43
162-GaN-N_i_A-POSCAR10-Charged-2.cif,6.42936106
162-GaN-N_i_A-POSCAR8-Charged-2.cif,6.42931969
162-GaN-N_i_A-POSCAR9-Charged-2.cif,6.4282013
162-GaN-N_i_A-POSCAR4-Charged-2.cif,6.42672095
162-GaN-N_i_A-POSCAR6-Charged-2.cif,6.42246481
69-CdTe-Cd_i_A-POSCAR0-Charged-2.cif,6.42
184-GaAs-As_i_neut-POSCAR5-Charged-2.cif,6.41962952
184-GaAs-As_i_neut-POSCAR6-Charged-2.cif,6.41711289
162-GaN-N_i_A-POSCAR5-Charged-2.cif,6.41656089
78-BN-N_B-POSCAR24-Charged-2.cif,6.41303718
184-GaAs-As_i_neut-POSCAR7-Charged-2.cif,6.41261773
184-GaAs-As_i_neut-POSCAR8-Charged-2.cif,6.40599465
184-GaAs-As_i_neut-POSCAR9-Charged-2.cif,6.39308659
184-GaAs-As_i_neut-POSCAR10-Charged-2.cif,6.38
180-GaAs-Ga_i_B-POSCAR0-Charged-2.cif,6.36288393
180-GaAs-Ga_i_B-POSCAR1-Charged-2.cif,6.36
78-BN-N_B-POSCAR25-Charged-2.cif,6.35795696
78-BN-N_B-POSCAR26-Charged-2.cif,6.34372987
78-BN-N_B-POSCAR27-Charged-2.cif,6.33375265
78-BN-N_B-POSCAR28-Charged-2.cif,6.33124083
78-BN-N_B-POSCAR29-Charged-2.cif,6.3308906
78-BN-N_B-POSCAR34-Charged-2.cif,6.33006424
78-BN-N_B-POSCAR35-Charged-2.cif,6.33
78-BN-N_B-POSCAR33-Charged-2.cif,6.32981991
78-BN-N_B-POSCAR30-Charged-2.cif,6.3295941
78-BN-N_B-POSCAR32-Charged-2.cif,6.329463
78-BN-N_B-POSCAR31-Charged-2.cif,6.32919176
166-GaP-V_P-POSCAR0-Charged-2.cif,6.29848733
193-GaSb-Sb_i_B-POSCAR0-Charged-2.cif,6.28549261
193-GaSb-Sb_i_B-POSCAR1-Charged-2.cif,6.27005748
193-GaSb-Sb_i_B-POSCAR2-Charged-2.cif,6.2535635
193-GaSb-Sb_i_B-POSCAR3-Charged-2.cif,6.2459838
193-GaSb-Sb_i_B-POSCAR4-Charged-2.cif,6.24
128-AlP-P_Al-POSCAR0-Charged-2.cif,6.20726751
128-AlP-P_Al-POSCAR1-Charged-2.cif,6.20124876
128-AlP-P_Al-POSCAR2-Charged-2.cif,6.2
239-Si-Si_i_A-POSCAR0-Charged-2.cif,6.16765808
33-ZnTe-V_Te-POSCAR0-Charged-2.cif,6.16376011
239-Si-Si_i_A-POSCAR1-Charged-2.cif,6.1581501
221-InAs-In_i_neut-POSCAR0-Charged-2.cif,6.15159577
221-InAs-In_i_neut-POSCAR5-Charged-2.cif,6.15
239-Si-Si_i_A-POSCAR2-Charged-2.cif,6.15
221-InAs-In_i_neut-POSCAR1-Charged-2.cif,6.14901998
221-InAs-In_i_neut-POSCAR4-Charged-2.cif,6.14878313
221-InAs-In_i_neut-POSCAR2-Charged-2.cif,6.14690343
221-InAs-In_i_neut-POSCAR3-Charged-2.cif,6.14585895
33-ZnTe-V_Te-POSCAR1-Charged-2.cif,6.12635599
166-GaP-V_P-POSCAR1-Charged-2.cif,6.07428526
33-ZnTe-V_Te-POSCAR2-Charged-2.cif,6.06693927
33-ZnTe-V_Te-POSCAR3-Charged-2.cif,6.05739001
33-ZnTe-V_Te-POSCAR4-Charged-2.cif,6.05
240-Si-Si_i_neut-POSCAR0-Charged-2.cif,6.03384352
240-Si-Si_i_neut-POSCAR1-Charged-2.cif,6.03
179-GaAs-Ga_i_A-POSCAR0-Charged-2.cif,6.02463401
179-GaAs-Ga_i_A-POSCAR1-Charged-2.cif,6.02
64-CdSe-Se_i_neut-POSCAR0-Charged-2.cif,6
74-CdTe-Te_i_neut-POSCAR0-Charged-2.cif,5.99
8-ZnO-O_i_A-POSCAR0-Charged-2.cif,5.97
73-CdTe-Te_i_B-POSCAR0-Charged-2.cif,5.97
10-ZnO-O_i_neut-POSCAR0-Charged-2.cif,5.93
166-GaP-V_P-POSCAR2-Charged-2.cif,5.91915036
149-AlSb-Al_i_A-POSCAR0-Charged-2.cif,5.84318942
57-CdSe-V_Se-POSCAR0-Charged-2.cif,5.84
63-CdSe-Se_i_B-POSCAR0-Charged-2.cif,5.84
149-AlSb-Al_i_A-POSCAR1-Charged-2.cif,5.84
166-GaP-V_P-POSCAR3-Charged-2.cif,5.7943696
168-GaP-P_Ga-POSCAR0-Charged-2.cif,5.75364776
223-InAs-As_i_B-POSCAR0-Charged-2.cif,5.75297593
168-GaP-P_Ga-POSCAR1-Charged-2.cif,5.75
223-InAs-As_i_B-POSCAR1-Charged-2.cif,5.73541021
223-InAs-As_i_B-POSCAR2-Charged-2.cif,5.72299574
223-InAs-As_i_B-POSCAR3-Charged-2.cif,5.72
166-GaP-V_P-POSCAR4-Charged-2.cif,5.7127781
166-GaP-V_P-POSCAR5-Charged-2.cif,5.68600322
166-GaP-V_P-POSCAR6-Charged-2.cif,5.68
66-CdTe-Te_Cd-POSCAR0-Charged-2.cif,5.67488028
66-CdTe-Te_Cd-POSCAR1-Charged-2.cif,5.66746955
125-AlP-V_Al-POSCAR0-Charged-2.cif,5.6582974
56-CdSe-Se_Cd-POSCAR0-Charged-2.cif,5.65
66-CdTe-Te_Cd-POSCAR2-Charged-2.cif,5.65
192-GaSb-Ab_i_A-POSCAR0-Charged-2.cif,5.59476321
192-GaSb-Ab_i_A-POSCAR1-Charged-2.cif,5.58477171
192-GaSb-Ab_i_A-POSCAR2-Charged-2.cif,5.58
222-InAs-As_i_A-POSCAR0-Charged-2.cif,5.57832353
222-InAs-As_i_A-POSCAR1-Charged-2.cif,5.53849381
72-CdTe-Te_i_A-POSCAR0-Charged-2.cif,5.53
194-GaSb-Sb_i_neut-POSCAR0-Charged-2.cif,5.52500965
115-AlN-V_Al-POSCAR0-Charged-2.cif,5.50867364
222-InAs-As_i_A-POSCAR2-Charged-2.cif,5.5077707
194-GaSb-Sb_i_neut-POSCAR1-Charged-2.cif,5.50664226
222-InAs-As_i_A-POSCAR3-Charged-2.cif,5.49999625
118-AlN-N_Al-POSCAR0-Charged-2.cif,5.49196131
194-GaSb-Sb_i_neut-POSCAR2-Charged-2.cif,5.48834379
222-InAs-As_i_A-POSCAR4-Charged-2.cif,5.48206618
194-GaSb-Sb_i_neut-POSCAR3-Charged-2.cif,5.48124546
125-AlP-V_Al-POSCAR1-Charged-2.cif,5.47477993
194-GaSb-Sb_i_neut-POSCAR4-Charged-2.cif,5.473662
222-InAs-As_i_A-POSCAR5-Charged-2.cif,5.47
194-GaSb-Sb_i_neut-POSCAR5-Charged-2.cif,5.46962972
194-GaSb-Sb_i_neut-POSCAR6-Charged-2.cif,5.46604047
194-GaSb-Sb_i_neut-POSCAR7-Charged-2.cif,5.46409254
194-GaSb-Sb_i_neut-POSCAR8-Charged-2.cif,5.4608407
194-GaSb-Sb_i_neut-POSCAR9-Charged-2.cif,5.45768947
194-GaSb-Sb_i_neut-POSCAR10-Charged-2.cif,5.4509147
194-GaSb-Sb_i_neut-POSCAR11-Charged-2.cif,5.44700826
194-GaSb-Sb_i_neut-POSCAR12-Charged-2.cif,5.44
146-AlSb-V_Sb-POSCAR0-Charged-2.cif,5.43250217
125-AlP-V_Al-POSCAR2-Charged-2.cif,5.43219382
125-AlP-V_Al-POSCAR3-Charged-2.cif,5.4073752
125-AlP-V_Al-POSCAR4-Charged-2.cif,5.3776891
125-AlP-V_Al-POSCAR5-Charged-2.cif,5.36
115-AlN-V_Al-POSCAR1-Charged-2.cif,5.35400179
167-GaP-Ga_P-POSCAR0-Charged-2.cif,5.32179034
62-CdSe-Se_i_A-POSCAR0-Charged-2.cif,5.32
146-AlSb-V_Sb-POSCAR1-Charged-2.cif,5.30494551
138-AlAs-As_Al-POSCAR0-Charged-2.cif,5.28377656
138-AlAs-As_Al-POSCAR1-Charged-2.cif,5.28
219-InAs-In_i_A-POSCAR0-Charged-2.cif,5.26897733
219-InAs-In_i_A-POSCAR1-Charged-2.cif,5.26510708
219-InAs-In_i_A-POSCAR2-Charged-2.cif,5.26
220-InAs-In_i_B-POSCAR0-Charged-2.cif,5.23
146-AlSb-V_Sb-POSCAR2-Charged-2.cif,5.18235012
43-CdO-V_O-POSCAR0-Charged-2.cif,5.18
224-InAs-As_i_neut-POSCAR0-Charged-2.cif,5.16211893
224-InAs-As_i_neut-POSCAR1-Charged-2.cif,5.15608713
118-AlN-N_Al-POSCAR1-Charged-2.cif,5.15031055
49-CdO-O_i_B-POSCAR0-Charged-2.cif,5.15
224-InAs-As_i_neut-POSCAR2-Charged-2.cif,5.15
146-AlSb-V_Sb-POSCAR3-Charged-2.cif,5.12170485
67-CdTe-V_Te-POSCAR0-Charged-2.cif,5.12
75-BN-V_B-POSCAR1-Charged-2.cif,5.10402889
233-InSb-Sb_i_B-POSCAR0-Charged-2.cif,5.07765827
207-InP-In_P-POSCAR0-Charged-2.cif,5.06713834
167-GaP-Ga_P-POSCAR1-Charged-2.cif,5.06410685
233-InSb-Sb_i_B-POSCAR1-Charged-2.cif,5.06228016
50-CdO-O_i_neut-POSCAR0-Charged-2.cif,5.06063379
50-CdO-O_i_neut-POSCAR1-Charged-2.cif,5.06
85-BP-V_B-POSCAR0-Charged-2.cif,5.05668623
233-InSb-Sb_i_B-POSCAR2-Charged-2.cif,5.05
115-AlN-V_Al-POSCAR2-Charged-2.cif,5.04070396
115-AlN-V_Al-POSCAR3-Charged-2.cif,5.03382626
115-AlN-V_Al-POSCAR4-Charged-2.cif,5.03154835
115-AlN-V_Al-POSCAR5-Charged-2.cif,5.03
167-GaP-Ga_P-POSCAR2-Charged-2.cif,5.02640223
167-GaP-Ga_P-POSCAR3-Charged-2.cif,5.02
146-AlSb-V_Sb-POSCAR4-Charged-2.cif,4.98818995
118-AlN-N_Al-POSCAR2-Charged-2.cif,4.9649085
85-BP-V_B-POSCAR1-Charged-2.cif,4.94879868
208-InP-P_In-POSCAR0-Charged-2.cif,4.9261207
85-BP-V_B-POSCAR2-Charged-2.cif,4.92456991
208-InP-P_In-POSCAR1-Charged-2.cif,4.91604015
85-BP-V_B-POSCAR3-Charged-2.cif,4.91540412
85-BP-V_B-POSCAR4-Charged-2.cif,4.91
208-InP-P_In-POSCAR2-Charged-2.cif,4.91
87-BP-B_P-POSCAR0-Charged-2.cif,4.90734257
146-AlSb-V_Sb-POSCAR5-Charged-2.cif,4.90316146
87-BP-B_P-POSCAR1-Charged-2.cif,4.87736936
87-BP-B_P-POSCAR2-Charged-2.cif,4.87
146-AlSb-V_Sb-POSCAR6-Charged-2.cif,4.83469506
146-AlSb-V_Sb-POSCAR7-Charged-2.cif,4.83
207-InP-In_P-POSCAR1-Charged-2.cif,4.80904027
206-InP-V_P-POSCAR0-Charged-2.cif,4.78516582
191-GaSb-Ga_i_neut-POSCAR0-Charged-2.cif,4.77507467
191-GaSb-Ga_i_neut-POSCAR1-Charged-2.cif,4.75852652
243-Ge-Ge_i_neut-POSCAR0-Charged-2.cif,4.75646473
243-Ge-Ge_i_neut-POSCAR1-Charged-2.cif,4.7492013
191-GaSb-Ga_i_neut-POSCAR2-Charged-2.cif,4.7461657
243-Ge-Ge_i_neut-POSCAR2-Charged-2.cif,4.74598867
243-Ge-Ge_i_neut-POSCAR3-Charged-2.cif,4.74207602
191-GaSb-Ga_i_neut-POSCAR3-Charged-2.cif,4.74014295
243-Ge-Ge_i_neut-POSCAR4-Charged-2.cif,4.74
191-GaSb-Ga_i_neut-POSCAR4-Charged-2.cif,4.73321861
207-InP-In_P-POSCAR2-Charged-2.cif,4.72983491
232-InSb-Ab_i_A-POSCAR0-Charged-2.cif,4.72891568
191-GaSb-Ga_i_neut-POSCAR5-Charged-2.cif,4.72742756
191-GaSb-Ga_i_neut-POSCAR20-Charged-2.cif,4.72671076
118-AlN-N_Al-POSCAR3-Charged-2.cif,4.72628136
191-GaSb-Ga_i_neut-POSCAR19-Charged-2.cif,4.72576802
191-GaSb-Ga_i_neut-POSCAR21-Charged-2.cif,4.72533831
191-GaSb-Ga_i_neut-POSCAR18-Charged-2.cif,4.72425249
191-GaSb-Ga_i_neut-POSCAR22-Charged-2.cif,4.72164226
207-InP-In_P-POSCAR3-Charged-2.cif,4.72
191-GaSb-Ga_i_neut-POSCAR12-Charged-2.cif,4.71991762
191-GaSb-Ga_i_neut-POSCAR17-Charged-2.cif,4.71887986
191-GaSb-Ga_i_neut-POSCAR11-Charged-2.cif,4.71863506
191-GaSb-Ga_i_neut-POSCAR23-Charged-2.cif,4.7183296
191-GaSb-Ga_i_neut-POSCAR13-Charged-2.cif,4.71771395
191-GaSb-Ga_i_neut-POSCAR32-Charged-2.cif,4.7166135
191-GaSb-Ga_i_neut-POSCAR33-Charged-2.cif,4.71655387
191-GaSb-Ga_i_neut-POSCAR10-Charged-2.cif,4.71652482
232-InSb-Ab_i_A-POSCAR1-Charged-2.cif,4.71625347
191-GaSb-Ga_i_neut-POSCAR31-Charged-2.cif,4.71615977
191-GaSb-Ga_i_neut-POSCAR34-Charged-2.cif,4.71561167
191-GaSb-Ga_i_neut-POSCAR7-Charged-2.cif,4.71506137
191-GaSb-Ga_i_neut-POSCAR6-Charged-2.cif,4.71500718
191-GaSb-Ga_i_neut-POSCAR24-Charged-2.cif,4.71490643
191-GaSb-Ga_i_neut-POSCAR16-Charged-2.cif,4.71397609
191-GaSb-Ga_i_neut-POSCAR25-Charged-2.cif,4.7133956
191-GaSb-Ga_i_neut-POSCAR30-Charged-2.cif,4.7132785
191-GaSb-Ga_i_neut-POSCAR35-Charged-2.cif,4.71265245
191-GaSb-Ga_i_neut-POSCAR29-Charged-2.cif,4.71249451
191-GaSb-Ga_i_neut-POSCAR27-Charged-2.cif,4.7122507
191-GaSb-Ga_i_neut-POSCAR26-Charged-2.cif,4.71179851
191-GaSb-Ga_i_neut-POSCAR36-Charged-2.cif,4.71155875
191-GaSb-Ga_i_neut-POSCAR28-Charged-2.cif,4.71152699
191-GaSb-Ga_i_neut-POSCAR8-Charged-2.cif,4.71130918
191-GaSb-Ga_i_neut-POSCAR39-Charged-2.cif,4.71074311
191-GaSb-Ga_i_neut-POSCAR14-Charged-2.cif,4.71056286
191-GaSb-Ga_i_neut-POSCAR46-Charged-2.cif,4.71035673
191-GaSb-Ga_i_neut-POSCAR45-Charged-2.cif,4.71007059
191-GaSb-Ga_i_neut-POSCAR52-Charged-2.cif,4.71
232-InSb-Ab_i_A-POSCAR2-Charged-2.cif,4.71
191-GaSb-Ga_i_neut-POSCAR42-Charged-2.cif,4.70989183
191-GaSb-Ga_i_neut-POSCAR40-Charged-2.cif,4.70977253
191-GaSb-Ga_i_neut-POSCAR43-Charged-2.cif,4.70968917
191-GaSb-Ga_i_neut-POSCAR37-Charged-2.cif,4.70957433
191-GaSb-Ga_i_neut-POSCAR38-Charged-2.cif,4.70944362
191-GaSb-Ga_i_neut-POSCAR41-Charged-2.cif,4.70939
191-GaSb-Ga_i_neut-POSCAR51-Charged-2.cif,4.70915682
191-GaSb-Ga_i_neut-POSCAR47-Charged-2.cif,4.70913437
191-GaSb-Ga_i_neut-POSCAR44-Charged-2.cif,4.70902288
191-GaSb-Ga_i_neut-POSCAR50-Charged-2.cif,4.70892721
191-GaSb-Ga_i_neut-POSCAR48-Charged-2.cif,4.70856194
191-GaSb-Ga_i_neut-POSCAR9-Charged-2.cif,4.70830731
191-GaSb-Ga_i_neut-POSCAR49-Charged-2.cif,4.7081551
191-GaSb-Ga_i_neut-POSCAR15-Charged-2.cif,4.7069099
242-Ge-Ge_i_A-POSCAR0-Charged-2.cif,4.69617417
242-Ge-Ge_i_A-POSCAR1-Charged-2.cif,4.69
231-InSb-In_i_neut-POSCAR0-Charged-2.cif,4.68130564
231-InSb-In_i_neut-POSCAR1-Charged-2.cif,4.67709707
118-AlN-N_Al-POSCAR5-Charged-2.cif,4.67297997
231-InSb-In_i_neut-POSCAR2-Charged-2.cif,4.67222316
231-InSb-In_i_neut-POSCAR3-Charged-2.cif,4.6703431
231-InSb-In_i_neut-POSCAR7-Charged-2.cif,4.67
231-InSb-In_i_neut-POSCAR6-Charged-2.cif,4.66947803
231-InSb-In_i_neut-POSCAR4-Charged-2.cif,4.66716351
231-InSb-In_i_neut-POSCAR5-Charged-2.cif,4.66688136
234-InSb-Sb_i_neut-POSCAR0-Charged-2.cif,4.65448425
234-InSb-Sb_i_neut-POSCAR1-Charged-2.cif,4.64566018
118-AlN-N_Al-POSCAR4-Charged-2.cif,4.64526857
206-InP-V_P-POSCAR1-Charged-2.cif,4.64370759
234-InSb-Sb_i_neut-POSCAR2-Charged-2.cif,4.63366184
234-InSb-Sb_i_neut-POSCAR3-Charged-2.cif,4.63064226
234-InSb-Sb_i_neut-POSCAR4-Charged-2.cif,4.62661083
234-InSb-Sb_i_neut-POSCAR5-Charged-2.cif,4.62451911
234-InSb-Sb_i_neut-POSCAR6-Charged-2.cif,4.62
176-GaAs-V_As-POSCAR0-Charged-2.cif,4.6058001
238-Si-V_Si-POSCAR0-Charged-2.cif,4.59587018
118-AlN-N_Al-POSCAR7-Charged-2.cif,4.56795792
118-AlN-N_Al-POSCAR8-Charged-2.cif,4.56759813
118-AlN-N_Al-POSCAR6-Charged-2.cif,4.51711541
206-InP-V_P-POSCAR2-Charged-2.cif,4.51450112
238-Si-V_Si-POSCAR1-Charged-2.cif,4.49942556
75-BN-V_B-POSCAR0-Charged-2.cif,4.48776799
176-GaAs-V_As-POSCAR1-Charged-2.cif,4.46756607
238-Si-V_Si-POSCAR2-Charged-2.cif,4.46191013
1-ZnO-V_Zn-POSCAR0-Charged-2.cif,4.46
206-InP-V_P-POSCAR3-Charged-2.cif,4.45588701
238-Si-V_Si-POSCAR3-Charged-2.cif,4.43120152
204-InN-N_i_neut-POSCAR0-Charged-2.cif,4.41074954
148-AlSb-Sb_Al-POSCAR0-Charged-2.cif,4.39
206-InP-V_P-POSCAR4-Charged-2.cif,4.37993175
238-Si-V_Si-POSCAR4-Charged-2.cif,4.3784016
205-InP-V_In-POSCAR0-Charged-2.cif,4.36165214
206-InP-V_P-POSCAR5-Charged-2.cif,4.35265375
176-GaAs-V_As-POSCAR2-Charged-2.cif,4.34538696
206-InP-V_P-POSCAR6-Charged-2.cif,4.34
165-GaP-V_Ga-POSCAR0-Charged-2.cif,4.33868351
238-Si-V_Si-POSCAR5-Charged-2.cif,4.32046256
238-Si-V_Si-POSCAR6-Charged-2.cif,4.32
205-InP-V_In-POSCAR1-Charged-2.cif,4.30154535
205-InP-V_In-POSCAR2-Charged-2.cif,4.26682213
135-AlAs-V_Al-POSCAR0-Charged-2.cif,4.26664016
165-GaP-V_Ga-POSCAR1-Charged-2.cif,4.26232209
176-GaAs-V_As-POSCAR3-Charged-2.cif,4.25300343
48-CdO-O_i_A-POSCAR0-Charged-2.cif,4.25
205-InP-V_In-POSCAR3-Charged-2.cif,4.24868436
165-GaP-V_Ga-POSCAR2-Charged-2.cif,4.23392059
205-InP-V_In-POSCAR4-Charged-2.cif,4.22120347
41-CdO-V_Cd-POSCAR0-Charged-2.cif,4.22
204-InN-N_i_neut-POSCAR1-Charged-2.cif,4.21985943
165-GaP-V_Ga-POSCAR3-Charged-2.cif,4.21481802
205-InP-V_In-POSCAR5-Charged-2.cif,4.2
165-GaP-V_Ga-POSCAR4-Charged-2.cif,4.19534572
190-GaSb-Ga_i_B-POSCAR0-Charged-2.cif,4.19157269
165-GaP-V_Ga-POSCAR5-Charged-2.cif,4.19
190-GaSb-Ga_i_B-POSCAR1-Charged-2.cif,4.19
135-AlAs-V_Al-POSCAR1-Charged-2.cif,4.1630111
176-GaAs-V_As-POSCAR4-Charged-2.cif,4.15813422
75-BN-V_B-POSCAR3-Charged-2.cif,4.14123888
75-BN-V_B-POSCAR2-Charged-2.cif,4.13999097
75-BN-V_B-POSCAR4-Charged-2.cif,4.13
155-GaN-V_Ga-POSCAR0-Charged-2.cif,4.12892516
135-AlAs-V_Al-POSCAR2-Charged-2.cif,4.1206418
203-InN-N_i_B-POSCAR0-Charged-2.cif,4.11564107
118-AlN-N_Al-POSCAR9-Charged-2.cif,4.10458844
135-AlAs-V_Al-POSCAR3-Charged-2.cif,4.10364016
204-InN-N_i_neut-POSCAR2-Charged-2.cif,4.09486525
176-GaAs-V_As-POSCAR5-Charged-2.cif,4.09153937
203-InN-N_i_B-POSCAR1-Charged-2.cif,4.08868613
135-AlAs-V_Al-POSCAR4-Charged-2.cif,4.0834837
176-GaAs-V_As-POSCAR6-Charged-2.cif,4.07533841
135-AlAs-V_Al-POSCAR5-Charged-2.cif,4.07
176-GaAs-V_As-POSCAR7-Charged-2.cif,4.07
204-InN-N_i_neut-POSCAR3-Charged-2.cif,4.06699619
203-InN-N_i_B-POSCAR2-Charged-2.cif,4.06510407
203-InN-N_i_B-POSCAR5-Charged-2.cif,4.04975896
203-InN-N_i_B-POSCAR3-Charged-2.cif,4.02612788
203-InN-N_i_B-POSCAR4-Charged-2.cif,4.02072753
203-InN-N_i_B-POSCAR7-Charged-2.cif,4.01382506
203-InN-N_i_B-POSCAR6-Charged-2.cif,4.01329156
217-InAs-In_As-POSCAR0-Charged-2.cif,3.95305244
204-InN-N_i_neut-POSCAR4-Charged-2.cif,3.94742284
203-InN-N_i_B-POSCAR8-Charged-2.cif,3.94635019
203-InN-N_i_B-POSCAR9-Charged-2.cif,3.94496599
203-InN-N_i_B-POSCAR10-Charged-2.cif,3.92583701
216-InAs-V_As-POSCAR0-Charged-2.cif,3.92130429
155-GaN-V_Ga-POSCAR1-Charged-2.cif,3.90320051
203-InN-N_i_B-POSCAR11-Charged-2.cif,3.89915432
204-InN-N_i_neut-POSCAR5-Charged-2.cif,3.88093308
203-InN-N_i_B-POSCAR12-Charged-2.cif,3.87442638
204-InN-N_i_neut-POSCAR6-Charged-2.cif,3.869791
118-AlN-N_Al-POSCAR10-Charged-2.cif,3.86112018
204-InN-N_i_neut-POSCAR7-Charged-2.cif,3.85287448
11-ZnS-V_Zn-POSCAR0-Charged-2.cif,3.85031393
216-InAs-V_As-POSCAR1-Charged-2.cif,3.84946143
230-InSb-In_i_B-POSCAR0-Charged-2.cif,3.84207935
230-InSb-In_i_B-POSCAR1-Charged-2.cif,3.84
204-InN-N_i_neut-POSCAR8-Charged-2.cif,3.83119256
203-InN-N_i_B-POSCAR13-Charged-2.cif,3.82470201
204-InN-N_i_neut-POSCAR9-Charged-2.cif,3.8235808
204-InN-N_i_neut-POSCAR10-Charged-2.cif,3.81893027
204-InN-N_i_neut-POSCAR11-Charged-2.cif,3.81369862
204-InN-N_i_neut-POSCAR15-Charged-2.cif,3.8110236
204-InN-N_i_neut-POSCAR14-Charged-2.cif,3.8105945
204-InN-N_i_neut-POSCAR13-Charged-2.cif,3.81020976
204-InN-N_i_neut-POSCAR12-Charged-2.cif,3.80938369
204-InN-N_i_neut-POSCAR30-Charged-2.cif,3.80773629
204-InN-N_i_neut-POSCAR27-Charged-2.cif,3.80721028
204-InN-N_i_neut-POSCAR32-Charged-2.cif,3.80707715
204-InN-N_i_neut-POSCAR23-Charged-2.cif,3.80706595
204-InN-N_i_neut-POSCAR24-Charged-2.cif,3.80698853
204-InN-N_i_neut-POSCAR16-Charged-2.cif,3.80697476
204-InN-N_i_neut-POSCAR18-Charged-2.cif,3.80683244
204-InN-N_i_neut-POSCAR17-Charged-2.cif,3.80663788
204-InN-N_i_neut-POSCAR31-Charged-2.cif,3.80641312
204-InN-N_i_neut-POSCAR25-Charged-2.cif,3.80621549
217-InAs-In_As-POSCAR1-Charged-2.cif,3.80619222
204-InN-N_i_neut-POSCAR26-Charged-2.cif,3.80611191
204-InN-N_i_neut-POSCAR28-Charged-2.cif,3.80561023
204-InN-N_i_neut-POSCAR20-Charged-2.cif,3.80450099
204-InN-N_i_neut-POSCAR33-Charged-2.cif,3.80427537
204-InN-N_i_neut-POSCAR39-Charged-2.cif,3.80404823
204-InN-N_i_neut-POSCAR42-Charged-2.cif,3.80366597
204-InN-N_i_neut-POSCAR34-Charged-2.cif,3.80363133
204-InN-N_i_neut-POSCAR29-Charged-2.cif,3.8036073
204-InN-N_i_neut-POSCAR38-Charged-2.cif,3.80304304
204-InN-N_i_neut-POSCAR21-Charged-2.cif,3.80299018
204-InN-N_i_neut-POSCAR22-Charged-2.cif,3.80261587
204-InN-N_i_neut-POSCAR40-Charged-2.cif,3.80248845
204-InN-N_i_neut-POSCAR41-Charged-2.cif,3.80218658
204-InN-N_i_neut-POSCAR43-Charged-2.cif,3.80132799
204-InN-N_i_neut-POSCAR45-Charged-2.cif,3.80091226
204-InN-N_i_neut-POSCAR44-Charged-2.cif,3.80076381
147-AlSb-Al_Sb-POSCAR0-Charged-2.cif,3.80006303
204-InN-N_i_neut-POSCAR35-Charged-2.cif,3.80004385
204-InN-N_i_neut-POSCAR53-Charged-2.cif,3.799582
204-InN-N_i_neut-POSCAR54-Charged-2.cif,3.79949863
204-InN-N_i_neut-POSCAR19-Charged-2.cif,3.79921411
204-InN-N_i_neut-POSCAR36-Charged-2.cif,3.79785383
204-InN-N_i_neut-POSCAR47-Charged-2.cif,3.79755477
204-InN-N_i_neut-POSCAR37-Charged-2.cif,3.79734331
204-InN-N_i_neut-POSCAR52-Charged-2.cif,3.79727542
204-InN-N_i_neut-POSCAR49-Charged-2.cif,3.79625758
204-InN-N_i_neut-POSCAR48-Charged-2.cif,3.79585877
204-InN-N_i_neut-POSCAR46-Charged-2.cif,3.79384158
204-InN-N_i_neut-POSCAR50-Charged-2.cif,3.79176126
204-InN-N_i_neut-POSCAR51-Charged-2.cif,3.78859058
203-InN-N_i_B-POSCAR14-Charged-2.cif,3.78723026
155-GaN-V_Ga-POSCAR2-Charged-2.cif,3.78014924
11-ZnS-V_Zn-POSCAR1-Charged-2.cif,3.77342547
155-GaN-V_Ga-POSCAR3-Charged-2.cif,3.77168638
203-InN-N_i_B-POSCAR15-Charged-2.cif,3.76833894
155-GaN-V_Ga-POSCAR4-Charged-2.cif,3.76741738
178-GaAs-As_Ga-POSCAR0-Charged-2.cif,3.76364641
155-GaN-V_Ga-POSCAR5-Charged-2.cif,3.76107562
203-InN-N_i_B-POSCAR16-Charged-2.cif,3.76046146
155-GaN-V_Ga-POSCAR6-Charged-2.cif,3.76
178-GaAs-As_Ga-POSCAR1-Charged-2.cif,3.76
216-InAs-V_As-POSCAR2-Charged-2.cif,3.75637557
203-InN-N_i_B-POSCAR17-Charged-2.cif,3.75584411
203-InN-N_i_B-POSCAR18-Charged-2.cif,3.75118668
203-InN-N_i_B-POSCAR19-Charged-2.cif,3.74629234
203-InN-N_i_B-POSCAR20-Charged-2.cif,3.7434464
203-InN-N_i_B-POSCAR21-Charged-2.cif,3.74126728
118-AlN-N_Al-POSCAR16-Charged-2.cif,3.74094622
11-ZnS-V_Zn-POSCAR2-Charged-2.cif,3.7406741
203-InN-N_i_B-POSCAR22-Charged-2.cif,3.74
217-InAs-In_As-POSCAR2-Charged-2.cif,3.73980098
217-InAs-In_As-POSCAR3-Charged-2.cif,3.73365163
217-InAs-In_As-POSCAR4-Charged-2.cif,3.73
11-ZnS-V_Zn-POSCAR3-Charged-2.cif,3.72777481
118-AlN-N_Al-POSCAR17-Charged-2.cif,3.72495159
204-InN-N_i_neut-POSCAR55-Charged-2.cif,3.7207335
118-AlN-N_Al-POSCAR18-Charged-2.cif,3.71465853
216-InAs-V_As-POSCAR3-Charged-2.cif,3.71301348
11-ZnS-V_Zn-POSCAR4-Charged-2.cif,3.70761563
118-AlN-N_Al-POSCAR19-Charged-2.cif,3.70728217
11-ZnS-V_Zn-POSCAR5-Charged-2.cif,3.7
118-AlN-N_Al-POSCAR20-Charged-2.cif,3.69890173
147-AlSb-Al_Sb-POSCAR1-Charged-2.cif,3.69797541
118-AlN-N_Al-POSCAR21-Charged-2.cif,3.69668185
118-AlN-N_Al-POSCAR15-Charged-2.cif,3.69552508
118-AlN-N_Al-POSCAR22-Charged-2.cif,3.69406416
118-AlN-N_Al-POSCAR23-Charged-2.cif,3.69265232
189-GaSb-Ga_i_A-POSCAR0-Charged-2.cif,3.69210419
118-AlN-N_Al-POSCAR24-Charged-2.cif,3.6912838
204-InN-N_i_neut-POSCAR56-Charged-2.cif,3.69102792
118-AlN-N_Al-POSCAR27-Charged-2.cif,3.69058734
118-AlN-N_Al-POSCAR26-Charged-2.cif,3.69056793
118-AlN-N_Al-POSCAR25-Charged-2.cif,3.6905619
118-AlN-N_Al-POSCAR28-Charged-2.cif,3.69032672
118-AlN-N_Al-POSCAR29-Charged-2.cif,3.69
189-GaSb-Ga_i_A-POSCAR1-Charged-2.cif,3.69
229-InSb-In_i_A-POSCAR0-Charged-2.cif,3.66235707
229-InSb-In_i_A-POSCAR1-Charged-2.cif,3.66
147-AlSb-Al_Sb-POSCAR2-Charged-2.cif,3.65962352
147-AlSb-Al_Sb-POSCAR3-Charged-2.cif,3.65377414
147-AlSb-Al_Sb-POSCAR4-Charged-2.cif,3.65
118-AlN-N_Al-POSCAR14-Charged-2.cif,3.64495634
216-InAs-V_As-POSCAR4-Charged-2.cif,3.6431343
95-BAs-V_B-POSCAR0-Charged-2.cif,3.63631788
204-InN-N_i_neut-POSCAR57-Charged-2.cif,3.62392226
216-InAs-V_As-POSCAR5-Charged-2.cif,3.60043061
186-GaSb-V_Sb-POSCAR0-Charged-2.cif,3.59715158
118-AlN-N_Al-POSCAR13-Charged-2.cif,3.58288449
216-InAs-V_As-POSCAR6-Charged-2.cif,3.58144429
216-InAs-V_As-POSCAR7-Charged-2.cif,3.57
51-CdS-V_Cd-POSCAR0-Charged-2.cif,3.56
204-InN-N_i_neut-POSCAR58-Charged-2.cif,3.55550618
118-AlN-N_Al-POSCAR12-Charged-2.cif,3.5370597
118-AlN-N_Al-POSCAR11-Charged-2.cif,3.5252514
202-InN-N_i_A-POSCAR0-Charged-2.cif,3.5137073
204-InN-N_i_neut-POSCAR59-Charged-2.cif,3.49962224
186-GaSb-V_Sb-POSCAR1-Charged-2.cif,3.49380925
95-BAs-V_B-POSCAR1-Charged-2.cif,3.49187771
204-InN-N_i_neut-POSCAR60-Charged-2.cif,3.48778564
204-InN-N_i_neut-POSCAR61-Charged-2.cif,3.48565921
95-BAs-V_B-POSCAR2-Charged-2.cif,3.4683497
204-InN-N_i_neut-POSCAR62-Charged-2.cif,3.46743946
204-InN-N_i_neut-POSCAR63-Charged-2.cif,3.45570087
95-BAs-V_B-POSCAR3-Charged-2.cif,3.45481766
204-InN-N_i_neut-POSCAR64-Charged-2.cif,3.45027506
95-BAs-V_B-POSCAR4-Charged-2.cif,3.45
204-InN-N_i_neut-POSCAR65-Charged-2.cif,3.44673266
177-GaAs-Ga_As-POSCAR0-Charged-2.cif,3.44607393
204-InN-N_i_neut-POSCAR66-Charged-2.cif,3.44390703
204-InN-N_i_neut-POSCAR67-Charged-2.cif,3.44245217
204-InN-N_i_neut-POSCAR69-Charged-2.cif,3.4419733
204-InN-N_i_neut-POSCAR68-Charged-2.cif,3.44194969
204-InN-N_i_neut-POSCAR70-Charged-2.cif,3.44118623
204-InN-N_i_neut-POSCAR74-Charged-2.cif,3.44
204-InN-N_i_neut-POSCAR71-Charged-2.cif,3.43993445
204-InN-N_i_neut-POSCAR72-Charged-2.cif,3.43952793
204-InN-N_i_neut-POSCAR73-Charged-2.cif,3.43942237
186-GaSb-V_Sb-POSCAR2-Charged-2.cif,3.37152361
246-Sn-Sn_i_neut-POSCAR0-Charged-2.cif,3.36370088
202-InN-N_i_A-POSCAR1-Charged-2.cif,3.36213243
246-Sn-Sn_i_neut-POSCAR1-Charged-2.cif,3.35134672
246-Sn-Sn_i_neut-POSCAR2-Charged-2.cif,3.34400858
246-Sn-Sn_i_neut-POSCAR3-Charged-2.cif,3.33714069
246-Sn-Sn_i_neut-POSCAR4-Charged-2.cif,3.32729636
246-Sn-Sn_i_neut-POSCAR5-Charged-2.cif,3.31946219
246-Sn-Sn_i_neut-POSCAR6-Charged-2.cif,3.31541256
246-Sn-Sn_i_neut-POSCAR7-Charged-2.cif,3.31
202-InN-N_i_A-POSCAR2-Charged-2.cif,3.30950583
177-GaAs-Ga_As-POSCAR1-Charged-2.cif,3.30805108
186-GaSb-V_Sb-POSCAR3-Charged-2.cif,3.30796779
202-InN-N_i_A-POSCAR3-Charged-2.cif,3.28080374
177-GaAs-Ga_As-POSCAR2-Charged-2.cif,3.27597451
158-GaN-N_Ga-POSCAR0-Charged-2.cif,3.27111724
177-GaAs-Ga_As-POSCAR3-Charged-2.cif,3.27
202-InN-N_i_A-POSCAR4-Charged-2.cif,3.27
218-InAs-As_In-POSCAR0-Charged-2.cif,3.2
188-GaSb-Sb_Ga-POSCAR0-Charged-2.cif,3.19080442
226-InSb-V_Sb-POSCAR0-Charged-2.cif,3.18478761
188-GaSb-Sb_Ga-POSCAR1-Charged-2.cif,3.18465137
188-GaSb-Sb_Ga-POSCAR2-Charged-2.cif,3.18
186-GaSb-V_Sb-POSCAR4-Charged-2.cif,3.15233431
158-GaN-N_Ga-POSCAR1-Charged-2.cif,3.14745152
226-InSb-V_Sb-POSCAR1-Charged-2.cif,3.11893119
158-GaN-N_Ga-POSCAR2-Charged-2.cif,3.11067671
158-GaN-N_Ga-POSCAR5-Charged-2.cif,3.10881278
158-GaN-N_Ga-POSCAR4-Charged-2.cif,3.10799733
158-GaN-N_Ga-POSCAR7-Charged-2.cif,3.10217912
158-GaN-N_Ga-POSCAR8-Charged-2.cif,3.09957453
195-InN-V_In-POSCAR0-Charged-2.cif,3.08975302
158-GaN-N_Ga-POSCAR6-Charged-2.cif,3.06452656
158-GaN-N_Ga-POSCAR3-Charged-2.cif,3.05091695
158-GaN-N_Ga-POSCAR9-Charged-2.cif,3.0358348
186-GaSb-V_Sb-POSCAR5-Charged-2.cif,3.03571072
158-GaN-N_Ga-POSCAR10-Charged-2.cif,3.03198029
226-InSb-V_Sb-POSCAR2-Charged-2.cif,3.0165861
158-GaN-N_Ga-POSCAR11-Charged-2.cif,2.99998754
158-GaN-N_Ga-POSCAR12-Charged-2.cif,2.98283179
226-InSb-V_Sb-POSCAR3-Charged-2.cif,2.9730626
245-Sn-Sn_i_A-POSCAR0-Charged-2.cif,2.97256657
245-Sn-Sn_i_A-POSCAR1-Charged-2.cif,2.97
158-GaN-N_Ga-POSCAR15-Charged-2.cif,2.96292504
186-GaSb-V_Sb-POSCAR6-Charged-2.cif,2.94310203
158-GaN-N_Ga-POSCAR13-Charged-2.cif,2.94013317
186-GaSb-V_Sb-POSCAR7-Charged-2.cif,2.94
158-GaN-N_Ga-POSCAR19-Charged-2.cif,2.93798485
215-InAs-V_In-POSCAR0-Charged-2.cif,2.93598619
158-GaN-N_Ga-POSCAR22-Charged-2.cif,2.93093199
158-GaN-N_Ga-POSCAR26-Charged-2.cif,2.92288711
158-GaN-N_Ga-POSCAR24-Charged-2.cif,2.91940629
158-GaN-N_Ga-POSCAR28-Charged-2.cif,2.91613639
215-InAs-V_In-POSCAR1-Charged-2.cif,2.91057471
158-GaN-N_Ga-POSCAR30-Charged-2.cif,2.90837178
158-GaN-N_Ga-POSCAR29-Charged-2.cif,2.90761563
158-GaN-N_Ga-POSCAR31-Charged-2.cif,2.90630196
158-GaN-N_Ga-POSCAR34-Charged-2.cif,2.90503327
158-GaN-N_Ga-POSCAR35-Charged-2.cif,2.90422095
158-GaN-N_Ga-POSCAR32-Charged-2.cif,2.90402643
158-GaN-N_Ga-POSCAR33-Charged-2.cif,2.90396696
158-GaN-N_Ga-POSCAR37-Charged-2.cif,2.90387731
158-GaN-N_Ga-POSCAR39-Charged-2.cif,2.90244038
158-GaN-N_Ga-POSCAR42-Charged-2.cif,2.90124908
158-GaN-N_Ga-POSCAR40-Charged-2.cif,2.90124661
158-GaN-N_Ga-POSCAR44-Charged-2.cif,2.90065491
158-GaN-N_Ga-POSCAR43-Charged-2.cif,2.90019705
158-GaN-N_Ga-POSCAR45-Charged-2.cif,2.90019489
158-GaN-N_Ga-POSCAR46-Charged-2.cif,2.90015125
158-GaN-N_Ga-POSCAR47-Charged-2.cif,2.9
158-GaN-N_Ga-POSCAR41-Charged-2.cif,2.89950005
158-GaN-N_Ga-POSCAR38-Charged-2.cif,2.89680369
158-GaN-N_Ga-POSCAR27-Charged-2.cif,2.89510778
158-GaN-N_Ga-POSCAR25-Charged-2.cif,2.89470201
158-GaN-N_Ga-POSCAR17-Charged-2.cif,2.89428261
97-BAs-B_As-POSCAR0-Charged-2.cif,2.89141635
215-InAs-V_In-POSCAR2-Charged-2.cif,2.89104399
195-InN-V_In-POSCAR1-Charged-2.cif,2.89052036
158-GaN-N_Ga-POSCAR20-Charged-2.cif,2.88578558
215-InAs-V_In-POSCAR3-Charged-2.cif,2.88330413
97-BAs-B_As-POSCAR1-Charged-2.cif,2.88
195-InN-V_In-POSCAR2-Charged-2.cif,2.87725902
158-GaN-N_Ga-POSCAR36-Charged-2.cif,2.87603446
158-GaN-N_Ga-POSCAR23-Charged-2.cif,2.87457815
215-InAs-V_In-POSCAR4-Charged-2.cif,2.87226587
195-InN-V_In-POSCAR3-Charged-2.cif,2.86941306
215-InAs-V_In-POSCAR5-Charged-2.cif,2.86537926
215-InAs-V_In-POSCAR6-Charged-2.cif,2.86
195-InN-V_In-POSCAR4-Charged-2.cif,2.85979422
226-InSb-V_Sb-POSCAR4-Charged-2.cif,2.85425688
195-InN-V_In-POSCAR5-Charged-2.cif,2.85182316
195-InN-V_In-POSCAR6-Charged-2.cif,2.85
158-GaN-N_Ga-POSCAR18-Charged-2.cif,2.84911217
158-GaN-N_Ga-POSCAR21-Charged-2.cif,2.81866218
226-InSb-V_Sb-POSCAR5-Charged-2.cif,2.80492899
158-GaN-N_Ga-POSCAR14-Charged-2.cif,2.7950166
158-GaN-N_Ga-POSCAR16-Charged-2.cif,2.78139139
145-AlSb-V_Al-POSCAR0-Charged-2.cif,2.76421113
145-AlSb-V_Al-POSCAR1-Charged-2.cif,2.72272776
21-ZnSe-V_Zn-POSCAR0-Charged-2.cif,2.72087605
228-InSb-Sb_In-POSCAR0-Charged-2.cif,2.70680501
226-InSb-V_Sb-POSCAR8-Charged-2.cif,2.70577368
226-InSb-V_Sb-POSCAR6-Charged-2.cif,2.70520247
226-InSb-V_Sb-POSCAR9-Charged-2.cif,2.70444931
226-InSb-V_Sb-POSCAR7-Charged-2.cif,2.70434434
228-InSb-Sb_In-POSCAR1-Charged-2.cif,2.70331859
226-InSb-V_Sb-POSCAR10-Charged-2.cif,2.70108228
145-AlSb-V_Al-POSCAR2-Charged-2.cif,2.70010287
228-InSb-Sb_In-POSCAR2-Charged-2.cif,2.7
226-InSb-V_Sb-POSCAR11-Charged-2.cif,2.69868275
145-AlSb-V_Al-POSCAR3-Charged-2.cif,2.6961284
226-InSb-V_Sb-POSCAR12-Charged-2.cif,2.6924402
21-ZnSe-V_Zn-POSCAR1-Charged-2.cif,2.69238466
145-AlSb-V_Al-POSCAR4-Charged-2.cif,2.6922614
55-CdSe-V_Cd-POSCAR0-Charged-2.cif,2.69
145-AlSb-V_Al-POSCAR5-Charged-2.cif,2.69
226-InSb-V_Sb-POSCAR13-Charged-2.cif,2.69
21-ZnSe-V_Zn-POSCAR2-Charged-2.cif,2.67961012
21-ZnSe-V_Zn-POSCAR3-Charged-2.cif,2.67579277
21-ZnSe-V_Zn-POSCAR4-Charged-2.cif,2.67
105-BSb-V_B-POSCAR0-Charged-2.cif,2.5304716
175-GaAs-V_Ga-POSCAR0-Charged-2.cif,2.43678686
105-BSb-V_B-POSCAR1-Charged-2.cif,2.41232775
175-GaAs-V_Ga-POSCAR1-Charged-2.cif,2.40001645
105-BSb-V_B-POSCAR2-Charged-2.cif,2.38974165
175-GaAs-V_Ga-POSCAR2-Charged-2.cif,2.38387509
175-GaAs-V_Ga-POSCAR3-Charged-2.cif,2.37828072
105-BSb-V_B-POSCAR3-Charged-2.cif,2.37512729
175-GaAs-V_Ga-POSCAR4-Charged-2.cif,2.37371516
105-BSb-V_B-POSCAR4-Charged-2.cif,2.37
175-GaAs-V_Ga-POSCAR5-Charged-2.cif,2.37
227-InSb-In_Sb-POSCAR0-Charged-2.cif,2.25768204
227-InSb-In_Sb-POSCAR1-Charged-2.cif,2.18725939
241-Ge-V_Ge-POSCAR0-Charged-2.cif,2.17539765
227-InSb-In_Sb-POSCAR2-Charged-2.cif,2.14093438
227-InSb-In_Sb-POSCAR3-Charged-2.cif,2.13517208
227-InSb-In_Sb-POSCAR4-Charged-2.cif,2.13
241-Ge-V_Ge-POSCAR1-Charged-2.cif,2.10093864
241-Ge-V_Ge-POSCAR2-Charged-2.cif,2.05313624
241-Ge-V_Ge-POSCAR3-Charged-2.cif,2.01828392
241-Ge-V_Ge-POSCAR4-Charged-2.cif,1.96576788
241-Ge-V_Ge-POSCAR5-Charged-2.cif,1.94
31-ZnTe-V_Zn-POSCAR0-Charged-2.cif,1.93756528
65-CdTe-V_Cd-POSCAR0-Charged-2.cif,1.93
31-ZnTe-V_Zn-POSCAR1-Charged-2.cif,1.92410059
31-ZnTe-V_Zn-POSCAR2-Charged-2.cif,1.91550065
31-ZnTe-V_Zn-POSCAR3-Charged-2.cif,1.91358707
31-ZnTe-V_Zn-POSCAR4-Charged-2.cif,1.91
225-InSb-V_In-POSCAR0-Charged-2.cif,1.90356964
225-InSb-V_In-POSCAR1-Charged-2.cif,1.89023091
225-InSb-V_In-POSCAR2-Charged-2.cif,1.88
187-GaSb-Ga_Sb-POSCAR0-Charged-2.cif,1.5833844
187-GaSb-Ga_Sb-POSCAR1-Charged-2.cif,1.55433725
187-GaSb-Ga_Sb-POSCAR2-Charged-2.cif,1.54288557
187-GaSb-Ga_Sb-POSCAR3-Charged-2.cif,1.54
107-BSb-B_Sb-POSCAR0-Charged-2.cif,1.51339008
107-BSb-B_Sb-POSCAR1-Charged-2.cif,1.51
185-GaSb-V_Ga-POSCAR0-Charged-2.cif,1.48909701
185-GaSb-V_Ga-POSCAR1-Charged-2.cif,1.47104887
185-GaSb-V_Ga-POSCAR2-Charged-2.cif,1.46
244-Sn-V_Sn-POSCAR0-Charged-2.cif,1.09650319
244-Sn-V_Sn-POSCAR1-Charged-2.cif,1.09330067
244-Sn-V_Sn-POSCAR2-Charged-2.cif,1.08622047
244-Sn-V_Sn-POSCAR3-Charged-2.cif,1.08422825
244-Sn-V_Sn-POSCAR4-Charged-2.cif,1.08
198-InN-N_In-POSCAR0-Charged-2.cif,0.42640037
198-InN-N_In-POSCAR1-Charged-2.cif,0.3937872
198-InN-N_In-POSCAR2-Charged-2.cif,0.38491793
198-InN-N_In-POSCAR3-Charged-2.cif,0.38