1-CdTe-V_Cd-POSCAR0-Charged+1.cif,2.04
2-CdTe-V_Te-POSCAR0-Charged+1.cif,1.32
3-CdTe-Cd_i_1-POSCAR0-Charged+1.cif,0.75
4-CdTe-Te_i_1-POSCAR0-Charged+1.cif,3.43
5-CdTe-Cd_Te-POSCAR0-Charged+1.cif,1.38
6-CdTe-Te_Cd-POSCAR0-Charged+1.cif,3.08887201
6-CdTe-Te_Cd-POSCAR1-Charged+1.cif,3.08301533
6-CdTe-Te_Cd-POSCAR2-Charged+1.cif,3.09
7-Cd_Te0.250_Se0.750-V_Cd-POSCAR0-Charged+1.cif,2.9621074
7-Cd_Te0.250_Se0.750-V_Cd-POSCAR1-Charged+1.cif,2.96
8-Cd_Te0.250_Se0.750-V_Te-POSCAR0-Charged+1.cif,1.49305122
8-Cd_Te0.250_Se0.750-V_Te-POSCAR1-Charged+1.cif,1.48704181
8-Cd_Te0.250_Se0.750-V_Te-POSCAR2-Charged+1.cif,1.49895627
8-Cd_Te0.250_Se0.750-V_Te-POSCAR3-Charged+1.cif,1.52508594
8-Cd_Te0.250_Se0.750-V_Te-POSCAR4-Charged+1.cif,1.59756462
8-Cd_Te0.250_Se0.750-V_Te-POSCAR5-Charged+1.cif,1.49675863
8-Cd_Te0.250_Se0.750-V_Te-POSCAR6-Charged+1.cif,1.49038674
8-Cd_Te0.250_Se0.750-V_Te-POSCAR7-Charged+1.cif,1.49597716
8-Cd_Te0.250_Se0.750-V_Te-POSCAR8-Charged+1.cif,1.52741221
8-Cd_Te0.250_Se0.750-V_Te-POSCAR9-Charged+1.cif,1.60369022
8-Cd_Te0.250_Se0.750-V_Te-POSCAR10-Charged+1.cif,1.49631737
8-Cd_Te0.250_Se0.750-V_Te-POSCAR11-Charged+1.cif,1.47239236
8-Cd_Te0.250_Se0.750-V_Te-POSCAR12-Charged+1.cif,1.52947123
8-Cd_Te0.250_Se0.750-V_Te-POSCAR13-Charged+1.cif,1.65103163
8-Cd_Te0.250_Se0.750-V_Te-POSCAR14-Charged+1.cif,1.49399608
8-Cd_Te0.250_Se0.750-V_Te-POSCAR15-Charged+1.cif,1.42138845
8-Cd_Te0.250_Se0.750-V_Te-POSCAR16-Charged+1.cif,1.61
9-Cd_Te0.250_Se0.750-V_Se-POSCAR0-Charged+1.cif,1.46957932
9-Cd_Te0.250_Se0.750-V_Se-POSCAR1-Charged+1.cif,1.46578051
9-Cd_Te0.250_Se0.750-V_Se-POSCAR2-Charged+1.cif,1.46
10-Cd_Te0.250_Se0.750-Cd_i-POSCAR0-Charged+1.cif,1.3972126
10-Cd_Te0.250_Se0.750-Cd_i-POSCAR1-Charged+1.cif,1.34021603
10-Cd_Te0.250_Se0.750-Cd_i-POSCAR2-Charged+1.cif,1.26974575
10-Cd_Te0.250_Se0.750-Cd_i-POSCAR3-Charged+1.cif,1.25343628
10-Cd_Te0.250_Se0.750-Cd_i-POSCAR4-Charged+1.cif,1.23915629
10-Cd_Te0.250_Se0.750-Cd_i-POSCAR5-Charged+1.cif,1.23388167
10-Cd_Te0.250_Se0.750-Cd_i-POSCAR6-Charged+1.cif,1.23
11-Cd_Te0.250_Se0.750-Te_i-POSCAR0-Charged+1.cif,1.59417855
11-Cd_Te0.250_Se0.750-Te_i-POSCAR1-Charged+1.cif,1.55526992
11-Cd_Te0.250_Se0.750-Te_i-POSCAR2-Charged+1.cif,1.52450311
11-Cd_Te0.250_Se0.750-Te_i-POSCAR3-Charged+1.cif,1.51056025
11-Cd_Te0.250_Se0.750-Te_i-POSCAR4-Charged+1.cif,1.50025148
11-Cd_Te0.250_Se0.750-Te_i-POSCAR5-Charged+1.cif,1.49185695
11-Cd_Te0.250_Se0.750-Te_i-POSCAR6-Charged+1.cif,1.48600792
11-Cd_Te0.250_Se0.750-Te_i-POSCAR7-Charged+1.cif,1.48091751
11-Cd_Te0.250_Se0.750-Te_i-POSCAR8-Charged+1.cif,1.47633129
11-Cd_Te0.250_Se0.750-Te_i-POSCAR9-Charged+1.cif,1.4715774
11-Cd_Te0.250_Se0.750-Te_i-POSCAR10-Charged+1.cif,1.46704947
11-Cd_Te0.250_Se0.750-Te_i-POSCAR11-Charged+1.cif,1.46279674
11-Cd_Te0.250_Se0.750-Te_i-POSCAR12-Charged+1.cif,1.46
12-Cd_Te0.250_Se0.750-Se_i-POSCAR0-Charged+1.cif,2.45620222
12-Cd_Te0.250_Se0.750-Se_i-POSCAR1-Charged+1.cif,2.39521019
12-Cd_Te0.250_Se0.750-Se_i-POSCAR2-Charged+1.cif,2.33389762
12-Cd_Te0.250_Se0.750-Se_i-POSCAR3-Charged+1.cif,2.29532896
12-Cd_Te0.250_Se0.750-Se_i-POSCAR4-Charged+1.cif,2.25152544
12-Cd_Te0.250_Se0.750-Se_i-POSCAR5-Charged+1.cif,2.22573584
12-Cd_Te0.250_Se0.750-Se_i-POSCAR6-Charged+1.cif,2.20989802
12-Cd_Te0.250_Se0.750-Se_i-POSCAR7-Charged+1.cif,2.20359212
12-Cd_Te0.250_Se0.750-Se_i-POSCAR8-Charged+1.cif,2.2
13-Cd_Te0.250_Se0.750-Cd_Te-POSCAR0-Charged+1.cif,2.69003849
13-Cd_Te0.250_Se0.750-Cd_Te-POSCAR1-Charged+1.cif,2.66449671
13-Cd_Te0.250_Se0.750-Cd_Te-POSCAR2-Charged+1.cif,2.62590416
13-Cd_Te0.250_Se0.750-Cd_Te-POSCAR3-Charged+1.cif,2.61584591
13-Cd_Te0.250_Se0.750-Cd_Te-POSCAR4-Charged+1.cif,2.59515528
13-Cd_Te0.250_Se0.750-Cd_Te-POSCAR5-Charged+1.cif,2.59
14-Cd_Te0.250_Se0.750-Cd_Se-POSCAR0-Charged+1.cif,2.18653085
14-Cd_Te0.250_Se0.750-Cd_Se-POSCAR1-Charged+1.cif,2.15672814
14-Cd_Te0.250_Se0.750-Cd_Se-POSCAR2-Charged+1.cif,2.11083835
14-Cd_Te0.250_Se0.750-Cd_Se-POSCAR3-Charged+1.cif,2.09992424
14-Cd_Te0.250_Se0.750-Cd_Se-POSCAR4-Charged+1.cif,2.08091058
14-Cd_Te0.250_Se0.750-Cd_Se-POSCAR5-Charged+1.cif,2.07417595
14-Cd_Te0.250_Se0.750-Cd_Se-POSCAR6-Charged+1.cif,2.06331021
14-Cd_Te0.250_Se0.750-Cd_Se-POSCAR7-Charged+1.cif,2.05738511
14-Cd_Te0.250_Se0.750-Cd_Se-POSCAR8-Charged+1.cif,2.05
15-Cd_Te0.250_Se0.750-Te_Cd-POSCAR0-Charged+1.cif,1.65860567
15-Cd_Te0.250_Se0.750-Te_Cd-POSCAR1-Charged+1.cif,1.65682007
15-Cd_Te0.250_Se0.750-Te_Cd-POSCAR2-Charged+1.cif,1.6571511
15-Cd_Te0.250_Se0.750-Te_Cd-POSCAR3-Charged+1.cif,1.66356196
15-Cd_Te0.250_Se0.750-Te_Cd-POSCAR4-Charged+1.cif,1.65971493
15-Cd_Te0.250_Se0.750-Te_Cd-POSCAR5-Charged+1.cif,1.658036
15-Cd_Te0.250_Se0.750-Te_Cd-POSCAR6-Charged+1.cif,1.65617021
15-Cd_Te0.250_Se0.750-Te_Cd-POSCAR7-Charged+1.cif,1.65780172
15-Cd_Te0.250_Se0.750-Te_Cd-POSCAR8-Charged+1.cif,1.66028118
15-Cd_Te0.250_Se0.750-Te_Cd-POSCAR9-Charged+1.cif,1.66058818
15-Cd_Te0.250_Se0.750-Te_Cd-POSCAR10-Charged+1.cif,1.66
16-Cd_Te0.250_Se0.750-Se_Cd-POSCAR0-Charged+1.cif,3.24979296
16-Cd_Te0.250_Se0.750-Se_Cd-POSCAR1-Charged+1.cif,3.20115564
16-Cd_Te0.250_Se0.750-Se_Cd-POSCAR2-Charged+1.cif,3.12364905
16-Cd_Te0.250_Se0.750-Se_Cd-POSCAR3-Charged+1.cif,3.05824268
16-Cd_Te0.250_Se0.750-Se_Cd-POSCAR4-Charged+1.cif,2.96533011
16-Cd_Te0.250_Se0.750-Se_Cd-POSCAR5-Charged+1.cif,2.91866153
16-Cd_Te0.250_Se0.750-Se_Cd-POSCAR6-Charged+1.cif,2.92145318
16-Cd_Te0.250_Se0.750-Se_Cd-POSCAR7-Charged+1.cif,2.91232214
16-Cd_Te0.250_Se0.750-Se_Cd-POSCAR8-Charged+1.cif,2.87522686
16-Cd_Te0.250_Se0.750-Se_Cd-POSCAR9-Charged+1.cif,2.86590777
16-Cd_Te0.250_Se0.750-Se_Cd-POSCAR10-Charged+1.cif,2.84704042
16-Cd_Te0.250_Se0.750-Se_Cd-POSCAR11-Charged+1.cif,2.83897075
16-Cd_Te0.250_Se0.750-Se_Cd-POSCAR12-Charged+1.cif,2.82680608
16-Cd_Te0.250_Se0.750-Se_Cd-POSCAR13-Charged+1.cif,2.81784168
16-Cd_Te0.250_Se0.750-Se_Cd-POSCAR14-Charged+1.cif,2.80747719
16-Cd_Te0.250_Se0.750-Se_Cd-POSCAR15-Charged+1.cif,2.80188777
16-Cd_Te0.250_Se0.750-Se_Cd-POSCAR16-Charged+1.cif,2.79664332
16-Cd_Te0.250_Se0.750-Se_Cd-POSCAR17-Charged+1.cif,2.79332708
16-Cd_Te0.250_Se0.750-Se_Cd-POSCAR18-Charged+1.cif,2.79
17-Cd_Te0.500_Se0.500-V_Cd-POSCAR0-Charged+1.cif,2.30785069
17-Cd_Te0.500_Se0.500-V_Cd-POSCAR1-Charged+1.cif,2.30426884
17-Cd_Te0.500_Se0.500-V_Cd-POSCAR2-Charged+1.cif,2.3007233
17-Cd_Te0.500_Se0.500-V_Cd-POSCAR3-Charged+1.cif,2.3
18-Cd_Te0.500_Se0.500-V_Te-POSCAR0-Charged+1.cif,0.65790733
18-Cd_Te0.500_Se0.500-V_Te-POSCAR1-Charged+1.cif,0.65383814
18-Cd_Te0.500_Se0.500-V_Te-POSCAR2-Charged+1.cif,0.65
19-Cd_Te0.500_Se0.500-V_Se-POSCAR0-Charged+1.cif,1.354206
19-Cd_Te0.500_Se0.500-V_Se-POSCAR1-Charged+1.cif,1.28739044
19-Cd_Te0.500_Se0.500-V_Se-POSCAR2-Charged+1.cif,1.24098102
19-Cd_Te0.500_Se0.500-V_Se-POSCAR3-Charged+1.cif,1.22310954
19-Cd_Te0.500_Se0.500-V_Se-POSCAR4-Charged+1.cif,1.20636024
19-Cd_Te0.500_Se0.500-V_Se-POSCAR5-Charged+1.cif,1.19520963
19-Cd_Te0.500_Se0.500-V_Se-POSCAR6-Charged+1.cif,1.19303369
19-Cd_Te0.500_Se0.500-V_Se-POSCAR7-Charged+1.cif,1.19
20-Cd_Te0.500_Se0.500-Cd_i-POSCAR0-Charged+1.cif,0.8351482
20-Cd_Te0.500_Se0.500-Cd_i-POSCAR1-Charged+1.cif,0.75800107
20-Cd_Te0.500_Se0.500-Cd_i-POSCAR2-Charged+1.cif,0.68450025
20-Cd_Te0.500_Se0.500-Cd_i-POSCAR3-Charged+1.cif,0.66869873
20-Cd_Te0.500_Se0.500-Cd_i-POSCAR4-Charged+1.cif,0.65600021
20-Cd_Te0.500_Se0.500-Cd_i-POSCAR5-Charged+1.cif,0.64963574
20-Cd_Te0.500_Se0.500-Cd_i-POSCAR6-Charged+1.cif,0.64546333
20-Cd_Te0.500_Se0.500-Cd_i-POSCAR7-Charged+1.cif,0.64247603
20-Cd_Te0.500_Se0.500-Cd_i-POSCAR8-Charged+1.cif,0.64
21-Cd_Te0.500_Se0.500-Te_i-POSCAR0-Charged+1.cif,2.58403197
21-Cd_Te0.500_Se0.500-Te_i-POSCAR1-Charged+1.cif,2.5556785
21-Cd_Te0.500_Se0.500-Te_i-POSCAR2-Charged+1.cif,2.53493016
21-Cd_Te0.500_Se0.500-Te_i-POSCAR3-Charged+1.cif,2.5214144
21-Cd_Te0.500_Se0.500-Te_i-POSCAR4-Charged+1.cif,2.51507796
21-Cd_Te0.500_Se0.500-Te_i-POSCAR5-Charged+1.cif,2.50417478
21-Cd_Te0.500_Se0.500-Te_i-POSCAR6-Charged+1.cif,2.50006279
21-Cd_Te0.500_Se0.500-Te_i-POSCAR7-Charged+1.cif,2.49415545
21-Cd_Te0.500_Se0.500-Te_i-POSCAR8-Charged+1.cif,2.49108882
21-Cd_Te0.500_Se0.500-Te_i-POSCAR9-Charged+1.cif,2.48710489
21-Cd_Te0.500_Se0.500-Te_i-POSCAR10-Charged+1.cif,2.4865346
21-Cd_Te0.500_Se0.500-Te_i-POSCAR11-Charged+1.cif,2.48308755
21-Cd_Te0.500_Se0.500-Te_i-POSCAR12-Charged+1.cif,2.48287711
21-Cd_Te0.500_Se0.500-Te_i-POSCAR13-Charged+1.cif,2.48
22-Cd_Te0.500_Se0.500-Se_i-POSCAR0-Charged+1.cif,2.43534556
22-Cd_Te0.500_Se0.500-Se_i-POSCAR1-Charged+1.cif,2.40317783
22-Cd_Te0.500_Se0.500-Se_i-POSCAR2-Charged+1.cif,2.3825644
22-Cd_Te0.500_Se0.500-Se_i-POSCAR3-Charged+1.cif,2.36871372
22-Cd_Te0.500_Se0.500-Se_i-POSCAR4-Charged+1.cif,2.36062155
22-Cd_Te0.500_Se0.500-Se_i-POSCAR5-Charged+1.cif,2.3485517
22-Cd_Te0.500_Se0.500-Se_i-POSCAR6-Charged+1.cif,2.34303241
22-Cd_Te0.500_Se0.500-Se_i-POSCAR7-Charged+1.cif,2.33657837
22-Cd_Te0.500_Se0.500-Se_i-POSCAR8-Charged+1.cif,2.33308013
22-Cd_Te0.500_Se0.500-Se_i-POSCAR9-Charged+1.cif,2.32836485
22-Cd_Te0.500_Se0.500-Se_i-POSCAR10-Charged+1.cif,2.32762438
22-Cd_Te0.500_Se0.500-Se_i-POSCAR11-Charged+1.cif,2.32397116
22-Cd_Te0.500_Se0.500-Se_i-POSCAR12-Charged+1.cif,2.31982032
22-Cd_Te0.500_Se0.500-Se_i-POSCAR13-Charged+1.cif,2.3161284
22-Cd_Te0.500_Se0.500-Se_i-POSCAR14-Charged+1.cif,2.31061998
22-Cd_Te0.500_Se0.500-Se_i-POSCAR15-Charged+1.cif,2.31429403
22-Cd_Te0.500_Se0.500-Se_i-POSCAR16-Charged+1.cif,2.30961927
22-Cd_Te0.500_Se0.500-Se_i-POSCAR17-Charged+1.cif,2.30568477
22-Cd_Te0.500_Se0.500-Se_i-POSCAR18-Charged+1.cif,2.30288414
22-Cd_Te0.500_Se0.500-Se_i-POSCAR19-Charged+1.cif,2.3
23-Cd_Te0.500_Se0.500-Cd_Te-POSCAR0-Charged+1.cif,1.13118287
23-Cd_Te0.500_Se0.500-Cd_Te-POSCAR1-Charged+1.cif,1.1014786
23-Cd_Te0.500_Se0.500-Cd_Te-POSCAR2-Charged+1.cif,1.06367049
23-Cd_Te0.500_Se0.500-Cd_Te-POSCAR3-Charged+1.cif,1.05516988
23-Cd_Te0.500_Se0.500-Cd_Te-POSCAR4-Charged+1.cif,1.04238191
23-Cd_Te0.500_Se0.500-Cd_Te-POSCAR5-Charged+1.cif,1.03702563
23-Cd_Te0.500_Se0.500-Cd_Te-POSCAR6-Charged+1.cif,1.0327283
23-Cd_Te0.500_Se0.500-Cd_Te-POSCAR7-Charged+1.cif,1.03
24-Cd_Te0.500_Se0.500-Cd_Se-POSCAR0-Charged+1.cif,1.51086212
24-Cd_Te0.500_Se0.500-Cd_Se-POSCAR1-Charged+1.cif,1.44177002
24-Cd_Te0.500_Se0.500-Cd_Se-POSCAR2-Charged+1.cif,1.36866842
24-Cd_Te0.500_Se0.500-Cd_Se-POSCAR3-Charged+1.cif,1.33249226
24-Cd_Te0.500_Se0.500-Cd_Se-POSCAR4-Charged+1.cif,1.27726371
24-Cd_Te0.500_Se0.500-Cd_Se-POSCAR5-Charged+1.cif,1.27556856
24-Cd_Te0.500_Se0.500-Cd_Se-POSCAR6-Charged+1.cif,1.24612058
24-Cd_Te0.500_Se0.500-Cd_Se-POSCAR7-Charged+1.cif,1.23810054
24-Cd_Te0.500_Se0.500-Cd_Se-POSCAR8-Charged+1.cif,1.21809375
24-Cd_Te0.500_Se0.500-Cd_Se-POSCAR9-Charged+1.cif,1.20917208
24-Cd_Te0.500_Se0.500-Cd_Se-POSCAR10-Charged+1.cif,1.19272538
24-Cd_Te0.500_Se0.500-Cd_Se-POSCAR11-Charged+1.cif,1.18201349
24-Cd_Te0.500_Se0.500-Cd_Se-POSCAR12-Charged+1.cif,1.16711728
24-Cd_Te0.500_Se0.500-Cd_Se-POSCAR13-Charged+1.cif,1.16121858
24-Cd_Te0.500_Se0.500-Cd_Se-POSCAR14-Charged+1.cif,1.14900695
24-Cd_Te0.500_Se0.500-Cd_Se-POSCAR15-Charged+1.cif,1.14780375
24-Cd_Te0.500_Se0.500-Cd_Se-POSCAR16-Charged+1.cif,1.13949329
24-Cd_Te0.500_Se0.500-Cd_Se-POSCAR17-Charged+1.cif,1.13727829
24-Cd_Te0.500_Se0.500-Cd_Se-POSCAR18-Charged+1.cif,1.13
25-Cd_Te0.500_Se0.500-Te_Cd-POSCAR0-Charged+1.cif,3.3464116
25-Cd_Te0.500_Se0.500-Te_Cd-POSCAR1-Charged+1.cif,3.27286589
25-Cd_Te0.500_Se0.500-Te_Cd-POSCAR2-Charged+1.cif,3.1709247
25-Cd_Te0.500_Se0.500-Te_Cd-POSCAR3-Charged+1.cif,3.14082792
25-Cd_Te0.500_Se0.500-Te_Cd-POSCAR4-Charged+1.cif,3.10928827
25-Cd_Te0.500_Se0.500-Te_Cd-POSCAR5-Charged+1.cif,3.0882297
25-Cd_Te0.500_Se0.500-Te_Cd-POSCAR6-Charged+1.cif,3.04947802
25-Cd_Te0.500_Se0.500-Te_Cd-POSCAR7-Charged+1.cif,3.01876393
25-Cd_Te0.500_Se0.500-Te_Cd-POSCAR8-Charged+1.cif,2.97448218
25-Cd_Te0.500_Se0.500-Te_Cd-POSCAR9-Charged+1.cif,2.95540655
25-Cd_Te0.500_Se0.500-Te_Cd-POSCAR10-Charged+1.cif,2.94012882
25-Cd_Te0.500_Se0.500-Te_Cd-POSCAR11-Charged+1.cif,2.93489794
25-Cd_Te0.500_Se0.500-Te_Cd-POSCAR12-Charged+1.cif,2.93
26-Cd_Te0.500_Se0.500-Se_Cd-POSCAR0-Charged+1.cif,-4.37917576
26-Cd_Te0.500_Se0.500-Se_Cd-POSCAR1-Charged+1.cif,-4.40127296
26-Cd_Te0.500_Se0.500-Se_Cd-POSCAR2-Charged+1.cif,-4.43514119
26-Cd_Te0.500_Se0.500-Se_Cd-POSCAR3-Charged+1.cif,-4.46092916
26-Cd_Te0.500_Se0.500-Se_Cd-POSCAR4-Charged+1.cif,-4.52570996
26-Cd_Te0.500_Se0.500-Se_Cd-POSCAR5-Charged+1.cif,-4.4616492
26-Cd_Te0.500_Se0.500-Se_Cd-POSCAR6-Charged+1.cif,-4.53863087
26-Cd_Te0.500_Se0.500-Se_Cd-POSCAR7-Charged+1.cif,-4.5706437
26-Cd_Te0.500_Se0.500-Se_Cd-POSCAR8-Charged+1.cif,-4.57959944
26-Cd_Te0.500_Se0.500-Se_Cd-POSCAR9-Charged+1.cif,-4.59749352
26-Cd_Te0.500_Se0.500-Se_Cd-POSCAR10-Charged+1.cif,-4.60201033
26-Cd_Te0.500_Se0.500-Se_Cd-POSCAR11-Charged+1.cif,-4.60795995
26-Cd_Te0.500_Se0.500-Se_Cd-POSCAR12-Charged+1.cif,-4.61
27-Cd_Te0.750_Se0.250-V_Cd-POSCAR0-Charged+1.cif,2.32488728
27-Cd_Te0.750_Se0.250-V_Cd-POSCAR1-Charged+1.cif,2.32273971
27-Cd_Te0.750_Se0.250-V_Cd-POSCAR2-Charged+1.cif,2.32
28-Cd_Te0.750_Se0.250-V_Te-POSCAR0-Charged+1.cif,1.73665456
28-Cd_Te0.750_Se0.250-V_Te-POSCAR1-Charged+1.cif,1.73445086
28-Cd_Te0.750_Se0.250-V_Te-POSCAR2-Charged+1.cif,1.73
29-Cd_Te0.750_Se0.250-V_Se-POSCAR0-Charged+1.cif,0.57
30-Cd_Te0.750_Se0.250-Cd_i-POSCAR0-Charged+1.cif,1.32228267
30-Cd_Te0.750_Se0.250-Cd_i-POSCAR1-Charged+1.cif,1.25292523
30-Cd_Te0.750_Se0.250-Cd_i-POSCAR2-Charged+1.cif,1.18303801
30-Cd_Te0.750_Se0.250-Cd_i-POSCAR3-Charged+1.cif,1.17148106
30-Cd_Te0.750_Se0.250-Cd_i-POSCAR4-Charged+1.cif,1.1630777
30-Cd_Te0.750_Se0.250-Cd_i-POSCAR5-Charged+1.cif,1.15791759
30-Cd_Te0.750_Se0.250-Cd_i-POSCAR6-Charged+1.cif,1.1544856
30-Cd_Te0.750_Se0.250-Cd_i-POSCAR7-Charged+1.cif,1.1519453
30-Cd_Te0.750_Se0.250-Cd_i-POSCAR8-Charged+1.cif,1.15
31-Cd_Te0.750_Se0.250-Te_i-POSCAR0-Charged+1.cif,1.36891419
31-Cd_Te0.750_Se0.250-Te_i-POSCAR1-Charged+1.cif,1.34601699
31-Cd_Te0.750_Se0.250-Te_i-POSCAR2-Charged+1.cif,1.32896256
31-Cd_Te0.750_Se0.250-Te_i-POSCAR3-Charged+1.cif,1.32379147
31-Cd_Te0.750_Se0.250-Te_i-POSCAR4-Charged+1.cif,1.31909395
31-Cd_Te0.750_Se0.250-Te_i-POSCAR5-Charged+1.cif,1.31567398
31-Cd_Te0.750_Se0.250-Te_i-POSCAR6-Charged+1.cif,1.31219888
31-Cd_Te0.750_Se0.250-Te_i-POSCAR7-Charged+1.cif,1.30898454
31-Cd_Te0.750_Se0.250-Te_i-POSCAR8-Charged+1.cif,1.30430291
31-Cd_Te0.750_Se0.250-Te_i-POSCAR9-Charged+1.cif,1.29966573
31-Cd_Te0.750_Se0.250-Te_i-POSCAR10-Charged+1.cif,1.29571662
31-Cd_Te0.750_Se0.250-Te_i-POSCAR11-Charged+1.cif,1.29252672
31-Cd_Te0.750_Se0.250-Te_i-POSCAR12-Charged+1.cif,1.29
32-Cd_Te0.750_Se0.250-Se_i-POSCAR0-Charged+1.cif,3.33652673
32-Cd_Te0.750_Se0.250-Se_i-POSCAR1-Charged+1.cif,3.31559045
32-Cd_Te0.750_Se0.250-Se_i-POSCAR2-Charged+1.cif,3.29977993
32-Cd_Te0.750_Se0.250-Se_i-POSCAR3-Charged+1.cif,3.28731381
32-Cd_Te0.750_Se0.250-Se_i-POSCAR4-Charged+1.cif,3.28461889
32-Cd_Te0.750_Se0.250-Se_i-POSCAR5-Charged+1.cif,3.27742155
32-Cd_Te0.750_Se0.250-Se_i-POSCAR6-Charged+1.cif,3.27374311
32-Cd_Te0.750_Se0.250-Se_i-POSCAR7-Charged+1.cif,3.27
33-Cd_Te0.750_Se0.250-Cd_Te-POSCAR0-Charged+1.cif,2.70880454
33-Cd_Te0.750_Se0.250-Cd_Te-POSCAR1-Charged+1.cif,2.64448652
33-Cd_Te0.750_Se0.250-Cd_Te-POSCAR2-Charged+1.cif,2.57711826
33-Cd_Te0.750_Se0.250-Cd_Te-POSCAR3-Charged+1.cif,2.56666241
33-Cd_Te0.750_Se0.250-Cd_Te-POSCAR4-Charged+1.cif,2.54827699
33-Cd_Te0.750_Se0.250-Cd_Te-POSCAR5-Charged+1.cif,2.5437379
33-Cd_Te0.750_Se0.250-Cd_Te-POSCAR6-Charged+1.cif,2.53376916
33-Cd_Te0.750_Se0.250-Cd_Te-POSCAR7-Charged+1.cif,2.53038245
33-Cd_Te0.750_Se0.250-Cd_Te-POSCAR8-Charged+1.cif,2.52449444
33-Cd_Te0.750_Se0.250-Cd_Te-POSCAR9-Charged+1.cif,2.52226545
33-Cd_Te0.750_Se0.250-Cd_Te-POSCAR10-Charged+1.cif,2.52
34-Cd_Te0.750_Se0.250-Cd_Se-POSCAR0-Charged+1.cif,0.85848706
34-Cd_Te0.750_Se0.250-Cd_Se-POSCAR1-Charged+1.cif,0.80550477
34-Cd_Te0.750_Se0.250-Cd_Se-POSCAR2-Charged+1.cif,0.74421966
34-Cd_Te0.750_Se0.250-Cd_Se-POSCAR3-Charged+1.cif,0.73434928
34-Cd_Te0.750_Se0.250-Cd_Se-POSCAR4-Charged+1.cif,0.72014825
34-Cd_Te0.750_Se0.250-Cd_Se-POSCAR5-Charged+1.cif,0.71587625
34-Cd_Te0.750_Se0.250-Cd_Se-POSCAR6-Charged+1.cif,0.71063668
34-Cd_Te0.750_Se0.250-Cd_Se-POSCAR7-Charged+1.cif,0.7083828
34-Cd_Te0.750_Se0.250-Cd_Se-POSCAR8-Charged+1.cif,0.70521894
34-Cd_Te0.750_Se0.250-Cd_Se-POSCAR9-Charged+1.cif,0.70326948
34-Cd_Te0.750_Se0.250-Cd_Se-POSCAR10-Charged+1.cif,0.70126464
34-Cd_Te0.750_Se0.250-Cd_Se-POSCAR11-Charged+1.cif,0.7
35-Cd_Te0.750_Se0.250-Te_Cd-POSCAR0-Charged+1.cif,1.58154742
35-Cd_Te0.750_Se0.250-Te_Cd-POSCAR1-Charged+1.cif,1.58018411
35-Cd_Te0.750_Se0.250-Te_Cd-POSCAR2-Charged+1.cif,1.57720758
35-Cd_Te0.750_Se0.250-Te_Cd-POSCAR3-Charged+1.cif,1.57688781
35-Cd_Te0.750_Se0.250-Te_Cd-POSCAR4-Charged+1.cif,1.5718087
35-Cd_Te0.750_Se0.250-Te_Cd-POSCAR5-Charged+1.cif,1.56962339
35-Cd_Te0.750_Se0.250-Te_Cd-POSCAR6-Charged+1.cif,1.56135489
35-Cd_Te0.750_Se0.250-Te_Cd-POSCAR7-Charged+1.cif,1.55944479
35-Cd_Te0.750_Se0.250-Te_Cd-POSCAR8-Charged+1.cif,1.55956177
35-Cd_Te0.750_Se0.250-Te_Cd-POSCAR9-Charged+1.cif,1.56145919
35-Cd_Te0.750_Se0.250-Te_Cd-POSCAR10-Charged+1.cif,1.55645624
35-Cd_Te0.750_Se0.250-Te_Cd-POSCAR11-Charged+1.cif,1.55762871
35-Cd_Te0.750_Se0.250-Te_Cd-POSCAR12-Charged+1.cif,1.55366753
35-Cd_Te0.750_Se0.250-Te_Cd-POSCAR13-Charged+1.cif,1.55200513
35-Cd_Te0.750_Se0.250-Te_Cd-POSCAR14-Charged+1.cif,1.5500176
35-Cd_Te0.750_Se0.250-Te_Cd-POSCAR15-Charged+1.cif,1.55240918
35-Cd_Te0.750_Se0.250-Te_Cd-POSCAR16-Charged+1.cif,1.55338813
35-Cd_Te0.750_Se0.250-Te_Cd-POSCAR17-Charged+1.cif,1.55020869
35-Cd_Te0.750_Se0.250-Te_Cd-POSCAR18-Charged+1.cif,1.55004734
35-Cd_Te0.750_Se0.250-Te_Cd-POSCAR19-Charged+1.cif,1.55
36-Cd_Te0.750_Se0.250-Se_Cd-POSCAR0-Charged+1.cif,3.87702982
36-Cd_Te0.750_Se0.250-Se_Cd-POSCAR1-Charged+1.cif,3.83576465
36-Cd_Te0.750_Se0.250-Se_Cd-POSCAR2-Charged+1.cif,3.78961946
36-Cd_Te0.750_Se0.250-Se_Cd-POSCAR3-Charged+1.cif,3.78178751
36-Cd_Te0.750_Se0.250-Se_Cd-POSCAR4-Charged+1.cif,3.79220182
36-Cd_Te0.750_Se0.250-Se_Cd-POSCAR5-Charged+1.cif,3.78930677
36-Cd_Te0.750_Se0.250-Se_Cd-POSCAR6-Charged+1.cif,3.78853678
36-Cd_Te0.750_Se0.250-Se_Cd-POSCAR7-Charged+1.cif,3.78900125
36-Cd_Te0.750_Se0.250-Se_Cd-POSCAR8-Charged+1.cif,3.7870335
36-Cd_Te0.750_Se0.250-Se_Cd-POSCAR9-Charged+1.cif,3.78534496
36-Cd_Te0.750_Se0.250-Se_Cd-POSCAR10-Charged+1.cif,3.78631444
36-Cd_Te0.750_Se0.250-Se_Cd-POSCAR11-Charged+1.cif,3.78470046
36-Cd_Te0.750_Se0.250-Se_Cd-POSCAR12-Charged+1.cif,3.78582669
36-Cd_Te0.750_Se0.250-Se_Cd-POSCAR13-Charged+1.cif,3.78482325
36-Cd_Te0.750_Se0.250-Se_Cd-POSCAR14-Charged+1.cif,3.78282721
36-Cd_Te0.750_Se0.250-Se_Cd-POSCAR15-Charged+1.cif,3.78169973
36-Cd_Te0.750_Se0.250-Se_Cd-POSCAR16-Charged+1.cif,3.78152059
36-Cd_Te0.750_Se0.250-Se_Cd-POSCAR17-Charged+1.cif,3.78168583
36-Cd_Te0.750_Se0.250-Se_Cd-POSCAR18-Charged+1.cif,3.78092114
36-Cd_Te0.750_Se0.250-Se_Cd-POSCAR19-Charged+1.cif,3.78
37-CdSe-V_Cd-POSCAR0-Charged+1.cif,2.5
38-CdSe-V_Se-POSCAR0-Charged+1.cif,1.92
39-CdSe-Cd_i_1-POSCAR0-Charged+1.cif,1.97
40-CdSe-Se_i_1-POSCAR0-Charged+1.cif,2.51
41-CdSe-Cd_Se-POSCAR0-Charged+1.cif,3.42
42-CdSe-Se_Cd-POSCAR0-Charged+1.cif,1.64
id_prop.csv,