1-CdTe-V_Cd-POSCAR0-Charged-2.cif,2.04
2-CdTe-V_Te-POSCAR0-Charged-2.cif,4.27
3-CdTe-Cd_i_1-POSCAR0-Charged-2.cif,5.51
4-CdTe-Te_i_1-POSCAR0-Charged-2.cif,6.49
5-CdTe-Cd_Te-POSCAR0-Charged-2.cif,5.02
6-CdTe-Te_Cd-POSCAR0-Charged-2.cif,6.81
6-CdTe-Te_Cd-POSCAR1-Charged-2.cif,6.81
6-CdTe-Te_Cd-POSCAR2-Charged-2.cif,6.81
7-Cd_Te0.250_Se0.750-V_Cd-POSCAR0-Charged-2.cif,2.9
7-Cd_Te0.250_Se0.750-V_Cd-POSCAR1-Charged-2.cif,2.9
7-Cd_Te0.250_Se0.750-V_Cd-POSCAR2-Charged-2.cif,2.9
8-Cd_Te0.250_Se0.750-V_Te-POSCAR0-Charged-2.cif,5.34
8-Cd_Te0.250_Se0.750-V_Te-POSCAR1-Charged-2.cif,5.34
8-Cd_Te0.250_Se0.750-V_Te-POSCAR2-Charged-2.cif,5.34
8-Cd_Te0.250_Se0.750-V_Te-POSCAR3-Charged-2.cif,5.34
8-Cd_Te0.250_Se0.750-V_Te-POSCAR4-Charged-2.cif,5.34
8-Cd_Te0.250_Se0.750-V_Te-POSCAR5-Charged-2.cif,5.34
8-Cd_Te0.250_Se0.750-V_Te-POSCAR6-Charged-2.cif,5.34
8-Cd_Te0.250_Se0.750-V_Te-POSCAR7-Charged-2.cif,5.34
8-Cd_Te0.250_Se0.750-V_Te-POSCAR8-Charged-2.cif,5.34
8-Cd_Te0.250_Se0.750-V_Te-POSCAR9-Charged-2.cif,5.34
8-Cd_Te0.250_Se0.750-V_Te-POSCAR10-Charged-2.cif,5.34
8-Cd_Te0.250_Se0.750-V_Te-POSCAR11-Charged-2.cif,5.34
8-Cd_Te0.250_Se0.750-V_Te-POSCAR12-Charged-2.cif,5.34
8-Cd_Te0.250_Se0.750-V_Te-POSCAR13-Charged-2.cif,5.34
8-Cd_Te0.250_Se0.750-V_Te-POSCAR14-Charged-2.cif,5.34
8-Cd_Te0.250_Se0.750-V_Te-POSCAR15-Charged-2.cif,5.34
8-Cd_Te0.250_Se0.750-V_Te-POSCAR16-Charged-2.cif,5.34
8-Cd_Te0.250_Se0.750-V_Te-POSCAR17-Charged-2.cif,5.34
8-Cd_Te0.250_Se0.750-V_Te-POSCAR18-Charged-2.cif,5.34
8-Cd_Te0.250_Se0.750-V_Te-POSCAR19-Charged-2.cif,5.34
8-Cd_Te0.250_Se0.750-V_Te-POSCAR20-Charged-2.cif,5.34
8-Cd_Te0.250_Se0.750-V_Te-POSCAR21-Charged-2.cif,5.34
8-Cd_Te0.250_Se0.750-V_Te-POSCAR22-Charged-2.cif,5.34
8-Cd_Te0.250_Se0.750-V_Te-POSCAR23-Charged-2.cif,5.34
8-Cd_Te0.250_Se0.750-V_Te-POSCAR24-Charged-2.cif,5.34
8-Cd_Te0.250_Se0.750-V_Te-POSCAR25-Charged-2.cif,5.34
8-Cd_Te0.250_Se0.750-V_Te-POSCAR26-Charged-2.cif,5.34
8-Cd_Te0.250_Se0.750-V_Te-POSCAR27-Charged-2.cif,5.34
9-Cd_Te0.250_Se0.750-V_Se-POSCAR0-Charged-2.cif,6.95
9-Cd_Te0.250_Se0.750-V_Se-POSCAR1-Charged-2.cif,6.95
9-Cd_Te0.250_Se0.750-V_Se-POSCAR2-Charged-2.cif,6.95
9-Cd_Te0.250_Se0.750-V_Se-POSCAR3-Charged-2.cif,6.95
9-Cd_Te0.250_Se0.750-V_Se-POSCAR4-Charged-2.cif,6.95
9-Cd_Te0.250_Se0.750-V_Se-POSCAR5-Charged-2.cif,6.95
9-Cd_Te0.250_Se0.750-V_Se-POSCAR6-Charged-2.cif,6.95
9-Cd_Te0.250_Se0.750-V_Se-POSCAR7-Charged-2.cif,6.95
9-Cd_Te0.250_Se0.750-V_Se-POSCAR8-Charged-2.cif,6.95
9-Cd_Te0.250_Se0.750-V_Se-POSCAR9-Charged-2.cif,6.95
9-Cd_Te0.250_Se0.750-V_Se-POSCAR10-Charged-2.cif,6.95
9-Cd_Te0.250_Se0.750-V_Se-POSCAR11-Charged-2.cif,6.95
9-Cd_Te0.250_Se0.750-V_Se-POSCAR12-Charged-2.cif,6.95
9-Cd_Te0.250_Se0.750-V_Se-POSCAR13-Charged-2.cif,6.95
9-Cd_Te0.250_Se0.750-V_Se-POSCAR14-Charged-2.cif,6.95
9-Cd_Te0.250_Se0.750-V_Se-POSCAR15-Charged-2.cif,6.95
9-Cd_Te0.250_Se0.750-V_Se-POSCAR16-Charged-2.cif,6.95
9-Cd_Te0.250_Se0.750-V_Se-POSCAR17-Charged-2.cif,6.95
9-Cd_Te0.250_Se0.750-V_Se-POSCAR18-Charged-2.cif,6.95
9-Cd_Te0.250_Se0.750-V_Se-POSCAR19-Charged-2.cif,6.95
10-Cd_Te0.250_Se0.750-Cd_i-POSCAR0-Charged-2.cif,6.29
10-Cd_Te0.250_Se0.750-Cd_i-POSCAR1-Charged-2.cif,6.29
10-Cd_Te0.250_Se0.750-Cd_i-POSCAR2-Charged-2.cif,6.29
10-Cd_Te0.250_Se0.750-Cd_i-POSCAR3-Charged-2.cif,6.29
10-Cd_Te0.250_Se0.750-Cd_i-POSCAR4-Charged-2.cif,6.29
10-Cd_Te0.250_Se0.750-Cd_i-POSCAR5-Charged-2.cif,6.29
10-Cd_Te0.250_Se0.750-Cd_i-POSCAR6-Charged-2.cif,6.29
11-Cd_Te0.250_Se0.750-Te_i-POSCAR0-Charged-2.cif,5.77
11-Cd_Te0.250_Se0.750-Te_i-POSCAR1-Charged-2.cif,5.77
11-Cd_Te0.250_Se0.750-Te_i-POSCAR2-Charged-2.cif,5.77
12-Cd_Te0.250_Se0.750-Se_i-POSCAR0-Charged-2.cif,6.27
12-Cd_Te0.250_Se0.750-Se_i-POSCAR1-Charged-2.cif,6.27
12-Cd_Te0.250_Se0.750-Se_i-POSCAR2-Charged-2.cif,6.27
13-Cd_Te0.250_Se0.750-Te_Cd-POSCAR0-Charged-2.cif,6.55
13-Cd_Te0.250_Se0.750-Te_Cd-POSCAR1-Charged-2.cif,6.55
13-Cd_Te0.250_Se0.750-Te_Cd-POSCAR2-Charged-2.cif,6.55
13-Cd_Te0.250_Se0.750-Te_Cd-POSCAR3-Charged-2.cif,6.55
14-Cd_Te0.250_Se0.750-Se_Cd-POSCAR0-Charged-2.cif,6.34
14-Cd_Te0.250_Se0.750-Se_Cd-POSCAR1-Charged-2.cif,6.34
14-Cd_Te0.250_Se0.750-Se_Cd-POSCAR2-Charged-2.cif,6.34
14-Cd_Te0.250_Se0.750-Se_Cd-POSCAR3-Charged-2.cif,6.34
14-Cd_Te0.250_Se0.750-Se_Cd-POSCAR4-Charged-2.cif,6.34
14-Cd_Te0.250_Se0.750-Se_Cd-POSCAR5-Charged-2.cif,6.34
14-Cd_Te0.250_Se0.750-Se_Cd-POSCAR6-Charged-2.cif,6.34
14-Cd_Te0.250_Se0.750-Se_Cd-POSCAR7-Charged-2.cif,6.34
14-Cd_Te0.250_Se0.750-Se_Cd-POSCAR8-Charged-2.cif,6.34
14-Cd_Te0.250_Se0.750-Se_Cd-POSCAR9-Charged-2.cif,6.34
14-Cd_Te0.250_Se0.750-Se_Cd-POSCAR10-Charged-2.cif,6.34
14-Cd_Te0.250_Se0.750-Se_Cd-POSCAR11-Charged-2.cif,6.34
14-Cd_Te0.250_Se0.750-Se_Cd-POSCAR12-Charged-2.cif,6.34
14-Cd_Te0.250_Se0.750-Se_Cd-POSCAR13-Charged-2.cif,6.34
14-Cd_Te0.250_Se0.750-Se_Cd-POSCAR14-Charged-2.cif,6.34
14-Cd_Te0.250_Se0.750-Se_Cd-POSCAR15-Charged-2.cif,6.34
14-Cd_Te0.250_Se0.750-Se_Cd-POSCAR16-Charged-2.cif,6.34
14-Cd_Te0.250_Se0.750-Se_Cd-POSCAR17-Charged-2.cif,6.34
14-Cd_Te0.250_Se0.750-Se_Cd-POSCAR18-Charged-2.cif,6.34
14-Cd_Te0.250_Se0.750-Se_Cd-POSCAR19-Charged-2.cif,6.34
14-Cd_Te0.250_Se0.750-Se_Cd-POSCAR20-Charged-2.cif,6.34
14-Cd_Te0.250_Se0.750-Se_Cd-POSCAR21-Charged-2.cif,6.34
14-Cd_Te0.250_Se0.750-Se_Cd-POSCAR22-Charged-2.cif,6.34
14-Cd_Te0.250_Se0.750-Se_Cd-POSCAR23-Charged-2.cif,6.34
14-Cd_Te0.250_Se0.750-Se_Cd-POSCAR24-Charged-2.cif,6.34
14-Cd_Te0.250_Se0.750-Se_Cd-POSCAR25-Charged-2.cif,6.34
14-Cd_Te0.250_Se0.750-Se_Cd-POSCAR26-Charged-2.cif,6.34
14-Cd_Te0.250_Se0.750-Se_Cd-POSCAR27-Charged-2.cif,6.34
15-Cd_Te0.500_Se0.500-V_Cd-POSCAR0-Charged-2.cif,4.46
15-Cd_Te0.500_Se0.500-V_Cd-POSCAR1-Charged-2.cif,4.46
15-Cd_Te0.500_Se0.500-V_Cd-POSCAR2-Charged-2.cif,4.46
15-Cd_Te0.500_Se0.500-V_Cd-POSCAR3-Charged-2.cif,4.46
15-Cd_Te0.500_Se0.500-V_Cd-POSCAR4-Charged-2.cif,4.46
15-Cd_Te0.500_Se0.500-V_Cd-POSCAR5-Charged-2.cif,4.46
15-Cd_Te0.500_Se0.500-V_Cd-POSCAR6-Charged-2.cif,4.46
16-Cd_Te0.500_Se0.500-V_Te-POSCAR0-Charged-2.cif,5.53
16-Cd_Te0.500_Se0.500-V_Te-POSCAR1-Charged-2.cif,5.53
16-Cd_Te0.500_Se0.500-V_Te-POSCAR2-Charged-2.cif,5.53
16-Cd_Te0.500_Se0.500-V_Te-POSCAR3-Charged-2.cif,5.53
16-Cd_Te0.500_Se0.500-V_Te-POSCAR4-Charged-2.cif,5.53
16-Cd_Te0.500_Se0.500-V_Te-POSCAR5-Charged-2.cif,5.53
16-Cd_Te0.500_Se0.500-V_Te-POSCAR6-Charged-2.cif,5.53
16-Cd_Te0.500_Se0.500-V_Te-POSCAR7-Charged-2.cif,5.53
16-Cd_Te0.500_Se0.500-V_Te-POSCAR8-Charged-2.cif,5.53
16-Cd_Te0.500_Se0.500-V_Te-POSCAR9-Charged-2.cif,5.53
17-Cd_Te0.500_Se0.500-V_Se-POSCAR0-Charged-2.cif,2.51
17-Cd_Te0.500_Se0.500-V_Se-POSCAR1-Charged-2.cif,2.51
17-Cd_Te0.500_Se0.500-V_Se-POSCAR2-Charged-2.cif,2.51
17-Cd_Te0.500_Se0.500-V_Se-POSCAR3-Charged-2.cif,2.51
17-Cd_Te0.500_Se0.500-V_Se-POSCAR4-Charged-2.cif,2.51
17-Cd_Te0.500_Se0.500-V_Se-POSCAR5-Charged-2.cif,2.51
17-Cd_Te0.500_Se0.500-V_Se-POSCAR6-Charged-2.cif,2.51
17-Cd_Te0.500_Se0.500-V_Se-POSCAR7-Charged-2.cif,2.51
17-Cd_Te0.500_Se0.500-V_Se-POSCAR8-Charged-2.cif,2.51
17-Cd_Te0.500_Se0.500-V_Se-POSCAR9-Charged-2.cif,2.51
17-Cd_Te0.500_Se0.500-V_Se-POSCAR10-Charged-2.cif,2.51
17-Cd_Te0.500_Se0.500-V_Se-POSCAR11-Charged-2.cif,2.51
17-Cd_Te0.500_Se0.500-V_Se-POSCAR12-Charged-2.cif,2.51
17-Cd_Te0.500_Se0.500-V_Se-POSCAR13-Charged-2.cif,2.51
17-Cd_Te0.500_Se0.500-V_Se-POSCAR14-Charged-2.cif,2.51
17-Cd_Te0.500_Se0.500-V_Se-POSCAR15-Charged-2.cif,2.51
17-Cd_Te0.500_Se0.500-V_Se-POSCAR16-Charged-2.cif,2.51
18-Cd_Te0.500_Se0.500-Cd_i-POSCAR0-Charged-2.cif,5.88
18-Cd_Te0.500_Se0.500-Cd_i-POSCAR1-Charged-2.cif,5.88
18-Cd_Te0.500_Se0.500-Cd_i-POSCAR2-Charged-2.cif,5.88
18-Cd_Te0.500_Se0.500-Cd_i-POSCAR3-Charged-2.cif,5.88
18-Cd_Te0.500_Se0.500-Cd_i-POSCAR4-Charged-2.cif,5.88
18-Cd_Te0.500_Se0.500-Cd_i-POSCAR5-Charged-2.cif,5.88
19-Cd_Te0.500_Se0.500-Te_i-POSCAR0-Charged-2.cif,3.84
19-Cd_Te0.500_Se0.500-Te_i-POSCAR1-Charged-2.cif,3.84
19-Cd_Te0.500_Se0.500-Te_i-POSCAR2-Charged-2.cif,3.84
19-Cd_Te0.500_Se0.500-Te_i-POSCAR3-Charged-2.cif,3.84
20-Cd_Te0.500_Se0.500-Se_i-POSCAR0-Charged-2.cif,5.43
20-Cd_Te0.500_Se0.500-Se_i-POSCAR1-Charged-2.cif,5.43
20-Cd_Te0.500_Se0.500-Se_i-POSCAR2-Charged-2.cif,5.43
20-Cd_Te0.500_Se0.500-Se_i-POSCAR3-Charged-2.cif,5.43
21-Cd_Te0.500_Se0.500-Cd_Te-POSCAR0-Charged-2.cif,6.66
21-Cd_Te0.500_Se0.500-Cd_Te-POSCAR1-Charged-2.cif,6.66
21-Cd_Te0.500_Se0.500-Cd_Te-POSCAR2-Charged-2.cif,6.66
21-Cd_Te0.500_Se0.500-Cd_Te-POSCAR3-Charged-2.cif,6.66
21-Cd_Te0.500_Se0.500-Cd_Te-POSCAR4-Charged-2.cif,6.66
21-Cd_Te0.500_Se0.500-Cd_Te-POSCAR5-Charged-2.cif,6.66
21-Cd_Te0.500_Se0.500-Cd_Te-POSCAR6-Charged-2.cif,6.66
21-Cd_Te0.500_Se0.500-Cd_Te-POSCAR7-Charged-2.cif,6.66
21-Cd_Te0.500_Se0.500-Cd_Te-POSCAR8-Charged-2.cif,6.66
21-Cd_Te0.500_Se0.500-Cd_Te-POSCAR9-Charged-2.cif,6.66
21-Cd_Te0.500_Se0.500-Cd_Te-POSCAR10-Charged-2.cif,6.66
21-Cd_Te0.500_Se0.500-Cd_Te-POSCAR11-Charged-2.cif,6.66
21-Cd_Te0.500_Se0.500-Cd_Te-POSCAR12-Charged-2.cif,6.66
21-Cd_Te0.500_Se0.500-Cd_Te-POSCAR13-Charged-2.cif,6.66
21-Cd_Te0.500_Se0.500-Cd_Te-POSCAR14-Charged-2.cif,6.66
21-Cd_Te0.500_Se0.500-Cd_Te-POSCAR15-Charged-2.cif,6.66
21-Cd_Te0.500_Se0.500-Cd_Te-POSCAR16-Charged-2.cif,6.66
21-Cd_Te0.500_Se0.500-Cd_Te-POSCAR17-Charged-2.cif,6.66
21-Cd_Te0.500_Se0.500-Cd_Te-POSCAR18-Charged-2.cif,6.66
21-Cd_Te0.500_Se0.500-Cd_Te-POSCAR19-Charged-2.cif,6.66
22-Cd_Te0.500_Se0.500-Cd_Se-POSCAR0-Charged-2.cif,6.05
22-Cd_Te0.500_Se0.500-Cd_Se-POSCAR1-Charged-2.cif,6.05
22-Cd_Te0.500_Se0.500-Cd_Se-POSCAR2-Charged-2.cif,6.05
22-Cd_Te0.500_Se0.500-Cd_Se-POSCAR3-Charged-2.cif,6.05
22-Cd_Te0.500_Se0.500-Cd_Se-POSCAR4-Charged-2.cif,6.05
22-Cd_Te0.500_Se0.500-Cd_Se-POSCAR5-Charged-2.cif,6.05
22-Cd_Te0.500_Se0.500-Cd_Se-POSCAR6-Charged-2.cif,6.05
22-Cd_Te0.500_Se0.500-Cd_Se-POSCAR7-Charged-2.cif,6.05
22-Cd_Te0.500_Se0.500-Cd_Se-POSCAR8-Charged-2.cif,6.05
22-Cd_Te0.500_Se0.500-Cd_Se-POSCAR9-Charged-2.cif,6.05
22-Cd_Te0.500_Se0.500-Cd_Se-POSCAR10-Charged-2.cif,6.05
22-Cd_Te0.500_Se0.500-Cd_Se-POSCAR11-Charged-2.cif,6.05
22-Cd_Te0.500_Se0.500-Cd_Se-POSCAR12-Charged-2.cif,6.05
22-Cd_Te0.500_Se0.500-Cd_Se-POSCAR13-Charged-2.cif,6.05
23-Cd_Te0.500_Se0.500-Te_Cd-POSCAR0-Charged-2.cif,4.33
23-Cd_Te0.500_Se0.500-Te_Cd-POSCAR1-Charged-2.cif,4.33
23-Cd_Te0.500_Se0.500-Te_Cd-POSCAR2-Charged-2.cif,4.33
23-Cd_Te0.500_Se0.500-Te_Cd-POSCAR3-Charged-2.cif,4.33
23-Cd_Te0.500_Se0.500-Te_Cd-POSCAR4-Charged-2.cif,4.33
23-Cd_Te0.500_Se0.500-Te_Cd-POSCAR5-Charged-2.cif,4.33
23-Cd_Te0.500_Se0.500-Te_Cd-POSCAR6-Charged-2.cif,4.33
23-Cd_Te0.500_Se0.500-Te_Cd-POSCAR7-Charged-2.cif,4.33
23-Cd_Te0.500_Se0.500-Te_Cd-POSCAR8-Charged-2.cif,4.33
23-Cd_Te0.500_Se0.500-Te_Cd-POSCAR9-Charged-2.cif,4.33
23-Cd_Te0.500_Se0.500-Te_Cd-POSCAR10-Charged-2.cif,4.33
23-Cd_Te0.500_Se0.500-Te_Cd-POSCAR11-Charged-2.cif,4.33
23-Cd_Te0.500_Se0.500-Te_Cd-POSCAR12-Charged-2.cif,4.33
23-Cd_Te0.500_Se0.500-Te_Cd-POSCAR13-Charged-2.cif,4.33
23-Cd_Te0.500_Se0.500-Te_Cd-POSCAR14-Charged-2.cif,4.33
23-Cd_Te0.500_Se0.500-Te_Cd-POSCAR15-Charged-2.cif,4.33
23-Cd_Te0.500_Se0.500-Te_Cd-POSCAR16-Charged-2.cif,4.33
24-Cd_Te0.500_Se0.500-Se_Cd-POSCAR0-Charged-2.cif,4.7
24-Cd_Te0.500_Se0.500-Se_Cd-POSCAR1-Charged-2.cif,4.7
24-Cd_Te0.500_Se0.500-Se_Cd-POSCAR2-Charged-2.cif,4.7
24-Cd_Te0.500_Se0.500-Se_Cd-POSCAR3-Charged-2.cif,4.7
24-Cd_Te0.500_Se0.500-Se_Cd-POSCAR4-Charged-2.cif,4.7
24-Cd_Te0.500_Se0.500-Se_Cd-POSCAR5-Charged-2.cif,4.7
24-Cd_Te0.500_Se0.500-Se_Cd-POSCAR6-Charged-2.cif,4.7
24-Cd_Te0.500_Se0.500-Se_Cd-POSCAR7-Charged-2.cif,4.7
24-Cd_Te0.500_Se0.500-Se_Cd-POSCAR8-Charged-2.cif,4.7
24-Cd_Te0.500_Se0.500-Se_Cd-POSCAR9-Charged-2.cif,4.7
24-Cd_Te0.500_Se0.500-Se_Cd-POSCAR10-Charged-2.cif,4.7
24-Cd_Te0.500_Se0.500-Se_Cd-POSCAR11-Charged-2.cif,4.7
24-Cd_Te0.500_Se0.500-Se_Cd-POSCAR12-Charged-2.cif,4.7
24-Cd_Te0.500_Se0.500-Se_Cd-POSCAR13-Charged-2.cif,4.7
24-Cd_Te0.500_Se0.500-Se_Cd-POSCAR14-Charged-2.cif,4.7
24-Cd_Te0.500_Se0.500-Se_Cd-POSCAR15-Charged-2.cif,4.7
24-Cd_Te0.500_Se0.500-Se_Cd-POSCAR16-Charged-2.cif,4.7
24-Cd_Te0.500_Se0.500-Se_Cd-POSCAR17-Charged-2.cif,4.7
24-Cd_Te0.500_Se0.500-Se_Cd-POSCAR18-Charged-2.cif,4.7
24-Cd_Te0.500_Se0.500-Se_Cd-POSCAR19-Charged-2.cif,4.7
24-Cd_Te0.500_Se0.500-Se_Cd-POSCAR20-Charged-2.cif,4.7
25-Cd_Te0.750_Se0.250-V_Cd-POSCAR0-Charged-2.cif,6.08
25-Cd_Te0.750_Se0.250-V_Cd-POSCAR1-Charged-2.cif,6.08
25-Cd_Te0.750_Se0.250-V_Cd-POSCAR2-Charged-2.cif,6.08
25-Cd_Te0.750_Se0.250-V_Cd-POSCAR3-Charged-2.cif,6.08
25-Cd_Te0.750_Se0.250-V_Cd-POSCAR4-Charged-2.cif,6.08
25-Cd_Te0.750_Se0.250-V_Cd-POSCAR5-Charged-2.cif,6.08
25-Cd_Te0.750_Se0.250-V_Cd-POSCAR6-Charged-2.cif,6.08
26-Cd_Te0.750_Se0.250-V_Te-POSCAR0-Charged-2.cif,-1.95
26-Cd_Te0.750_Se0.250-V_Te-POSCAR1-Charged-2.cif,-1.95
26-Cd_Te0.750_Se0.250-V_Te-POSCAR2-Charged-2.cif,-1.95
26-Cd_Te0.750_Se0.250-V_Te-POSCAR3-Charged-2.cif,-1.95
26-Cd_Te0.750_Se0.250-V_Te-POSCAR4-Charged-2.cif,-1.95
26-Cd_Te0.750_Se0.250-V_Te-POSCAR5-Charged-2.cif,-1.95
26-Cd_Te0.750_Se0.250-V_Te-POSCAR6-Charged-2.cif,-1.95
26-Cd_Te0.750_Se0.250-V_Te-POSCAR7-Charged-2.cif,-1.95
26-Cd_Te0.750_Se0.250-V_Te-POSCAR8-Charged-2.cif,-1.95
26-Cd_Te0.750_Se0.250-V_Te-POSCAR9-Charged-2.cif,-1.95
26-Cd_Te0.750_Se0.250-V_Te-POSCAR10-Charged-2.cif,-1.95
26-Cd_Te0.750_Se0.250-V_Te-POSCAR11-Charged-2.cif,-1.95
26-Cd_Te0.750_Se0.250-V_Te-POSCAR12-Charged-2.cif,-1.95
26-Cd_Te0.750_Se0.250-V_Te-POSCAR13-Charged-2.cif,-1.95
26-Cd_Te0.750_Se0.250-V_Te-POSCAR14-Charged-2.cif,-1.95
26-Cd_Te0.750_Se0.250-V_Te-POSCAR15-Charged-2.cif,-1.95
26-Cd_Te0.750_Se0.250-V_Te-POSCAR16-Charged-2.cif,-1.95
26-Cd_Te0.750_Se0.250-V_Te-POSCAR17-Charged-2.cif,-1.95
26-Cd_Te0.750_Se0.250-V_Te-POSCAR18-Charged-2.cif,-1.95
26-Cd_Te0.750_Se0.250-V_Te-POSCAR19-Charged-2.cif,-1.95
26-Cd_Te0.750_Se0.250-V_Te-POSCAR20-Charged-2.cif,-1.95
26-Cd_Te0.750_Se0.250-V_Te-POSCAR21-Charged-2.cif,-1.95
26-Cd_Te0.750_Se0.250-V_Te-POSCAR22-Charged-2.cif,-1.95
26-Cd_Te0.750_Se0.250-V_Te-POSCAR23-Charged-2.cif,-1.95
26-Cd_Te0.750_Se0.250-V_Te-POSCAR24-Charged-2.cif,-1.95
27-Cd_Te0.750_Se0.250-V_Se-POSCAR0-Charged-2.cif,2.6
27-Cd_Te0.750_Se0.250-V_Se-POSCAR1-Charged-2.cif,2.6
27-Cd_Te0.750_Se0.250-V_Se-POSCAR2-Charged-2.cif,2.6
27-Cd_Te0.750_Se0.250-V_Se-POSCAR3-Charged-2.cif,2.6
27-Cd_Te0.750_Se0.250-V_Se-POSCAR4-Charged-2.cif,2.6
27-Cd_Te0.750_Se0.250-V_Se-POSCAR5-Charged-2.cif,2.6
27-Cd_Te0.750_Se0.250-V_Se-POSCAR6-Charged-2.cif,2.6
27-Cd_Te0.750_Se0.250-V_Se-POSCAR7-Charged-2.cif,2.6
27-Cd_Te0.750_Se0.250-V_Se-POSCAR8-Charged-2.cif,2.6
27-Cd_Te0.750_Se0.250-V_Se-POSCAR9-Charged-2.cif,2.6
27-Cd_Te0.750_Se0.250-V_Se-POSCAR10-Charged-2.cif,2.6
27-Cd_Te0.750_Se0.250-V_Se-POSCAR11-Charged-2.cif,2.6
27-Cd_Te0.750_Se0.250-V_Se-POSCAR12-Charged-2.cif,2.6
27-Cd_Te0.750_Se0.250-V_Se-POSCAR13-Charged-2.cif,2.6
27-Cd_Te0.750_Se0.250-V_Se-POSCAR14-Charged-2.cif,2.6
27-Cd_Te0.750_Se0.250-V_Se-POSCAR15-Charged-2.cif,2.6
27-Cd_Te0.750_Se0.250-V_Se-POSCAR16-Charged-2.cif,2.6
27-Cd_Te0.750_Se0.250-V_Se-POSCAR17-Charged-2.cif,2.6
27-Cd_Te0.750_Se0.250-V_Se-POSCAR18-Charged-2.cif,2.6
27-Cd_Te0.750_Se0.250-V_Se-POSCAR19-Charged-2.cif,2.6
28-Cd_Te0.750_Se0.250-Cd_i-POSCAR0-Charged-2.cif,7.05
28-Cd_Te0.750_Se0.250-Cd_i-POSCAR1-Charged-2.cif,7.05
28-Cd_Te0.750_Se0.250-Cd_i-POSCAR2-Charged-2.cif,7.05
28-Cd_Te0.750_Se0.250-Cd_i-POSCAR3-Charged-2.cif,7.05
28-Cd_Te0.750_Se0.250-Cd_i-POSCAR4-Charged-2.cif,7.05
28-Cd_Te0.750_Se0.250-Cd_i-POSCAR5-Charged-2.cif,7.05
29-Cd_Te0.750_Se0.250-Te_i-POSCAR0-Charged-2.cif,3.44
29-Cd_Te0.750_Se0.250-Te_i-POSCAR1-Charged-2.cif,3.44
29-Cd_Te0.750_Se0.250-Te_i-POSCAR2-Charged-2.cif,3.44
29-Cd_Te0.750_Se0.250-Te_i-POSCAR3-Charged-2.cif,3.44
30-Cd_Te0.750_Se0.250-Se_i-POSCAR0-Charged-2.cif,5.88
30-Cd_Te0.750_Se0.250-Se_i-POSCAR1-Charged-2.cif,5.88
30-Cd_Te0.750_Se0.250-Se_i-POSCAR2-Charged-2.cif,5.88
30-Cd_Te0.750_Se0.250-Se_i-POSCAR3-Charged-2.cif,5.88
30-Cd_Te0.750_Se0.250-Se_i-POSCAR4-Charged-2.cif,5.88
30-Cd_Te0.750_Se0.250-Se_i-POSCAR5-Charged-2.cif,5.88
30-Cd_Te0.750_Se0.250-Se_i-POSCAR6-Charged-2.cif,5.88
30-Cd_Te0.750_Se0.250-Se_i-POSCAR7-Charged-2.cif,5.88
31-Cd_Te0.750_Se0.250-Cd_Te-POSCAR0-Charged-2.cif,5.5
31-Cd_Te0.750_Se0.250-Cd_Te-POSCAR1-Charged-2.cif,5.5
31-Cd_Te0.750_Se0.250-Cd_Te-POSCAR2-Charged-2.cif,5.5
31-Cd_Te0.750_Se0.250-Cd_Te-POSCAR3-Charged-2.cif,5.5
31-Cd_Te0.750_Se0.250-Cd_Te-POSCAR4-Charged-2.cif,5.5
31-Cd_Te0.750_Se0.250-Cd_Te-POSCAR5-Charged-2.cif,5.5
31-Cd_Te0.750_Se0.250-Cd_Te-POSCAR6-Charged-2.cif,5.5
31-Cd_Te0.750_Se0.250-Cd_Te-POSCAR7-Charged-2.cif,5.5
31-Cd_Te0.750_Se0.250-Cd_Te-POSCAR8-Charged-2.cif,5.5
31-Cd_Te0.750_Se0.250-Cd_Te-POSCAR9-Charged-2.cif,5.5
31-Cd_Te0.750_Se0.250-Cd_Te-POSCAR10-Charged-2.cif,5.5
31-Cd_Te0.750_Se0.250-Cd_Te-POSCAR11-Charged-2.cif,5.5
32-Cd_Te0.750_Se0.250-Cd_Se-POSCAR0-Charged-2.cif,6.89
32-Cd_Te0.750_Se0.250-Cd_Se-POSCAR1-Charged-2.cif,6.89
32-Cd_Te0.750_Se0.250-Cd_Se-POSCAR2-Charged-2.cif,6.89
32-Cd_Te0.750_Se0.250-Cd_Se-POSCAR3-Charged-2.cif,6.89
33-Cd_Te0.750_Se0.250-Te_Cd-POSCAR0-Charged-2.cif,5.81
33-Cd_Te0.750_Se0.250-Te_Cd-POSCAR1-Charged-2.cif,5.81
33-Cd_Te0.750_Se0.250-Te_Cd-POSCAR2-Charged-2.cif,5.81
33-Cd_Te0.750_Se0.250-Te_Cd-POSCAR3-Charged-2.cif,5.81
33-Cd_Te0.750_Se0.250-Te_Cd-POSCAR4-Charged-2.cif,5.81
33-Cd_Te0.750_Se0.250-Te_Cd-POSCAR5-Charged-2.cif,5.81
33-Cd_Te0.750_Se0.250-Te_Cd-POSCAR6-Charged-2.cif,5.81
33-Cd_Te0.750_Se0.250-Te_Cd-POSCAR7-Charged-2.cif,5.81
34-Cd_Te0.750_Se0.250-Se_Cd-POSCAR0-Charged-2.cif,4.33
34-Cd_Te0.750_Se0.250-Se_Cd-POSCAR1-Charged-2.cif,4.33
34-Cd_Te0.750_Se0.250-Se_Cd-POSCAR2-Charged-2.cif,4.33
34-Cd_Te0.750_Se0.250-Se_Cd-POSCAR3-Charged-2.cif,4.33
34-Cd_Te0.750_Se0.250-Se_Cd-POSCAR4-Charged-2.cif,4.33
35-CdSe-V_Cd-POSCAR0-Charged-2.cif,4.41
36-CdSe-V_Se-POSCAR0-Charged-2.cif,7.81
37-CdSe-Cd_i_1-POSCAR0-Charged-2.cif,2.78
38-CdSe-Se_i_1-POSCAR0-Charged-2.cif,5.89
39-CdSe-Cd_Se-POSCAR0-Charged-2.cif,7.46
40-CdSe-Se_Cd-POSCAR0-Charged-2.cif,5.43