118-AlN-N_Al-POSCAR5-Charged-1.cif,14.94942519
118-AlN-N_Al-POSCAR6-Charged-1.cif,14.94929205
118-AlN-N_Al-POSCAR7-Charged-1.cif,14.9471789
118-AlN-N_Al-POSCAR8-Charged-1.cif,14.94353695
118-AlN-N_Al-POSCAR0-Charged-1.cif,14.94342916
118-AlN-N_Al-POSCAR9-Charged-1.cif,14.94178532
118-AlN-N_Al-POSCAR10-Charged-1.cif,14.94
118-AlN-N_Al-POSCAR1-Charged-1.cif,14.93822309
118-AlN-N_Al-POSCAR2-Charged-1.cif,14.93440412
118-AlN-N_Al-POSCAR4-Charged-1.cif,14.93372526
118-AlN-N_Al-POSCAR3-Charged-1.cif,14.92893563
264-GeC-Ge_i_A-POSCAR0-Charged-1.cif,14.71502257
84-BN-N_i_neut-POSCAR0-Charged-1.cif,14.70829097
264-GeC-Ge_i_A-POSCAR1-Charged-1.cif,14.70571756
264-GeC-Ge_i_A-POSCAR2-Charged-1.cif,14.70111818
123-AlN-N_i_B-POSCAR0-Charged-1.cif,14.70092921
264-GeC-Ge_i_A-POSCAR3-Charged-1.cif,14.7
123-AlN-N_i_B-POSCAR1-Charged-1.cif,14.55909708
84-BN-N_i_neut-POSCAR3-Charged-1.cif,14.37497409
84-BN-N_i_neut-POSCAR2-Charged-1.cif,14.34266634
84-BN-N_i_neut-POSCAR4-Charged-1.cif,14.31425001
84-BN-N_i_neut-POSCAR5-Charged-1.cif,14.30198385
84-BN-N_i_neut-POSCAR6-Charged-1.cif,14.30080661
84-BN-N_i_neut-POSCAR7-Charged-1.cif,14.3
123-AlN-N_i_B-POSCAR2-Charged-1.cif,14.28724762
123-AlN-N_i_B-POSCAR3-Charged-1.cif,14.23016993
123-AlN-N_i_B-POSCAR5-Charged-1.cif,14.2212367
123-AlN-N_i_B-POSCAR6-Charged-1.cif,14.2133577
123-AlN-N_i_B-POSCAR8-Charged-1.cif,14.20985662
123-AlN-N_i_B-POSCAR9-Charged-1.cif,14.20544457
123-AlN-N_i_B-POSCAR10-Charged-1.cif,14.20327061
123-AlN-N_i_B-POSCAR7-Charged-1.cif,14.20272233
123-AlN-N_i_B-POSCAR12-Charged-1.cif,14.20213369
123-AlN-N_i_B-POSCAR11-Charged-1.cif,14.20145915
123-AlN-N_i_B-POSCAR13-Charged-1.cif,14.20073163
123-AlN-N_i_B-POSCAR15-Charged-1.cif,14.20043317
123-AlN-N_i_B-POSCAR14-Charged-1.cif,14.20036093
123-AlN-N_i_B-POSCAR16-Charged-1.cif,14.2
123-AlN-N_i_B-POSCAR4-Charged-1.cif,14.19020534
265-GeC-Ge_i_B-POSCAR0-Charged-1.cif,14.08400482
265-GeC-Ge_i_B-POSCAR1-Charged-1.cif,14.07474378
265-GeC-Ge_i_B-POSCAR2-Charged-1.cif,14.07058394
265-GeC-Ge_i_B-POSCAR3-Charged-1.cif,14.06416383
265-GeC-Ge_i_B-POSCAR4-Charged-1.cif,14.06
266-GeC-Ge_i_neut-POSCAR0-Charged-1.cif,13.97379623
266-GeC-Ge_i_neut-POSCAR8-Charged-1.cif,13.96235031
266-GeC-Ge_i_neut-POSCAR9-Charged-1.cif,13.96233582
266-GeC-Ge_i_neut-POSCAR10-Charged-1.cif,13.96203703
266-GeC-Ge_i_neut-POSCAR1-Charged-1.cif,13.96147603
266-GeC-Ge_i_neut-POSCAR11-Charged-1.cif,13.9606769
266-GeC-Ge_i_neut-POSCAR12-Charged-1.cif,13.96
266-GeC-Ge_i_neut-POSCAR7-Charged-1.cif,13.95720678
266-GeC-Ge_i_neut-POSCAR2-Charged-1.cif,13.95594978
266-GeC-Ge_i_neut-POSCAR6-Charged-1.cif,13.95408661
266-GeC-Ge_i_neut-POSCAR3-Charged-1.cif,13.9521016
266-GeC-Ge_i_neut-POSCAR5-Charged-1.cif,13.95099716
266-GeC-Ge_i_neut-POSCAR4-Charged-1.cif,13.94929888
254-SiC-Si_i_A-POSCAR0-Charged-1.cif,13.92230956
254-SiC-Si_i_A-POSCAR1-Charged-1.cif,13.91746315
254-SiC-Si_i_A-POSCAR2-Charged-1.cif,13.91
252-SiC-C_i_B-POSCAR22-Charged-1.cif,13.70441117
252-SiC-C_i_B-POSCAR7-Charged-1.cif,13.70236056
252-SiC-C_i_B-POSCAR13-Charged-1.cif,13.69623603
252-SiC-C_i_B-POSCAR23-Charged-1.cif,13.68818051
252-SiC-C_i_B-POSCAR28-Charged-1.cif,13.68356005
252-SiC-C_i_B-POSCAR0-Charged-1.cif,13.6788603
252-SiC-C_i_B-POSCAR25-Charged-1.cif,13.67581254
252-SiC-C_i_B-POSCAR20-Charged-1.cif,13.67526574
252-SiC-C_i_B-POSCAR26-Charged-1.cif,13.67099913
252-SiC-C_i_B-POSCAR17-Charged-1.cif,13.66755041
252-SiC-C_i_B-POSCAR11-Charged-1.cif,13.66629567
252-SiC-C_i_B-POSCAR24-Charged-1.cif,13.66375601
252-SiC-C_i_B-POSCAR16-Charged-1.cif,13.66023998
252-SiC-C_i_B-POSCAR29-Charged-1.cif,13.66
252-SiC-C_i_B-POSCAR10-Charged-1.cif,13.65986297
252-SiC-C_i_B-POSCAR9-Charged-1.cif,13.65931352
252-SiC-C_i_B-POSCAR8-Charged-1.cif,13.65598355
252-SiC-C_i_B-POSCAR14-Charged-1.cif,13.64968217
252-SiC-C_i_B-POSCAR18-Charged-1.cif,13.63123569
252-SiC-C_i_B-POSCAR15-Charged-1.cif,13.60442855
252-SiC-C_i_B-POSCAR5-Charged-1.cif,13.60213952
252-SiC-C_i_B-POSCAR2-Charged-1.cif,13.60157567
252-SiC-C_i_B-POSCAR4-Charged-1.cif,13.56892027
252-SiC-C_i_B-POSCAR27-Charged-1.cif,13.52309468
252-SiC-C_i_B-POSCAR19-Charged-1.cif,13.51878925
252-SiC-C_i_B-POSCAR21-Charged-1.cif,13.47805829
252-SiC-C_i_B-POSCAR12-Charged-1.cif,13.46311133
252-SiC-C_i_B-POSCAR3-Charged-1.cif,13.44917636
252-SiC-C_i_B-POSCAR1-Charged-1.cif,13.40987924
93-BP-P_i_B-POSCAR0-Charged-1.cif,13.29929203
93-BP-P_i_B-POSCAR1-Charged-1.cif,13.28371726
93-BP-P_i_B-POSCAR2-Charged-1.cif,13.27755752
93-BP-P_i_B-POSCAR3-Charged-1.cif,13.27
252-SiC-C_i_B-POSCAR6-Charged-1.cif,13.23052517
256-SiC-Si_i_neut-POSCAR94-Charged-1.cif,12.96738126
256-SiC-Si_i_neut-POSCAR28-Charged-1.cif,12.96503833
256-SiC-Si_i_neut-POSCAR32-Charged-1.cif,12.9641798
256-SiC-Si_i_neut-POSCAR33-Charged-1.cif,12.96176912
256-SiC-Si_i_neut-POSCAR23-Charged-1.cif,12.95984309
256-SiC-Si_i_neut-POSCAR20-Charged-1.cif,12.95976363
256-SiC-Si_i_neut-POSCAR22-Charged-1.cif,12.95962698
256-SiC-Si_i_neut-POSCAR24-Charged-1.cif,12.95961543
256-SiC-Si_i_neut-POSCAR27-Charged-1.cif,12.95958124
256-SiC-Si_i_neut-POSCAR21-Charged-1.cif,12.95935171
256-SiC-Si_i_neut-POSCAR3-Charged-1.cif,12.95928176
256-SiC-Si_i_neut-POSCAR4-Charged-1.cif,12.95823149
256-SiC-Si_i_neut-POSCAR25-Charged-1.cif,12.9577186
256-SiC-Si_i_neut-POSCAR0-Charged-1.cif,12.95771086
256-SiC-Si_i_neut-POSCAR19-Charged-1.cif,12.95764995
256-SiC-Si_i_neut-POSCAR17-Charged-1.cif,12.95761361
256-SiC-Si_i_neut-POSCAR5-Charged-1.cif,12.95760891
256-SiC-Si_i_neut-POSCAR29-Charged-1.cif,12.95750744
256-SiC-Si_i_neut-POSCAR31-Charged-1.cif,12.95712374
256-SiC-Si_i_neut-POSCAR16-Charged-1.cif,12.95690245
256-SiC-Si_i_neut-POSCAR26-Charged-1.cif,12.95675298
256-SiC-Si_i_neut-POSCAR18-Charged-1.cif,12.95651637
256-SiC-Si_i_neut-POSCAR82-Charged-1.cif,12.9563245
256-SiC-Si_i_neut-POSCAR6-Charged-1.cif,12.95616204
256-SiC-Si_i_neut-POSCAR7-Charged-1.cif,12.95603226
256-SiC-Si_i_neut-POSCAR8-Charged-1.cif,12.95581944
256-SiC-Si_i_neut-POSCAR12-Charged-1.cif,12.95581712
256-SiC-Si_i_neut-POSCAR9-Charged-1.cif,12.95568649
256-SiC-Si_i_neut-POSCAR1-Charged-1.cif,12.95567527
256-SiC-Si_i_neut-POSCAR10-Charged-1.cif,12.95541071
256-SiC-Si_i_neut-POSCAR2-Charged-1.cif,12.95527234
256-SiC-Si_i_neut-POSCAR11-Charged-1.cif,12.955203
256-SiC-Si_i_neut-POSCAR90-Charged-1.cif,12.95496686
256-SiC-Si_i_neut-POSCAR73-Charged-1.cif,12.95462739
256-SiC-Si_i_neut-POSCAR93-Charged-1.cif,12.95375352
256-SiC-Si_i_neut-POSCAR15-Charged-1.cif,12.95368751
256-SiC-Si_i_neut-POSCAR13-Charged-1.cif,12.95304388
256-SiC-Si_i_neut-POSCAR83-Charged-1.cif,12.95300073
256-SiC-Si_i_neut-POSCAR84-Charged-1.cif,12.9523927
256-SiC-Si_i_neut-POSCAR14-Charged-1.cif,12.95221784
256-SiC-Si_i_neut-POSCAR46-Charged-1.cif,12.95185087
256-SiC-Si_i_neut-POSCAR96-Charged-1.cif,12.95179547
256-SiC-Si_i_neut-POSCAR91-Charged-1.cif,12.95179414
256-SiC-Si_i_neut-POSCAR95-Charged-1.cif,12.95178783
256-SiC-Si_i_neut-POSCAR78-Charged-1.cif,12.95172123
256-SiC-Si_i_neut-POSCAR98-Charged-1.cif,12.9516247
256-SiC-Si_i_neut-POSCAR92-Charged-1.cif,12.951513
256-SiC-Si_i_neut-POSCAR97-Charged-1.cif,12.95148574
256-SiC-Si_i_neut-POSCAR45-Charged-1.cif,12.95117504
256-SiC-Si_i_neut-POSCAR89-Charged-1.cif,12.95104968
256-SiC-Si_i_neut-POSCAR85-Charged-1.cif,12.95086955
256-SiC-Si_i_neut-POSCAR35-Charged-1.cif,12.9506537
256-SiC-Si_i_neut-POSCAR86-Charged-1.cif,12.95060049
256-SiC-Si_i_neut-POSCAR36-Charged-1.cif,12.95034913
256-SiC-Si_i_neut-POSCAR81-Charged-1.cif,12.95023791
256-SiC-Si_i_neut-POSCAR79-Charged-1.cif,12.95021792
256-SiC-Si_i_neut-POSCAR99-Charged-1.cif,12.95
256-SiC-Si_i_neut-POSCAR80-Charged-1.cif,12.94973001
256-SiC-Si_i_neut-POSCAR30-Charged-1.cif,12.94962845
256-SiC-Si_i_neut-POSCAR57-Charged-1.cif,12.94937216
256-SiC-Si_i_neut-POSCAR34-Charged-1.cif,12.94936991
256-SiC-Si_i_neut-POSCAR56-Charged-1.cif,12.94932374
256-SiC-Si_i_neut-POSCAR37-Charged-1.cif,12.94930122
256-SiC-Si_i_neut-POSCAR75-Charged-1.cif,12.94920656
256-SiC-Si_i_neut-POSCAR88-Charged-1.cif,12.94917431
256-SiC-Si_i_neut-POSCAR74-Charged-1.cif,12.94910533
256-SiC-Si_i_neut-POSCAR60-Charged-1.cif,12.94892703
256-SiC-Si_i_neut-POSCAR77-Charged-1.cif,12.94881897
256-SiC-Si_i_neut-POSCAR38-Charged-1.cif,12.94874312
256-SiC-Si_i_neut-POSCAR87-Charged-1.cif,12.94873025
256-SiC-Si_i_neut-POSCAR63-Charged-1.cif,12.94862994
256-SiC-Si_i_neut-POSCAR76-Charged-1.cif,12.94857333
256-SiC-Si_i_neut-POSCAR50-Charged-1.cif,12.94847229
256-SiC-Si_i_neut-POSCAR48-Charged-1.cif,12.94842348
256-SiC-Si_i_neut-POSCAR62-Charged-1.cif,12.94837744
256-SiC-Si_i_neut-POSCAR47-Charged-1.cif,12.94817641
256-SiC-Si_i_neut-POSCAR49-Charged-1.cif,12.94805447
256-SiC-Si_i_neut-POSCAR40-Charged-1.cif,12.94779589
256-SiC-Si_i_neut-POSCAR52-Charged-1.cif,12.9476594
256-SiC-Si_i_neut-POSCAR59-Charged-1.cif,12.94762881
256-SiC-Si_i_neut-POSCAR58-Charged-1.cif,12.9475871
256-SiC-Si_i_neut-POSCAR41-Charged-1.cif,12.94752401
256-SiC-Si_i_neut-POSCAR51-Charged-1.cif,12.9473839
256-SiC-Si_i_neut-POSCAR42-Charged-1.cif,12.94732566
256-SiC-Si_i_neut-POSCAR64-Charged-1.cif,12.94706235
256-SiC-Si_i_neut-POSCAR55-Charged-1.cif,12.94705198
256-SiC-Si_i_neut-POSCAR53-Charged-1.cif,12.94699501
256-SiC-Si_i_neut-POSCAR65-Charged-1.cif,12.94697873
256-SiC-Si_i_neut-POSCAR39-Charged-1.cif,12.94681147
256-SiC-Si_i_neut-POSCAR66-Charged-1.cif,12.94680036
256-SiC-Si_i_neut-POSCAR67-Charged-1.cif,12.94678684
256-SiC-Si_i_neut-POSCAR72-Charged-1.cif,12.94664302
256-SiC-Si_i_neut-POSCAR61-Charged-1.cif,12.94650471
256-SiC-Si_i_neut-POSCAR54-Charged-1.cif,12.94649629
256-SiC-Si_i_neut-POSCAR43-Charged-1.cif,12.94628791
256-SiC-Si_i_neut-POSCAR44-Charged-1.cif,12.94601072
256-SiC-Si_i_neut-POSCAR68-Charged-1.cif,12.94547664
256-SiC-Si_i_neut-POSCAR69-Charged-1.cif,12.94529429
256-SiC-Si_i_neut-POSCAR71-Charged-1.cif,12.9442111
256-SiC-Si_i_neut-POSCAR70-Charged-1.cif,12.94319274
92-BP-P_i_A-POSCAR0-Charged-1.cif,12.85437129
92-BP-P_i_A-POSCAR1-Charged-1.cif,12.85
159-GaN-Ga_i_A-POSCAR0-Charged-1.cif,12.72959697
159-GaN-Ga_i_A-POSCAR1-Charged-1.cif,12.72249174
159-GaN-Ga_i_A-POSCAR2-Charged-1.cif,12.72058105
159-GaN-Ga_i_A-POSCAR3-Charged-1.cif,12.72
122-AlN-N_i_A-POSCAR0-Charged-1.cif,12.67974593
120-AlN-Al_i_B-POSCAR0-Charged-1.cif,12.65627392
120-AlN-Al_i_B-POSCAR1-Charged-1.cif,12.65163818
120-AlN-Al_i_B-POSCAR2-Charged-1.cif,12.65
103-BAs-As_i_B-POSCAR0-Charged-1.cif,12.63480137
103-BAs-As_i_B-POSCAR1-Charged-1.cif,12.62611526
103-BAs-As_i_B-POSCAR2-Charged-1.cif,12.62315437
103-BAs-As_i_B-POSCAR3-Charged-1.cif,12.62
121-AlN-Al_i_neut-POSCAR0-Charged-1.cif,12.61326545
121-AlN-Al_i_neut-POSCAR1-Charged-1.cif,12.60309807
121-AlN-Al_i_neut-POSCAR2-Charged-1.cif,12.60048432
121-AlN-Al_i_neut-POSCAR3-Charged-1.cif,12.6
122-AlN-N_i_A-POSCAR1-Charged-1.cif,12.55883105
274-SnC-Sn_i_A-POSCAR0-Charged-1.cif,12.50283987
274-SnC-Sn_i_A-POSCAR1-Charged-1.cif,12.49513315
274-SnC-Sn_i_A-POSCAR2-Charged-1.cif,12.4943845
274-SnC-Sn_i_A-POSCAR3-Charged-1.cif,12.49
163-GaN-N_i_B-POSCAR36-Charged-1.cif,12.40041741
117-AlN-Al_N-POSCAR0-Charged-1.cif,12.37694145
276-SnC-Sn_i_neut-POSCAR0-Charged-1.cif,12.30646853
122-AlN-N_i_A-POSCAR2-Charged-1.cif,12.29558892
276-SnC-Sn_i_neut-POSCAR5-Charged-1.cif,12.29227263
276-SnC-Sn_i_neut-POSCAR1-Charged-1.cif,12.29121852
276-SnC-Sn_i_neut-POSCAR6-Charged-1.cif,12.29106855
276-SnC-Sn_i_neut-POSCAR7-Charged-1.cif,12.28808991
276-SnC-Sn_i_neut-POSCAR4-Charged-1.cif,12.28733467
276-SnC-Sn_i_neut-POSCAR2-Charged-1.cif,12.28596988
276-SnC-Sn_i_neut-POSCAR8-Charged-1.cif,12.28370616
276-SnC-Sn_i_neut-POSCAR3-Charged-1.cif,12.28223474
276-SnC-Sn_i_neut-POSCAR9-Charged-1.cif,12.2813012
276-SnC-Sn_i_neut-POSCAR10-Charged-1.cif,12.28
160-GaN-Ga_i_B-POSCAR0-Charged-1.cif,12.27316006
122-AlN-N_i_A-POSCAR3-Charged-1.cif,12.26306296
117-AlN-Al_N-POSCAR1-Charged-1.cif,12.25442391
122-AlN-N_i_A-POSCAR4-Charged-1.cif,12.24866002
122-AlN-N_i_A-POSCAR8-Charged-1.cif,12.24769184
122-AlN-N_i_A-POSCAR9-Charged-1.cif,12.24430244
122-AlN-N_i_A-POSCAR10-Charged-1.cif,12.24098297
122-AlN-N_i_A-POSCAR13-Charged-1.cif,12.24065802
122-AlN-N_i_A-POSCAR12-Charged-1.cif,12.24036944
122-AlN-N_i_A-POSCAR15-Charged-1.cif,12.24
122-AlN-N_i_A-POSCAR14-Charged-1.cif,12.2397996
122-AlN-N_i_A-POSCAR11-Charged-1.cif,12.23958657
122-AlN-N_i_A-POSCAR5-Charged-1.cif,12.23483383
122-AlN-N_i_A-POSCAR7-Charged-1.cif,12.23174638
160-GaN-Ga_i_B-POSCAR1-Charged-1.cif,12.22947972
122-AlN-N_i_A-POSCAR6-Charged-1.cif,12.229231
160-GaN-Ga_i_B-POSCAR2-Charged-1.cif,12.21522011
160-GaN-Ga_i_B-POSCAR3-Charged-1.cif,12.20250609
160-GaN-Ga_i_B-POSCAR4-Charged-1.cif,12.2
117-AlN-Al_N-POSCAR2-Charged-1.cif,12.17339615
117-AlN-Al_N-POSCAR3-Charged-1.cif,12.1578284
117-AlN-Al_N-POSCAR4-Charged-1.cif,12.14658632
117-AlN-Al_N-POSCAR5-Charged-1.cif,12.1415086
117-AlN-Al_N-POSCAR6-Charged-1.cif,12.14
163-GaN-N_i_B-POSCAR0-Charged-1.cif,12.09850173
161-GaN-Ga_i_neut-POSCAR0-Charged-1.cif,12.08995807
161-GaN-Ga_i_neut-POSCAR1-Charged-1.cif,12.08374805
161-GaN-Ga_i_neut-POSCAR2-Charged-1.cif,12.0818561
161-GaN-Ga_i_neut-POSCAR3-Charged-1.cif,12.08106611
161-GaN-Ga_i_neut-POSCAR4-Charged-1.cif,12.08
251-SiC-C_i_A-POSCAR0-Charged-1.cif,12.03773512
158-GaN-N_Ga-POSCAR0-Charged-1.cif,11.98479247
163-GaN-N_i_B-POSCAR37-Charged-1.cif,11.96808131
158-GaN-N_Ga-POSCAR1-Charged-1.cif,11.94455832
255-SiC-Si_i_B-POSCAR0-Charged-1.cif,11.94308075
255-SiC-Si_i_B-POSCAR1-Charged-1.cif,11.94158712
255-SiC-Si_i_B-POSCAR2-Charged-1.cif,11.94
163-GaN-N_i_B-POSCAR38-Charged-1.cif,11.93575345
158-GaN-N_Ga-POSCAR2-Charged-1.cif,11.93343423
158-GaN-N_Ga-POSCAR3-Charged-1.cif,11.92481883
158-GaN-N_Ga-POSCAR7-Charged-1.cif,11.92025095
158-GaN-N_Ga-POSCAR9-Charged-1.cif,11.9201657
158-GaN-N_Ga-POSCAR4-Charged-1.cif,11.92006166
158-GaN-N_Ga-POSCAR13-Charged-1.cif,11.92
158-GaN-N_Ga-POSCAR5-Charged-1.cif,11.91978481
158-GaN-N_Ga-POSCAR11-Charged-1.cif,11.919746
158-GaN-N_Ga-POSCAR10-Charged-1.cif,11.91909362
158-GaN-N_Ga-POSCAR12-Charged-1.cif,11.91889381
158-GaN-N_Ga-POSCAR6-Charged-1.cif,11.91868445
158-GaN-N_Ga-POSCAR8-Charged-1.cif,11.91829787
251-SiC-C_i_A-POSCAR1-Charged-1.cif,11.91735045
163-GaN-N_i_B-POSCAR1-Charged-1.cif,11.9112761
275-SnC-Sn_i_B-POSCAR0-Charged-1.cif,11.89304363
275-SnC-Sn_i_B-POSCAR1-Charged-1.cif,11.88458369
275-SnC-Sn_i_B-POSCAR2-Charged-1.cif,11.88237625
275-SnC-Sn_i_B-POSCAR3-Charged-1.cif,11.88
251-SiC-C_i_A-POSCAR2-Charged-1.cif,11.86778735
163-GaN-N_i_B-POSCAR41-Charged-1.cif,11.85990232
163-GaN-N_i_B-POSCAR39-Charged-1.cif,11.85105225
251-SiC-C_i_A-POSCAR3-Charged-1.cif,11.84098514
251-SiC-C_i_A-POSCAR4-Charged-1.cif,11.83432162
251-SiC-C_i_A-POSCAR5-Charged-1.cif,11.82963993
251-SiC-C_i_A-POSCAR6-Charged-1.cif,11.82524021
163-GaN-N_i_B-POSCAR40-Charged-1.cif,11.82328564
251-SiC-C_i_A-POSCAR7-Charged-1.cif,11.82210957
251-SiC-C_i_A-POSCAR8-Charged-1.cif,11.82
163-GaN-N_i_B-POSCAR34-Charged-1.cif,11.81444901
102-BAs-As_i_A-POSCAR0-Charged-1.cif,11.80013294
253-SiC-C_i_neut-POSCAR0-Charged-1.cif,11.79031361
253-SiC-C_i_neut-POSCAR3-Charged-1.cif,11.790161
253-SiC-C_i_neut-POSCAR4-Charged-1.cif,11.79
253-SiC-C_i_neut-POSCAR1-Charged-1.cif,11.78948971
253-SiC-C_i_neut-POSCAR2-Charged-1.cif,11.7894592
163-GaN-N_i_B-POSCAR2-Charged-1.cif,11.78831067
163-GaN-N_i_B-POSCAR42-Charged-1.cif,11.77857699
102-BAs-As_i_A-POSCAR1-Charged-1.cif,11.77236892
102-BAs-As_i_A-POSCAR2-Charged-1.cif,11.76307501
102-BAs-As_i_A-POSCAR3-Charged-1.cif,11.76
163-GaN-N_i_B-POSCAR3-Charged-1.cif,11.71779366
163-GaN-N_i_B-POSCAR44-Charged-1.cif,11.7070151
163-GaN-N_i_B-POSCAR43-Charged-1.cif,11.70613619
163-GaN-N_i_B-POSCAR4-Charged-1.cif,11.69761493
163-GaN-N_i_B-POSCAR45-Charged-1.cif,11.67359349
163-GaN-N_i_B-POSCAR5-Charged-1.cif,11.6534893
2-ZnO-O_Zn-POSCAR0-Charged-1.cif,11.65
163-GaN-N_i_B-POSCAR32-Charged-1.cif,11.63269505
262-GeC-C_i_B-POSCAR0-Charged-1.cif,11.60111755
163-GaN-N_i_B-POSCAR6-Charged-1.cif,11.6003435
163-GaN-N_i_B-POSCAR7-Charged-1.cif,11.59988294
163-GaN-N_i_B-POSCAR33-Charged-1.cif,11.5659546
163-GaN-N_i_B-POSCAR35-Charged-1.cif,11.54428872
163-GaN-N_i_B-POSCAR8-Charged-1.cif,11.54359757
124-AlN-N_i_neut-POSCAR1-Charged-1.cif,11.52320225
262-GeC-C_i_B-POSCAR1-Charged-1.cif,11.51203121
163-GaN-N_i_B-POSCAR46-Charged-1.cif,11.510543
262-GeC-C_i_B-POSCAR2-Charged-1.cif,11.46580984
262-GeC-C_i_B-POSCAR3-Charged-1.cif,11.41115022
163-GaN-N_i_B-POSCAR47-Charged-1.cif,11.40630812
163-GaN-N_i_B-POSCAR9-Charged-1.cif,11.39473858
262-GeC-C_i_B-POSCAR4-Charged-1.cif,11.38667729
262-GeC-C_i_B-POSCAR6-Charged-1.cif,11.37675815
163-GaN-N_i_B-POSCAR10-Charged-1.cif,11.37656541
262-GeC-C_i_B-POSCAR5-Charged-1.cif,11.36988348
163-GaN-N_i_B-POSCAR48-Charged-1.cif,11.36456082
163-GaN-N_i_B-POSCAR30-Charged-1.cif,11.35907002
163-GaN-N_i_B-POSCAR11-Charged-1.cif,11.35602567
163-GaN-N_i_B-POSCAR29-Charged-1.cif,11.35538366
163-GaN-N_i_B-POSCAR12-Charged-1.cif,11.34211521
262-GeC-C_i_B-POSCAR19-Charged-1.cif,11.34044554
262-GeC-C_i_B-POSCAR17-Charged-1.cif,11.33947028
163-GaN-N_i_B-POSCAR15-Charged-1.cif,11.33827575
163-GaN-N_i_B-POSCAR28-Charged-1.cif,11.33785378
262-GeC-C_i_B-POSCAR25-Charged-1.cif,11.33684616
262-GeC-C_i_B-POSCAR18-Charged-1.cif,11.3361656
163-GaN-N_i_B-POSCAR13-Charged-1.cif,11.33594204
262-GeC-C_i_B-POSCAR27-Charged-1.cif,11.33499632
262-GeC-C_i_B-POSCAR23-Charged-1.cif,11.33318161
262-GeC-C_i_B-POSCAR28-Charged-1.cif,11.33289592
163-GaN-N_i_B-POSCAR16-Charged-1.cif,11.33088512
163-GaN-N_i_B-POSCAR17-Charged-1.cif,11.330277
262-GeC-C_i_B-POSCAR54-Charged-1.cif,11.33007844
262-GeC-C_i_B-POSCAR29-Charged-1.cif,11.33004976
262-GeC-C_i_B-POSCAR63-Charged-1.cif,11.33004766
262-GeC-C_i_B-POSCAR55-Charged-1.cif,11.33000013
262-GeC-C_i_B-POSCAR67-Charged-1.cif,11.33
262-GeC-C_i_B-POSCAR53-Charged-1.cif,11.32998027
262-GeC-C_i_B-POSCAR60-Charged-1.cif,11.32987771
262-GeC-C_i_B-POSCAR64-Charged-1.cif,11.32987292
163-GaN-N_i_B-POSCAR19-Charged-1.cif,11.32983846
163-GaN-N_i_B-POSCAR26-Charged-1.cif,11.32978805
262-GeC-C_i_B-POSCAR65-Charged-1.cif,11.32975751
262-GeC-C_i_B-POSCAR66-Charged-1.cif,11.32967192
163-GaN-N_i_B-POSCAR18-Charged-1.cif,11.32956459
262-GeC-C_i_B-POSCAR56-Charged-1.cif,11.32939969
262-GeC-C_i_B-POSCAR62-Charged-1.cif,11.32921806
262-GeC-C_i_B-POSCAR59-Charged-1.cif,11.32902756
262-GeC-C_i_B-POSCAR48-Charged-1.cif,11.32899421
262-GeC-C_i_B-POSCAR57-Charged-1.cif,11.32882554
262-GeC-C_i_B-POSCAR61-Charged-1.cif,11.32870825
163-GaN-N_i_B-POSCAR49-Charged-1.cif,11.32870737
262-GeC-C_i_B-POSCAR58-Charged-1.cif,11.32824529
262-GeC-C_i_B-POSCAR45-Charged-1.cif,11.32798571
262-GeC-C_i_B-POSCAR52-Charged-1.cif,11.32769823
262-GeC-C_i_B-POSCAR47-Charged-1.cif,11.32769043
262-GeC-C_i_B-POSCAR42-Charged-1.cif,11.32754091
262-GeC-C_i_B-POSCAR46-Charged-1.cif,11.32750282
262-GeC-C_i_B-POSCAR41-Charged-1.cif,11.32743854
262-GeC-C_i_B-POSCAR22-Charged-1.cif,11.32711032
262-GeC-C_i_B-POSCAR38-Charged-1.cif,11.32704307
262-GeC-C_i_B-POSCAR37-Charged-1.cif,11.32688961
262-GeC-C_i_B-POSCAR36-Charged-1.cif,11.32684632
262-GeC-C_i_B-POSCAR40-Charged-1.cif,11.32674486
262-GeC-C_i_B-POSCAR30-Charged-1.cif,11.32650198
163-GaN-N_i_B-POSCAR24-Charged-1.cif,11.32648562
262-GeC-C_i_B-POSCAR35-Charged-1.cif,11.32635357
163-GaN-N_i_B-POSCAR25-Charged-1.cif,11.32612556
262-GeC-C_i_B-POSCAR34-Charged-1.cif,11.32563566
262-GeC-C_i_B-POSCAR49-Charged-1.cif,11.32555257
262-GeC-C_i_B-POSCAR50-Charged-1.cif,11.32552164
262-GeC-C_i_B-POSCAR33-Charged-1.cif,11.32510481
262-GeC-C_i_B-POSCAR43-Charged-1.cif,11.32498096
163-GaN-N_i_B-POSCAR20-Charged-1.cif,11.32473113
262-GeC-C_i_B-POSCAR51-Charged-1.cif,11.32440102
163-GaN-N_i_B-POSCAR23-Charged-1.cif,11.32397572
262-GeC-C_i_B-POSCAR44-Charged-1.cif,11.32361437
262-GeC-C_i_B-POSCAR32-Charged-1.cif,11.32356968
262-GeC-C_i_B-POSCAR16-Charged-1.cif,11.3231387
163-GaN-N_i_B-POSCAR21-Charged-1.cif,11.32297596
262-GeC-C_i_B-POSCAR26-Charged-1.cif,11.32282985
262-GeC-C_i_B-POSCAR31-Charged-1.cif,11.32150602
262-GeC-C_i_B-POSCAR21-Charged-1.cif,11.32074846
262-GeC-C_i_B-POSCAR24-Charged-1.cif,11.31913871
163-GaN-N_i_B-POSCAR50-Charged-1.cif,11.31881405
262-GeC-C_i_B-POSCAR10-Charged-1.cif,11.3183019
262-GeC-C_i_B-POSCAR39-Charged-1.cif,11.31742579
262-GeC-C_i_B-POSCAR9-Charged-1.cif,11.31717687
262-GeC-C_i_B-POSCAR8-Charged-1.cif,11.31714074
262-GeC-C_i_B-POSCAR11-Charged-1.cif,11.31617968
163-GaN-N_i_B-POSCAR22-Charged-1.cif,11.31611331
163-GaN-N_i_B-POSCAR51-Charged-1.cif,11.31595398
163-GaN-N_i_B-POSCAR54-Charged-1.cif,11.31592275
163-GaN-N_i_B-POSCAR55-Charged-1.cif,11.31580855
163-GaN-N_i_B-POSCAR52-Charged-1.cif,11.31544927
163-GaN-N_i_B-POSCAR53-Charged-1.cif,11.31540731
163-GaN-N_i_B-POSCAR56-Charged-1.cif,11.31520942
163-GaN-N_i_B-POSCAR58-Charged-1.cif,11.31425874
262-GeC-C_i_B-POSCAR20-Charged-1.cif,11.31349901
163-GaN-N_i_B-POSCAR57-Charged-1.cif,11.3134724
163-GaN-N_i_B-POSCAR59-Charged-1.cif,11.31342015
163-GaN-N_i_B-POSCAR60-Charged-1.cif,11.31328077
163-GaN-N_i_B-POSCAR14-Charged-1.cif,11.31327999
163-GaN-N_i_B-POSCAR61-Charged-1.cif,11.31327751
163-GaN-N_i_B-POSCAR62-Charged-1.cif,11.31207546
163-GaN-N_i_B-POSCAR64-Charged-1.cif,11.31191171
163-GaN-N_i_B-POSCAR63-Charged-1.cif,11.31189783
163-GaN-N_i_B-POSCAR66-Charged-1.cif,11.31158912
163-GaN-N_i_B-POSCAR67-Charged-1.cif,11.3113776
163-GaN-N_i_B-POSCAR65-Charged-1.cif,11.31118288
163-GaN-N_i_B-POSCAR68-Charged-1.cif,11.3111318
163-GaN-N_i_B-POSCAR70-Charged-1.cif,11.31070502
163-GaN-N_i_B-POSCAR69-Charged-1.cif,11.31066562
163-GaN-N_i_B-POSCAR71-Charged-1.cif,11.31051754
163-GaN-N_i_B-POSCAR72-Charged-1.cif,11.31047349
163-GaN-N_i_B-POSCAR73-Charged-1.cif,11.31036076
163-GaN-N_i_B-POSCAR74-Charged-1.cif,11.31009496
163-GaN-N_i_B-POSCAR76-Charged-1.cif,11.31
163-GaN-N_i_B-POSCAR75-Charged-1.cif,11.30993347
262-GeC-C_i_B-POSCAR12-Charged-1.cif,11.30209249
262-GeC-C_i_B-POSCAR15-Charged-1.cif,11.29467634
163-GaN-N_i_B-POSCAR27-Charged-1.cif,11.29420676
262-GeC-C_i_B-POSCAR7-Charged-1.cif,11.29373594
262-GeC-C_i_B-POSCAR13-Charged-1.cif,11.29150672
262-GeC-C_i_B-POSCAR14-Charged-1.cif,11.28379432
94-BP-P_i_neut-POSCAR0-Charged-1.cif,11.16469166
94-BP-P_i_neut-POSCAR1-Charged-1.cif,11.15343876
94-BP-P_i_neut-POSCAR2-Charged-1.cif,11.14885287
94-BP-P_i_neut-POSCAR3-Charged-1.cif,11.14534612
94-BP-P_i_neut-POSCAR4-Charged-1.cif,11.1421669
94-BP-P_i_neut-POSCAR5-Charged-1.cif,11.14
124-AlN-N_i_neut-POSCAR0-Charged-1.cif,11.12033509
113-BSb-Sb_i_B-POSCAR0-Charged-1.cif,10.97249296
113-BSb-Sb_i_B-POSCAR1-Charged-1.cif,10.96130585
113-BSb-Sb_i_B-POSCAR2-Charged-1.cif,10.95658247
113-BSb-Sb_i_B-POSCAR3-Charged-1.cif,10.95
163-GaN-N_i_B-POSCAR31-Charged-1.cif,10.84651311
124-AlN-N_i_neut-POSCAR2-Charged-1.cif,10.82955185
124-AlN-N_i_neut-POSCAR3-Charged-1.cif,10.75239831
124-AlN-N_i_neut-POSCAR4-Charged-1.cif,10.71798405
124-AlN-N_i_neut-POSCAR5-Charged-1.cif,10.70775284
124-AlN-N_i_neut-POSCAR6-Charged-1.cif,10.7039161
124-AlN-N_i_neut-POSCAR7-Charged-1.cif,10.69921767
124-AlN-N_i_neut-POSCAR8-Charged-1.cif,10.69404333
124-AlN-N_i_neut-POSCAR12-Charged-1.cif,10.68955993
124-AlN-N_i_neut-POSCAR11-Charged-1.cif,10.68945527
124-AlN-N_i_neut-POSCAR13-Charged-1.cif,10.68756005
124-AlN-N_i_neut-POSCAR10-Charged-1.cif,10.68678595
124-AlN-N_i_neut-POSCAR9-Charged-1.cif,10.68573774
124-AlN-N_i_neut-POSCAR14-Charged-1.cif,10.68423607
124-AlN-N_i_neut-POSCAR15-Charged-1.cif,10.68
261-GeC-C_i_A-POSCAR0-Charged-1.cif,10.65526307
115-AlN-V_Al-POSCAR0-Charged-1.cif,10.59463763
104-BAs-As_i_neut-POSCAR0-Charged-1.cif,10.56781675
261-GeC-C_i_A-POSCAR1-Charged-1.cif,10.54819495
115-AlN-V_Al-POSCAR1-Charged-1.cif,10.5401094
104-BAs-As_i_neut-POSCAR1-Charged-1.cif,10.53416322
104-BAs-As_i_neut-POSCAR2-Charged-1.cif,10.52411585
104-BAs-As_i_neut-POSCAR3-Charged-1.cif,10.51720126
104-BAs-As_i_neut-POSCAR4-Charged-1.cif,10.51279577
104-BAs-As_i_neut-POSCAR5-Charged-1.cif,10.51
261-GeC-C_i_A-POSCAR2-Charged-1.cif,10.4915428
261-GeC-C_i_A-POSCAR3-Charged-1.cif,10.48274919
261-GeC-C_i_A-POSCAR4-Charged-1.cif,10.4803408
261-GeC-C_i_A-POSCAR5-Charged-1.cif,10.48
115-AlN-V_Al-POSCAR2-Charged-1.cif,10.47154694
115-AlN-V_Al-POSCAR3-Charged-1.cif,10.47
162-GaN-N_i_A-POSCAR0-Charged-1.cif,10.35574085
164-GaN-N_i_neut-POSCAR0-Charged-1.cif,10.29688132
76-BN-V_N-POSCAR1-Charged-1.cif,10.29243137
76-BN-V_N-POSCAR0-Charged-1.cif,10.27583118
263-GeC-C_i_neut-POSCAR0-Charged-1.cif,10.24563024
263-GeC-C_i_neut-POSCAR1-Charged-1.cif,10.24203167
263-GeC-C_i_neut-POSCAR2-Charged-1.cif,10.2409097
263-GeC-C_i_neut-POSCAR3-Charged-1.cif,10.24
162-GaN-N_i_A-POSCAR1-Charged-1.cif,10.20108821
76-BN-V_N-POSCAR2-Charged-1.cif,10.17955154
76-BN-V_N-POSCAR3-Charged-1.cif,10.17723458
76-BN-V_N-POSCAR4-Charged-1.cif,10.17079591
76-BN-V_N-POSCAR5-Charged-1.cif,10.17
164-GaN-N_i_neut-POSCAR1-Charged-1.cif,10.1642306
162-GaN-N_i_A-POSCAR2-Charged-1.cif,10.11574014
162-GaN-N_i_A-POSCAR3-Charged-1.cif,10.08721838
162-GaN-N_i_A-POSCAR5-Charged-1.cif,10.08095465
162-GaN-N_i_A-POSCAR4-Charged-1.cif,10.07516328
162-GaN-N_i_A-POSCAR6-Charged-1.cif,10.07195917
162-GaN-N_i_A-POSCAR7-Charged-1.cif,10.06658069
162-GaN-N_i_A-POSCAR11-Charged-1.cif,10.05655906
162-GaN-N_i_A-POSCAR9-Charged-1.cif,10.05596226
162-GaN-N_i_A-POSCAR10-Charged-1.cif,10.05588813
162-GaN-N_i_A-POSCAR8-Charged-1.cif,10.05545206
162-GaN-N_i_A-POSCAR12-Charged-1.cif,10.03598479
112-BSb-Sb_i_A-POSCAR0-Charged-1.cif,10.0344613
112-BSb-Sb_i_A-POSCAR1-Charged-1.cif,10.03187507
112-BSb-Sb_i_A-POSCAR2-Charged-1.cif,10.03
162-GaN-N_i_A-POSCAR13-Charged-1.cif,10.02807939
162-GaN-N_i_A-POSCAR14-Charged-1.cif,10.02173534
162-GaN-N_i_A-POSCAR15-Charged-1.cif,10.02055122
162-GaN-N_i_A-POSCAR16-Charged-1.cif,10.02040938
162-GaN-N_i_A-POSCAR17-Charged-1.cif,10.02038761
162-GaN-N_i_A-POSCAR18-Charged-1.cif,10.02
164-GaN-N_i_neut-POSCAR2-Charged-1.cif,9.95999175
164-GaN-N_i_neut-POSCAR3-Charged-1.cif,9.88482662
164-GaN-N_i_neut-POSCAR4-Charged-1.cif,9.84727024
164-GaN-N_i_neut-POSCAR5-Charged-1.cif,9.79568776
164-GaN-N_i_neut-POSCAR6-Charged-1.cif,9.77464904
164-GaN-N_i_neut-POSCAR7-Charged-1.cif,9.76276461
164-GaN-N_i_neut-POSCAR9-Charged-1.cif,9.75577754
164-GaN-N_i_neut-POSCAR8-Charged-1.cif,9.75454675
164-GaN-N_i_neut-POSCAR10-Charged-1.cif,9.75138805
164-GaN-N_i_neut-POSCAR11-Charged-1.cif,9.746663
164-GaN-N_i_neut-POSCAR12-Charged-1.cif,9.74409697
164-GaN-N_i_neut-POSCAR13-Charged-1.cif,9.74146304
164-GaN-N_i_neut-POSCAR14-Charged-1.cif,9.74067494
164-GaN-N_i_neut-POSCAR15-Charged-1.cif,9.74
272-SnC-C_i_B-POSCAR0-Charged-1.cif,9.71497784
272-SnC-C_i_B-POSCAR1-Charged-1.cif,9.71189393
272-SnC-C_i_B-POSCAR2-Charged-1.cif,9.71186712
272-SnC-C_i_B-POSCAR3-Charged-1.cif,9.71131917
272-SnC-C_i_B-POSCAR4-Charged-1.cif,9.70978883
272-SnC-C_i_B-POSCAR5-Charged-1.cif,9.70723951
272-SnC-C_i_B-POSCAR7-Charged-1.cif,9.70416727
272-SnC-C_i_B-POSCAR6-Charged-1.cif,9.70370698
272-SnC-C_i_B-POSCAR8-Charged-1.cif,9.70227306
272-SnC-C_i_B-POSCAR9-Charged-1.cif,9.70220782
272-SnC-C_i_B-POSCAR10-Charged-1.cif,9.7020121
272-SnC-C_i_B-POSCAR11-Charged-1.cif,9.70161868
272-SnC-C_i_B-POSCAR12-Charged-1.cif,9.70082576
272-SnC-C_i_B-POSCAR13-Charged-1.cif,9.69922448
272-SnC-C_i_B-POSCAR20-Charged-1.cif,9.69875539
272-SnC-C_i_B-POSCAR14-Charged-1.cif,9.69606354
272-SnC-C_i_B-POSCAR16-Charged-1.cif,9.69285773
272-SnC-C_i_B-POSCAR15-Charged-1.cif,9.69075173
272-SnC-C_i_B-POSCAR17-Charged-1.cif,9.68890293
272-SnC-C_i_B-POSCAR18-Charged-1.cif,9.68210752
272-SnC-C_i_B-POSCAR19-Charged-1.cif,9.66848322
272-SnC-C_i_B-POSCAR21-Charged-1.cif,9.66732487
272-SnC-C_i_B-POSCAR22-Charged-1.cif,9.65324888
272-SnC-C_i_B-POSCAR23-Charged-1.cif,9.61679008
272-SnC-C_i_B-POSCAR25-Charged-1.cif,9.59249765
272-SnC-C_i_B-POSCAR24-Charged-1.cif,9.57077492
272-SnC-C_i_B-POSCAR26-Charged-1.cif,9.5608734
272-SnC-C_i_B-POSCAR27-Charged-1.cif,9.5285621
272-SnC-C_i_B-POSCAR28-Charged-1.cif,9.42282359
114-BSb-Sb_i_neut-POSCAR0-Charged-1.cif,9.21442504
114-BSb-Sb_i_neut-POSCAR1-Charged-1.cif,9.20737451
114-BSb-Sb_i_neut-POSCAR2-Charged-1.cif,9.20542332
114-BSb-Sb_i_neut-POSCAR3-Charged-1.cif,9.20369439
114-BSb-Sb_i_neut-POSCAR4-Charged-1.cif,9.20217762
114-BSb-Sb_i_neut-POSCAR5-Charged-1.cif,9.20106587
75-BN-V_B-POSCAR1-Charged-1.cif,9.20082423
114-BSb-Sb_i_neut-POSCAR6-Charged-1.cif,9.2
272-SnC-C_i_B-POSCAR29-Charged-1.cif,9.18216772
100-BAs-B_i_B-POSCAR0-Charged-1.cif,9.16249505
100-BAs-B_i_B-POSCAR1-Charged-1.cif,9.16
42-CdO-O_Cd-POSCAR0-Charged-1.cif,9.14
75-BN-V_B-POSCAR0-Charged-1.cif,9.0828248
272-SnC-C_i_B-POSCAR30-Charged-1.cif,9.0391646
272-SnC-C_i_B-POSCAR31-Charged-1.cif,8.99857498
75-BN-V_B-POSCAR3-Charged-1.cif,8.99215516
75-BN-V_B-POSCAR2-Charged-1.cif,8.9920528
75-BN-V_B-POSCAR4-Charged-1.cif,8.99
90-BP-B_i_B-POSCAR0-Charged-1.cif,8.97343127
90-BP-B_i_B-POSCAR1-Charged-1.cif,8.97
272-SnC-C_i_B-POSCAR32-Charged-1.cif,8.94740165
272-SnC-C_i_B-POSCAR33-Charged-1.cif,8.91315423
272-SnC-C_i_B-POSCAR34-Charged-1.cif,8.89034567
198-InN-N_In-POSCAR0-Charged-1.cif,8.88514343
198-InN-N_In-POSCAR1-Charged-1.cif,8.86849982
198-InN-N_In-POSCAR2-Charged-1.cif,8.86290104
198-InN-N_In-POSCAR3-Charged-1.cif,8.86
272-SnC-C_i_B-POSCAR35-Charged-1.cif,8.82067485
272-SnC-C_i_B-POSCAR36-Charged-1.cif,8.63040513
235-C-V_C-POSCAR1-Charged-1.cif,8.56373497
89-BP-B_i_A-POSCAR0-Charged-1.cif,8.51930644
89-BP-B_i_A-POSCAR1-Charged-1.cif,8.51096
89-BP-B_i_A-POSCAR2-Charged-1.cif,8.51
235-C-V_C-POSCAR0-Charged-1.cif,8.4930895
12-ZnS-S_Zn-POSCAR0-Charged-1.cif,8.46470425
235-C-V_C-POSCAR3-Charged-1.cif,8.46342003
235-C-V_C-POSCAR2-Charged-1.cif,8.46138849
235-C-V_C-POSCAR4-Charged-1.cif,8.46
247-SiC-V_Si-POSCAR0-Charged-1.cif,8.4206936
247-SiC-V_Si-POSCAR1-Charged-1.cif,8.41054159
247-SiC-V_Si-POSCAR2-Charged-1.cif,8.38083845
247-SiC-V_Si-POSCAR3-Charged-1.cif,8.38
20-ZnS-S_i_neut-POSCAR0-Charged-1.cif,8.3665783
272-SnC-C_i_B-POSCAR37-Charged-1.cif,8.34228891
12-ZnS-S_Zn-POSCAR1-Charged-1.cif,8.30838439
155-GaN-V_Ga-POSCAR0-Charged-1.cif,8.24694762
12-ZnS-S_Zn-POSCAR2-Charged-1.cif,8.23895409
12-ZnS-S_Zn-POSCAR3-Charged-1.cif,8.2009252
9-ZnO-O_i_B-POSCAR39-Charged-1.cif,8.18964541
272-SnC-C_i_B-POSCAR38-Charged-1.cif,8.18121511
20-ZnS-S_i_neut-POSCAR1-Charged-1.cif,8.18007904
155-GaN-V_Ga-POSCAR1-Charged-1.cif,8.17882887
9-ZnO-O_i_B-POSCAR0-Charged-1.cif,8.16860145
272-SnC-C_i_B-POSCAR39-Charged-1.cif,8.16396271
9-ZnO-O_i_B-POSCAR4-Charged-1.cif,8.16134543
22-ZnSe-Se_Zn-POSCAR0-Charged-1.cif,8.16011506
12-ZnS-S_Zn-POSCAR4-Charged-1.cif,8.1579177
9-ZnO-O_i_B-POSCAR1-Charged-1.cif,8.15772489
9-ZnO-O_i_B-POSCAR2-Charged-1.cif,8.15507959
9-ZnO-O_i_B-POSCAR8-Charged-1.cif,8.15389901
155-GaN-V_Ga-POSCAR2-Charged-1.cif,8.15302206
155-GaN-V_Ga-POSCAR3-Charged-1.cif,8.1511148
155-GaN-V_Ga-POSCAR4-Charged-1.cif,8.15
9-ZnO-O_i_B-POSCAR5-Charged-1.cif,8.14751598
9-ZnO-O_i_B-POSCAR12-Charged-1.cif,8.1443867
9-ZnO-O_i_B-POSCAR6-Charged-1.cif,8.14426783
20-ZnS-S_i_neut-POSCAR2-Charged-1.cif,8.14228536
9-ZnO-O_i_B-POSCAR44-Charged-1.cif,8.14200781
9-ZnO-O_i_B-POSCAR3-Charged-1.cif,8.14164515
9-ZnO-O_i_B-POSCAR9-Charged-1.cif,8.14086953
18-ZnS-S_i_A-POSCAR0-Charged-1.cif,8.13862823
9-ZnO-O_i_B-POSCAR43-Charged-1.cif,8.13765042
12-ZnS-S_Zn-POSCAR5-Charged-1.cif,8.13648981
9-ZnO-O_i_B-POSCAR10-Charged-1.cif,8.13641696
9-ZnO-O_i_B-POSCAR45-Charged-1.cif,8.13300634
9-ZnO-O_i_B-POSCAR13-Charged-1.cif,8.13272572
9-ZnO-O_i_B-POSCAR16-Charged-1.cif,8.13212638
9-ZnO-O_i_B-POSCAR7-Charged-1.cif,8.13080622
9-ZnO-O_i_B-POSCAR42-Charged-1.cif,8.1306602
9-ZnO-O_i_B-POSCAR14-Charged-1.cif,8.12679562
9-ZnO-O_i_B-POSCAR41-Charged-1.cif,8.12653722
9-ZnO-O_i_B-POSCAR11-Charged-1.cif,8.12268864
9-ZnO-O_i_B-POSCAR17-Charged-1.cif,8.1214256
20-ZnS-S_i_neut-POSCAR3-Charged-1.cif,8.120607
20-ZnS-S_i_neut-POSCAR4-Charged-1.cif,8.12026976
9-ZnO-O_i_B-POSCAR46-Charged-1.cif,8.11954218
9-ZnO-O_i_B-POSCAR20-Charged-1.cif,8.11832808
20-ZnS-S_i_neut-POSCAR7-Charged-1.cif,8.1172417
9-ZnO-O_i_B-POSCAR18-Charged-1.cif,8.11407783
9-ZnO-O_i_B-POSCAR40-Charged-1.cif,8.11361528
12-ZnS-S_Zn-POSCAR6-Charged-1.cif,8.11334163
9-ZnO-O_i_B-POSCAR15-Charged-1.cif,8.1128517
9-ZnO-O_i_B-POSCAR47-Charged-1.cif,8.11164828
20-ZnS-S_i_neut-POSCAR8-Charged-1.cif,8.11129984
20-ZnS-S_i_neut-POSCAR11-Charged-1.cif,8.11051674
20-ZnS-S_i_neut-POSCAR10-Charged-1.cif,8.1103755
20-ZnS-S_i_neut-POSCAR12-Charged-1.cif,8.11
20-ZnS-S_i_neut-POSCAR9-Charged-1.cif,8.10999543
20-ZnS-S_i_neut-POSCAR5-Charged-1.cif,8.10867953
9-ZnO-O_i_B-POSCAR21-Charged-1.cif,8.10779927
20-ZnS-S_i_neut-POSCAR6-Charged-1.cif,8.10663821
9-ZnO-O_i_B-POSCAR24-Charged-1.cif,8.10248553
12-ZnS-S_Zn-POSCAR7-Charged-1.cif,8.10238974
9-ZnO-O_i_B-POSCAR19-Charged-1.cif,8.09981274
9-ZnO-O_i_B-POSCAR22-Charged-1.cif,8.09941041
9-ZnO-O_i_B-POSCAR48-Charged-1.cif,8.09915373
12-ZnS-S_Zn-POSCAR8-Charged-1.cif,8.09120915
22-ZnSe-Se_Zn-POSCAR1-Charged-1.cif,8.09033078
9-ZnO-O_i_B-POSCAR49-Charged-1.cif,8.08950944
9-ZnO-O_i_B-POSCAR50-Charged-1.cif,8.08827336
9-ZnO-O_i_B-POSCAR25-Charged-1.cif,8.08771529
9-ZnO-O_i_B-POSCAR51-Charged-1.cif,8.08672204
12-ZnS-S_Zn-POSCAR15-Charged-1.cif,8.08617689
12-ZnS-S_Zn-POSCAR14-Charged-1.cif,8.08504065
9-ZnO-O_i_B-POSCAR23-Charged-1.cif,8.08455638
12-ZnS-S_Zn-POSCAR16-Charged-1.cif,8.08442377
12-ZnS-S_Zn-POSCAR9-Charged-1.cif,8.08400938
9-ZnO-O_i_B-POSCAR52-Charged-1.cif,8.08394953
12-ZnS-S_Zn-POSCAR13-Charged-1.cif,8.08299552
9-ZnO-O_i_B-POSCAR68-Charged-1.cif,8.08245729
9-ZnO-O_i_B-POSCAR67-Charged-1.cif,8.08227278
9-ZnO-O_i_B-POSCAR69-Charged-1.cif,8.08193982
9-ZnO-O_i_B-POSCAR28-Charged-1.cif,8.08152377
12-ZnS-S_Zn-POSCAR17-Charged-1.cif,8.08121289
9-ZnO-O_i_B-POSCAR70-Charged-1.cif,8.08109403
9-ZnO-O_i_B-POSCAR26-Charged-1.cif,8.0809533
29-ZnSe-Se_i_B-POSCAR0-Charged-1.cif,8.08073907
9-ZnO-O_i_B-POSCAR53-Charged-1.cif,8.08062791
12-ZnS-S_Zn-POSCAR11-Charged-1.cif,8.08053212
9-ZnO-O_i_B-POSCAR76-Charged-1.cif,8.08
9-ZnO-O_i_B-POSCAR66-Charged-1.cif,8.07940133
12-ZnS-S_Zn-POSCAR23-Charged-1.cif,8.07921757
9-ZnO-O_i_B-POSCAR71-Charged-1.cif,8.07891811
9-ZnO-O_i_B-POSCAR75-Charged-1.cif,8.0788359
12-ZnS-S_Zn-POSCAR10-Charged-1.cif,8.07880734
9-ZnO-O_i_B-POSCAR54-Charged-1.cif,8.07871023
12-ZnS-S_Zn-POSCAR24-Charged-1.cif,8.07869783
12-ZnS-S_Zn-POSCAR12-Charged-1.cif,8.07847222
9-ZnO-O_i_B-POSCAR65-Charged-1.cif,8.07843828
12-ZnS-S_Zn-POSCAR18-Charged-1.cif,8.07838915
9-ZnO-O_i_B-POSCAR72-Charged-1.cif,8.07787749
9-ZnO-O_i_B-POSCAR61-Charged-1.cif,8.07787446
9-ZnO-O_i_B-POSCAR73-Charged-1.cif,8.07777358
12-ZnS-S_Zn-POSCAR22-Charged-1.cif,8.07775615
9-ZnO-O_i_B-POSCAR74-Charged-1.cif,8.07752682
12-ZnS-S_Zn-POSCAR21-Charged-1.cif,8.07698813
12-ZnS-S_Zn-POSCAR25-Charged-1.cif,8.07677379
12-ZnS-S_Zn-POSCAR19-Charged-1.cif,8.07665139
9-ZnO-O_i_B-POSCAR55-Charged-1.cif,8.07580042
9-ZnO-O_i_B-POSCAR62-Charged-1.cif,8.07575073
9-ZnO-O_i_B-POSCAR63-Charged-1.cif,8.07553598
9-ZnO-O_i_B-POSCAR64-Charged-1.cif,8.07540709
12-ZnS-S_Zn-POSCAR20-Charged-1.cif,8.07533348
12-ZnS-S_Zn-POSCAR28-Charged-1.cif,8.07435115
12-ZnS-S_Zn-POSCAR26-Charged-1.cif,8.07403912
9-ZnO-O_i_B-POSCAR56-Charged-1.cif,8.07386578
9-ZnO-O_i_B-POSCAR57-Charged-1.cif,8.07357055
12-ZnS-S_Zn-POSCAR27-Charged-1.cif,8.0734725
9-ZnO-O_i_B-POSCAR58-Charged-1.cif,8.07327912
12-ZnS-S_Zn-POSCAR29-Charged-1.cif,8.0728988
9-ZnO-O_i_B-POSCAR59-Charged-1.cif,8.07260246
9-ZnO-O_i_B-POSCAR60-Charged-1.cif,8.07211222
12-ZnS-S_Zn-POSCAR32-Charged-1.cif,8.07176357
12-ZnS-S_Zn-POSCAR30-Charged-1.cif,8.07146999
12-ZnS-S_Zn-POSCAR33-Charged-1.cif,8.07135375
12-ZnS-S_Zn-POSCAR31-Charged-1.cif,8.07130855
12-ZnS-S_Zn-POSCAR34-Charged-1.cif,8.07
9-ZnO-O_i_B-POSCAR27-Charged-1.cif,8.06457384
9-ZnO-O_i_B-POSCAR29-Charged-1.cif,8.06401221
9-ZnO-O_i_B-POSCAR30-Charged-1.cif,8.05813675
9-ZnO-O_i_B-POSCAR38-Charged-1.cif,8.05369214
9-ZnO-O_i_B-POSCAR32-Charged-1.cif,8.05256476
22-ZnSe-Se_Zn-POSCAR2-Charged-1.cif,8.05008728
22-ZnSe-Se_Zn-POSCAR3-Charged-1.cif,8.04504448
9-ZnO-O_i_B-POSCAR31-Charged-1.cif,8.04005564
22-ZnSe-Se_Zn-POSCAR4-Charged-1.cif,8.04
9-ZnO-O_i_B-POSCAR33-Charged-1.cif,8.03391092
9-ZnO-O_i_B-POSCAR34-Charged-1.cif,8.02912602
18-ZnS-S_i_A-POSCAR1-Charged-1.cif,8.0181863
272-SnC-C_i_B-POSCAR40-Charged-1.cif,8.01303437
9-ZnO-O_i_B-POSCAR36-Charged-1.cif,8.01273628
9-ZnO-O_i_B-POSCAR35-Charged-1.cif,8.01003807
29-ZnSe-Se_i_B-POSCAR1-Charged-1.cif,7.97931182
18-ZnS-S_i_A-POSCAR2-Charged-1.cif,7.97830617
18-ZnS-S_i_A-POSCAR3-Charged-1.cif,7.95887376
9-ZnO-O_i_B-POSCAR37-Charged-1.cif,7.95472446
18-ZnS-S_i_A-POSCAR7-Charged-1.cif,7.94
18-ZnS-S_i_A-POSCAR6-Charged-1.cif,7.93988065
29-ZnSe-Se_i_B-POSCAR2-Charged-1.cif,7.93967456
199-InN-In_i_A-POSCAR0-Charged-1.cif,7.93903439
18-ZnS-S_i_A-POSCAR5-Charged-1.cif,7.9355788
18-ZnS-S_i_A-POSCAR4-Charged-1.cif,7.93278973
199-InN-In_i_A-POSCAR1-Charged-1.cif,7.93175493
199-InN-In_i_A-POSCAR2-Charged-1.cif,7.93
157-GaN-Ga_N-POSCAR0-Charged-1.cif,7.91387505
133-AlP-P_i_B-POSCAR0-Charged-1.cif,7.91149073
29-ZnSe-Se_i_B-POSCAR3-Charged-1.cif,7.89573949
29-ZnSe-Se_i_B-POSCAR4-Charged-1.cif,7.88423308
29-ZnSe-Se_i_B-POSCAR6-Charged-1.cif,7.8743709
29-ZnSe-Se_i_B-POSCAR5-Charged-1.cif,7.87435072
29-ZnSe-Se_i_B-POSCAR68-Charged-1.cif,7.87126588
29-ZnSe-Se_i_B-POSCAR74-Charged-1.cif,7.87090917
29-ZnSe-Se_i_B-POSCAR69-Charged-1.cif,7.87039567
29-ZnSe-Se_i_B-POSCAR70-Charged-1.cif,7.8703305
29-ZnSe-Se_i_B-POSCAR77-Charged-1.cif,7.87002254
29-ZnSe-Se_i_B-POSCAR79-Charged-1.cif,7.87
29-ZnSe-Se_i_B-POSCAR75-Charged-1.cif,7.86989153
29-ZnSe-Se_i_B-POSCAR76-Charged-1.cif,7.86958779
29-ZnSe-Se_i_B-POSCAR78-Charged-1.cif,7.86947128
29-ZnSe-Se_i_B-POSCAR66-Charged-1.cif,7.86911752
29-ZnSe-Se_i_B-POSCAR71-Charged-1.cif,7.86910854
29-ZnSe-Se_i_B-POSCAR48-Charged-1.cif,7.86905739
29-ZnSe-Se_i_B-POSCAR65-Charged-1.cif,7.86883571
29-ZnSe-Se_i_B-POSCAR72-Charged-1.cif,7.8687999
29-ZnSe-Se_i_B-POSCAR47-Charged-1.cif,7.86866199
29-ZnSe-Se_i_B-POSCAR50-Charged-1.cif,7.86849163
29-ZnSe-Se_i_B-POSCAR49-Charged-1.cif,7.86816485
29-ZnSe-Se_i_B-POSCAR9-Charged-1.cif,7.8674416
29-ZnSe-Se_i_B-POSCAR67-Charged-1.cif,7.86736377
29-ZnSe-Se_i_B-POSCAR62-Charged-1.cif,7.86726832
29-ZnSe-Se_i_B-POSCAR61-Charged-1.cif,7.86706285
29-ZnSe-Se_i_B-POSCAR73-Charged-1.cif,7.86703654
29-ZnSe-Se_i_B-POSCAR57-Charged-1.cif,7.86698035
29-ZnSe-Se_i_B-POSCAR64-Charged-1.cif,7.86692647
29-ZnSe-Se_i_B-POSCAR7-Charged-1.cif,7.86676065
29-ZnSe-Se_i_B-POSCAR58-Charged-1.cif,7.8667465
29-ZnSe-Se_i_B-POSCAR16-Charged-1.cif,7.86649498
29-ZnSe-Se_i_B-POSCAR51-Charged-1.cif,7.86637199
29-ZnSe-Se_i_B-POSCAR11-Charged-1.cif,7.86624953
29-ZnSe-Se_i_B-POSCAR21-Charged-1.cif,7.86590412
29-ZnSe-Se_i_B-POSCAR10-Charged-1.cif,7.865685
29-ZnSe-Se_i_B-POSCAR59-Charged-1.cif,7.86548336
29-ZnSe-Se_i_B-POSCAR63-Charged-1.cif,7.86546334
29-ZnSe-Se_i_B-POSCAR54-Charged-1.cif,7.8653626
29-ZnSe-Se_i_B-POSCAR56-Charged-1.cif,7.86523462
29-ZnSe-Se_i_B-POSCAR34-Charged-1.cif,7.86510753
29-ZnSe-Se_i_B-POSCAR27-Charged-1.cif,7.86510021
29-ZnSe-Se_i_B-POSCAR28-Charged-1.cif,7.86504793
29-ZnSe-Se_i_B-POSCAR53-Charged-1.cif,7.86491679
29-ZnSe-Se_i_B-POSCAR52-Charged-1.cif,7.86486237
29-ZnSe-Se_i_B-POSCAR22-Charged-1.cif,7.86471217
29-ZnSe-Se_i_B-POSCAR24-Charged-1.cif,7.86463868
29-ZnSe-Se_i_B-POSCAR17-Charged-1.cif,7.8645721
29-ZnSe-Se_i_B-POSCAR29-Charged-1.cif,7.86455416
29-ZnSe-Se_i_B-POSCAR19-Charged-1.cif,7.86452132
29-ZnSe-Se_i_B-POSCAR20-Charged-1.cif,7.86427821
29-ZnSe-Se_i_B-POSCAR30-Charged-1.cif,7.86402155
29-ZnSe-Se_i_B-POSCAR25-Charged-1.cif,7.86382702
29-ZnSe-Se_i_B-POSCAR60-Charged-1.cif,7.86380325
29-ZnSe-Se_i_B-POSCAR13-Charged-1.cif,7.86371706
29-ZnSe-Se_i_B-POSCAR55-Charged-1.cif,7.8635417
29-ZnSe-Se_i_B-POSCAR14-Charged-1.cif,7.86352209
29-ZnSe-Se_i_B-POSCAR36-Charged-1.cif,7.86289125
29-ZnSe-Se_i_B-POSCAR35-Charged-1.cif,7.86283028
29-ZnSe-Se_i_B-POSCAR12-Charged-1.cif,7.86277616
29-ZnSe-Se_i_B-POSCAR41-Charged-1.cif,7.86251024
29-ZnSe-Se_i_B-POSCAR32-Charged-1.cif,7.86162768
29-ZnSe-Se_i_B-POSCAR42-Charged-1.cif,7.86137375
29-ZnSe-Se_i_B-POSCAR18-Charged-1.cif,7.86115879
29-ZnSe-Se_i_B-POSCAR31-Charged-1.cif,7.86114626
29-ZnSe-Se_i_B-POSCAR23-Charged-1.cif,7.86062053
29-ZnSe-Se_i_B-POSCAR37-Charged-1.cif,7.86060938
29-ZnSe-Se_i_B-POSCAR26-Charged-1.cif,7.86057254
29-ZnSe-Se_i_B-POSCAR45-Charged-1.cif,7.85979062
29-ZnSe-Se_i_B-POSCAR43-Charged-1.cif,7.8595817
29-ZnSe-Se_i_B-POSCAR39-Charged-1.cif,7.85957684
29-ZnSe-Se_i_B-POSCAR15-Charged-1.cif,7.85854745
29-ZnSe-Se_i_B-POSCAR8-Charged-1.cif,7.85833211
29-ZnSe-Se_i_B-POSCAR33-Charged-1.cif,7.85770854
29-ZnSe-Se_i_B-POSCAR44-Charged-1.cif,7.8572719
29-ZnSe-Se_i_B-POSCAR46-Charged-1.cif,7.8561267
29-ZnSe-Se_i_B-POSCAR40-Charged-1.cif,7.85503621
133-AlP-P_i_B-POSCAR1-Charged-1.cif,7.85419848
29-ZnSe-Se_i_B-POSCAR38-Charged-1.cif,7.8525767
133-AlP-P_i_B-POSCAR2-Charged-1.cif,7.81910661
157-GaN-Ga_N-POSCAR1-Charged-1.cif,7.80451191
99-BAs-B_i_A-POSCAR0-Charged-1.cif,7.78919183
133-AlP-P_i_B-POSCAR3-Charged-1.cif,7.78869743
99-BAs-B_i_A-POSCAR1-Charged-1.cif,7.78242197
77-BN-B_N-POSCAR1-Charged-1.cif,7.78034679
99-BAs-B_i_A-POSCAR2-Charged-1.cif,7.78
272-SnC-C_i_B-POSCAR41-Charged-1.cif,7.7764053
157-GaN-Ga_N-POSCAR2-Charged-1.cif,7.77243584
272-SnC-C_i_B-POSCAR42-Charged-1.cif,7.77156922
157-GaN-Ga_N-POSCAR3-Charged-1.cif,7.77
133-AlP-P_i_B-POSCAR4-Charged-1.cif,7.76779837
133-AlP-P_i_B-POSCAR5-Charged-1.cif,7.76
19-ZnS-S_i_B-POSCAR0-Charged-1.cif,7.69120934
19-ZnS-S_i_B-POSCAR1-Charged-1.cif,7.69
273-SnC-C_i_neut-POSCAR0-Charged-1.cif,7.65350918
273-SnC-C_i_neut-POSCAR1-Charged-1.cif,7.65
132-AlP-P_i_A-POSCAR0-Charged-1.cif,7.64032585
110-BSb-B_i_B-POSCAR0-Charged-1.cif,7.63547338
172-GaP-P_i_A-POSCAR0-Charged-1.cif,7.63246113
110-BSb-B_i_B-POSCAR1-Charged-1.cif,7.63
91-BP-B_i_neut-POSCAR0-Charged-1.cif,7.62636151
272-SnC-C_i_B-POSCAR43-Charged-1.cif,7.62253469
91-BP-B_i_neut-POSCAR1-Charged-1.cif,7.62120658
173-GaP-P_i_B-POSCAR0-Charged-1.cif,7.62113574
91-BP-B_i_neut-POSCAR2-Charged-1.cif,7.62
173-GaP-P_i_B-POSCAR1-Charged-1.cif,7.60351625
173-GaP-P_i_B-POSCAR2-Charged-1.cif,7.6
271-SnC-C_i_A-POSCAR0-Charged-1.cif,7.5990976
172-GaP-P_i_A-POSCAR1-Charged-1.cif,7.58255485
272-SnC-C_i_B-POSCAR44-Charged-1.cif,7.5782525
132-AlP-P_i_A-POSCAR1-Charged-1.cif,7.569507
172-GaP-P_i_A-POSCAR2-Charged-1.cif,7.56372537
132-AlP-P_i_A-POSCAR2-Charged-1.cif,7.54910059
172-GaP-P_i_A-POSCAR3-Charged-1.cif,7.54157285
132-AlP-P_i_A-POSCAR3-Charged-1.cif,7.53
172-GaP-P_i_A-POSCAR4-Charged-1.cif,7.53
271-SnC-C_i_A-POSCAR1-Charged-1.cif,7.52472051
271-SnC-C_i_A-POSCAR2-Charged-1.cif,7.5087737
271-SnC-C_i_A-POSCAR3-Charged-1.cif,7.5
8-ZnO-O_i_A-POSCAR0-Charged-1.cif,7.48
77-BN-B_N-POSCAR0-Charged-1.cif,7.46973108
101-BAs-B_i_neut-POSCAR0-Charged-1.cif,7.45840781
10-ZnO-O_i_neut-POSCAR0-Charged-1.cif,7.45
272-SnC-C_i_B-POSCAR45-Charged-1.cif,7.4411928
39-ZnTe-Te_i_B-POSCAR0-Charged-1.cif,7.43498599
101-BAs-B_i_neut-POSCAR1-Charged-1.cif,7.43294208
101-BAs-B_i_neut-POSCAR2-Charged-1.cif,7.41842377
134-AlP-P_i_neut-POSCAR0-Charged-1.cif,7.41357102
30-ZnSe-Se_i_neut-POSCAR0-Charged-1.cif,7.40086362
101-BAs-B_i_neut-POSCAR3-Charged-1.cif,7.39896129
101-BAs-B_i_neut-POSCAR4-Charged-1.cif,7.39
39-ZnTe-Te_i_B-POSCAR1-Charged-1.cif,7.37439482
272-SnC-C_i_B-POSCAR46-Charged-1.cif,7.37194199
39-ZnTe-Te_i_B-POSCAR2-Charged-1.cif,7.3444296
134-AlP-P_i_neut-POSCAR1-Charged-1.cif,7.34424414
39-ZnTe-Te_i_B-POSCAR3-Charged-1.cif,7.33627935
272-SnC-C_i_B-POSCAR47-Charged-1.cif,7.32263681
39-ZnTe-Te_i_B-POSCAR4-Charged-1.cif,7.32
134-AlP-P_i_neut-POSCAR2-Charged-1.cif,7.31229329
204-InN-N_i_neut-POSCAR0-Charged-1.cif,7.30543752
52-CdS-S_Cd-POSCAR0-Charged-1.cif,7.3
134-AlP-P_i_neut-POSCAR3-Charged-1.cif,7.29535
204-InN-N_i_neut-POSCAR1-Charged-1.cif,7.29360596
30-ZnSe-Se_i_neut-POSCAR1-Charged-1.cif,7.29185514
134-AlP-P_i_neut-POSCAR4-Charged-1.cif,7.28328023
204-InN-N_i_neut-POSCAR2-Charged-1.cif,7.28295865
134-AlP-P_i_neut-POSCAR18-Charged-1.cif,7.27666431
134-AlP-P_i_neut-POSCAR15-Charged-1.cif,7.27658166
134-AlP-P_i_neut-POSCAR17-Charged-1.cif,7.27585015
134-AlP-P_i_neut-POSCAR21-Charged-1.cif,7.27582369
134-AlP-P_i_neut-POSCAR24-Charged-1.cif,7.27523802
134-AlP-P_i_neut-POSCAR23-Charged-1.cif,7.27516621
134-AlP-P_i_neut-POSCAR19-Charged-1.cif,7.27495435
134-AlP-P_i_neut-POSCAR22-Charged-1.cif,7.27483346
204-InN-N_i_neut-POSCAR3-Charged-1.cif,7.2745846
134-AlP-P_i_neut-POSCAR26-Charged-1.cif,7.27440999
134-AlP-P_i_neut-POSCAR27-Charged-1.cif,7.27439861
134-AlP-P_i_neut-POSCAR20-Charged-1.cif,7.27421286
134-AlP-P_i_neut-POSCAR25-Charged-1.cif,7.27403867
203-InN-N_i_B-POSCAR0-Charged-1.cif,7.27382323
134-AlP-P_i_neut-POSCAR6-Charged-1.cif,7.27344179
272-SnC-C_i_B-POSCAR48-Charged-1.cif,7.27343959
134-AlP-P_i_neut-POSCAR30-Charged-1.cif,7.27342095
134-AlP-P_i_neut-POSCAR7-Charged-1.cif,7.27337075
134-AlP-P_i_neut-POSCAR28-Charged-1.cif,7.27335378
134-AlP-P_i_neut-POSCAR32-Charged-1.cif,7.27320909
134-AlP-P_i_neut-POSCAR33-Charged-1.cif,7.27317977
134-AlP-P_i_neut-POSCAR29-Charged-1.cif,7.27287327
134-AlP-P_i_neut-POSCAR31-Charged-1.cif,7.27270095
134-AlP-P_i_neut-POSCAR34-Charged-1.cif,7.27234204
134-AlP-P_i_neut-POSCAR36-Charged-1.cif,7.27216951
134-AlP-P_i_neut-POSCAR16-Charged-1.cif,7.2719709
134-AlP-P_i_neut-POSCAR39-Charged-1.cif,7.27192985
134-AlP-P_i_neut-POSCAR38-Charged-1.cif,7.27188423
134-AlP-P_i_neut-POSCAR35-Charged-1.cif,7.27173054
134-AlP-P_i_neut-POSCAR37-Charged-1.cif,7.27171512
134-AlP-P_i_neut-POSCAR42-Charged-1.cif,7.2715153
134-AlP-P_i_neut-POSCAR40-Charged-1.cif,7.27136853
134-AlP-P_i_neut-POSCAR45-Charged-1.cif,7.27131485
134-AlP-P_i_neut-POSCAR44-Charged-1.cif,7.27128528
134-AlP-P_i_neut-POSCAR43-Charged-1.cif,7.27112689
134-AlP-P_i_neut-POSCAR41-Charged-1.cif,7.27109711
134-AlP-P_i_neut-POSCAR48-Charged-1.cif,7.27086399
134-AlP-P_i_neut-POSCAR46-Charged-1.cif,7.27086252
134-AlP-P_i_neut-POSCAR51-Charged-1.cif,7.27069483
134-AlP-P_i_neut-POSCAR50-Charged-1.cif,7.27065242
134-AlP-P_i_neut-POSCAR49-Charged-1.cif,7.27057529
134-AlP-P_i_neut-POSCAR47-Charged-1.cif,7.27054046
134-AlP-P_i_neut-POSCAR54-Charged-1.cif,7.27042525
134-AlP-P_i_neut-POSCAR53-Charged-1.cif,7.27040547
134-AlP-P_i_neut-POSCAR52-Charged-1.cif,7.2703486
134-AlP-P_i_neut-POSCAR55-Charged-1.cif,7.27011365
134-AlP-P_i_neut-POSCAR57-Charged-1.cif,7.27010547
134-AlP-P_i_neut-POSCAR60-Charged-1.cif,7.27
134-AlP-P_i_neut-POSCAR59-Charged-1.cif,7.26998844
134-AlP-P_i_neut-POSCAR58-Charged-1.cif,7.26991937
134-AlP-P_i_neut-POSCAR56-Charged-1.cif,7.26988627
134-AlP-P_i_neut-POSCAR5-Charged-1.cif,7.26671693
134-AlP-P_i_neut-POSCAR14-Charged-1.cif,7.26412743
204-InN-N_i_neut-POSCAR4-Charged-1.cif,7.26313926
203-InN-N_i_B-POSCAR1-Charged-1.cif,7.26266473
30-ZnSe-Se_i_neut-POSCAR2-Charged-1.cif,7.26124941
203-InN-N_i_B-POSCAR2-Charged-1.cif,7.25770661
28-ZnSe-Se_i_A-POSCAR0-Charged-1.cif,7.25745875
204-InN-N_i_neut-POSCAR5-Charged-1.cif,7.25315059
30-ZnSe-Se_i_neut-POSCAR3-Charged-1.cif,7.25202689
134-AlP-P_i_neut-POSCAR9-Charged-1.cif,7.25162478
204-InN-N_i_neut-POSCAR6-Charged-1.cif,7.25007201
203-InN-N_i_B-POSCAR3-Charged-1.cif,7.25
134-AlP-P_i_neut-POSCAR12-Charged-1.cif,7.24913851
134-AlP-P_i_neut-POSCAR8-Charged-1.cif,7.24686212
204-InN-N_i_neut-POSCAR7-Charged-1.cif,7.24642502
204-InN-N_i_neut-POSCAR8-Charged-1.cif,7.24571359
30-ZnSe-Se_i_neut-POSCAR4-Charged-1.cif,7.24422021
134-AlP-P_i_neut-POSCAR10-Charged-1.cif,7.24274759
204-InN-N_i_neut-POSCAR9-Charged-1.cif,7.24256836
134-AlP-P_i_neut-POSCAR11-Charged-1.cif,7.24240171
204-InN-N_i_neut-POSCAR10-Charged-1.cif,7.24199294
204-InN-N_i_neut-POSCAR11-Charged-1.cif,7.24049165
30-ZnSe-Se_i_neut-POSCAR5-Charged-1.cif,7.24
204-InN-N_i_neut-POSCAR13-Charged-1.cif,7.24
204-InN-N_i_neut-POSCAR12-Charged-1.cif,7.23998919
272-SnC-C_i_B-POSCAR49-Charged-1.cif,7.23583335
154-AlSb-Sb_i_neut-POSCAR0-Charged-1.cif,7.23465472
272-SnC-C_i_B-POSCAR50-Charged-1.cif,7.23219167
134-AlP-P_i_neut-POSCAR13-Charged-1.cif,7.20585687
272-SnC-C_i_B-POSCAR51-Charged-1.cif,7.20572576
272-SnC-C_i_B-POSCAR52-Charged-1.cif,7.20270437
154-AlSb-Sb_i_neut-POSCAR1-Charged-1.cif,7.19181085
272-SnC-C_i_B-POSCAR53-Charged-1.cif,7.18978967
272-SnC-C_i_B-POSCAR54-Charged-1.cif,7.17879958
28-ZnSe-Se_i_A-POSCAR1-Charged-1.cif,7.17278676
272-SnC-C_i_B-POSCAR55-Charged-1.cif,7.16833913
154-AlSb-Sb_i_neut-POSCAR2-Charged-1.cif,7.16478991
272-SnC-C_i_B-POSCAR56-Charged-1.cif,7.16303447
154-AlSb-Sb_i_neut-POSCAR3-Charged-1.cif,7.15742087
272-SnC-C_i_B-POSCAR57-Charged-1.cif,7.1552891
272-SnC-C_i_B-POSCAR58-Charged-1.cif,7.15417058
272-SnC-C_i_B-POSCAR59-Charged-1.cif,7.1490981
154-AlSb-Sb_i_neut-POSCAR4-Charged-1.cif,7.14705139
272-SnC-C_i_B-POSCAR60-Charged-1.cif,7.14698442
272-SnC-C_i_B-POSCAR61-Charged-1.cif,7.14419133
143-AlAs-As_i_B-POSCAR0-Charged-1.cif,7.14295502
154-AlSb-Sb_i_neut-POSCAR5-Charged-1.cif,7.14154521
272-SnC-C_i_B-POSCAR62-Charged-1.cif,7.14022568
272-SnC-C_i_B-POSCAR63-Charged-1.cif,7.13770842
272-SnC-C_i_B-POSCAR64-Charged-1.cif,7.13606167
154-AlSb-Sb_i_neut-POSCAR6-Charged-1.cif,7.13543199
272-SnC-C_i_B-POSCAR65-Charged-1.cif,7.13439546
272-SnC-C_i_B-POSCAR66-Charged-1.cif,7.13402045
272-SnC-C_i_B-POSCAR67-Charged-1.cif,7.13216066
272-SnC-C_i_B-POSCAR68-Charged-1.cif,7.13097583
154-AlSb-Sb_i_neut-POSCAR7-Charged-1.cif,7.13088711
28-ZnSe-Se_i_A-POSCAR2-Charged-1.cif,7.13043333
272-SnC-C_i_B-POSCAR69-Charged-1.cif,7.13
77-BN-B_N-POSCAR2-Charged-1.cif,7.12964554
154-AlSb-Sb_i_neut-POSCAR8-Charged-1.cif,7.12538153
154-AlSb-Sb_i_neut-POSCAR9-Charged-1.cif,7.12184034
154-AlSb-Sb_i_neut-POSCAR10-Charged-1.cif,7.12
28-ZnSe-Se_i_A-POSCAR3-Charged-1.cif,7.11447835
77-BN-B_N-POSCAR3-Charged-1.cif,7.09868864
28-ZnSe-Se_i_A-POSCAR4-Charged-1.cif,7.09
143-AlAs-As_i_B-POSCAR1-Charged-1.cif,7.0862004
77-BN-B_N-POSCAR4-Charged-1.cif,7.06668627
77-BN-B_N-POSCAR5-Charged-1.cif,7.06256622
77-BN-B_N-POSCAR6-Charged-1.cif,7.06113165
77-BN-B_N-POSCAR7-Charged-1.cif,7.06043124
77-BN-B_N-POSCAR8-Charged-1.cif,7.06
143-AlAs-As_i_B-POSCAR2-Charged-1.cif,7.05429765
143-AlAs-As_i_B-POSCAR3-Charged-1.cif,7.03026486
143-AlAs-As_i_B-POSCAR4-Charged-1.cif,7.02
174-GaP-P_i_neut-POSCAR0-Charged-1.cif,7.01077204
32-ZnTe-Te_Zn-POSCAR0-Charged-1.cif,6.99350165
174-GaP-P_i_neut-POSCAR1-Charged-1.cif,6.981821
116-AlN-V_N-POSCAR0-Charged-1.cif,6.97508482
32-ZnTe-Te_Zn-POSCAR1-Charged-1.cif,6.95935028
174-GaP-P_i_neut-POSCAR2-Charged-1.cif,6.95615072
174-GaP-P_i_neut-POSCAR3-Charged-1.cif,6.93824273
32-ZnTe-Te_Zn-POSCAR2-Charged-1.cif,6.931798
32-ZnTe-Te_Zn-POSCAR3-Charged-1.cif,6.93
174-GaP-P_i_neut-POSCAR4-Charged-1.cif,6.92422545
174-GaP-P_i_neut-POSCAR5-Charged-1.cif,6.91358485
174-GaP-P_i_neut-POSCAR6-Charged-1.cif,6.90569277
174-GaP-P_i_neut-POSCAR7-Charged-1.cif,6.89738369
174-GaP-P_i_neut-POSCAR8-Charged-1.cif,6.8864867
116-AlN-V_N-POSCAR1-Charged-1.cif,6.88015599
174-GaP-P_i_neut-POSCAR10-Charged-1.cif,6.87850463
174-GaP-P_i_neut-POSCAR11-Charged-1.cif,6.87729202
174-GaP-P_i_neut-POSCAR9-Charged-1.cif,6.87646582
174-GaP-P_i_neut-POSCAR12-Charged-1.cif,6.87100237
174-GaP-P_i_neut-POSCAR14-Charged-1.cif,6.87083471
174-GaP-P_i_neut-POSCAR15-Charged-1.cif,6.87081326
174-GaP-P_i_neut-POSCAR16-Charged-1.cif,6.87
174-GaP-P_i_neut-POSCAR13-Charged-1.cif,6.86992895
195-InN-V_In-POSCAR0-Charged-1.cif,6.84129789
116-AlN-V_N-POSCAR2-Charged-1.cif,6.83225061
116-AlN-V_N-POSCAR3-Charged-1.cif,6.80638697
202-InN-N_i_A-POSCAR0-Charged-1.cif,6.79810817
116-AlN-V_N-POSCAR4-Charged-1.cif,6.79594991
116-AlN-V_N-POSCAR5-Charged-1.cif,6.78965241
195-InN-V_In-POSCAR1-Charged-1.cif,6.78820006
195-InN-V_In-POSCAR2-Charged-1.cif,6.78435515
195-InN-V_In-POSCAR3-Charged-1.cif,6.78209307
116-AlN-V_N-POSCAR6-Charged-1.cif,6.78
195-InN-V_In-POSCAR4-Charged-1.cif,6.78
202-InN-N_i_A-POSCAR1-Charged-1.cif,6.77187968
202-InN-N_i_A-POSCAR2-Charged-1.cif,6.76426396
202-InN-N_i_A-POSCAR3-Charged-1.cif,6.75410955
38-ZnTe-Te_i_A-POSCAR0-Charged-1.cif,6.75059621
202-InN-N_i_A-POSCAR4-Charged-1.cif,6.75
17-ZnS-Zn_i_neut-POSCAR0-Charged-1.cif,6.72403189
17-ZnS-Zn_i_neut-POSCAR1-Charged-1.cif,6.72133848
17-ZnS-Zn_i_neut-POSCAR2-Charged-1.cif,6.72
38-ZnTe-Te_i_A-POSCAR1-Charged-1.cif,6.70099518
142-AlAs-As_i_A-POSCAR0-Charged-1.cif,6.68394034
200-InN-In_i_B-POSCAR0-Charged-1.cif,6.67530358
40-ZnTe-Te_i_neut-POSCAR0-Charged-1.cif,6.66532638
200-InN-In_i_B-POSCAR1-Charged-1.cif,6.66174852
200-InN-In_i_B-POSCAR2-Charged-1.cif,6.66
38-ZnTe-Te_i_A-POSCAR2-Charged-1.cif,6.65913163
131-AlP-Al_i_neut-POSCAR6-Charged-1.cif,6.6556037
131-AlP-Al_i_neut-POSCAR7-Charged-1.cif,6.65385938
131-AlP-Al_i_neut-POSCAR5-Charged-1.cif,6.6528817
131-AlP-Al_i_neut-POSCAR8-Charged-1.cif,6.6495241
38-ZnTe-Te_i_A-POSCAR3-Charged-1.cif,6.64658893
131-AlP-Al_i_neut-POSCAR9-Charged-1.cif,6.64439132
131-AlP-Al_i_neut-POSCAR10-Charged-1.cif,6.64116379
131-AlP-Al_i_neut-POSCAR12-Charged-1.cif,6.63874397
131-AlP-Al_i_neut-POSCAR13-Charged-1.cif,6.63837702
131-AlP-Al_i_neut-POSCAR11-Charged-1.cif,6.63793277
201-InN-In_i_neut-POSCAR0-Charged-1.cif,6.63615479
131-AlP-Al_i_neut-POSCAR14-Charged-1.cif,6.63590022
131-AlP-Al_i_neut-POSCAR0-Charged-1.cif,6.63572274
131-AlP-Al_i_neut-POSCAR29-Charged-1.cif,6.6315496
131-AlP-Al_i_neut-POSCAR4-Charged-1.cif,6.63144077
144-AlAs-As_i_neut-POSCAR0-Charged-1.cif,6.6314309
131-AlP-Al_i_neut-POSCAR28-Charged-1.cif,6.63078125
131-AlP-Al_i_neut-POSCAR15-Charged-1.cif,6.63007215
131-AlP-Al_i_neut-POSCAR30-Charged-1.cif,6.63
131-AlP-Al_i_neut-POSCAR27-Charged-1.cif,6.62691137
131-AlP-Al_i_neut-POSCAR16-Charged-1.cif,6.6263341
142-AlAs-As_i_A-POSCAR1-Charged-1.cif,6.62602888
131-AlP-Al_i_neut-POSCAR17-Charged-1.cif,6.62596143
131-AlP-Al_i_neut-POSCAR18-Charged-1.cif,6.62587656
131-AlP-Al_i_neut-POSCAR26-Charged-1.cif,6.62532973
131-AlP-Al_i_neut-POSCAR19-Charged-1.cif,6.62497691
131-AlP-Al_i_neut-POSCAR22-Charged-1.cif,6.62357868
131-AlP-Al_i_neut-POSCAR20-Charged-1.cif,6.62336562
131-AlP-Al_i_neut-POSCAR1-Charged-1.cif,6.62330781
131-AlP-Al_i_neut-POSCAR24-Charged-1.cif,6.62317161
131-AlP-Al_i_neut-POSCAR23-Charged-1.cif,6.62311514
131-AlP-Al_i_neut-POSCAR21-Charged-1.cif,6.62255981
201-InN-In_i_neut-POSCAR1-Charged-1.cif,6.62204758
131-AlP-Al_i_neut-POSCAR25-Charged-1.cif,6.62186934
144-AlAs-As_i_neut-POSCAR1-Charged-1.cif,6.62013799
38-ZnTe-Te_i_A-POSCAR4-Charged-1.cif,6.62
201-InN-In_i_neut-POSCAR2-Charged-1.cif,6.62
131-AlP-Al_i_neut-POSCAR2-Charged-1.cif,6.61369185
131-AlP-Al_i_neut-POSCAR3-Charged-1.cif,6.61302517
1-ZnO-V_Zn-POSCAR0-Charged-1.cif,6.61
142-AlAs-As_i_A-POSCAR2-Charged-1.cif,6.60673585
144-AlAs-As_i_neut-POSCAR8-Charged-1.cif,6.60229176
144-AlAs-As_i_neut-POSCAR7-Charged-1.cif,6.60192678
144-AlAs-As_i_neut-POSCAR15-Charged-1.cif,6.60160651
144-AlAs-As_i_neut-POSCAR9-Charged-1.cif,6.60156212
144-AlAs-As_i_neut-POSCAR14-Charged-1.cif,6.60149375
40-ZnTe-Te_i_neut-POSCAR1-Charged-1.cif,6.60136245
144-AlAs-As_i_neut-POSCAR16-Charged-1.cif,6.60136213
144-AlAs-As_i_neut-POSCAR10-Charged-1.cif,6.60118871
144-AlAs-As_i_neut-POSCAR12-Charged-1.cif,6.60110404
144-AlAs-As_i_neut-POSCAR17-Charged-1.cif,6.60087883
144-AlAs-As_i_neut-POSCAR11-Charged-1.cif,6.60083477
144-AlAs-As_i_neut-POSCAR24-Charged-1.cif,6.60073028
144-AlAs-As_i_neut-POSCAR23-Charged-1.cif,6.60070194
144-AlAs-As_i_neut-POSCAR19-Charged-1.cif,6.60066828
144-AlAs-As_i_neut-POSCAR21-Charged-1.cif,6.60064272
144-AlAs-As_i_neut-POSCAR20-Charged-1.cif,6.60061557
144-AlAs-As_i_neut-POSCAR13-Charged-1.cif,6.60057061
144-AlAs-As_i_neut-POSCAR22-Charged-1.cif,6.60043889
144-AlAs-As_i_neut-POSCAR25-Charged-1.cif,6.6004292
144-AlAs-As_i_neut-POSCAR18-Charged-1.cif,6.60038018
144-AlAs-As_i_neut-POSCAR27-Charged-1.cif,6.60022341
144-AlAs-As_i_neut-POSCAR28-Charged-1.cif,6.60021496
144-AlAs-As_i_neut-POSCAR26-Charged-1.cif,6.60010514
144-AlAs-As_i_neut-POSCAR31-Charged-1.cif,6.60008366
144-AlAs-As_i_neut-POSCAR34-Charged-1.cif,6.60006041
144-AlAs-As_i_neut-POSCAR33-Charged-1.cif,6.6000424
144-AlAs-As_i_neut-POSCAR32-Charged-1.cif,6.60000004
144-AlAs-As_i_neut-POSCAR36-Charged-1.cif,6.6
144-AlAs-As_i_neut-POSCAR29-Charged-1.cif,6.59993263
144-AlAs-As_i_neut-POSCAR30-Charged-1.cif,6.59986691
144-AlAs-As_i_neut-POSCAR35-Charged-1.cif,6.59981628
144-AlAs-As_i_neut-POSCAR2-Charged-1.cif,6.59978051
144-AlAs-As_i_neut-POSCAR4-Charged-1.cif,6.59974572
144-AlAs-As_i_neut-POSCAR3-Charged-1.cif,6.5996978
144-AlAs-As_i_neut-POSCAR6-Charged-1.cif,6.59875971
144-AlAs-As_i_neut-POSCAR5-Charged-1.cif,6.59718139
142-AlAs-As_i_A-POSCAR3-Charged-1.cif,6.59
248-SiC-V_C-POSCAR0-Charged-1.cif,6.58717088
40-ZnTe-Te_i_neut-POSCAR2-Charged-1.cif,6.57179683
96-BAs-V_As-POSCAR0-Charged-1.cif,6.57038773
40-ZnTe-Te_i_neut-POSCAR3-Charged-1.cif,6.5612424
248-SiC-V_C-POSCAR1-Charged-1.cif,6.55596528
40-ZnTe-Te_i_neut-POSCAR4-Charged-1.cif,6.55274537
40-ZnTe-Te_i_neut-POSCAR5-Charged-1.cif,6.55
96-BAs-V_As-POSCAR1-Charged-1.cif,6.54835723
96-BAs-V_As-POSCAR2-Charged-1.cif,6.54504057
96-BAs-V_As-POSCAR3-Charged-1.cif,6.54279567
96-BAs-V_As-POSCAR4-Charged-1.cif,6.54103746
96-BAs-V_As-POSCAR5-Charged-1.cif,6.54
248-SiC-V_C-POSCAR2-Charged-1.cif,6.53748581
248-SiC-V_C-POSCAR3-Charged-1.cif,6.53346657
248-SiC-V_C-POSCAR4-Charged-1.cif,6.53104165
248-SiC-V_C-POSCAR5-Charged-1.cif,6.53
106-BSb-V_Sb-POSCAR0-Charged-1.cif,6.52317058
183-GaAs-As_i_B-POSCAR0-Charged-1.cif,6.51023581
5-ZnO-Zn_i_A-POSCAR0-Charged-1.cif,6.51
106-BSb-V_Sb-POSCAR1-Charged-1.cif,6.5052469
106-BSb-V_Sb-POSCAR2-Charged-1.cif,6.50328858
106-BSb-V_Sb-POSCAR3-Charged-1.cif,6.50157939
106-BSb-V_Sb-POSCAR4-Charged-1.cif,6.5
183-GaAs-As_i_B-POSCAR1-Charged-1.cif,6.49489111
16-ZnS-Zn_i_B-POSCAR0-Charged-1.cif,6.483364
183-GaAs-As_i_B-POSCAR2-Charged-1.cif,6.48079857
16-ZnS-Zn_i_B-POSCAR1-Charged-1.cif,6.48
183-GaAs-As_i_B-POSCAR3-Charged-1.cif,6.47150926
183-GaAs-As_i_B-POSCAR4-Charged-1.cif,6.46245732
183-GaAs-As_i_B-POSCAR5-Charged-1.cif,6.45403952
183-GaAs-As_i_B-POSCAR6-Charged-1.cif,6.44
109-BSb-B_i_A-POSCAR0-Charged-1.cif,6.36567878
109-BSb-B_i_A-POSCAR1-Charged-1.cif,6.34787421
109-BSb-B_i_A-POSCAR2-Charged-1.cif,6.33409492
109-BSb-B_i_A-POSCAR3-Charged-1.cif,6.32
7-ZnO-Zn_i_neut-POSCAR4-Charged-1.cif,6.27952892
56-CdSe-Se_Cd-POSCAR0-Charged-1.cif,6.27
171-GaP-Ga_i_neut-POSCAR0-Charged-1.cif,6.26929293
171-GaP-Ga_i_neut-POSCAR7-Charged-1.cif,6.25781183
171-GaP-Ga_i_neut-POSCAR1-Charged-1.cif,6.25777948
171-GaP-Ga_i_neut-POSCAR6-Charged-1.cif,6.25727763
171-GaP-Ga_i_neut-POSCAR8-Charged-1.cif,6.25597999
7-ZnO-Zn_i_neut-POSCAR8-Charged-1.cif,6.25560907
171-GaP-Ga_i_neut-POSCAR9-Charged-1.cif,6.25393683
171-GaP-Ga_i_neut-POSCAR16-Charged-1.cif,6.25266183
171-GaP-Ga_i_neut-POSCAR2-Charged-1.cif,6.25251492
171-GaP-Ga_i_neut-POSCAR17-Charged-1.cif,6.25225618
171-GaP-Ga_i_neut-POSCAR15-Charged-1.cif,6.25201848
171-GaP-Ga_i_neut-POSCAR18-Charged-1.cif,6.25114659
171-GaP-Ga_i_neut-POSCAR10-Charged-1.cif,6.25112509
171-GaP-Ga_i_neut-POSCAR14-Charged-1.cif,6.25079783
171-GaP-Ga_i_neut-POSCAR11-Charged-1.cif,6.2501838
171-GaP-Ga_i_neut-POSCAR19-Charged-1.cif,6.25
171-GaP-Ga_i_neut-POSCAR13-Charged-1.cif,6.24995813
171-GaP-Ga_i_neut-POSCAR12-Charged-1.cif,6.24911141
171-GaP-Ga_i_neut-POSCAR5-Charged-1.cif,6.24895254
171-GaP-Ga_i_neut-POSCAR3-Charged-1.cif,6.2467671
171-GaP-Ga_i_neut-POSCAR4-Charged-1.cif,6.24295171
7-ZnO-Zn_i_neut-POSCAR0-Charged-1.cif,6.23548403
7-ZnO-Zn_i_neut-POSCAR1-Charged-1.cif,6.23400444
7-ZnO-Zn_i_neut-POSCAR2-Charged-1.cif,6.23233844
7-ZnO-Zn_i_neut-POSCAR7-Charged-1.cif,6.2300066
86-BP-V_P-POSCAR0-Charged-1.cif,6.22665082
7-ZnO-Zn_i_neut-POSCAR3-Charged-1.cif,6.22473516
250-SiC-Si_C-POSCAR0-Charged-1.cif,6.2220748
250-SiC-Si_C-POSCAR1-Charged-1.cif,6.22151519
250-SiC-Si_C-POSCAR2-Charged-1.cif,6.22
7-ZnO-Zn_i_neut-POSCAR5-Charged-1.cif,6.21085863
7-ZnO-Zn_i_neut-POSCAR9-Charged-1.cif,6.21
86-BP-V_P-POSCAR1-Charged-1.cif,6.20659684
257-GeC-V_Ge-POSCAR0-Charged-1.cif,6.20107846
86-BP-V_P-POSCAR2-Charged-1.cif,6.20097909
86-BP-V_P-POSCAR3-Charged-1.cif,6.2
128-AlP-P_Al-POSCAR0-Charged-1.cif,6.19195906
128-AlP-P_Al-POSCAR1-Charged-1.cif,6.19
15-ZnS-Zn_i_A-POSCAR0-Charged-1.cif,6.1829367
15-ZnS-Zn_i_A-POSCAR1-Charged-1.cif,6.18
88-BP-P_B-POSCAR0-Charged-1.cif,6.17073163
7-ZnO-Zn_i_neut-POSCAR6-Charged-1.cif,6.17003434
88-BP-P_B-POSCAR1-Charged-1.cif,6.15222693
88-BP-P_B-POSCAR2-Charged-1.cif,6.15
257-GeC-V_Ge-POSCAR1-Charged-1.cif,6.10434191
197-InN-In_N-POSCAR0-Charged-1.cif,6.09828191
141-AlAs-Al_i_neut-POSCAR6-Charged-1.cif,6.09792191
141-AlAs-Al_i_neut-POSCAR5-Charged-1.cif,6.09691498
141-AlAs-Al_i_neut-POSCAR7-Charged-1.cif,6.09650945
141-AlAs-Al_i_neut-POSCAR8-Charged-1.cif,6.09389773
141-AlAs-Al_i_neut-POSCAR9-Charged-1.cif,6.09139494
141-AlAs-Al_i_neut-POSCAR16-Charged-1.cif,6.09001097
141-AlAs-Al_i_neut-POSCAR17-Charged-1.cif,6.08991848
141-AlAs-Al_i_neut-POSCAR15-Charged-1.cif,6.08906327
141-AlAs-Al_i_neut-POSCAR10-Charged-1.cif,6.0889419
141-AlAs-Al_i_neut-POSCAR18-Charged-1.cif,6.08872346
141-AlAs-Al_i_neut-POSCAR14-Charged-1.cif,6.08789675
141-AlAs-Al_i_neut-POSCAR11-Charged-1.cif,6.08732075
141-AlAs-Al_i_neut-POSCAR13-Charged-1.cif,6.08701799
141-AlAs-Al_i_neut-POSCAR19-Charged-1.cif,6.08691324
141-AlAs-Al_i_neut-POSCAR12-Charged-1.cif,6.08660613
141-AlAs-Al_i_neut-POSCAR4-Charged-1.cif,6.08627499
141-AlAs-Al_i_neut-POSCAR20-Charged-1.cif,6.08500077
141-AlAs-Al_i_neut-POSCAR25-Charged-1.cif,6.08431843
141-AlAs-Al_i_neut-POSCAR24-Charged-1.cif,6.08431083
141-AlAs-Al_i_neut-POSCAR21-Charged-1.cif,6.0836443
141-AlAs-Al_i_neut-POSCAR26-Charged-1.cif,6.08348871
141-AlAs-Al_i_neut-POSCAR22-Charged-1.cif,6.08335329
141-AlAs-Al_i_neut-POSCAR27-Charged-1.cif,6.08273043
141-AlAs-Al_i_neut-POSCAR23-Charged-1.cif,6.08268149
141-AlAs-Al_i_neut-POSCAR28-Charged-1.cif,6.08143917
141-AlAs-Al_i_neut-POSCAR29-Charged-1.cif,6.08090175
257-GeC-V_Ge-POSCAR2-Charged-1.cif,6.08085434
141-AlAs-Al_i_neut-POSCAR30-Charged-1.cif,6.08
141-AlAs-Al_i_neut-POSCAR0-Charged-1.cif,6.07880834
141-AlAs-Al_i_neut-POSCAR1-Charged-1.cif,6.06994561
257-GeC-V_Ge-POSCAR3-Charged-1.cif,6.06962884
182-GaAs-As_i_A-POSCAR0-Charged-1.cif,6.06437295
141-AlAs-Al_i_neut-POSCAR3-Charged-1.cif,6.06371409
257-GeC-V_Ge-POSCAR4-Charged-1.cif,6.06287434
141-AlAs-Al_i_neut-POSCAR2-Charged-1.cif,6.06180271
197-InN-In_N-POSCAR1-Charged-1.cif,6.06059823
257-GeC-V_Ge-POSCAR5-Charged-1.cif,6.06
197-InN-In_N-POSCAR2-Charged-1.cif,6.05245037
197-InN-In_N-POSCAR3-Charged-1.cif,6.05
182-GaAs-As_i_A-POSCAR1-Charged-1.cif,6.03786999
130-AlP-Al_i_B-POSCAR0-Charged-1.cif,6.03663729
130-AlP-Al_i_B-POSCAR1-Charged-1.cif,6.03229207
130-AlP-Al_i_B-POSCAR2-Charged-1.cif,6.03
182-GaAs-As_i_A-POSCAR2-Charged-1.cif,6.02737649
182-GaAs-As_i_A-POSCAR3-Charged-1.cif,6.0184786
182-GaAs-As_i_A-POSCAR4-Charged-1.cif,6.01
212-InP-P_i_A-POSCAR0-Charged-1.cif,5.99189943
4-ZnO-Zn_O-POSCAR0-Charged-1.cif,5.9692816
129-AlP-Al_i_A-POSCAR0-Charged-1.cif,5.95626522
212-InP-P_i_A-POSCAR1-Charged-1.cif,5.9552631
129-AlP-Al_i_A-POSCAR1-Charged-1.cif,5.95
213-InP-P_i_B-POSCAR0-Charged-1.cif,5.94393974
212-InP-P_i_A-POSCAR2-Charged-1.cif,5.94225777
212-InP-P_i_A-POSCAR3-Charged-1.cif,5.93
213-InP-P_i_B-POSCAR1-Charged-1.cif,5.92850233
111-BSb-B_i_neut-POSCAR0-Charged-1.cif,5.92252803
213-InP-P_i_B-POSCAR2-Charged-1.cif,5.92210171
213-InP-P_i_B-POSCAR3-Charged-1.cif,5.92
111-BSb-B_i_neut-POSCAR1-Charged-1.cif,5.90973886
111-BSb-B_i_neut-POSCAR2-Charged-1.cif,5.90538073
111-BSb-B_i_neut-POSCAR3-Charged-1.cif,5.90100376
111-BSb-B_i_neut-POSCAR4-Charged-1.cif,5.9
249-SiC-C_Si-POSCAR0-Charged-1.cif,5.84046379
249-SiC-C_Si-POSCAR1-Charged-1.cif,5.84
270-SnC-Sn_C-POSCAR0-Charged-1.cif,5.81582197
4-ZnO-Zn_O-POSCAR1-Charged-1.cif,5.81335194
270-SnC-Sn_C-POSCAR1-Charged-1.cif,5.81
153-AlSb-Sb_i_B-POSCAR0-Charged-1.cif,5.8068241
211-InP-In_i_neut-POSCAR0-Charged-1.cif,5.78199282
6-ZnO-Zn_i_B-POSCAR0-Charged-1.cif,5.78
211-InP-In_i_neut-POSCAR1-Charged-1.cif,5.77761079
153-AlSb-Sb_i_B-POSCAR1-Charged-1.cif,5.77524883
211-InP-In_i_neut-POSCAR2-Charged-1.cif,5.77512834
211-InP-In_i_neut-POSCAR6-Charged-1.cif,5.77489976
211-InP-In_i_neut-POSCAR7-Charged-1.cif,5.77484101
211-InP-In_i_neut-POSCAR8-Charged-1.cif,5.77384942
211-InP-In_i_neut-POSCAR5-Charged-1.cif,5.77372312
211-InP-In_i_neut-POSCAR3-Charged-1.cif,5.77292452
211-InP-In_i_neut-POSCAR9-Charged-1.cif,5.77217237
211-InP-In_i_neut-POSCAR4-Charged-1.cif,5.7719134
211-InP-In_i_neut-POSCAR10-Charged-1.cif,5.77101815
211-InP-In_i_neut-POSCAR14-Charged-1.cif,5.77080758
211-InP-In_i_neut-POSCAR15-Charged-1.cif,5.77080198
4-ZnO-Zn_O-POSCAR2-Charged-1.cif,5.77048667
211-InP-In_i_neut-POSCAR11-Charged-1.cif,5.77014969
211-InP-In_i_neut-POSCAR12-Charged-1.cif,5.77010577
211-InP-In_i_neut-POSCAR16-Charged-1.cif,5.77
211-InP-In_i_neut-POSCAR13-Charged-1.cif,5.76798426
4-ZnO-Zn_O-POSCAR3-Charged-1.cif,5.76222097
4-ZnO-Zn_O-POSCAR4-Charged-1.cif,5.76
153-AlSb-Sb_i_B-POSCAR2-Charged-1.cif,5.75544202
153-AlSb-Sb_i_B-POSCAR3-Charged-1.cif,5.74882516
153-AlSb-Sb_i_B-POSCAR4-Charged-1.cif,5.74
184-GaAs-As_i_neut-POSCAR0-Charged-1.cif,5.7296806
184-GaAs-As_i_neut-POSCAR1-Charged-1.cif,5.70534292
63-CdSe-Se_i_B-POSCAR0-Charged-1.cif,5.7
184-GaAs-As_i_neut-POSCAR2-Charged-1.cif,5.68605096
184-GaAs-As_i_neut-POSCAR3-Charged-1.cif,5.67336805
184-GaAs-As_i_neut-POSCAR4-Charged-1.cif,5.67048226
125-AlP-V_Al-POSCAR0-Charged-1.cif,5.66681998
184-GaAs-As_i_neut-POSCAR5-Charged-1.cif,5.66394096
184-GaAs-As_i_neut-POSCAR6-Charged-1.cif,5.66089188
184-GaAs-As_i_neut-POSCAR7-Charged-1.cif,5.6572863
184-GaAs-As_i_neut-POSCAR8-Charged-1.cif,5.65406324
184-GaAs-As_i_neut-POSCAR9-Charged-1.cif,5.65112042
184-GaAs-As_i_neut-POSCAR10-Charged-1.cif,5.65
140-AlAs-Al_i_B-POSCAR0-Charged-1.cif,5.62058414
125-AlP-V_Al-POSCAR1-Charged-1.cif,5.61919388
140-AlAs-Al_i_B-POSCAR1-Charged-1.cif,5.61154718
125-AlP-V_Al-POSCAR2-Charged-1.cif,5.60852077
125-AlP-V_Al-POSCAR3-Charged-1.cif,5.60269589
140-AlAs-Al_i_B-POSCAR2-Charged-1.cif,5.60182017
125-AlP-V_Al-POSCAR4-Charged-1.cif,5.59583656
140-AlAs-Al_i_B-POSCAR3-Charged-1.cif,5.5954772
125-AlP-V_Al-POSCAR5-Charged-1.cif,5.59
140-AlAs-Al_i_B-POSCAR4-Charged-1.cif,5.59
66-CdTe-Te_Cd-POSCAR0-Charged-1.cif,5.58663076
66-CdTe-Te_Cd-POSCAR1-Charged-1.cif,5.58051495
66-CdTe-Te_Cd-POSCAR2-Charged-1.cif,5.57
73-CdTe-Te_i_B-POSCAR0-Charged-1.cif,5.57
170-GaP-Ga_i_B-POSCAR0-Charged-1.cif,5.54
50-CdO-O_i_neut-POSCAR0-Charged-1.cif,5.5326514
50-CdO-O_i_neut-POSCAR1-Charged-1.cif,5.5322756
50-CdO-O_i_neut-POSCAR2-Charged-1.cif,5.53182819
41-CdO-V_Cd-POSCAR0-Charged-1.cif,5.53
50-CdO-O_i_neut-POSCAR3-Charged-1.cif,5.53
49-CdO-O_i_B-POSCAR0-Charged-1.cif,5.50044897
49-CdO-O_i_B-POSCAR1-Charged-1.cif,5.5
64-CdSe-Se_i_neut-POSCAR0-Charged-1.cif,5.49
169-GaP-Ga_i_A-POSCAR0-Charged-1.cif,5.48
260-GeC-Ge_C-POSCAR0-Charged-1.cif,5.45464643
260-GeC-Ge_C-POSCAR1-Charged-1.cif,5.45116874
260-GeC-Ge_C-POSCAR2-Charged-1.cif,5.45
193-GaSb-Sb_i_B-POSCAR0-Charged-1.cif,5.43301791
193-GaSb-Sb_i_B-POSCAR1-Charged-1.cif,5.42315926
193-GaSb-Sb_i_B-POSCAR2-Charged-1.cif,5.41322975
193-GaSb-Sb_i_B-POSCAR3-Charged-1.cif,5.41
152-AlSb-Sb_i_A-POSCAR0-Charged-1.cif,5.38037185
156-GaN-V_N-POSCAR0-Charged-1.cif,5.37307814
139-AlAs-Al_i_A-POSCAR0-Charged-1.cif,5.35975072
152-AlSb-Sb_i_A-POSCAR1-Charged-1.cif,5.35131971
139-AlAs-Al_i_A-POSCAR1-Charged-1.cif,5.35
152-AlSb-Sb_i_A-POSCAR2-Charged-1.cif,5.33217202
152-AlSb-Sb_i_A-POSCAR3-Charged-1.cif,5.32351557
156-GaN-V_N-POSCAR1-Charged-1.cif,5.31153842
152-AlSb-Sb_i_A-POSCAR4-Charged-1.cif,5.31
156-GaN-V_N-POSCAR2-Charged-1.cif,5.29920053
156-GaN-V_N-POSCAR3-Charged-1.cif,5.2927499
98-BAs-As_B-POSCAR0-Charged-1.cif,5.29160117
98-BAs-As_B-POSCAR1-Charged-1.cif,5.29
156-GaN-V_N-POSCAR4-Charged-1.cif,5.29
214-InP-P_i_neut-POSCAR0-Charged-1.cif,5.27454047
214-InP-P_i_neut-POSCAR1-Charged-1.cif,5.27
74-CdTe-Te_i_neut-POSCAR0-Charged-1.cif,5.26
27-ZnSe-Zn_i_neut-POSCAR0-Charged-1.cif,5.23633442
27-ZnSe-Zn_i_neut-POSCAR1-Charged-1.cif,5.23217983
27-ZnSe-Zn_i_neut-POSCAR2-Charged-1.cif,5.23
62-CdSe-Se_i_A-POSCAR0-Charged-1.cif,5.23
168-GaP-P_Ga-POSCAR0-Charged-1.cif,5.22
285-SiGe-Si_i_B-POSCAR0-Charged-1.cif,5.15345048
285-SiGe-Si_i_B-POSCAR1-Charged-1.cif,5.14674142
285-SiGe-Si_i_B-POSCAR2-Charged-1.cif,5.14
72-CdTe-Te_i_A-POSCAR0-Charged-1.cif,5.13
258-GeC-V_C-POSCAR0-Charged-1.cif,5.11838287
48-CdO-O_i_A-POSCAR0-Charged-1.cif,5.06
258-GeC-V_C-POSCAR1-Charged-1.cif,5.01328337
26-ZnSe-Zn_i_B-POSCAR0-Charged-1.cif,5.00852709
26-ZnSe-Zn_i_B-POSCAR1-Charged-1.cif,5.00396266
26-ZnSe-Zn_i_B-POSCAR2-Charged-1.cif,5
258-GeC-V_C-POSCAR2-Charged-1.cif,4.98168529
258-GeC-V_C-POSCAR3-Charged-1.cif,4.97334375
138-AlAs-As_Al-POSCAR0-Charged-1.cif,4.97
258-GeC-V_C-POSCAR4-Charged-1.cif,4.97
126-AlP-V_P-POSCAR0-Charged-1.cif,4.89360216
209-InP-In_i_A-POSCAR0-Charged-1.cif,4.89225229
209-InP-In_i_A-POSCAR1-Charged-1.cif,4.89
223-InAs-As_i_B-POSCAR0-Charged-1.cif,4.88878439
14-ZnS-Zn_S-POSCAR0-Charged-1.cif,4.88775873
192-GaSb-Ab_i_A-POSCAR0-Charged-1.cif,4.88378416
223-InAs-As_i_B-POSCAR1-Charged-1.cif,4.88352881
192-GaSb-Ab_i_A-POSCAR1-Charged-1.cif,4.88
223-InAs-As_i_B-POSCAR2-Charged-1.cif,4.88
239-Si-Si_i_A-POSCAR0-Charged-1.cif,4.87656904
239-Si-Si_i_A-POSCAR1-Charged-1.cif,4.87284649
239-Si-Si_i_A-POSCAR2-Charged-1.cif,4.87
11-ZnS-V_Zn-POSCAR0-Charged-1.cif,4.86791999
126-AlP-V_P-POSCAR1-Charged-1.cif,4.85983737
11-ZnS-V_Zn-POSCAR1-Charged-1.cif,4.85070435
210-InP-In_i_B-POSCAR0-Charged-1.cif,4.85
282-SiGe-Ge_i_B-POSCAR0-Charged-1.cif,4.83702164
11-ZnS-V_Zn-POSCAR2-Charged-1.cif,4.83634323
11-ZnS-V_Zn-POSCAR3-Charged-1.cif,4.83198894
282-SiGe-Ge_i_B-POSCAR1-Charged-1.cif,4.82954051
126-AlP-V_P-POSCAR2-Charged-1.cif,4.82898436
267-SnC-V_Sn-POSCAR0-Charged-1.cif,4.8280813
282-SiGe-Ge_i_B-POSCAR2-Charged-1.cif,4.82392087
11-ZnS-V_Zn-POSCAR4-Charged-1.cif,4.82271918
11-ZnS-V_Zn-POSCAR5-Charged-1.cif,4.82
282-SiGe-Ge_i_B-POSCAR3-Charged-1.cif,4.82
126-AlP-V_P-POSCAR3-Charged-1.cif,4.7926244
222-InAs-As_i_A-POSCAR0-Charged-1.cif,4.79169444
14-ZnS-Zn_S-POSCAR1-Charged-1.cif,4.78746158
126-AlP-V_P-POSCAR4-Charged-1.cif,4.77660461
222-InAs-As_i_A-POSCAR1-Charged-1.cif,4.77607822
267-SnC-V_Sn-POSCAR1-Charged-1.cif,4.77556119
222-InAs-As_i_A-POSCAR2-Charged-1.cif,4.77
267-SnC-V_Sn-POSCAR2-Charged-1.cif,4.76651849
267-SnC-V_Sn-POSCAR3-Charged-1.cif,4.76184085
181-GaAs-Ga_i_neut-POSCAR0-Charged-1.cif,4.76025733
126-AlP-V_P-POSCAR5-Charged-1.cif,4.76
267-SnC-V_Sn-POSCAR4-Charged-1.cif,4.76
181-GaAs-Ga_i_neut-POSCAR1-Charged-1.cif,4.74474762
181-GaAs-Ga_i_neut-POSCAR2-Charged-1.cif,4.73900251
14-ZnS-Zn_S-POSCAR2-Charged-1.cif,4.73847797
181-GaAs-Ga_i_neut-POSCAR3-Charged-1.cif,4.73405695
181-GaAs-Ga_i_neut-POSCAR11-Charged-1.cif,4.73333328
181-GaAs-Ga_i_neut-POSCAR12-Charged-1.cif,4.73293921
181-GaAs-Ga_i_neut-POSCAR10-Charged-1.cif,4.73249788
14-ZnS-Zn_S-POSCAR3-Charged-1.cif,4.73182841
181-GaAs-Ga_i_neut-POSCAR13-Charged-1.cif,4.73170761
181-GaAs-Ga_i_neut-POSCAR9-Charged-1.cif,4.73010594
14-ZnS-Zn_S-POSCAR4-Charged-1.cif,4.73
181-GaAs-Ga_i_neut-POSCAR14-Charged-1.cif,4.73
181-GaAs-Ga_i_neut-POSCAR4-Charged-1.cif,4.72922653
181-GaAs-Ga_i_neut-POSCAR8-Charged-1.cif,4.72911383
181-GaAs-Ga_i_neut-POSCAR7-Charged-1.cif,4.7291066
181-GaAs-Ga_i_neut-POSCAR6-Charged-1.cif,4.72885013
181-GaAs-Ga_i_neut-POSCAR5-Charged-1.cif,4.72654377
240-Si-Si_i_neut-POSCAR0-Charged-1.cif,4.72
194-GaSb-Sb_i_neut-POSCAR0-Charged-1.cif,4.71301246
284-SiGe-Si_i_A-POSCAR0-Charged-1.cif,4.71036102
194-GaSb-Sb_i_neut-POSCAR1-Charged-1.cif,4.70723069
284-SiGe-Si_i_A-POSCAR1-Charged-1.cif,4.70346945
194-GaSb-Sb_i_neut-POSCAR2-Charged-1.cif,4.7021627
194-GaSb-Sb_i_neut-POSCAR3-Charged-1.cif,4.7
284-SiGe-Si_i_A-POSCAR2-Charged-1.cif,4.7
295-SiSn-Si_i_B-POSCAR0-Charged-1.cif,4.66232166
295-SiSn-Si_i_B-POSCAR1-Charged-1.cif,4.66
286-SiGe-Si_i_neut-POSCAR0-Charged-1.cif,4.6436324
286-SiGe-Si_i_neut-POSCAR1-Charged-1.cif,4.6414962
286-SiGe-Si_i_neut-POSCAR2-Charged-1.cif,4.64105674
286-SiGe-Si_i_neut-POSCAR3-Charged-1.cif,4.64
25-ZnSe-Zn_i_A-POSCAR0-Charged-1.cif,4.61711256
85-BP-V_B-POSCAR0-Charged-1.cif,4.61665659
25-ZnSe-Zn_i_A-POSCAR1-Charged-1.cif,4.61379436
25-ZnSe-Zn_i_A-POSCAR2-Charged-1.cif,4.61
54-CdS-Cd_S-POSCAR0-Charged-1.cif,4.6
85-BP-V_B-POSCAR1-Charged-1.cif,4.59547179
85-BP-V_B-POSCAR2-Charged-1.cif,4.59112689
85-BP-V_B-POSCAR3-Charged-1.cif,4.59
283-SiGe-Ge_i_neut-POSCAR0-Charged-1.cif,4.56305658
283-SiGe-Ge_i_neut-POSCAR1-Charged-1.cif,4.5610452
283-SiGe-Ge_i_neut-POSCAR2-Charged-1.cif,4.56
151-AlSb-Al_i_neut-POSCAR9-Charged-1.cif,4.55539776
151-AlSb-Al_i_neut-POSCAR10-Charged-1.cif,4.55393035
151-AlSb-Al_i_neut-POSCAR8-Charged-1.cif,4.55346462
151-AlSb-Al_i_neut-POSCAR11-Charged-1.cif,4.55089414
151-AlSb-Al_i_neut-POSCAR22-Charged-1.cif,4.55
151-AlSb-Al_i_neut-POSCAR21-Charged-1.cif,4.54960711
151-AlSb-Al_i_neut-POSCAR12-Charged-1.cif,4.54882144
151-AlSb-Al_i_neut-POSCAR20-Charged-1.cif,4.54879572
151-AlSb-Al_i_neut-POSCAR7-Charged-1.cif,4.54717989
151-AlSb-Al_i_neut-POSCAR19-Charged-1.cif,4.54655498
151-AlSb-Al_i_neut-POSCAR13-Charged-1.cif,4.54612287
151-AlSb-Al_i_neut-POSCAR18-Charged-1.cif,4.5459981
151-AlSb-Al_i_neut-POSCAR14-Charged-1.cif,4.54575829
151-AlSb-Al_i_neut-POSCAR0-Charged-1.cif,4.54545737
151-AlSb-Al_i_neut-POSCAR16-Charged-1.cif,4.54389935
151-AlSb-Al_i_neut-POSCAR17-Charged-1.cif,4.5423983
151-AlSb-Al_i_neut-POSCAR15-Charged-1.cif,4.54177714
151-AlSb-Al_i_neut-POSCAR1-Charged-1.cif,4.53772713
151-AlSb-Al_i_neut-POSCAR6-Charged-1.cif,4.53566006
136-AlAs-V_As-POSCAR0-Charged-1.cif,4.53414444
281-SiGe-Ge_i_A-POSCAR0-Charged-1.cif,4.53309316
151-AlSb-Al_i_neut-POSCAR2-Charged-1.cif,4.53139407
281-SiGe-Ge_i_A-POSCAR1-Charged-1.cif,4.53
151-AlSb-Al_i_neut-POSCAR5-Charged-1.cif,4.52993801
165-GaP-V_Ga-POSCAR0-Charged-1.cif,4.52901016
151-AlSb-Al_i_neut-POSCAR3-Charged-1.cif,4.52745671
151-AlSb-Al_i_neut-POSCAR4-Charged-1.cif,4.52492302
165-GaP-V_Ga-POSCAR1-Charged-1.cif,4.51967423
165-GaP-V_Ga-POSCAR2-Charged-1.cif,4.51526298
165-GaP-V_Ga-POSCAR3-Charged-1.cif,4.51214023
165-GaP-V_Ga-POSCAR4-Charged-1.cif,4.51
127-AlP-Al_P-POSCAR0-Charged-1.cif,4.50619105
136-AlAs-V_As-POSCAR1-Charged-1.cif,4.47537624
136-AlAs-V_As-POSCAR2-Charged-1.cif,4.43503839
127-AlP-Al_P-POSCAR1-Charged-1.cif,4.41402935
136-AlAs-V_As-POSCAR3-Charged-1.cif,4.39764511
127-AlP-Al_P-POSCAR2-Charged-1.cif,4.39463977
135-AlAs-V_Al-POSCAR0-Charged-1.cif,4.39126376
127-AlP-Al_P-POSCAR3-Charged-1.cif,4.39
135-AlAs-V_Al-POSCAR1-Charged-1.cif,4.37412203
136-AlAs-V_As-POSCAR4-Charged-1.cif,4.37408695
135-AlAs-V_Al-POSCAR2-Charged-1.cif,4.36774502
135-AlAs-V_Al-POSCAR3-Charged-1.cif,4.36540927
135-AlAs-V_Al-POSCAR4-Charged-1.cif,4.36267359
135-AlAs-V_Al-POSCAR5-Charged-1.cif,4.36
136-AlAs-V_As-POSCAR5-Charged-1.cif,4.36
205-InP-V_In-POSCAR0-Charged-1.cif,4.35733788
205-InP-V_In-POSCAR1-Charged-1.cif,4.35016593
205-InP-V_In-POSCAR2-Charged-1.cif,4.34552693
205-InP-V_In-POSCAR3-Charged-1.cif,4.34274321
205-InP-V_In-POSCAR4-Charged-1.cif,4.33705413
205-InP-V_In-POSCAR5-Charged-1.cif,4.33
150-AlSb-Al_i_B-POSCAR0-Charged-1.cif,4.32425682
150-AlSb-Al_i_B-POSCAR1-Charged-1.cif,4.32253585
150-AlSb-Al_i_B-POSCAR2-Charged-1.cif,4.32
224-InAs-As_i_neut-POSCAR0-Charged-1.cif,4.31331972
224-InAs-As_i_neut-POSCAR1-Charged-1.cif,4.31
51-CdS-V_Cd-POSCAR0-Charged-1.cif,4.29
221-InAs-In_i_neut-POSCAR5-Charged-1.cif,4.23
221-InAs-In_i_neut-POSCAR0-Charged-1.cif,4.22827185
221-InAs-In_i_neut-POSCAR1-Charged-1.cif,4.22609911
221-InAs-In_i_neut-POSCAR4-Charged-1.cif,4.22531866
221-InAs-In_i_neut-POSCAR3-Charged-1.cif,4.2238901
221-InAs-In_i_neut-POSCAR2-Charged-1.cif,4.22387629
292-SiSn-Sn_i_B-POSCAR0-Charged-1.cif,4.2213812
292-SiSn-Sn_i_B-POSCAR1-Charged-1.cif,4.21652279
292-SiSn-Sn_i_B-POSCAR2-Charged-1.cif,4.21
233-InSb-Sb_i_B-POSCAR0-Charged-1.cif,4.19549211
233-InSb-Sb_i_B-POSCAR1-Charged-1.cif,4.18715913
293-SiSn-Sn_i_neut-POSCAR0-Charged-1.cif,4.18413588
293-SiSn-Sn_i_neut-POSCAR1-Charged-1.cif,4.18184004
293-SiSn-Sn_i_neut-POSCAR2-Charged-1.cif,4.18006418
233-InSb-Sb_i_B-POSCAR2-Charged-1.cif,4.18
293-SiSn-Sn_i_neut-POSCAR3-Charged-1.cif,4.17725424
293-SiSn-Sn_i_neut-POSCAR4-Charged-1.cif,4.17395866
13-ZnS-V_S-POSCAR0-Charged-1.cif,4.17226575
293-SiSn-Sn_i_neut-POSCAR29-Charged-1.cif,4.17
293-SiSn-Sn_i_neut-POSCAR5-Charged-1.cif,4.1699498
293-SiSn-Sn_i_neut-POSCAR6-Charged-1.cif,4.16815292
293-SiSn-Sn_i_neut-POSCAR28-Charged-1.cif,4.16754236
293-SiSn-Sn_i_neut-POSCAR9-Charged-1.cif,4.16682598
293-SiSn-Sn_i_neut-POSCAR7-Charged-1.cif,4.16674012
293-SiSn-Sn_i_neut-POSCAR10-Charged-1.cif,4.16647789
293-SiSn-Sn_i_neut-POSCAR8-Charged-1.cif,4.16644042
293-SiSn-Sn_i_neut-POSCAR11-Charged-1.cif,4.16437702
293-SiSn-Sn_i_neut-POSCAR13-Charged-1.cif,4.16436521
293-SiSn-Sn_i_neut-POSCAR12-Charged-1.cif,4.16424433
293-SiSn-Sn_i_neut-POSCAR15-Charged-1.cif,4.16386963
293-SiSn-Sn_i_neut-POSCAR14-Charged-1.cif,4.16381789
293-SiSn-Sn_i_neut-POSCAR27-Charged-1.cif,4.1636706
293-SiSn-Sn_i_neut-POSCAR17-Charged-1.cif,4.1632066
293-SiSn-Sn_i_neut-POSCAR16-Charged-1.cif,4.16294579
293-SiSn-Sn_i_neut-POSCAR19-Charged-1.cif,4.1626832
293-SiSn-Sn_i_neut-POSCAR18-Charged-1.cif,4.16235855
293-SiSn-Sn_i_neut-POSCAR26-Charged-1.cif,4.16218507
293-SiSn-Sn_i_neut-POSCAR21-Charged-1.cif,4.1618017
293-SiSn-Sn_i_neut-POSCAR20-Charged-1.cif,4.16167747
293-SiSn-Sn_i_neut-POSCAR24-Charged-1.cif,4.16107816
293-SiSn-Sn_i_neut-POSCAR22-Charged-1.cif,4.16102956
293-SiSn-Sn_i_neut-POSCAR23-Charged-1.cif,4.1607064
293-SiSn-Sn_i_neut-POSCAR25-Charged-1.cif,4.16051909
61-CdSe-Cd_i_neut-POSCAR0-Charged-1.cif,4.14
13-ZnS-V_S-POSCAR1-Charged-1.cif,4.13881203
208-InP-P_In-POSCAR0-Charged-1.cif,4.11373338
208-InP-P_In-POSCAR1-Charged-1.cif,4.11
13-ZnS-V_S-POSCAR2-Charged-1.cif,4.10927352
13-ZnS-V_S-POSCAR3-Charged-1.cif,4.09582233
13-ZnS-V_S-POSCAR4-Charged-1.cif,4.06855111
13-ZnS-V_S-POSCAR5-Charged-1.cif,4.06
259-GeC-C_Ge-POSCAR0-Charged-1.cif,4.05240008
259-GeC-C_Ge-POSCAR1-Charged-1.cif,4.05
180-GaAs-Ga_i_B-POSCAR0-Charged-1.cif,4.03303216
180-GaAs-Ga_i_B-POSCAR1-Charged-1.cif,4.03
36-ZnTe-Zn_i_B-POSCAR0-Charged-1.cif,3.99558045
232-InSb-Ab_i_A-POSCAR0-Charged-1.cif,3.99403789
36-ZnTe-Zn_i_B-POSCAR1-Charged-1.cif,3.99346892
146-AlSb-V_Sb-POSCAR0-Charged-1.cif,3.99214945
36-ZnTe-Zn_i_B-POSCAR2-Charged-1.cif,3.99
232-InSb-Ab_i_A-POSCAR1-Charged-1.cif,3.99
146-AlSb-V_Sb-POSCAR1-Charged-1.cif,3.96364305
71-CdTe-Cd_i_neut-POSCAR0-Charged-1.cif,3.95
146-AlSb-V_Sb-POSCAR2-Charged-1.cif,3.93736948
24-ZnSe-Zn_Se-POSCAR0-Charged-1.cif,3.92912639
146-AlSb-V_Sb-POSCAR3-Charged-1.cif,3.92421947
146-AlSb-V_Sb-POSCAR4-Charged-1.cif,3.89782704
146-AlSb-V_Sb-POSCAR5-Charged-1.cif,3.8793076
243-Ge-Ge_i_neut-POSCAR0-Charged-1.cif,3.87347955
243-Ge-Ge_i_neut-POSCAR1-Charged-1.cif,3.86642807
243-Ge-Ge_i_neut-POSCAR2-Charged-1.cif,3.86347216
21-ZnSe-V_Zn-POSCAR0-Charged-1.cif,3.86109484
146-AlSb-V_Sb-POSCAR6-Charged-1.cif,3.86
243-Ge-Ge_i_neut-POSCAR3-Charged-1.cif,3.86
238-Si-V_Si-POSCAR0-Charged-1.cif,3.8575574
21-ZnSe-V_Zn-POSCAR1-Charged-1.cif,3.85494668
24-ZnSe-Zn_Se-POSCAR1-Charged-1.cif,3.8515446
21-ZnSe-V_Zn-POSCAR2-Charged-1.cif,3.85133582
21-ZnSe-V_Zn-POSCAR3-Charged-1.cif,3.85
108-BSb-Sb_B-POSCAR0-Charged-1.cif,3.84491314
108-BSb-Sb_B-POSCAR1-Charged-1.cif,3.84112273
108-BSb-Sb_B-POSCAR2-Charged-1.cif,3.84
33-ZnTe-V_Te-POSCAR0-Charged-1.cif,3.83874369
238-Si-V_Si-POSCAR1-Charged-1.cif,3.8231752
238-Si-V_Si-POSCAR2-Charged-1.cif,3.81020703
24-ZnSe-Zn_Se-POSCAR2-Charged-1.cif,3.80699802
24-ZnSe-Zn_Se-POSCAR3-Charged-1.cif,3.80284421
242-Ge-Ge_i_A-POSCAR0-Charged-1.cif,3.80205788
24-ZnSe-Zn_Se-POSCAR4-Charged-1.cif,3.8
242-Ge-Ge_i_A-POSCAR1-Charged-1.cif,3.8
238-Si-V_Si-POSCAR3-Charged-1.cif,3.79641424
234-InSb-Sb_i_neut-POSCAR0-Charged-1.cif,3.79210039
58-CdSe-Cd_Se-POSCAR0-Charged-1.cif,3.79
234-InSb-Sb_i_neut-POSCAR1-Charged-1.cif,3.78745366
238-Si-V_Si-POSCAR4-Charged-1.cif,3.78030533
234-InSb-Sb_i_neut-POSCAR2-Charged-1.cif,3.78
166-GaP-V_P-POSCAR0-Charged-1.cif,3.77464381
60-CdSe-Cd_i_B-POSCAR0-Charged-1.cif,3.77
291-SiSn-Sn_i_A-POSCAR0-Charged-1.cif,3.76609484
238-Si-V_Si-POSCAR5-Charged-1.cif,3.76
291-SiSn-Sn_i_A-POSCAR1-Charged-1.cif,3.76
179-GaAs-Ga_i_A-POSCAR0-Charged-1.cif,3.75249269
59-CdSe-Cd_i_A-POSCAR0-Charged-1.cif,3.75
179-GaAs-Ga_i_A-POSCAR1-Charged-1.cif,3.75
44-CdO-Cd_O-POSCAR0-Charged-1.cif,3.72140618
23-ZnSe-V_Se-POSCAR0-Charged-1.cif,3.72122368
44-CdO-Cd_O-POSCAR1-Charged-1.cif,3.72
303-GeSn-Sn_i_neut-POSCAR0-Charged-1.cif,3.71993239
166-GaP-V_P-POSCAR1-Charged-1.cif,3.7136079
149-AlSb-Al_i_A-POSCAR0-Charged-1.cif,3.71
303-GeSn-Sn_i_neut-POSCAR1-Charged-1.cif,3.70583044
23-ZnSe-V_Se-POSCAR1-Charged-1.cif,3.70148248
303-GeSn-Sn_i_neut-POSCAR2-Charged-1.cif,3.69611329
303-GeSn-Sn_i_neut-POSCAR3-Charged-1.cif,3.69099777
33-ZnTe-V_Te-POSCAR1-Charged-1.cif,3.68900715
296-SiSn-Si_i_neut-POSCAR0-Charged-1.cif,3.68119986
296-SiSn-Si_i_neut-POSCAR1-Charged-1.cif,3.68
166-GaP-V_P-POSCAR2-Charged-1.cif,3.67900583
303-GeSn-Sn_i_neut-POSCAR4-Charged-1.cif,3.67897345
23-ZnSe-V_Se-POSCAR2-Charged-1.cif,3.67823604
303-GeSn-Sn_i_neut-POSCAR5-Charged-1.cif,3.67040578
47-CdO-Cd_i_neut-POSCAR9-Charged-1.cif,3.67
47-CdO-Cd_i_neut-POSCAR6-Charged-1.cif,3.66990427
47-CdO-Cd_i_neut-POSCAR0-Charged-1.cif,3.66916124
47-CdO-Cd_i_neut-POSCAR1-Charged-1.cif,3.66889034
47-CdO-Cd_i_neut-POSCAR4-Charged-1.cif,3.6686973
47-CdO-Cd_i_neut-POSCAR7-Charged-1.cif,3.66859738
47-CdO-Cd_i_neut-POSCAR2-Charged-1.cif,3.6684792
47-CdO-Cd_i_neut-POSCAR3-Charged-1.cif,3.66847201
47-CdO-Cd_i_neut-POSCAR5-Charged-1.cif,3.6682683
23-ZnSe-V_Se-POSCAR3-Charged-1.cif,3.66826491
47-CdO-Cd_i_neut-POSCAR8-Charged-1.cif,3.66753284
303-GeSn-Sn_i_neut-POSCAR6-Charged-1.cif,3.66259338
294-SiSn-Si_i_A-POSCAR0-Charged-1.cif,3.66164481
178-GaAs-As_Ga-POSCAR0-Charged-1.cif,3.66
294-SiSn-Si_i_A-POSCAR1-Charged-1.cif,3.65738079
303-GeSn-Sn_i_neut-POSCAR7-Charged-1.cif,3.6572813
294-SiSn-Si_i_A-POSCAR2-Charged-1.cif,3.65217934
303-GeSn-Sn_i_neut-POSCAR8-Charged-1.cif,3.65075937
294-SiSn-Si_i_A-POSCAR3-Charged-1.cif,3.65
303-GeSn-Sn_i_neut-POSCAR9-Charged-1.cif,3.64666767
303-GeSn-Sn_i_neut-POSCAR10-Charged-1.cif,3.64247366
303-GeSn-Sn_i_neut-POSCAR11-Charged-1.cif,3.64011754
166-GaP-V_P-POSCAR3-Charged-1.cif,3.63992317
137-AlAs-Al_As-POSCAR0-Charged-1.cif,3.6386288
303-GeSn-Sn_i_neut-POSCAR12-Charged-1.cif,3.63615567
23-ZnSe-V_Se-POSCAR4-Charged-1.cif,3.6361122
303-GeSn-Sn_i_neut-POSCAR13-Charged-1.cif,3.63424018
278-SiGe-V_Ge-POSCAR0-Charged-1.cif,3.63060577
303-GeSn-Sn_i_neut-POSCAR30-Charged-1.cif,3.63058243
303-GeSn-Sn_i_neut-POSCAR31-Charged-1.cif,3.63056129
23-ZnSe-V_Se-POSCAR5-Charged-1.cif,3.63
303-GeSn-Sn_i_neut-POSCAR32-Charged-1.cif,3.63
303-GeSn-Sn_i_neut-POSCAR29-Charged-1.cif,3.62946477
303-GeSn-Sn_i_neut-POSCAR28-Charged-1.cif,3.62916644
303-GeSn-Sn_i_neut-POSCAR21-Charged-1.cif,3.62907899
303-GeSn-Sn_i_neut-POSCAR22-Charged-1.cif,3.6290583
303-GeSn-Sn_i_neut-POSCAR23-Charged-1.cif,3.62864922
303-GeSn-Sn_i_neut-POSCAR24-Charged-1.cif,3.62849825
303-GeSn-Sn_i_neut-POSCAR26-Charged-1.cif,3.62829485
303-GeSn-Sn_i_neut-POSCAR25-Charged-1.cif,3.62825433
303-GeSn-Sn_i_neut-POSCAR20-Charged-1.cif,3.62821456
303-GeSn-Sn_i_neut-POSCAR15-Charged-1.cif,3.62804881
303-GeSn-Sn_i_neut-POSCAR14-Charged-1.cif,3.62802264
303-GeSn-Sn_i_neut-POSCAR27-Charged-1.cif,3.62786733
303-GeSn-Sn_i_neut-POSCAR16-Charged-1.cif,3.62779087
303-GeSn-Sn_i_neut-POSCAR19-Charged-1.cif,3.62766471
303-GeSn-Sn_i_neut-POSCAR17-Charged-1.cif,3.62730447
303-GeSn-Sn_i_neut-POSCAR18-Charged-1.cif,3.62694545
166-GaP-V_P-POSCAR4-Charged-1.cif,3.61844878
166-GaP-V_P-POSCAR5-Charged-1.cif,3.61
70-CdTe-Cd_i_B-POSCAR0-Charged-1.cif,3.6
278-SiGe-V_Ge-POSCAR1-Charged-1.cif,3.59736097
268-SnC-V_C-POSCAR0-Charged-1.cif,3.59265234
278-SiGe-V_Ge-POSCAR2-Charged-1.cif,3.57761253
288-SiSn-V_Sn-POSCAR0-Charged-1.cif,3.57563081
269-SnC-C_Sn-POSCAR0-Charged-1.cif,3.57522999
269-SnC-C_Sn-POSCAR1-Charged-1.cif,3.56195943
137-AlAs-Al_As-POSCAR1-Charged-1.cif,3.56105057
45-CdO-Cd_i_A-POSCAR0-Charged-1.cif,3.56
269-SnC-C_Sn-POSCAR2-Charged-1.cif,3.56
288-SiSn-V_Sn-POSCAR1-Charged-1.cif,3.55633923
278-SiGe-V_Ge-POSCAR3-Charged-1.cif,3.55340889
55-CdSe-V_Cd-POSCAR0-Charged-1.cif,3.55
137-AlAs-Al_As-POSCAR2-Charged-1.cif,3.54292131
137-AlAs-Al_As-POSCAR3-Charged-1.cif,3.54
288-SiSn-V_Sn-POSCAR2-Charged-1.cif,3.53890457
288-SiSn-V_Sn-POSCAR3-Charged-1.cif,3.52602909
278-SiGe-V_Ge-POSCAR4-Charged-1.cif,3.52438439
33-ZnTe-V_Te-POSCAR2-Charged-1.cif,3.5134322
288-SiSn-V_Sn-POSCAR4-Charged-1.cif,3.50280191
268-SnC-V_C-POSCAR1-Charged-1.cif,3.50034899
278-SiGe-V_Ge-POSCAR5-Charged-1.cif,3.5
268-SnC-V_C-POSCAR2-Charged-1.cif,3.48233166
37-ZnTe-Zn_i_neut-POSCAR0-Charged-1.cif,3.48167134
33-ZnTe-V_Te-POSCAR3-Charged-1.cif,3.48038589
37-ZnTe-Zn_i_neut-POSCAR1-Charged-1.cif,3.48
268-SnC-V_C-POSCAR3-Charged-1.cif,3.47318158
288-SiSn-V_Sn-POSCAR5-Charged-1.cif,3.47282482
268-SnC-V_C-POSCAR4-Charged-1.cif,3.47
288-SiSn-V_Sn-POSCAR6-Charged-1.cif,3.45
33-ZnTe-V_Te-POSCAR4-Charged-1.cif,3.43364545
33-ZnTe-V_Te-POSCAR5-Charged-1.cif,3.42486394
35-ZnTe-Zn_i_A-POSCAR0-Charged-1.cif,3.41594854
35-ZnTe-Zn_i_A-POSCAR1-Charged-1.cif,3.41367052
33-ZnTe-V_Te-POSCAR6-Charged-1.cif,3.41
35-ZnTe-Zn_i_A-POSCAR2-Charged-1.cif,3.41
68-CdTe-Cd_Te-POSCAR0-Charged-1.cif,3.38
148-AlSb-Sb_Al-POSCAR0-Charged-1.cif,3.38
69-CdTe-Cd_i_A-POSCAR0-Charged-1.cif,3.37
220-InAs-In_i_B-POSCAR0-Charged-1.cif,3.32
219-InAs-In_i_A-POSCAR0-Charged-1.cif,3.31659921
219-InAs-In_i_A-POSCAR1-Charged-1.cif,3.31389327
219-InAs-In_i_A-POSCAR2-Charged-1.cif,3.31
191-GaSb-Ga_i_neut-POSCAR0-Charged-1.cif,3.30374885
215-InAs-V_In-POSCAR0-Charged-1.cif,3.29336384
191-GaSb-Ga_i_neut-POSCAR1-Charged-1.cif,3.29191466
215-InAs-V_In-POSCAR1-Charged-1.cif,3.28783808
191-GaSb-Ga_i_neut-POSCAR6-Charged-1.cif,3.28746411
191-GaSb-Ga_i_neut-POSCAR7-Charged-1.cif,3.28732053
191-GaSb-Ga_i_neut-POSCAR5-Charged-1.cif,3.28637164
191-GaSb-Ga_i_neut-POSCAR8-Charged-1.cif,3.28574305
191-GaSb-Ga_i_neut-POSCAR2-Charged-1.cif,3.28549452
191-GaSb-Ga_i_neut-POSCAR9-Charged-1.cif,3.28341073
191-GaSb-Ga_i_neut-POSCAR3-Charged-1.cif,3.28228485
215-InAs-V_In-POSCAR2-Charged-1.cif,3.28202496
191-GaSb-Ga_i_neut-POSCAR10-Charged-1.cif,3.2818742
191-GaSb-Ga_i_neut-POSCAR18-Charged-1.cif,3.28145146
191-GaSb-Ga_i_neut-POSCAR19-Charged-1.cif,3.28117773
191-GaSb-Ga_i_neut-POSCAR17-Charged-1.cif,3.28092285
191-GaSb-Ga_i_neut-POSCAR16-Charged-1.cif,3.28062606
191-GaSb-Ga_i_neut-POSCAR11-Charged-1.cif,3.28030805
191-GaSb-Ga_i_neut-POSCAR13-Charged-1.cif,3.28020046
191-GaSb-Ga_i_neut-POSCAR14-Charged-1.cif,3.28016952
191-GaSb-Ga_i_neut-POSCAR12-Charged-1.cif,3.28010372
191-GaSb-Ga_i_neut-POSCAR20-Charged-1.cif,3.28
191-GaSb-Ga_i_neut-POSCAR15-Charged-1.cif,3.27937576
191-GaSb-Ga_i_neut-POSCAR4-Charged-1.cif,3.27937203
215-InAs-V_In-POSCAR3-Charged-1.cif,3.27893636
215-InAs-V_In-POSCAR4-Charged-1.cif,3.27312571
215-InAs-V_In-POSCAR5-Charged-1.cif,3.27
302-GeSn-Sn_i_B-POSCAR0-Charged-1.cif,3.26
231-InSb-In_i_neut-POSCAR0-Charged-1.cif,3.23480705
231-InSb-In_i_neut-POSCAR1-Charged-1.cif,3.23280091
231-InSb-In_i_neut-POSCAR2-Charged-1.cif,3.23
46-CdO-Cd_i_B-POSCAR0-Charged-1.cif,3.16
34-ZnTe-Zn_Te-POSCAR0-Charged-1.cif,3.10166789
53-CdS-V_S-POSCAR0-Charged-1.cif,3.1
277-SiGe-V_Si-POSCAR0-Charged-1.cif,3.09091443
175-GaAs-V_Ga-POSCAR0-Charged-1.cif,3.05958508
277-SiGe-V_Si-POSCAR1-Charged-1.cif,3.05911513
175-GaAs-V_Ga-POSCAR1-Charged-1.cif,3.05314068
175-GaAs-V_Ga-POSCAR2-Charged-1.cif,3.05
34-ZnTe-Zn_Te-POSCAR1-Charged-1.cif,3.04413207
277-SiGe-V_Si-POSCAR2-Charged-1.cif,3.0405218
301-GeSn-Sn_i_A-POSCAR0-Charged-1.cif,3.03146395
301-GeSn-Sn_i_A-POSCAR1-Charged-1.cif,3.03
306-GeSn-Ge_i_neut-POSCAR0-Charged-1.cif,3.02694224
176-GaAs-V_As-POSCAR0-Charged-1.cif,3.0223162
277-SiGe-V_Si-POSCAR3-Charged-1.cif,3.01833968
206-InP-V_P-POSCAR0-Charged-1.cif,3.01357816
305-GeSn-Ge_i_B-POSCAR0-Charged-1.cif,3.01330216
305-GeSn-Ge_i_B-POSCAR1-Charged-1.cif,3.01
306-GeSn-Ge_i_neut-POSCAR1-Charged-1.cif,3.0083519
306-GeSn-Ge_i_neut-POSCAR2-Charged-1.cif,2.99817382
277-SiGe-V_Si-POSCAR4-Charged-1.cif,2.99392571
306-GeSn-Ge_i_neut-POSCAR3-Charged-1.cif,2.99183999
218-InAs-As_In-POSCAR0-Charged-1.cif,2.99
306-GeSn-Ge_i_neut-POSCAR4-Charged-1.cif,2.98139358
176-GaAs-V_As-POSCAR1-Charged-1.cif,2.98087242
206-InP-V_P-POSCAR1-Charged-1.cif,2.97807877
306-GeSn-Ge_i_neut-POSCAR5-Charged-1.cif,2.97474393
34-ZnTe-Zn_Te-POSCAR2-Charged-1.cif,2.97212988
277-SiGe-V_Si-POSCAR5-Charged-1.cif,2.97
306-GeSn-Ge_i_neut-POSCAR6-Charged-1.cif,2.97
34-ZnTe-Zn_Te-POSCAR3-Charged-1.cif,2.96234542
34-ZnTe-Zn_Te-POSCAR4-Charged-1.cif,2.95
206-InP-V_P-POSCAR2-Charged-1.cif,2.94915093
176-GaAs-V_As-POSCAR2-Charged-1.cif,2.94719067
206-InP-V_P-POSCAR3-Charged-1.cif,2.93108726
57-CdSe-V_Se-POSCAR0-Charged-1.cif,2.93
176-GaAs-V_As-POSCAR3-Charged-1.cif,2.92511442
206-InP-V_P-POSCAR4-Charged-1.cif,2.90986636
206-InP-V_P-POSCAR5-Charged-1.cif,2.9
176-GaAs-V_As-POSCAR4-Charged-1.cif,2.89573212
67-CdTe-V_Te-POSCAR0-Charged-1.cif,2.89
207-InP-In_P-POSCAR0-Charged-1.cif,2.88735069
176-GaAs-V_As-POSCAR5-Charged-1.cif,2.88
3-ZnO-V_O-POSCAR0-Charged-1.cif,2.83
207-InP-In_P-POSCAR1-Charged-1.cif,2.81838369
31-ZnTe-V_Zn-POSCAR0-Charged-1.cif,2.81294108
31-ZnTe-V_Zn-POSCAR1-Charged-1.cif,2.81
287-SiSn-V_Si-POSCAR0-Charged-1.cif,2.80535625
246-Sn-Sn_i_neut-POSCAR0-Charged-1.cif,2.80478856
246-Sn-Sn_i_neut-POSCAR1-Charged-1.cif,2.79542667
207-InP-In_P-POSCAR2-Charged-1.cif,2.79445369
287-SiSn-V_Si-POSCAR1-Charged-1.cif,2.79326377
207-InP-In_P-POSCAR3-Charged-1.cif,2.79
246-Sn-Sn_i_neut-POSCAR2-Charged-1.cif,2.789305
287-SiSn-V_Si-POSCAR2-Charged-1.cif,2.78398569
246-Sn-Sn_i_neut-POSCAR3-Charged-1.cif,2.78380181
287-SiSn-V_Si-POSCAR3-Charged-1.cif,2.77843435
246-Sn-Sn_i_neut-POSCAR4-Charged-1.cif,2.77597704
287-SiSn-V_Si-POSCAR4-Charged-1.cif,2.77078129
246-Sn-Sn_i_neut-POSCAR5-Charged-1.cif,2.77
287-SiSn-V_Si-POSCAR5-Charged-1.cif,2.7616841
95-BAs-V_B-POSCAR0-Charged-1.cif,2.75046407
287-SiSn-V_Si-POSCAR6-Charged-1.cif,2.75
304-GeSn-Ge_i_A-POSCAR0-Charged-1.cif,2.74337356
304-GeSn-Ge_i_A-POSCAR1-Charged-1.cif,2.74
188-GaSb-Sb_Ga-POSCAR0-Charged-1.cif,2.73667482
188-GaSb-Sb_Ga-POSCAR1-Charged-1.cif,2.73275487
186-GaSb-V_Sb-POSCAR0-Charged-1.cif,2.73149519
188-GaSb-Sb_Ga-POSCAR2-Charged-1.cif,2.73
145-AlSb-V_Al-POSCAR0-Charged-1.cif,2.72277973
145-AlSb-V_Al-POSCAR1-Charged-1.cif,2.71446662
95-BAs-V_B-POSCAR1-Charged-1.cif,2.7129257
145-AlSb-V_Al-POSCAR2-Charged-1.cif,2.71
95-BAs-V_B-POSCAR2-Charged-1.cif,2.70612729
95-BAs-V_B-POSCAR3-Charged-1.cif,2.70163585
95-BAs-V_B-POSCAR4-Charged-1.cif,2.7
186-GaSb-V_Sb-POSCAR1-Charged-1.cif,2.69575365
190-GaSb-Ga_i_B-POSCAR0-Charged-1.cif,2.67172067
190-GaSb-Ga_i_B-POSCAR1-Charged-1.cif,2.67
186-GaSb-V_Sb-POSCAR2-Charged-1.cif,2.64955108
65-CdTe-V_Cd-POSCAR0-Charged-1.cif,2.63
186-GaSb-V_Sb-POSCAR3-Charged-1.cif,2.62426269
107-BSb-B_Sb-POSCAR0-Charged-1.cif,2.59184386
107-BSb-B_Sb-POSCAR1-Charged-1.cif,2.59
196-InN-V_N-POSCAR0-Charged-1.cif,2.57468236
196-InN-V_N-POSCAR1-Charged-1.cif,2.5667973
186-GaSb-V_Sb-POSCAR4-Charged-1.cif,2.5665887
196-InN-V_N-POSCAR2-Charged-1.cif,2.56319157
196-InN-V_N-POSCAR3-Charged-1.cif,2.56
216-InAs-V_As-POSCAR0-Charged-1.cif,2.55451371
216-InAs-V_As-POSCAR1-Charged-1.cif,2.53450583
186-GaSb-V_Sb-POSCAR5-Charged-1.cif,2.5265786
216-InAs-V_As-POSCAR2-Charged-1.cif,2.51073729
186-GaSb-V_Sb-POSCAR6-Charged-1.cif,2.5
216-InAs-V_As-POSCAR3-Charged-1.cif,2.4995219
87-BP-B_P-POSCAR0-Charged-1.cif,2.49243564
167-GaP-Ga_P-POSCAR0-Charged-1.cif,2.490758
87-BP-B_P-POSCAR1-Charged-1.cif,2.48205555
216-InAs-V_As-POSCAR4-Charged-1.cif,2.4804829
87-BP-B_P-POSCAR2-Charged-1.cif,2.48
216-InAs-V_As-POSCAR5-Charged-1.cif,2.47
226-InSb-V_Sb-POSCAR0-Charged-1.cif,2.43669795
167-GaP-Ga_P-POSCAR1-Charged-1.cif,2.43359245
167-GaP-Ga_P-POSCAR2-Charged-1.cif,2.42272346
167-GaP-Ga_P-POSCAR3-Charged-1.cif,2.42
226-InSb-V_Sb-POSCAR1-Charged-1.cif,2.41543681
147-AlSb-Al_Sb-POSCAR0-Charged-1.cif,2.41042647
147-AlSb-Al_Sb-POSCAR1-Charged-1.cif,2.39087502
230-InSb-In_i_B-POSCAR0-Charged-1.cif,2.38188902
147-AlSb-Al_Sb-POSCAR2-Charged-1.cif,2.3813186
230-InSb-In_i_B-POSCAR1-Charged-1.cif,2.38
226-InSb-V_Sb-POSCAR2-Charged-1.cif,2.37833247
147-AlSb-Al_Sb-POSCAR3-Charged-1.cif,2.373255
147-AlSb-Al_Sb-POSCAR4-Charged-1.cif,2.37
226-InSb-V_Sb-POSCAR3-Charged-1.cif,2.36191606
226-InSb-V_Sb-POSCAR4-Charged-1.cif,2.32013717
226-InSb-V_Sb-POSCAR5-Charged-1.cif,2.2963551
245-Sn-Sn_i_A-POSCAR0-Charged-1.cif,2.29
226-InSb-V_Sb-POSCAR6-Charged-1.cif,2.27
189-GaSb-Ga_i_A-POSCAR0-Charged-1.cif,2.26
228-InSb-Sb_In-POSCAR0-Charged-1.cif,2.23542356
228-InSb-Sb_In-POSCAR1-Charged-1.cif,2.23290903
228-InSb-Sb_In-POSCAR2-Charged-1.cif,2.23
229-InSb-In_i_A-POSCAR0-Charged-1.cif,2.21876336
229-InSb-In_i_A-POSCAR1-Charged-1.cif,2.21654316
229-InSb-In_i_A-POSCAR2-Charged-1.cif,2.21
97-BAs-B_As-POSCAR0-Charged-1.cif,2.20377409
97-BAs-B_As-POSCAR1-Charged-1.cif,2.2
225-InSb-V_In-POSCAR0-Charged-1.cif,2.16911605
225-InSb-V_In-POSCAR1-Charged-1.cif,2.16486707
225-InSb-V_In-POSCAR2-Charged-1.cif,2.16
297-GeSn-V_Ge-POSCAR0-Charged-1.cif,2.09
217-InAs-In_As-POSCAR0-Charged-1.cif,2.08593468
298-GeSn-V_Sn-POSCAR0-Charged-1.cif,2.08
241-Ge-V_Ge-POSCAR0-Charged-1.cif,2.06530008
217-InAs-In_As-POSCAR1-Charged-1.cif,2.05064832
241-Ge-V_Ge-POSCAR1-Charged-1.cif,2.03599822
217-InAs-In_As-POSCAR2-Charged-1.cif,2.03283839
217-InAs-In_As-POSCAR3-Charged-1.cif,2.03
241-Ge-V_Ge-POSCAR2-Charged-1.cif,2.01256209
241-Ge-V_Ge-POSCAR3-Charged-1.cif,1.99441951
241-Ge-V_Ge-POSCAR4-Charged-1.cif,1.96636579
241-Ge-V_Ge-POSCAR5-Charged-1.cif,1.95
185-GaSb-V_Ga-POSCAR0-Charged-1.cif,1.82856552
185-GaSb-V_Ga-POSCAR1-Charged-1.cif,1.82371576
185-GaSb-V_Ga-POSCAR2-Charged-1.cif,1.82
43-CdO-V_O-POSCAR0-Charged-1.cif,1.61
177-GaAs-Ga_As-POSCAR0-Charged-1.cif,1.51831265
177-GaAs-Ga_As-POSCAR1-Charged-1.cif,1.479132
177-GaAs-Ga_As-POSCAR2-Charged-1.cif,1.46318751
177-GaAs-Ga_As-POSCAR3-Charged-1.cif,1.46
227-InSb-In_Sb-POSCAR0-Charged-1.cif,1.27277796
244-Sn-V_Sn-POSCAR0-Charged-1.cif,1.26
227-InSb-In_Sb-POSCAR1-Charged-1.cif,1.25176362
227-InSb-In_Sb-POSCAR2-Charged-1.cif,1.23297239
227-InSb-In_Sb-POSCAR3-Charged-1.cif,1.23
105-BSb-V_B-POSCAR0-Charged-1.cif,1.20157925
105-BSb-V_B-POSCAR1-Charged-1.cif,1.17120445
105-BSb-V_B-POSCAR2-Charged-1.cif,1.1631341
105-BSb-V_B-POSCAR3-Charged-1.cif,1.15193074
105-BSb-V_B-POSCAR4-Charged-1.cif,1.15
290-SiSn-Si_Sn-POSCAR0-Charged-1.cif,1.04
280-SiGe-Si_Ge-POSCAR0-Charged-1.cif,0.93201907
280-SiGe-Si_Ge-POSCAR1-Charged-1.cif,0.93
187-GaSb-Ga_Sb-POSCAR0-Charged-1.cif,0.67533676
187-GaSb-Ga_Sb-POSCAR1-Charged-1.cif,0.66559164
187-GaSb-Ga_Sb-POSCAR2-Charged-1.cif,0.66
279-SiGe-Ge_Si-POSCAR0-Charged-1.cif,0.47
300-GeSn-Ge_Sn-POSCAR0-Charged-1.cif,0.34
299-GeSn-Sn_Ge-POSCAR0-Charged-1.cif,0.26
289-SiSn-Sn_Si-POSCAR0-Charged-1.cif,0.08