96-BAs-V_As-POSCAR19-Charged+2.cif,14.94624136
79-BN-B_i_A-POSCAR1-Charged+2.cif,13.72474062
118-AlN-N_Al-POSCAR0-Charged+2.cif,13.44969176
84-BN-N_i_neut-POSCAR1-Charged+2.cif,12.70239439
2-ZnO-O_Zn-POSCAR9-Charged+2.cif,12.57
2-ZnO-O_Zn-POSCAR6-Charged+2.cif,12.56434084
2-ZnO-O_Zn-POSCAR8-Charged+2.cif,12.52120468
2-ZnO-O_Zn-POSCAR0-Charged+2.cif,12.52098231
2-ZnO-O_Zn-POSCAR7-Charged+2.cif,12.49999686
118-AlN-N_Al-POSCAR1-Charged+2.cif,12.49089324
2-ZnO-O_Zn-POSCAR2-Charged+2.cif,12.47940763
2-ZnO-O_Zn-POSCAR3-Charged+2.cif,12.47447038
84-BN-N_i_neut-POSCAR2-Charged+2.cif,12.42772691
2-ZnO-O_Zn-POSCAR5-Charged+2.cif,12.37246456
2-ZnO-O_Zn-POSCAR1-Charged+2.cif,12.36005871
2-ZnO-O_Zn-POSCAR4-Charged+2.cif,12.32850097
84-BN-N_i_neut-POSCAR0-Charged+2.cif,12.28182241
79-BN-B_i_A-POSCAR0-Charged+2.cif,12.26350035
118-AlN-N_Al-POSCAR2-Charged+2.cif,12.04996861
123-AlN-N_i_B-POSCAR0-Charged+2.cif,12.04932327
78-BN-N_B-POSCAR0-Charged+2.cif,11.97063671
84-BN-N_i_neut-POSCAR3-Charged+2.cif,11.83723618
84-BN-N_i_neut-POSCAR4-Charged+2.cif,11.7885704
84-BN-N_i_neut-POSCAR5-Charged+2.cif,11.76159269
84-BN-N_i_neut-POSCAR6-Charged+2.cif,11.75919322
84-BN-N_i_neut-POSCAR8-Charged+2.cif,11.75100876
84-BN-N_i_neut-POSCAR7-Charged+2.cif,11.75053667
84-BN-N_i_neut-POSCAR10-Charged+2.cif,11.75
84-BN-N_i_neut-POSCAR9-Charged+2.cif,11.74999838
118-AlN-N_Al-POSCAR3-Charged+2.cif,11.56836363
118-AlN-N_Al-POSCAR5-Charged+2.cif,11.3980587
118-AlN-N_Al-POSCAR4-Charged+2.cif,11.31973582
118-AlN-N_Al-POSCAR6-Charged+2.cif,11.260716
118-AlN-N_Al-POSCAR7-Charged+2.cif,11.25326405
118-AlN-N_Al-POSCAR8-Charged+2.cif,11.25
256-SiC-Si_i_neut-POSCAR0-Charged+2.cif,11.1837328
123-AlN-N_i_B-POSCAR1-Charged+2.cif,11.17916519
123-AlN-N_i_B-POSCAR2-Charged+2.cif,10.95817613
78-BN-N_B-POSCAR1-Charged+2.cif,10.94906379
79-BN-B_i_A-POSCAR2-Charged+2.cif,10.91658919
123-AlN-N_i_B-POSCAR4-Charged+2.cif,10.85425242
123-AlN-N_i_B-POSCAR5-Charged+2.cif,10.81483919
123-AlN-N_i_B-POSCAR3-Charged+2.cif,10.76709926
123-AlN-N_i_B-POSCAR7-Charged+2.cif,10.68226444
123-AlN-N_i_B-POSCAR6-Charged+2.cif,10.51686112
158-GaN-N_Ga-POSCAR0-Charged+2.cif,10.48135942
123-AlN-N_i_B-POSCAR9-Charged+2.cif,10.4124142
256-SiC-Si_i_neut-POSCAR2-Charged+2.cif,10.40511315
79-BN-B_i_A-POSCAR3-Charged+2.cif,10.33072298
123-AlN-N_i_B-POSCAR8-Charged+2.cif,10.2962852
79-BN-B_i_A-POSCAR4-Charged+2.cif,10.27893144
79-BN-B_i_A-POSCAR5-Charged+2.cif,10.2456059
79-BN-B_i_A-POSCAR8-Charged+2.cif,10.24203416
79-BN-B_i_A-POSCAR9-Charged+2.cif,10.2402255
79-BN-B_i_A-POSCAR13-Charged+2.cif,10.24
79-BN-B_i_A-POSCAR12-Charged+2.cif,10.23996372
79-BN-B_i_A-POSCAR10-Charged+2.cif,10.23898673
79-BN-B_i_A-POSCAR11-Charged+2.cif,10.23809129
79-BN-B_i_A-POSCAR7-Charged+2.cif,10.22777364
79-BN-B_i_A-POSCAR6-Charged+2.cif,10.22423137
122-AlN-N_i_A-POSCAR0-Charged+2.cif,10.16431797
123-AlN-N_i_B-POSCAR10-Charged+2.cif,10.08822015
115-AlN-V_Al-POSCAR0-Charged+2.cif,10.06804289
124-AlN-N_i_neut-POSCAR1-Charged+2.cif,10.00493317
115-AlN-V_Al-POSCAR1-Charged+2.cif,9.99446644
115-AlN-V_Al-POSCAR2-Charged+2.cif,9.97128886
115-AlN-V_Al-POSCAR3-Charged+2.cif,9.95235358
78-BN-N_B-POSCAR2-Charged+2.cif,9.94687941
115-AlN-V_Al-POSCAR4-Charged+2.cif,9.94
42-CdO-O_Cd-POSCAR0-Charged+2.cif,9.84
123-AlN-N_i_B-POSCAR11-Charged+2.cif,9.83835126
122-AlN-N_i_A-POSCAR1-Charged+2.cif,9.82689618
78-BN-N_B-POSCAR3-Charged+2.cif,9.82327634
158-GaN-N_Ga-POSCAR1-Charged+2.cif,9.79623985
78-BN-N_B-POSCAR4-Charged+2.cif,9.78914351
78-BN-N_B-POSCAR5-Charged+2.cif,9.78
93-BP-P_i_B-POSCAR0-Charged+2.cif,9.70119758
93-BP-P_i_B-POSCAR1-Charged+2.cif,9.67984601
93-BP-P_i_B-POSCAR2-Charged+2.cif,9.67363271
93-BP-P_i_B-POSCAR3-Charged+2.cif,9.67
123-AlN-N_i_B-POSCAR12-Charged+2.cif,9.64713748
122-AlN-N_i_A-POSCAR2-Charged+2.cif,9.61418707
103-BAs-As_i_B-POSCAR0-Charged+2.cif,9.60293311
123-AlN-N_i_B-POSCAR14-Charged+2.cif,9.59814843
122-AlN-N_i_A-POSCAR27-Charged+2.cif,9.58000891
122-AlN-N_i_A-POSCAR26-Charged+2.cif,9.57958457
122-AlN-N_i_A-POSCAR31-Charged+2.cif,9.57620619
122-AlN-N_i_A-POSCAR32-Charged+2.cif,9.57195848
122-AlN-N_i_A-POSCAR28-Charged+2.cif,9.57109524
122-AlN-N_i_A-POSCAR39-Charged+2.cif,9.57082249
122-AlN-N_i_A-POSCAR3-Charged+2.cif,9.57041605
122-AlN-N_i_A-POSCAR41-Charged+2.cif,9.56823016
122-AlN-N_i_A-POSCAR40-Charged+2.cif,9.56811294
122-AlN-N_i_A-POSCAR38-Charged+2.cif,9.56685457
122-AlN-N_i_A-POSCAR42-Charged+2.cif,9.56670807
122-AlN-N_i_A-POSCAR30-Charged+2.cif,9.56543237
122-AlN-N_i_A-POSCAR29-Charged+2.cif,9.56506393
122-AlN-N_i_A-POSCAR36-Charged+2.cif,9.5650356
122-AlN-N_i_A-POSCAR33-Charged+2.cif,9.5649393
122-AlN-N_i_A-POSCAR35-Charged+2.cif,9.56354844
122-AlN-N_i_A-POSCAR37-Charged+2.cif,9.55771934
122-AlN-N_i_A-POSCAR23-Charged+2.cif,9.55440217
75-BN-V_B-POSCAR1-Charged+2.cif,9.55213193
122-AlN-N_i_A-POSCAR34-Charged+2.cif,9.55016237
122-AlN-N_i_A-POSCAR24-Charged+2.cif,9.55016151
122-AlN-N_i_A-POSCAR6-Charged+2.cif,9.54931528
122-AlN-N_i_A-POSCAR25-Charged+2.cif,9.54919873
122-AlN-N_i_A-POSCAR5-Charged+2.cif,9.54192306
75-BN-V_B-POSCAR0-Charged+2.cif,9.54118632
122-AlN-N_i_A-POSCAR43-Charged+2.cif,9.54002271
122-AlN-N_i_A-POSCAR7-Charged+2.cif,9.53962848
122-AlN-N_i_A-POSCAR4-Charged+2.cif,9.5384908
122-AlN-N_i_A-POSCAR8-Charged+2.cif,9.53704075
122-AlN-N_i_A-POSCAR9-Charged+2.cif,9.53265006
122-AlN-N_i_A-POSCAR10-Charged+2.cif,9.52825029
122-AlN-N_i_A-POSCAR44-Charged+2.cif,9.52695386
122-AlN-N_i_A-POSCAR11-Charged+2.cif,9.52543862
122-AlN-N_i_A-POSCAR59-Charged+2.cif,9.5209999
122-AlN-N_i_A-POSCAR56-Charged+2.cif,9.51878547
122-AlN-N_i_A-POSCAR58-Charged+2.cif,9.51471845
122-AlN-N_i_A-POSCAR60-Charged+2.cif,9.51188113
122-AlN-N_i_A-POSCAR57-Charged+2.cif,9.51181254
122-AlN-N_i_A-POSCAR12-Charged+2.cif,9.51143553
122-AlN-N_i_A-POSCAR50-Charged+2.cif,9.51128801
122-AlN-N_i_A-POSCAR61-Charged+2.cif,9.5011354
103-BAs-As_i_B-POSCAR1-Charged+2.cif,9.50109097
122-AlN-N_i_A-POSCAR51-Charged+2.cif,9.49943971
122-AlN-N_i_A-POSCAR52-Charged+2.cif,9.4983768
122-AlN-N_i_A-POSCAR65-Charged+2.cif,9.49396803
122-AlN-N_i_A-POSCAR15-Charged+2.cif,9.49374652
122-AlN-N_i_A-POSCAR66-Charged+2.cif,9.49302036
122-AlN-N_i_A-POSCAR13-Charged+2.cif,9.49265726
122-AlN-N_i_A-POSCAR55-Charged+2.cif,9.49183792
122-AlN-N_i_A-POSCAR67-Charged+2.cif,9.49179084
122-AlN-N_i_A-POSCAR16-Charged+2.cif,9.49158557
122-AlN-N_i_A-POSCAR68-Charged+2.cif,9.49
122-AlN-N_i_A-POSCAR64-Charged+2.cif,9.48689088
122-AlN-N_i_A-POSCAR62-Charged+2.cif,9.48674248
122-AlN-N_i_A-POSCAR14-Charged+2.cif,9.48634043
122-AlN-N_i_A-POSCAR53-Charged+2.cif,9.48594815
122-AlN-N_i_A-POSCAR22-Charged+2.cif,9.48564043
122-AlN-N_i_A-POSCAR63-Charged+2.cif,9.4847929
122-AlN-N_i_A-POSCAR49-Charged+2.cif,9.48239831
122-AlN-N_i_A-POSCAR45-Charged+2.cif,9.48200945
122-AlN-N_i_A-POSCAR20-Charged+2.cif,9.48103273
122-AlN-N_i_A-POSCAR54-Charged+2.cif,9.47507433
122-AlN-N_i_A-POSCAR21-Charged+2.cif,9.47504939
122-AlN-N_i_A-POSCAR17-Charged+2.cif,9.47219147
103-BAs-As_i_B-POSCAR2-Charged+2.cif,9.47179612
122-AlN-N_i_A-POSCAR48-Charged+2.cif,9.47045585
163-GaN-N_i_B-POSCAR0-Charged+2.cif,9.46972899
122-AlN-N_i_A-POSCAR19-Charged+2.cif,9.46445276
123-AlN-N_i_B-POSCAR13-Charged+2.cif,9.46326723
122-AlN-N_i_A-POSCAR18-Charged+2.cif,9.46087585
122-AlN-N_i_A-POSCAR46-Charged+2.cif,9.45732848
103-BAs-As_i_B-POSCAR3-Charged+2.cif,9.45
75-BN-V_B-POSCAR2-Charged+2.cif,9.44520073
75-BN-V_B-POSCAR3-Charged+2.cif,9.44227484
75-BN-V_B-POSCAR4-Charged+2.cif,9.44
122-AlN-N_i_A-POSCAR47-Charged+2.cif,9.42009207
123-AlN-N_i_B-POSCAR15-Charged+2.cif,9.39243281
158-GaN-N_Ga-POSCAR2-Charged+2.cif,9.38764226
123-AlN-N_i_B-POSCAR16-Charged+2.cif,9.33232427
123-AlN-N_i_B-POSCAR17-Charged+2.cif,9.2421306
123-AlN-N_i_B-POSCAR18-Charged+2.cif,9.18790105
123-AlN-N_i_B-POSCAR31-Charged+2.cif,9.18076294
123-AlN-N_i_B-POSCAR48-Charged+2.cif,9.18024138
123-AlN-N_i_B-POSCAR49-Charged+2.cif,9.18
123-AlN-N_i_B-POSCAR47-Charged+2.cif,9.17994137
123-AlN-N_i_B-POSCAR30-Charged+2.cif,9.17976404
123-AlN-N_i_B-POSCAR46-Charged+2.cif,9.17962362
123-AlN-N_i_B-POSCAR29-Charged+2.cif,9.1795089
123-AlN-N_i_B-POSCAR42-Charged+2.cif,9.17907279
123-AlN-N_i_B-POSCAR32-Charged+2.cif,9.17897937
123-AlN-N_i_B-POSCAR36-Charged+2.cif,9.17892515
123-AlN-N_i_B-POSCAR41-Charged+2.cif,9.17874906
123-AlN-N_i_B-POSCAR43-Charged+2.cif,9.17858473
123-AlN-N_i_B-POSCAR37-Charged+2.cif,9.17818702
123-AlN-N_i_B-POSCAR35-Charged+2.cif,9.17810167
123-AlN-N_i_B-POSCAR40-Charged+2.cif,9.17771705
123-AlN-N_i_B-POSCAR44-Charged+2.cif,9.1774265
123-AlN-N_i_B-POSCAR19-Charged+2.cif,9.17742496
123-AlN-N_i_B-POSCAR38-Charged+2.cif,9.17742089
123-AlN-N_i_B-POSCAR45-Charged+2.cif,9.17736401
123-AlN-N_i_B-POSCAR33-Charged+2.cif,9.17699229
123-AlN-N_i_B-POSCAR39-Charged+2.cif,9.17664637
123-AlN-N_i_B-POSCAR34-Charged+2.cif,9.17635874
123-AlN-N_i_B-POSCAR28-Charged+2.cif,9.16993715
123-AlN-N_i_B-POSCAR20-Charged+2.cif,9.16629154
123-AlN-N_i_B-POSCAR21-Charged+2.cif,9.15865362
123-AlN-N_i_B-POSCAR24-Charged+2.cif,9.15663756
123-AlN-N_i_B-POSCAR27-Charged+2.cif,9.155382
123-AlN-N_i_B-POSCAR22-Charged+2.cif,9.15323354
123-AlN-N_i_B-POSCAR23-Charged+2.cif,9.15124255
123-AlN-N_i_B-POSCAR26-Charged+2.cif,9.14661159
123-AlN-N_i_B-POSCAR25-Charged+2.cif,9.14601669
92-BP-P_i_A-POSCAR0-Charged+2.cif,9.13795114
92-BP-P_i_A-POSCAR1-Charged+2.cif,9.12181921
92-BP-P_i_A-POSCAR2-Charged+2.cif,9.12
162-GaN-N_i_A-POSCAR0-Charged+2.cif,9.1031213
81-BN-B_i_neut-POSCAR1-Charged+2.cif,9.02093803
162-GaN-N_i_A-POSCAR1-Charged+2.cif,8.90286712
94-BP-P_i_neut-POSCAR0-Charged+2.cif,8.88018642
162-GaN-N_i_A-POSCAR2-Charged+2.cif,8.85754955
162-GaN-N_i_A-POSCAR3-Charged+2.cif,8.83853934
162-GaN-N_i_A-POSCAR4-Charged+2.cif,8.83
158-GaN-N_Ga-POSCAR3-Charged+2.cif,8.8182238
80-BN-B_i_B-POSCAR1-Charged+2.cif,8.81715894
163-GaN-N_i_B-POSCAR1-Charged+2.cif,8.80827456
94-BP-P_i_neut-POSCAR1-Charged+2.cif,8.797194
161-GaN-Ga_i_neut-POSCAR12-Charged+2.cif,8.79330646
80-BN-B_i_B-POSCAR0-Charged+2.cif,8.78976805
252-SiC-C_i_B-POSCAR0-Charged+2.cif,8.77562525
94-BP-P_i_neut-POSCAR2-Charged+2.cif,8.7629413
80-BN-B_i_B-POSCAR3-Charged+2.cif,8.76279657
80-BN-B_i_B-POSCAR2-Charged+2.cif,8.76196844
80-BN-B_i_B-POSCAR4-Charged+2.cif,8.76
94-BP-P_i_neut-POSCAR3-Charged+2.cif,8.72245427
252-SiC-C_i_B-POSCAR1-Charged+2.cif,8.72151588
163-GaN-N_i_B-POSCAR2-Charged+2.cif,8.69164695
252-SiC-C_i_B-POSCAR2-Charged+2.cif,8.68958579
94-BP-P_i_neut-POSCAR4-Charged+2.cif,8.68343851
104-BAs-As_i_neut-POSCAR8-Charged+2.cif,8.67954928
252-SiC-C_i_B-POSCAR3-Charged+2.cif,8.67617518
252-SiC-C_i_B-POSCAR4-Charged+2.cif,8.67
94-BP-P_i_neut-POSCAR5-Charged+2.cif,8.6545163
266-GeC-Ge_i_neut-POSCAR0-Charged+2.cif,8.65
158-GaN-N_Ga-POSCAR5-Charged+2.cif,8.63637076
163-GaN-N_i_B-POSCAR3-Charged+2.cif,8.62617405
158-GaN-N_Ga-POSCAR6-Charged+2.cif,8.614396
158-GaN-N_Ga-POSCAR4-Charged+2.cif,8.6094661
158-GaN-N_Ga-POSCAR7-Charged+2.cif,8.59059347
158-GaN-N_Ga-POSCAR8-Charged+2.cif,8.59
94-BP-P_i_neut-POSCAR6-Charged+2.cif,8.57809865
163-GaN-N_i_B-POSCAR4-Charged+2.cif,8.57746488
163-GaN-N_i_B-POSCAR9-Charged+2.cif,8.57001066
163-GaN-N_i_B-POSCAR12-Charged+2.cif,8.57
163-GaN-N_i_B-POSCAR11-Charged+2.cif,8.56999712
163-GaN-N_i_B-POSCAR8-Charged+2.cif,8.5699585
163-GaN-N_i_B-POSCAR10-Charged+2.cif,8.56978407
163-GaN-N_i_B-POSCAR7-Charged+2.cif,8.56975874
163-GaN-N_i_B-POSCAR6-Charged+2.cif,8.56969008
163-GaN-N_i_B-POSCAR5-Charged+2.cif,8.56933981
94-BP-P_i_neut-POSCAR7-Charged+2.cif,8.56792395
94-BP-P_i_neut-POSCAR8-Charged+2.cif,8.53846074
94-BP-P_i_neut-POSCAR9-Charged+2.cif,8.53467495
94-BP-P_i_neut-POSCAR10-Charged+2.cif,8.53118037
94-BP-P_i_neut-POSCAR11-Charged+2.cif,8.53
198-InN-N_In-POSCAR0-Charged+2.cif,8.51377043
104-BAs-As_i_neut-POSCAR0-Charged+2.cif,8.48208497
155-GaN-V_Ga-POSCAR0-Charged+2.cif,8.47474578
104-BAs-As_i_neut-POSCAR1-Charged+2.cif,8.43857296
104-BAs-As_i_neut-POSCAR2-Charged+2.cif,8.4198947
155-GaN-V_Ga-POSCAR1-Charged+2.cif,8.41376334
102-BAs-As_i_A-POSCAR0-Charged+2.cif,8.41051548
155-GaN-V_Ga-POSCAR2-Charged+2.cif,8.39647767
104-BAs-As_i_neut-POSCAR3-Charged+2.cif,8.39279773
104-BAs-As_i_neut-POSCAR7-Charged+2.cif,8.38084889
102-BAs-As_i_A-POSCAR1-Charged+2.cif,8.37780627
155-GaN-V_Ga-POSCAR3-Charged+2.cif,8.3762043
102-BAs-As_i_A-POSCAR2-Charged+2.cif,8.37224568
104-BAs-As_i_neut-POSCAR4-Charged+2.cif,8.37071462
102-BAs-As_i_A-POSCAR3-Charged+2.cif,8.37
155-GaN-V_Ga-POSCAR4-Charged+2.cif,8.36
264-GeC-Ge_i_A-POSCAR0-Charged+2.cif,8.35
104-BAs-As_i_neut-POSCAR5-Charged+2.cif,8.34628235
164-GaN-N_i_neut-POSCAR6-Charged+2.cif,8.33520503
104-BAs-As_i_neut-POSCAR9-Charged+2.cif,8.33504182
113-BSb-Sb_i_B-POSCAR0-Charged+2.cif,8.24843529
81-BN-B_i_neut-POSCAR0-Charged+2.cif,8.24755911
265-GeC-Ge_i_B-POSCAR0-Charged+2.cif,8.24
104-BAs-As_i_neut-POSCAR6-Charged+2.cif,8.22483618
164-GaN-N_i_neut-POSCAR0-Charged+2.cif,8.21641438
104-BAs-As_i_neut-POSCAR10-Charged+2.cif,8.20719159
113-BSb-Sb_i_B-POSCAR1-Charged+2.cif,8.19544196
164-GaN-N_i_neut-POSCAR7-Charged+2.cif,8.18142716
113-BSb-Sb_i_B-POSCAR2-Charged+2.cif,8.180043
113-BSb-Sb_i_B-POSCAR3-Charged+2.cif,8.16401511
113-BSb-Sb_i_B-POSCAR4-Charged+2.cif,8.16
104-BAs-As_i_neut-POSCAR13-Charged+2.cif,8.14724531
104-BAs-As_i_neut-POSCAR11-Charged+2.cif,8.13984103
104-BAs-As_i_neut-POSCAR12-Charged+2.cif,8.12730065
104-BAs-As_i_neut-POSCAR14-Charged+2.cif,8.12303586
247-SiC-V_Si-POSCAR0-Charged+2.cif,8.1
104-BAs-As_i_neut-POSCAR15-Charged+2.cif,8.09505798
251-SiC-C_i_A-POSCAR0-Charged+2.cif,8.08
104-BAs-As_i_neut-POSCAR16-Charged+2.cif,8.07
276-SnC-Sn_i_neut-POSCAR0-Charged+2.cif,8.0405297
198-InN-N_In-POSCAR1-Charged+2.cif,7.99966042
164-GaN-N_i_neut-POSCAR5-Charged+2.cif,7.99766169
276-SnC-Sn_i_neut-POSCAR1-Charged+2.cif,7.97491574
276-SnC-Sn_i_neut-POSCAR2-Charged+2.cif,7.9582856
276-SnC-Sn_i_neut-POSCAR3-Charged+2.cif,7.94316954
276-SnC-Sn_i_neut-POSCAR4-Charged+2.cif,7.92601293
276-SnC-Sn_i_neut-POSCAR5-Charged+2.cif,7.90976768
164-GaN-N_i_neut-POSCAR1-Charged+2.cif,7.89082929
261-GeC-C_i_A-POSCAR0-Charged+2.cif,7.89
276-SnC-Sn_i_neut-POSCAR6-Charged+2.cif,7.88758909
124-AlN-N_i_neut-POSCAR0-Charged+2.cif,7.88087594
9-ZnO-O_i_B-POSCAR0-Charged+2.cif,7.88
276-SnC-Sn_i_neut-POSCAR8-Charged+2.cif,7.87292111
276-SnC-Sn_i_neut-POSCAR7-Charged+2.cif,7.87235863
276-SnC-Sn_i_neut-POSCAR9-Charged+2.cif,7.86966748
276-SnC-Sn_i_neut-POSCAR10-Charged+2.cif,7.85623717
81-BN-B_i_neut-POSCAR3-Charged+2.cif,7.85214382
276-SnC-Sn_i_neut-POSCAR11-Charged+2.cif,7.84867566
81-BN-B_i_neut-POSCAR2-Charged+2.cif,7.84696718
276-SnC-Sn_i_neut-POSCAR13-Charged+2.cif,7.82393916
276-SnC-Sn_i_neut-POSCAR14-Charged+2.cif,7.82003209
276-SnC-Sn_i_neut-POSCAR15-Charged+2.cif,7.81751559
276-SnC-Sn_i_neut-POSCAR12-Charged+2.cif,7.81725857
276-SnC-Sn_i_neut-POSCAR17-Charged+2.cif,7.81
276-SnC-Sn_i_neut-POSCAR16-Charged+2.cif,7.80965457
256-SiC-Si_i_neut-POSCAR3-Charged+2.cif,7.77152618
164-GaN-N_i_neut-POSCAR8-Charged+2.cif,7.76817931
81-BN-B_i_neut-POSCAR4-Charged+2.cif,7.75454532
81-BN-B_i_neut-POSCAR5-Charged+2.cif,7.75453372
81-BN-B_i_neut-POSCAR6-Charged+2.cif,7.75
164-GaN-N_i_neut-POSCAR2-Charged+2.cif,7.71086284
114-BSb-Sb_i_neut-POSCAR16-Charged+2.cif,7.64170524
198-InN-N_In-POSCAR2-Charged+2.cif,7.62162013
254-SiC-Si_i_A-POSCAR0-Charged+2.cif,7.61432545
254-SiC-Si_i_A-POSCAR1-Charged+2.cif,7.60823379
254-SiC-Si_i_A-POSCAR2-Charged+2.cif,7.5910433
254-SiC-Si_i_A-POSCAR3-Charged+2.cif,7.59014267
254-SiC-Si_i_A-POSCAR4-Charged+2.cif,7.59
10-ZnO-O_i_neut-POSCAR0-Charged+2.cif,7.5407349
10-ZnO-O_i_neut-POSCAR1-Charged+2.cif,7.54
114-BSb-Sb_i_neut-POSCAR9-Charged+2.cif,7.47704154
164-GaN-N_i_neut-POSCAR3-Charged+2.cif,7.47653654
164-GaN-N_i_neut-POSCAR4-Charged+2.cif,7.47545383
1-ZnO-V_Zn-POSCAR0-Charged+2.cif,7.46
114-BSb-Sb_i_neut-POSCAR14-Charged+2.cif,7.45595291
114-BSb-Sb_i_neut-POSCAR6-Charged+2.cif,7.45517023
114-BSb-Sb_i_neut-POSCAR8-Charged+2.cif,7.44909628
114-BSb-Sb_i_neut-POSCAR13-Charged+2.cif,7.44652819
114-BSb-Sb_i_neut-POSCAR4-Charged+2.cif,7.44471547
114-BSb-Sb_i_neut-POSCAR10-Charged+2.cif,7.44363766
114-BSb-Sb_i_neut-POSCAR3-Charged+2.cif,7.44338476
114-BSb-Sb_i_neut-POSCAR12-Charged+2.cif,7.4433309
114-BSb-Sb_i_neut-POSCAR2-Charged+2.cif,7.44077623
274-SnC-Sn_i_A-POSCAR0-Charged+2.cif,7.44
114-BSb-Sb_i_neut-POSCAR0-Charged+2.cif,7.43994023
114-BSb-Sb_i_neut-POSCAR11-Charged+2.cif,7.43848224
114-BSb-Sb_i_neut-POSCAR1-Charged+2.cif,7.43814012
114-BSb-Sb_i_neut-POSCAR5-Charged+2.cif,7.4366716
114-BSb-Sb_i_neut-POSCAR15-Charged+2.cif,7.43148859
114-BSb-Sb_i_neut-POSCAR7-Charged+2.cif,7.42714798
161-GaN-Ga_i_neut-POSCAR13-Charged+2.cif,7.40888587
8-ZnO-O_i_A-POSCAR0-Charged+2.cif,7.4
262-GeC-C_i_B-POSCAR0-Charged+2.cif,7.4
114-BSb-Sb_i_neut-POSCAR17-Charged+2.cif,7.39541985
275-SnC-Sn_i_B-POSCAR0-Charged+2.cif,7.31055379
275-SnC-Sn_i_B-POSCAR1-Charged+2.cif,7.29549089
275-SnC-Sn_i_B-POSCAR2-Charged+2.cif,7.29171024
275-SnC-Sn_i_B-POSCAR3-Charged+2.cif,7.29
12-ZnS-S_Zn-POSCAR0-Charged+2.cif,7.28758696
114-BSb-Sb_i_neut-POSCAR18-Charged+2.cif,7.287134
114-BSb-Sb_i_neut-POSCAR19-Charged+2.cif,7.2800732
114-BSb-Sb_i_neut-POSCAR20-Charged+2.cif,7.27775737
114-BSb-Sb_i_neut-POSCAR21-Charged+2.cif,7.27400133
114-BSb-Sb_i_neut-POSCAR22-Charged+2.cif,7.23807132
253-SiC-C_i_neut-POSCAR0-Charged+2.cif,7.21737881
114-BSb-Sb_i_neut-POSCAR25-Charged+2.cif,7.20912589
124-AlN-N_i_neut-POSCAR2-Charged+2.cif,7.19011071
124-AlN-N_i_neut-POSCAR5-Charged+2.cif,7.18618132
114-BSb-Sb_i_neut-POSCAR24-Charged+2.cif,7.16621406
114-BSb-Sb_i_neut-POSCAR23-Charged+2.cif,7.161072
114-BSb-Sb_i_neut-POSCAR26-Charged+2.cif,7.15290113
112-BSb-Sb_i_A-POSCAR0-Charged+2.cif,7.14299441
112-BSb-Sb_i_A-POSCAR1-Charged+2.cif,7.13317482
112-BSb-Sb_i_A-POSCAR2-Charged+2.cif,7.13
256-SiC-Si_i_neut-POSCAR4-Charged+2.cif,7.11158112
12-ZnS-S_Zn-POSCAR1-Charged+2.cif,7.10164563
253-SiC-C_i_neut-POSCAR1-Charged+2.cif,7.0695242
253-SiC-C_i_neut-POSCAR2-Charged+2.cif,6.99118029
114-BSb-Sb_i_neut-POSCAR27-Charged+2.cif,6.98262747
198-InN-N_In-POSCAR3-Charged+2.cif,6.97768705
253-SiC-C_i_neut-POSCAR3-Charged+2.cif,6.97718379
253-SiC-C_i_neut-POSCAR4-Charged+2.cif,6.97274432
253-SiC-C_i_neut-POSCAR5-Charged+2.cif,6.97
114-BSb-Sb_i_neut-POSCAR28-Charged+2.cif,6.9615701
198-InN-N_In-POSCAR4-Charged+2.cif,6.95310677
114-BSb-Sb_i_neut-POSCAR32-Charged+2.cif,6.94998698
114-BSb-Sb_i_neut-POSCAR31-Charged+2.cif,6.94808674
114-BSb-Sb_i_neut-POSCAR33-Charged+2.cif,6.93522001
198-InN-N_In-POSCAR5-Charged+2.cif,6.93481451
198-InN-N_In-POSCAR6-Charged+2.cif,6.93067891
114-BSb-Sb_i_neut-POSCAR30-Charged+2.cif,6.93024745
198-InN-N_In-POSCAR7-Charged+2.cif,6.93
100-BAs-B_i_B-POSCAR0-Charged+2.cif,6.90473399
100-BAs-B_i_B-POSCAR1-Charged+2.cif,6.9
114-BSb-Sb_i_neut-POSCAR29-Charged+2.cif,6.89453418
124-AlN-N_i_neut-POSCAR3-Charged+2.cif,6.89222617
114-BSb-Sb_i_neut-POSCAR34-Charged+2.cif,6.87808024
114-BSb-Sb_i_neut-POSCAR35-Charged+2.cif,6.8632499
195-InN-V_In-POSCAR0-Charged+2.cif,6.86136665
12-ZnS-S_Zn-POSCAR2-Charged+2.cif,6.84218042
164-GaN-N_i_neut-POSCAR9-Charged+2.cif,6.8319621
114-BSb-Sb_i_neut-POSCAR36-Charged+2.cif,6.81645881
203-InN-N_i_B-POSCAR0-Charged+2.cif,6.81143873
195-InN-V_In-POSCAR1-Charged+2.cif,6.81123058
256-SiC-Si_i_neut-POSCAR5-Charged+2.cif,6.80241105
195-InN-V_In-POSCAR2-Charged+2.cif,6.7996015
164-GaN-N_i_neut-POSCAR10-Charged+2.cif,6.7923037
195-InN-V_In-POSCAR3-Charged+2.cif,6.78443967
114-BSb-Sb_i_neut-POSCAR37-Charged+2.cif,6.77718129
114-BSb-Sb_i_neut-POSCAR38-Charged+2.cif,6.76977363
164-GaN-N_i_neut-POSCAR11-Charged+2.cif,6.7628625
195-InN-V_In-POSCAR4-Charged+2.cif,6.76260857
114-BSb-Sb_i_neut-POSCAR39-Charged+2.cif,6.7625302
195-InN-V_In-POSCAR5-Charged+2.cif,6.76
114-BSb-Sb_i_neut-POSCAR40-Charged+2.cif,6.73893053
114-BSb-Sb_i_neut-POSCAR41-Charged+2.cif,6.7273493
12-ZnS-S_Zn-POSCAR3-Charged+2.cif,6.72612537
114-BSb-Sb_i_neut-POSCAR42-Charged+2.cif,6.72389086
114-BSb-Sb_i_neut-POSCAR43-Charged+2.cif,6.72
18-ZnS-S_i_A-POSCAR0-Charged+2.cif,6.71179318
124-AlN-N_i_neut-POSCAR4-Charged+2.cif,6.6970742
106-BSb-V_Sb-POSCAR0-Charged+2.cif,6.67216465
106-BSb-V_Sb-POSCAR1-Charged+2.cif,6.65185842
106-BSb-V_Sb-POSCAR2-Charged+2.cif,6.6460537
106-BSb-V_Sb-POSCAR3-Charged+2.cif,6.63801281
203-InN-N_i_B-POSCAR1-Charged+2.cif,6.63273975
106-BSb-V_Sb-POSCAR4-Charged+2.cif,6.63248561
96-BAs-V_As-POSCAR11-Charged+2.cif,6.63132921
106-BSb-V_Sb-POSCAR5-Charged+2.cif,6.63
12-ZnS-S_Zn-POSCAR4-Charged+2.cif,6.62994528
256-SiC-Si_i_neut-POSCAR6-Charged+2.cif,6.62106443
12-ZnS-S_Zn-POSCAR5-Charged+2.cif,6.59697207
12-ZnS-S_Zn-POSCAR6-Charged+2.cif,6.54963857
18-ZnS-S_i_A-POSCAR1-Charged+2.cif,6.54029886
203-InN-N_i_B-POSCAR2-Charged+2.cif,6.53393989
12-ZnS-S_Zn-POSCAR7-Charged+2.cif,6.52527192
124-AlN-N_i_neut-POSCAR6-Charged+2.cif,6.51759195
12-ZnS-S_Zn-POSCAR8-Charged+2.cif,6.49572246
12-ZnS-S_Zn-POSCAR9-Charged+2.cif,6.48696501
12-ZnS-S_Zn-POSCAR10-Charged+2.cif,6.48
203-InN-N_i_B-POSCAR3-Charged+2.cif,6.46878276
124-AlN-N_i_neut-POSCAR7-Charged+2.cif,6.46662694
18-ZnS-S_i_A-POSCAR2-Charged+2.cif,6.44994294
90-BP-B_i_B-POSCAR0-Charged+2.cif,6.43772371
124-AlN-N_i_neut-POSCAR8-Charged+2.cif,6.43742436
256-SiC-Si_i_neut-POSCAR7-Charged+2.cif,6.43570827
271-SnC-C_i_A-POSCAR0-Charged+2.cif,6.43419309
124-AlN-N_i_neut-POSCAR9-Charged+2.cif,6.43233755
18-ZnS-S_i_A-POSCAR3-Charged+2.cif,6.43107792
124-AlN-N_i_neut-POSCAR10-Charged+2.cif,6.42771963
256-SiC-Si_i_neut-POSCAR8-Charged+2.cif,6.4274986
90-BP-B_i_B-POSCAR1-Charged+2.cif,6.4237256
124-AlN-N_i_neut-POSCAR11-Charged+2.cif,6.4203684
90-BP-B_i_B-POSCAR2-Charged+2.cif,6.42
203-InN-N_i_B-POSCAR4-Charged+2.cif,6.41606408
18-ZnS-S_i_A-POSCAR4-Charged+2.cif,6.41004928
235-C-V_C-POSCAR0-Charged+2.cif,6.41
124-AlN-N_i_neut-POSCAR13-Charged+2.cif,6.40983442
124-AlN-N_i_neut-POSCAR12-Charged+2.cif,6.40790421
256-SiC-Si_i_neut-POSCAR9-Charged+2.cif,6.40368618
124-AlN-N_i_neut-POSCAR14-Charged+2.cif,6.40085331
18-ZnS-S_i_A-POSCAR5-Charged+2.cif,6.40039623
18-ZnS-S_i_A-POSCAR12-Charged+2.cif,6.4
18-ZnS-S_i_A-POSCAR11-Charged+2.cif,6.39973938
18-ZnS-S_i_A-POSCAR7-Charged+2.cif,6.39852103
18-ZnS-S_i_A-POSCAR9-Charged+2.cif,6.39687212
256-SiC-Si_i_neut-POSCAR10-Charged+2.cif,6.39627294
18-ZnS-S_i_A-POSCAR6-Charged+2.cif,6.39347549
203-InN-N_i_B-POSCAR5-Charged+2.cif,6.39325907
203-InN-N_i_B-POSCAR6-Charged+2.cif,6.39308903
18-ZnS-S_i_A-POSCAR8-Charged+2.cif,6.39300658
124-AlN-N_i_neut-POSCAR15-Charged+2.cif,6.39220831
18-ZnS-S_i_A-POSCAR10-Charged+2.cif,6.3914549
203-InN-N_i_B-POSCAR7-Charged+2.cif,6.3912402
203-InN-N_i_B-POSCAR9-Charged+2.cif,6.39112103
203-InN-N_i_B-POSCAR11-Charged+2.cif,6.39091149
203-InN-N_i_B-POSCAR13-Charged+2.cif,6.39028868
203-InN-N_i_B-POSCAR15-Charged+2.cif,6.39
256-SiC-Si_i_neut-POSCAR11-Charged+2.cif,6.39
203-InN-N_i_B-POSCAR12-Charged+2.cif,6.38992247
203-InN-N_i_B-POSCAR14-Charged+2.cif,6.38957086
203-InN-N_i_B-POSCAR10-Charged+2.cif,6.38544174
203-InN-N_i_B-POSCAR8-Charged+2.cif,6.38263991
124-AlN-N_i_neut-POSCAR16-Charged+2.cif,6.34546517
263-GeC-C_i_neut-POSCAR0-Charged+2.cif,6.34
124-AlN-N_i_neut-POSCAR17-Charged+2.cif,6.33781716
124-AlN-N_i_neut-POSCAR18-Charged+2.cif,6.33125565
124-AlN-N_i_neut-POSCAR19-Charged+2.cif,6.33048116
124-AlN-N_i_neut-POSCAR20-Charged+2.cif,6.32974705
124-AlN-N_i_neut-POSCAR21-Charged+2.cif,6.32865486
124-AlN-N_i_neut-POSCAR22-Charged+2.cif,6.32742331
124-AlN-N_i_neut-POSCAR23-Charged+2.cif,6.32714578
124-AlN-N_i_neut-POSCAR24-Charged+2.cif,6.32628168
124-AlN-N_i_neut-POSCAR25-Charged+2.cif,6.32554003
124-AlN-N_i_neut-POSCAR26-Charged+2.cif,6.32522118
124-AlN-N_i_neut-POSCAR27-Charged+2.cif,6.32463024
124-AlN-N_i_neut-POSCAR28-Charged+2.cif,6.32403989
124-AlN-N_i_neut-POSCAR29-Charged+2.cif,6.32380784
124-AlN-N_i_neut-POSCAR30-Charged+2.cif,6.3233724
124-AlN-N_i_neut-POSCAR31-Charged+2.cif,6.3229368
124-AlN-N_i_neut-POSCAR32-Charged+2.cif,6.32269022
124-AlN-N_i_neut-POSCAR33-Charged+2.cif,6.32241671
124-AlN-N_i_neut-POSCAR34-Charged+2.cif,6.32208306
124-AlN-N_i_neut-POSCAR35-Charged+2.cif,6.32183404
124-AlN-N_i_neut-POSCAR36-Charged+2.cif,6.32165473
124-AlN-N_i_neut-POSCAR37-Charged+2.cif,6.3213932
124-AlN-N_i_neut-POSCAR43-Charged+2.cif,6.32115587
124-AlN-N_i_neut-POSCAR44-Charged+2.cif,6.32115021
124-AlN-N_i_neut-POSCAR38-Charged+2.cif,6.3211198
124-AlN-N_i_neut-POSCAR39-Charged+2.cif,6.32102001
124-AlN-N_i_neut-POSCAR45-Charged+2.cif,6.32091551
124-AlN-N_i_neut-POSCAR42-Charged+2.cif,6.32081347
124-AlN-N_i_neut-POSCAR40-Charged+2.cif,6.32074803
124-AlN-N_i_neut-POSCAR46-Charged+2.cif,6.32050303
124-AlN-N_i_neut-POSCAR41-Charged+2.cif,6.32049068
124-AlN-N_i_neut-POSCAR47-Charged+2.cif,6.32
202-InN-N_i_A-POSCAR0-Charged+2.cif,6.28254429
255-SiC-Si_i_B-POSCAR1-Charged+2.cif,6.28144691
255-SiC-Si_i_B-POSCAR0-Charged+2.cif,6.27919156
164-GaN-N_i_neut-POSCAR12-Charged+2.cif,6.2639704
29-ZnSe-Se_i_B-POSCAR0-Charged+2.cif,6.2624504
202-InN-N_i_A-POSCAR1-Charged+2.cif,6.26228433
202-InN-N_i_A-POSCAR2-Charged+2.cif,6.26
255-SiC-Si_i_B-POSCAR2-Charged+2.cif,6.26
271-SnC-C_i_A-POSCAR1-Charged+2.cif,6.21492775
164-GaN-N_i_neut-POSCAR13-Charged+2.cif,6.1839688
271-SnC-C_i_A-POSCAR2-Charged+2.cif,6.1718209
164-GaN-N_i_neut-POSCAR14-Charged+2.cif,6.15811608
20-ZnS-S_i_neut-POSCAR0-Charged+2.cif,6.15226233
271-SnC-C_i_A-POSCAR3-Charged+2.cif,6.13888203
271-SnC-C_i_A-POSCAR4-Charged+2.cif,6.13
164-GaN-N_i_neut-POSCAR15-Charged+2.cif,6.10524413
164-GaN-N_i_neut-POSCAR16-Charged+2.cif,6.10098388
110-BSb-B_i_B-POSCAR0-Charged+2.cif,6.08668411
110-BSb-B_i_B-POSCAR1-Charged+2.cif,6.08161264
110-BSb-B_i_B-POSCAR2-Charged+2.cif,6.08
164-GaN-N_i_neut-POSCAR17-Charged+2.cif,6.06916046
164-GaN-N_i_neut-POSCAR18-Charged+2.cif,6.05008457
41-CdO-V_Cd-POSCAR0-Charged+2.cif,6.04
96-BAs-V_As-POSCAR15-Charged+2.cif,6.03409452
164-GaN-N_i_neut-POSCAR19-Charged+2.cif,6.02904763
96-BAs-V_As-POSCAR0-Charged+2.cif,6.01216696
164-GaN-N_i_neut-POSCAR20-Charged+2.cif,6.00898471
96-BAs-V_As-POSCAR18-Charged+2.cif,6.00429744
96-BAs-V_As-POSCAR7-Charged+2.cif,5.99707966
96-BAs-V_As-POSCAR1-Charged+2.cif,5.99440029
29-ZnSe-Se_i_B-POSCAR1-Charged+2.cif,5.99431953
96-BAs-V_As-POSCAR2-Charged+2.cif,5.99053229
96-BAs-V_As-POSCAR10-Charged+2.cif,5.99045761
96-BAs-V_As-POSCAR14-Charged+2.cif,5.98820355
96-BAs-V_As-POSCAR6-Charged+2.cif,5.9864223
96-BAs-V_As-POSCAR3-Charged+2.cif,5.98615133
96-BAs-V_As-POSCAR8-Charged+2.cif,5.98356275
96-BAs-V_As-POSCAR4-Charged+2.cif,5.98306833
96-BAs-V_As-POSCAR5-Charged+2.cif,5.98179413
96-BAs-V_As-POSCAR12-Charged+2.cif,5.97968919
96-BAs-V_As-POSCAR16-Charged+2.cif,5.97922012
96-BAs-V_As-POSCAR9-Charged+2.cif,5.97503458
89-BP-B_i_A-POSCAR0-Charged+2.cif,5.97298621
96-BAs-V_As-POSCAR20-Charged+2.cif,5.9715887
164-GaN-N_i_neut-POSCAR21-Charged+2.cif,5.96807639
273-SnC-C_i_neut-POSCAR9-Charged+2.cif,5.96723552
96-BAs-V_As-POSCAR13-Charged+2.cif,5.96210291
89-BP-B_i_A-POSCAR1-Charged+2.cif,5.96127668
89-BP-B_i_A-POSCAR2-Charged+2.cif,5.96
164-GaN-N_i_neut-POSCAR22-Charged+2.cif,5.95792777
99-BAs-B_i_A-POSCAR0-Charged+2.cif,5.94415887
77-BN-B_N-POSCAR0-Charged+2.cif,5.93950981
164-GaN-N_i_neut-POSCAR23-Charged+2.cif,5.93638891
96-BAs-V_As-POSCAR17-Charged+2.cif,5.93465672
164-GaN-N_i_neut-POSCAR24-Charged+2.cif,5.92049222
96-BAs-V_As-POSCAR21-Charged+2.cif,5.91761648
99-BAs-B_i_A-POSCAR1-Charged+2.cif,5.908198
164-GaN-N_i_neut-POSCAR25-Charged+2.cif,5.90302166
99-BAs-B_i_A-POSCAR2-Charged+2.cif,5.90224897
99-BAs-B_i_A-POSCAR3-Charged+2.cif,5.9
96-BAs-V_As-POSCAR22-Charged+2.cif,5.89623909
96-BAs-V_As-POSCAR23-Charged+2.cif,5.89
77-BN-B_N-POSCAR1-Charged+2.cif,5.88915039
164-GaN-N_i_neut-POSCAR26-Charged+2.cif,5.88214223
164-GaN-N_i_neut-POSCAR27-Charged+2.cif,5.86534901
164-GaN-N_i_neut-POSCAR28-Charged+2.cif,5.86491228
164-GaN-N_i_neut-POSCAR29-Charged+2.cif,5.85742847
125-AlP-V_Al-POSCAR0-Charged+2.cif,5.8569564
204-InN-N_i_neut-POSCAR0-Charged+2.cif,5.84706185
164-GaN-N_i_neut-POSCAR30-Charged+2.cif,5.84685451
164-GaN-N_i_neut-POSCAR32-Charged+2.cif,5.83686585
164-GaN-N_i_neut-POSCAR31-Charged+2.cif,5.83260419
125-AlP-V_Al-POSCAR1-Charged+2.cif,5.82785531
164-GaN-N_i_neut-POSCAR33-Charged+2.cif,5.82715268
29-ZnSe-Se_i_B-POSCAR2-Charged+2.cif,5.8256835
164-GaN-N_i_neut-POSCAR34-Charged+2.cif,5.821533
164-GaN-N_i_neut-POSCAR35-Charged+2.cif,5.81687836
204-InN-N_i_neut-POSCAR1-Charged+2.cif,5.81661481
164-GaN-N_i_neut-POSCAR36-Charged+2.cif,5.81266487
164-GaN-N_i_neut-POSCAR37-Charged+2.cif,5.81
125-AlP-V_Al-POSCAR3-Charged+2.cif,5.80995223
125-AlP-V_Al-POSCAR2-Charged+2.cif,5.8080392
101-BAs-B_i_neut-POSCAR0-Charged+2.cif,5.80431019
125-AlP-V_Al-POSCAR4-Charged+2.cif,5.80296387
125-AlP-V_Al-POSCAR5-Charged+2.cif,5.80034906
204-InN-N_i_neut-POSCAR2-Charged+2.cif,5.79767537
125-AlP-V_Al-POSCAR6-Charged+2.cif,5.79277865
125-AlP-V_Al-POSCAR7-Charged+2.cif,5.79
29-ZnSe-Se_i_B-POSCAR3-Charged+2.cif,5.78685814
204-InN-N_i_neut-POSCAR3-Charged+2.cif,5.77853181
29-ZnSe-Se_i_B-POSCAR5-Charged+2.cif,5.76785604
29-ZnSe-Se_i_B-POSCAR7-Charged+2.cif,5.76650597
204-InN-N_i_neut-POSCAR4-Charged+2.cif,5.76564892
29-ZnSe-Se_i_B-POSCAR8-Charged+2.cif,5.76087724
29-ZnSe-Se_i_B-POSCAR10-Charged+2.cif,5.76087645
29-ZnSe-Se_i_B-POSCAR4-Charged+2.cif,5.76078653
204-InN-N_i_neut-POSCAR5-Charged+2.cif,5.76
29-ZnSe-Se_i_B-POSCAR12-Charged+2.cif,5.75966543
29-ZnSe-Se_i_B-POSCAR9-Charged+2.cif,5.75586335
29-ZnSe-Se_i_B-POSCAR14-Charged+2.cif,5.75444409
29-ZnSe-Se_i_B-POSCAR6-Charged+2.cif,5.75216109
29-ZnSe-Se_i_B-POSCAR15-Charged+2.cif,5.75149717
29-ZnSe-Se_i_B-POSCAR13-Charged+2.cif,5.75029901
29-ZnSe-Se_i_B-POSCAR11-Charged+2.cif,5.74948601
29-ZnSe-Se_i_B-POSCAR16-Charged+2.cif,5.74441614
29-ZnSe-Se_i_B-POSCAR20-Charged+2.cif,5.74233817
29-ZnSe-Se_i_B-POSCAR17-Charged+2.cif,5.74196004
29-ZnSe-Se_i_B-POSCAR18-Charged+2.cif,5.74147708
159-GaN-Ga_i_A-POSCAR0-Charged+2.cif,5.73872644
29-ZnSe-Se_i_B-POSCAR21-Charged+2.cif,5.73733021
29-ZnSe-Se_i_B-POSCAR24-Charged+2.cif,5.73444986
29-ZnSe-Se_i_B-POSCAR19-Charged+2.cif,5.7334677
29-ZnSe-Se_i_B-POSCAR25-Charged+2.cif,5.73327569
29-ZnSe-Se_i_B-POSCAR23-Charged+2.cif,5.73314655
29-ZnSe-Se_i_B-POSCAR22-Charged+2.cif,5.73093955
29-ZnSe-Se_i_B-POSCAR26-Charged+2.cif,5.72753897
29-ZnSe-Se_i_B-POSCAR27-Charged+2.cif,5.72711743
29-ZnSe-Se_i_B-POSCAR28-Charged+2.cif,5.72693974
29-ZnSe-Se_i_B-POSCAR30-Charged+2.cif,5.72635682
29-ZnSe-Se_i_B-POSCAR32-Charged+2.cif,5.7253709
29-ZnSe-Se_i_B-POSCAR29-Charged+2.cif,5.72432801
29-ZnSe-Se_i_B-POSCAR33-Charged+2.cif,5.72388953
29-ZnSe-Se_i_B-POSCAR31-Charged+2.cif,5.72362921
101-BAs-B_i_neut-POSCAR1-Charged+2.cif,5.723581
29-ZnSe-Se_i_B-POSCAR34-Charged+2.cif,5.72187607
29-ZnSe-Se_i_B-POSCAR35-Charged+2.cif,5.7218133
29-ZnSe-Se_i_B-POSCAR37-Charged+2.cif,5.72104654
29-ZnSe-Se_i_B-POSCAR39-Charged+2.cif,5.72086105
29-ZnSe-Se_i_B-POSCAR38-Charged+2.cif,5.72048333
29-ZnSe-Se_i_B-POSCAR40-Charged+2.cif,5.72
29-ZnSe-Se_i_B-POSCAR36-Charged+2.cif,5.71998493
101-BAs-B_i_neut-POSCAR2-Charged+2.cif,5.70133909
91-BP-B_i_neut-POSCAR0-Charged+2.cif,5.69201002
20-ZnS-S_i_neut-POSCAR1-Charged+2.cif,5.68255251
101-BAs-B_i_neut-POSCAR3-Charged+2.cif,5.6806199
101-BAs-B_i_neut-POSCAR4-Charged+2.cif,5.66699908
101-BAs-B_i_neut-POSCAR5-Charged+2.cif,5.662079
101-BAs-B_i_neut-POSCAR6-Charged+2.cif,5.66
28-ZnSe-Se_i_A-POSCAR0-Charged+2.cif,5.65053125
91-BP-B_i_neut-POSCAR1-Charged+2.cif,5.61844216
11-ZnS-V_Zn-POSCAR0-Charged+2.cif,5.60298932
91-BP-B_i_neut-POSCAR2-Charged+2.cif,5.6004605
11-ZnS-V_Zn-POSCAR1-Charged+2.cif,5.6
91-BP-B_i_neut-POSCAR3-Charged+2.cif,5.59452001
91-BP-B_i_neut-POSCAR4-Charged+2.cif,5.59193588
91-BP-B_i_neut-POSCAR5-Charged+2.cif,5.59085957
91-BP-B_i_neut-POSCAR6-Charged+2.cif,5.59
39-ZnTe-Te_i_B-POSCAR0-Charged+2.cif,5.58541531
50-CdO-O_i_neut-POSCAR5-Charged+2.cif,5.56131829
50-CdO-O_i_neut-POSCAR6-Charged+2.cif,5.56027908
50-CdO-O_i_neut-POSCAR9-Charged+2.cif,5.56
50-CdO-O_i_neut-POSCAR7-Charged+2.cif,5.55992396
50-CdO-O_i_neut-POSCAR8-Charged+2.cif,5.55986546
50-CdO-O_i_neut-POSCAR4-Charged+2.cif,5.55618001
50-CdO-O_i_neut-POSCAR0-Charged+2.cif,5.55554431
50-CdO-O_i_neut-POSCAR1-Charged+2.cif,5.55514092
50-CdO-O_i_neut-POSCAR2-Charged+2.cif,5.55474207
50-CdO-O_i_neut-POSCAR3-Charged+2.cif,5.55432882
49-CdO-O_i_B-POSCAR9-Charged+2.cif,5.53
49-CdO-O_i_B-POSCAR7-Charged+2.cif,5.52837176
49-CdO-O_i_B-POSCAR3-Charged+2.cif,5.52747317
49-CdO-O_i_B-POSCAR6-Charged+2.cif,5.52454808
49-CdO-O_i_B-POSCAR2-Charged+2.cif,5.52330311
49-CdO-O_i_B-POSCAR0-Charged+2.cif,5.52278756
49-CdO-O_i_B-POSCAR1-Charged+2.cif,5.52253789
49-CdO-O_i_B-POSCAR5-Charged+2.cif,5.52226179
49-CdO-O_i_B-POSCAR4-Charged+2.cif,5.5213632
49-CdO-O_i_B-POSCAR8-Charged+2.cif,5.51944435
159-GaN-Ga_i_A-POSCAR1-Charged+2.cif,5.51789976
22-ZnSe-Se_Zn-POSCAR0-Charged+2.cif,5.51282427
28-ZnSe-Se_i_A-POSCAR1-Charged+2.cif,5.47681305
161-GaN-Ga_i_neut-POSCAR11-Charged+2.cif,5.44105102
273-SnC-C_i_neut-POSCAR22-Charged+2.cif,5.43591168
273-SnC-C_i_neut-POSCAR0-Charged+2.cif,5.39838594
165-GaP-V_Ga-POSCAR0-Charged+2.cif,5.39774858
273-SnC-C_i_neut-POSCAR10-Charged+2.cif,5.39462541
39-ZnTe-Te_i_B-POSCAR1-Charged+2.cif,5.39130643
28-ZnSe-Se_i_A-POSCAR2-Charged+2.cif,5.38710749
165-GaP-V_Ga-POSCAR1-Charged+2.cif,5.3852103
165-GaP-V_Ga-POSCAR2-Charged+2.cif,5.38
28-ZnSe-Se_i_A-POSCAR3-Charged+2.cif,5.36879538
159-GaN-Ga_i_A-POSCAR2-Charged+2.cif,5.36665025
77-BN-B_N-POSCAR2-Charged+2.cif,5.36236194
273-SnC-C_i_neut-POSCAR23-Charged+2.cif,5.35367226
273-SnC-C_i_neut-POSCAR28-Charged+2.cif,5.35104951
28-ZnSe-Se_i_A-POSCAR4-Charged+2.cif,5.34791332
28-ZnSe-Se_i_A-POSCAR5-Charged+2.cif,5.33796641
273-SnC-C_i_neut-POSCAR27-Charged+2.cif,5.33284462
28-ZnSe-Se_i_A-POSCAR6-Charged+2.cif,5.33
273-SnC-C_i_neut-POSCAR20-Charged+2.cif,5.32579686
273-SnC-C_i_neut-POSCAR25-Charged+2.cif,5.32578013
273-SnC-C_i_neut-POSCAR26-Charged+2.cif,5.31992171
159-GaN-Ga_i_A-POSCAR3-Charged+2.cif,5.31040788
249-SiC-C_Si-POSCAR0-Charged+2.cif,5.31
273-SnC-C_i_neut-POSCAR8-Charged+2.cif,5.30673415
273-SnC-C_i_neut-POSCAR1-Charged+2.cif,5.30020144
273-SnC-C_i_neut-POSCAR19-Charged+2.cif,5.29927469
77-BN-B_N-POSCAR3-Charged+2.cif,5.29410843
22-ZnSe-Se_Zn-POSCAR1-Charged+2.cif,5.28754674
159-GaN-Ga_i_A-POSCAR4-Charged+2.cif,5.28719959
159-GaN-Ga_i_A-POSCAR5-Charged+2.cif,5.27
273-SnC-C_i_neut-POSCAR5-Charged+2.cif,5.2612572
273-SnC-C_i_neut-POSCAR29-Charged+2.cif,5.26
20-ZnS-S_i_neut-POSCAR2-Charged+2.cif,5.25821008
273-SnC-C_i_neut-POSCAR24-Charged+2.cif,5.25586756
273-SnC-C_i_neut-POSCAR4-Charged+2.cif,5.25016111
39-ZnTe-Te_i_B-POSCAR2-Charged+2.cif,5.24994661
273-SnC-C_i_neut-POSCAR2-Charged+2.cif,5.24760994
161-GaN-Ga_i_neut-POSCAR7-Charged+2.cif,5.23940245
77-BN-B_N-POSCAR4-Charged+2.cif,5.23402226
273-SnC-C_i_neut-POSCAR18-Charged+2.cif,5.2319869
273-SnC-C_i_neut-POSCAR16-Charged+2.cif,5.22765492
161-GaN-Ga_i_neut-POSCAR8-Charged+2.cif,5.22757808
273-SnC-C_i_neut-POSCAR6-Charged+2.cif,5.22610207
109-BSb-B_i_A-POSCAR0-Charged+2.cif,5.22362775
109-BSb-B_i_A-POSCAR1-Charged+2.cif,5.22132983
109-BSb-B_i_A-POSCAR2-Charged+2.cif,5.22
39-ZnTe-Te_i_B-POSCAR3-Charged+2.cif,5.21459154
273-SnC-C_i_neut-POSCAR17-Charged+2.cif,5.21064654
273-SnC-C_i_neut-POSCAR11-Charged+2.cif,5.20305679
77-BN-B_N-POSCAR5-Charged+2.cif,5.19964684
86-BP-V_P-POSCAR0-Charged+2.cif,5.19797195
205-InP-V_In-POSCAR0-Charged+2.cif,5.19484073
77-BN-B_N-POSCAR6-Charged+2.cif,5.19122747
161-GaN-Ga_i_neut-POSCAR6-Charged+2.cif,5.18936757
205-InP-V_In-POSCAR1-Charged+2.cif,5.18589195
77-BN-B_N-POSCAR7-Charged+2.cif,5.18545844
86-BP-V_P-POSCAR1-Charged+2.cif,5.1830263
77-BN-B_N-POSCAR8-Charged+2.cif,5.1820008
77-BN-B_N-POSCAR9-Charged+2.cif,5.18056053
77-BN-B_N-POSCAR10-Charged+2.cif,5.18
86-BP-V_P-POSCAR2-Charged+2.cif,5.18
205-InP-V_In-POSCAR2-Charged+2.cif,5.18
273-SnC-C_i_neut-POSCAR3-Charged+2.cif,5.1799788
273-SnC-C_i_neut-POSCAR7-Charged+2.cif,5.1797642
39-ZnTe-Te_i_B-POSCAR4-Charged+2.cif,5.17844384
273-SnC-C_i_neut-POSCAR14-Charged+2.cif,5.17013442
273-SnC-C_i_neut-POSCAR15-Charged+2.cif,5.16954513
39-ZnTe-Te_i_B-POSCAR5-Charged+2.cif,5.15762989
39-ZnTe-Te_i_B-POSCAR6-Charged+2.cif,5.14350733
161-GaN-Ga_i_neut-POSCAR5-Charged+2.cif,5.1432078
39-ZnTe-Te_i_B-POSCAR7-Charged+2.cif,5.14085435
39-ZnTe-Te_i_B-POSCAR8-Charged+2.cif,5.14084654
39-ZnTe-Te_i_B-POSCAR9-Charged+2.cif,5.13769118
39-ZnTe-Te_i_B-POSCAR12-Charged+2.cif,5.13449943
39-ZnTe-Te_i_B-POSCAR26-Charged+2.cif,5.13386743
39-ZnTe-Te_i_B-POSCAR11-Charged+2.cif,5.13364321
39-ZnTe-Te_i_B-POSCAR24-Charged+2.cif,5.13357952
39-ZnTe-Te_i_B-POSCAR13-Charged+2.cif,5.13311181
39-ZnTe-Te_i_B-POSCAR27-Charged+2.cif,5.13300999
39-ZnTe-Te_i_B-POSCAR14-Charged+2.cif,5.13250142
39-ZnTe-Te_i_B-POSCAR10-Charged+2.cif,5.13176434
39-ZnTe-Te_i_B-POSCAR25-Charged+2.cif,5.13132366
39-ZnTe-Te_i_B-POSCAR28-Charged+2.cif,5.13041681
39-ZnTe-Te_i_B-POSCAR29-Charged+2.cif,5.13
39-ZnTe-Te_i_B-POSCAR15-Charged+2.cif,5.12942862
39-ZnTe-Te_i_B-POSCAR21-Charged+2.cif,5.12864684
39-ZnTe-Te_i_B-POSCAR16-Charged+2.cif,5.1284712
39-ZnTe-Te_i_B-POSCAR17-Charged+2.cif,5.12520067
39-ZnTe-Te_i_B-POSCAR19-Charged+2.cif,5.12437876
39-ZnTe-Te_i_B-POSCAR22-Charged+2.cif,5.12346403
39-ZnTe-Te_i_B-POSCAR23-Charged+2.cif,5.1209948
39-ZnTe-Te_i_B-POSCAR20-Charged+2.cif,5.12085495
39-ZnTe-Te_i_B-POSCAR18-Charged+2.cif,5.12010052
30-ZnSe-Se_i_neut-POSCAR0-Charged+2.cif,5.11904761
22-ZnSe-Se_Zn-POSCAR2-Charged+2.cif,5.1036499
172-GaP-P_i_A-POSCAR0-Charged+2.cif,5.10111241
273-SnC-C_i_neut-POSCAR13-Charged+2.cif,5.10012588
161-GaN-Ga_i_neut-POSCAR4-Charged+2.cif,5.09656352
20-ZnS-S_i_neut-POSCAR3-Charged+2.cif,5.09633232
22-ZnSe-Se_Zn-POSCAR3-Charged+2.cif,5.09292431
13-ZnS-V_S-POSCAR7-Charged+2.cif,5.09173892
22-ZnSe-Se_Zn-POSCAR4-Charged+2.cif,5.09
161-GaN-Ga_i_neut-POSCAR9-Charged+2.cif,5.07394577
161-GaN-Ga_i_neut-POSCAR0-Charged+2.cif,5.06394751
20-ZnS-S_i_neut-POSCAR4-Charged+2.cif,5.05711705
20-ZnS-S_i_neut-POSCAR5-Charged+2.cif,5.02865977
288-SiSn-V_Sn-POSCAR0-Charged+2.cif,5.02
20-ZnS-S_i_neut-POSCAR6-Charged+2.cif,5.01918341
273-SnC-C_i_neut-POSCAR21-Charged+2.cif,5.01877566
38-ZnTe-Te_i_A-POSCAR0-Charged+2.cif,5.0137314
20-ZnS-S_i_neut-POSCAR7-Charged+2.cif,5.01055169
161-GaN-Ga_i_neut-POSCAR1-Charged+2.cif,5.01000348
20-ZnS-S_i_neut-POSCAR8-Charged+2.cif,5.00547952
20-ZnS-S_i_neut-POSCAR9-Charged+2.cif,5.00168111
20-ZnS-S_i_neut-POSCAR10-Charged+2.cif,5
161-GaN-Ga_i_neut-POSCAR10-Charged+2.cif,4.98760739
161-GaN-Ga_i_neut-POSCAR2-Charged+2.cif,4.97459801
48-CdO-O_i_A-POSCAR0-Charged+2.cif,4.97
161-GaN-Ga_i_neut-POSCAR3-Charged+2.cif,4.95981498
272-SnC-C_i_B-POSCAR0-Charged+2.cif,4.94
273-SnC-C_i_neut-POSCAR12-Charged+2.cif,4.93041717
19-ZnS-S_i_B-POSCAR0-Charged+2.cif,4.92663303
172-GaP-P_i_A-POSCAR1-Charged+2.cif,4.89620402
13-ZnS-V_S-POSCAR8-Charged+2.cif,4.88730298
133-AlP-P_i_B-POSCAR0-Charged+2.cif,4.88046367
38-ZnTe-Te_i_A-POSCAR1-Charged+2.cif,4.87306387
51-CdS-V_Cd-POSCAR0-Charged+2.cif,4.84
172-GaP-P_i_A-POSCAR2-Charged+2.cif,4.83905565
19-ZnS-S_i_B-POSCAR1-Charged+2.cif,4.83103205
52-CdS-S_Cd-POSCAR0-Charged+2.cif,4.81
19-ZnS-S_i_B-POSCAR2-Charged+2.cif,4.8014077
135-AlAs-V_Al-POSCAR0-Charged+2.cif,4.80024678
117-AlN-Al_N-POSCAR0-Charged+2.cif,4.7973851
172-GaP-P_i_A-POSCAR3-Charged+2.cif,4.79088334
135-AlAs-V_Al-POSCAR1-Charged+2.cif,4.78121916
38-ZnTe-Te_i_A-POSCAR2-Charged+2.cif,4.77765197
19-ZnS-S_i_B-POSCAR3-Charged+2.cif,4.76890269
135-AlAs-V_Al-POSCAR2-Charged+2.cif,4.76497292
38-ZnTe-Te_i_A-POSCAR3-Charged+2.cif,4.76376444
135-AlAs-V_Al-POSCAR3-Charged+2.cif,4.76178618
135-AlAs-V_Al-POSCAR4-Charged+2.cif,4.75920256
172-GaP-P_i_A-POSCAR4-Charged+2.cif,4.75841167
135-AlAs-V_Al-POSCAR5-Charged+2.cif,4.7545065
135-AlAs-V_Al-POSCAR6-Charged+2.cif,4.75
172-GaP-P_i_A-POSCAR5-Charged+2.cif,4.75
23-ZnSe-V_Se-POSCAR35-Charged+2.cif,4.74627582
38-ZnTe-Te_i_A-POSCAR4-Charged+2.cif,4.74363028
111-BSb-B_i_neut-POSCAR0-Charged+2.cif,4.73920473
38-ZnTe-Te_i_A-POSCAR5-Charged+2.cif,4.7366715
19-ZnS-S_i_B-POSCAR4-Charged+2.cif,4.73647262
38-ZnTe-Te_i_A-POSCAR6-Charged+2.cif,4.73
21-ZnSe-V_Zn-POSCAR0-Charged+2.cif,4.72180727
30-ZnSe-Se_i_neut-POSCAR1-Charged+2.cif,4.72161722
19-ZnS-S_i_B-POSCAR5-Charged+2.cif,4.71638515
21-ZnSe-V_Zn-POSCAR1-Charged+2.cif,4.71594025
21-ZnSe-V_Zn-POSCAR2-Charged+2.cif,4.71
111-BSb-B_i_neut-POSCAR1-Charged+2.cif,4.70705296
19-ZnS-S_i_B-POSCAR6-Charged+2.cif,4.7052655
111-BSb-B_i_neut-POSCAR2-Charged+2.cif,4.69562425
23-ZnSe-V_Se-POSCAR27-Charged+2.cif,4.69438087
19-ZnS-S_i_B-POSCAR7-Charged+2.cif,4.69408956
19-ZnS-S_i_B-POSCAR8-Charged+2.cif,4.68648043
111-BSb-B_i_neut-POSCAR3-Charged+2.cif,4.68488504
161-GaN-Ga_i_neut-POSCAR14-Charged+2.cif,4.68059235
111-BSb-B_i_neut-POSCAR4-Charged+2.cif,4.68
19-ZnS-S_i_B-POSCAR9-Charged+2.cif,4.67919138
19-ZnS-S_i_B-POSCAR10-Charged+2.cif,4.67684931
19-ZnS-S_i_B-POSCAR11-Charged+2.cif,4.67523181
19-ZnS-S_i_B-POSCAR12-Charged+2.cif,4.66738843
19-ZnS-S_i_B-POSCAR13-Charged+2.cif,4.66419081
19-ZnS-S_i_B-POSCAR14-Charged+2.cif,4.66135337
19-ZnS-S_i_B-POSCAR22-Charged+2.cif,4.66
19-ZnS-S_i_B-POSCAR15-Charged+2.cif,4.65949577
19-ZnS-S_i_B-POSCAR18-Charged+2.cif,4.65927511
19-ZnS-S_i_B-POSCAR21-Charged+2.cif,4.65890872
19-ZnS-S_i_B-POSCAR16-Charged+2.cif,4.65867996
19-ZnS-S_i_B-POSCAR17-Charged+2.cif,4.65861012
19-ZnS-S_i_B-POSCAR19-Charged+2.cif,4.65814961
19-ZnS-S_i_B-POSCAR20-Charged+2.cif,4.65762906
132-AlP-P_i_A-POSCAR0-Charged+2.cif,4.6350142
13-ZnS-V_S-POSCAR9-Charged+2.cif,4.62171253
23-ZnSe-V_Se-POSCAR23-Charged+2.cif,4.58058498
85-BP-V_B-POSCAR0-Charged+2.cif,4.58015648
134-AlP-P_i_neut-POSCAR0-Charged+2.cif,4.57233245
143-AlAs-As_i_B-POSCAR0-Charged+2.cif,4.54835196
175-GaAs-V_Ga-POSCAR0-Charged+2.cif,4.5443428
175-GaAs-V_Ga-POSCAR1-Charged+2.cif,4.53309063
107-BSb-B_Sb-POSCAR0-Charged+2.cif,4.52482183
175-GaAs-V_Ga-POSCAR2-Charged+2.cif,4.52224241
107-BSb-B_Sb-POSCAR1-Charged+2.cif,4.52
175-GaAs-V_Ga-POSCAR3-Charged+2.cif,4.52
133-AlP-P_i_B-POSCAR1-Charged+2.cif,4.49910047
278-SiGe-V_Ge-POSCAR0-Charged+2.cif,4.47
85-BP-V_B-POSCAR1-Charged+2.cif,4.46384706
85-BP-V_B-POSCAR2-Charged+2.cif,4.44064034
85-BP-V_B-POSCAR3-Charged+2.cif,4.42754578
85-BP-V_B-POSCAR4-Charged+2.cif,4.42
133-AlP-P_i_B-POSCAR2-Charged+2.cif,4.39000864
117-AlN-Al_N-POSCAR1-Charged+2.cif,4.38830602
30-ZnSe-Se_i_neut-POSCAR2-Charged+2.cif,4.38719708
13-ZnS-V_S-POSCAR22-Charged+2.cif,4.37042536
287-SiSn-V_Si-POSCAR0-Charged+2.cif,4.37
132-AlP-P_i_A-POSCAR1-Charged+2.cif,4.34396211
160-GaN-Ga_i_B-POSCAR0-Charged+2.cif,4.33921842
215-InAs-V_In-POSCAR0-Charged+2.cif,4.33361176
133-AlP-P_i_B-POSCAR3-Charged+2.cif,4.33318953
215-InAs-V_In-POSCAR1-Charged+2.cif,4.32815823
40-ZnTe-Te_i_neut-POSCAR0-Charged+2.cif,4.32149899
215-InAs-V_In-POSCAR2-Charged+2.cif,4.32
30-ZnSe-Se_i_neut-POSCAR3-Charged+2.cif,4.31742153
267-SnC-V_Sn-POSCAR0-Charged+2.cif,4.31
161-GaN-Ga_i_neut-POSCAR15-Charged+2.cif,4.30732436
134-AlP-P_i_neut-POSCAR1-Charged+2.cif,4.30686477
133-AlP-P_i_B-POSCAR4-Charged+2.cif,4.30623726
173-GaP-P_i_B-POSCAR0-Charged+2.cif,4.28927987
133-AlP-P_i_B-POSCAR5-Charged+2.cif,4.28497654
30-ZnSe-Se_i_neut-POSCAR4-Charged+2.cif,4.28400799
132-AlP-P_i_A-POSCAR2-Charged+2.cif,4.28396424
133-AlP-P_i_B-POSCAR6-Charged+2.cif,4.28
174-GaP-P_i_neut-POSCAR0-Charged+2.cif,4.27936283
55-CdSe-V_Cd-POSCAR0-Charged+2.cif,4.27
30-ZnSe-Se_i_neut-POSCAR5-Charged+2.cif,4.2647585
30-ZnSe-Se_i_neut-POSCAR6-Charged+2.cif,4.25514147
182-GaAs-As_i_A-POSCAR0-Charged+2.cif,4.25327674
157-GaN-Ga_N-POSCAR0-Charged+2.cif,4.25212197
30-ZnSe-Se_i_neut-POSCAR7-Charged+2.cif,4.25030196
30-ZnSe-Se_i_neut-POSCAR8-Charged+2.cif,4.24577748
144-AlAs-As_i_neut-POSCAR0-Charged+2.cif,4.24324427
30-ZnSe-Se_i_neut-POSCAR9-Charged+2.cif,4.24204664
30-ZnSe-Se_i_neut-POSCAR10-Charged+2.cif,4.24
132-AlP-P_i_A-POSCAR3-Charged+2.cif,4.23956643
143-AlAs-As_i_B-POSCAR1-Charged+2.cif,4.2379452
132-AlP-P_i_A-POSCAR4-Charged+2.cif,4.21393114
132-AlP-P_i_A-POSCAR5-Charged+2.cif,4.21
32-ZnTe-Te_Zn-POSCAR0-Charged+2.cif,4.18537635
174-GaP-P_i_neut-POSCAR1-Charged+2.cif,4.17955697
134-AlP-P_i_neut-POSCAR2-Charged+2.cif,4.15793317
97-BAs-B_As-POSCAR0-Charged+2.cif,4.15464582
97-BAs-B_As-POSCAR1-Charged+2.cif,4.15
184-GaAs-As_i_neut-POSCAR0-Charged+2.cif,4.1374272
143-AlAs-As_i_B-POSCAR2-Charged+2.cif,4.13691953
174-GaP-P_i_neut-POSCAR2-Charged+2.cif,4.13675552
183-GaAs-As_i_B-POSCAR0-Charged+2.cif,4.12966793
174-GaP-P_i_neut-POSCAR4-Charged+2.cif,4.12783745
182-GaAs-As_i_A-POSCAR1-Charged+2.cif,4.12318352
174-GaP-P_i_neut-POSCAR5-Charged+2.cif,4.12259644
184-GaAs-As_i_neut-POSCAR1-Charged+2.cif,4.11538024
174-GaP-P_i_neut-POSCAR3-Charged+2.cif,4.11285758
174-GaP-P_i_neut-POSCAR6-Charged+2.cif,4.10888393
173-GaP-P_i_B-POSCAR1-Charged+2.cif,4.10510847
174-GaP-P_i_neut-POSCAR7-Charged+2.cif,4.10377364
184-GaAs-As_i_neut-POSCAR2-Charged+2.cif,4.10268352
174-GaP-P_i_neut-POSCAR8-Charged+2.cif,4.1
184-GaAs-As_i_neut-POSCAR3-Charged+2.cif,4.09717048
277-SiGe-V_Si-POSCAR0-Charged+2.cif,4.09363107
184-GaAs-As_i_neut-POSCAR4-Charged+2.cif,4.09317939
117-AlN-Al_N-POSCAR2-Charged+2.cif,4.09239377
184-GaAs-As_i_neut-POSCAR9-Charged+2.cif,4.09
143-AlAs-As_i_B-POSCAR3-Charged+2.cif,4.08981474
184-GaAs-As_i_neut-POSCAR8-Charged+2.cif,4.08978022
184-GaAs-As_i_neut-POSCAR5-Charged+2.cif,4.08914682
184-GaAs-As_i_neut-POSCAR7-Charged+2.cif,4.08853857
156-GaN-V_N-POSCAR5-Charged+2.cif,4.08838314
184-GaAs-As_i_neut-POSCAR6-Charged+2.cif,4.08779008
257-GeC-V_Ge-POSCAR0-Charged+2.cif,4.08
143-AlAs-As_i_B-POSCAR4-Charged+2.cif,4.07237024
277-SiGe-V_Si-POSCAR1-Charged+2.cif,4.07166254
182-GaAs-As_i_A-POSCAR2-Charged+2.cif,4.07158936
117-AlN-Al_N-POSCAR3-Charged+2.cif,4.07080319
32-ZnTe-Te_Zn-POSCAR1-Charged+2.cif,4.06565066
117-AlN-Al_N-POSCAR4-Charged+2.cif,4.06441733
183-GaAs-As_i_B-POSCAR1-Charged+2.cif,4.05680759
117-AlN-Al_N-POSCAR5-Charged+2.cif,4.05535546
143-AlAs-As_i_B-POSCAR5-Charged+2.cif,4.05284976
134-AlP-P_i_neut-POSCAR3-Charged+2.cif,4.05173966
40-ZnTe-Te_i_neut-POSCAR1-Charged+2.cif,4.05169732
212-InP-P_i_A-POSCAR0-Charged+2.cif,4.05145987
277-SiGe-V_Si-POSCAR2-Charged+2.cif,4.05102663
173-GaP-P_i_B-POSCAR2-Charged+2.cif,4.05076261
117-AlN-Al_N-POSCAR6-Charged+2.cif,4.05
143-AlAs-As_i_B-POSCAR6-Charged+2.cif,4.05
277-SiGe-V_Si-POSCAR9-Charged+2.cif,4.04725254
144-AlAs-As_i_neut-POSCAR1-Charged+2.cif,4.03925369
277-SiGe-V_Si-POSCAR3-Charged+2.cif,4.03770921
87-BP-B_P-POSCAR0-Charged+2.cif,4.0354226
277-SiGe-V_Si-POSCAR4-Charged+2.cif,4.03498165
183-GaAs-As_i_B-POSCAR2-Charged+2.cif,4.03419806
277-SiGe-V_Si-POSCAR8-Charged+2.cif,4.0324959
183-GaAs-As_i_B-POSCAR3-Charged+2.cif,4.03
173-GaP-P_i_B-POSCAR3-Charged+2.cif,4.02900413
277-SiGe-V_Si-POSCAR6-Charged+2.cif,4.02879837
182-GaAs-As_i_A-POSCAR3-Charged+2.cif,4.02879169
277-SiGe-V_Si-POSCAR7-Charged+2.cif,4.0253877
161-GaN-Ga_i_neut-POSCAR16-Charged+2.cif,4.02507616
277-SiGe-V_Si-POSCAR5-Charged+2.cif,4.02468122
173-GaP-P_i_B-POSCAR4-Charged+2.cif,4.02385524
87-BP-B_P-POSCAR1-Charged+2.cif,4.02194077
87-BP-B_P-POSCAR2-Charged+2.cif,4.02
173-GaP-P_i_B-POSCAR5-Charged+2.cif,4.02
240-Si-Si_i_neut-POSCAR0-Charged+2.cif,4.02
277-SiGe-V_Si-POSCAR10-Charged+2.cif,4.01884798
182-GaAs-As_i_A-POSCAR4-Charged+2.cif,4.00784461
277-SiGe-V_Si-POSCAR11-Charged+2.cif,4.00698882
277-SiGe-V_Si-POSCAR12-Charged+2.cif,4.00597382
277-SiGe-V_Si-POSCAR13-Charged+2.cif,4.00413582
182-GaAs-As_i_A-POSCAR5-Charged+2.cif,4
277-SiGe-V_Si-POSCAR14-Charged+2.cif,3.99764469
134-AlP-P_i_neut-POSCAR4-Charged+2.cif,3.99390803
277-SiGe-V_Si-POSCAR16-Charged+2.cif,3.99117278
277-SiGe-V_Si-POSCAR17-Charged+2.cif,3.98693692
134-AlP-P_i_neut-POSCAR5-Charged+2.cif,3.9837316
277-SiGe-V_Si-POSCAR15-Charged+2.cif,3.980266
134-AlP-P_i_neut-POSCAR6-Charged+2.cif,3.98
277-SiGe-V_Si-POSCAR19-Charged+2.cif,3.97867045
161-GaN-Ga_i_neut-POSCAR17-Charged+2.cif,3.97777174
277-SiGe-V_Si-POSCAR20-Charged+2.cif,3.97744689
277-SiGe-V_Si-POSCAR18-Charged+2.cif,3.9764291
277-SiGe-V_Si-POSCAR21-Charged+2.cif,3.97
161-GaN-Ga_i_neut-POSCAR18-Charged+2.cif,3.96417261
161-GaN-Ga_i_neut-POSCAR19-Charged+2.cif,3.95715244
142-AlAs-As_i_A-POSCAR0-Charged+2.cif,3.95481595
161-GaN-Ga_i_neut-POSCAR20-Charged+2.cif,3.95304458
161-GaN-Ga_i_neut-POSCAR21-Charged+2.cif,3.95
32-ZnTe-Te_Zn-POSCAR2-Charged+2.cif,3.94476843
32-ZnTe-Te_Zn-POSCAR3-Charged+2.cif,3.94
144-AlAs-As_i_neut-POSCAR2-Charged+2.cif,3.93605148
119-AlN-Al_i_A-POSCAR0-Charged+2.cif,3.92470011
63-CdSe-Se_i_B-POSCAR0-Charged+2.cif,3.9
119-AlN-Al_i_A-POSCAR1-Charged+2.cif,3.89307766
62-CdSe-Se_i_A-POSCAR0-Charged+2.cif,3.89
160-GaN-Ga_i_B-POSCAR1-Charged+2.cif,3.88845886
212-InP-P_i_A-POSCAR1-Charged+2.cif,3.8833121
119-AlN-Al_i_A-POSCAR2-Charged+2.cif,3.87484795
119-AlN-Al_i_A-POSCAR3-Charged+2.cif,3.87151174
119-AlN-Al_i_A-POSCAR4-Charged+2.cif,3.87
238-Si-V_Si-POSCAR0-Charged+2.cif,3.87
144-AlAs-As_i_neut-POSCAR3-Charged+2.cif,3.8656685
40-ZnTe-Te_i_neut-POSCAR2-Charged+2.cif,3.83716494
144-AlAs-As_i_neut-POSCAR4-Charged+2.cif,3.83651801
270-SnC-Sn_C-POSCAR0-Charged+2.cif,3.82829315
212-InP-P_i_A-POSCAR2-Charged+2.cif,3.81623652
40-ZnTe-Te_i_neut-POSCAR3-Charged+2.cif,3.80515868
144-AlAs-As_i_neut-POSCAR5-Charged+2.cif,3.80176373
160-GaN-Ga_i_B-POSCAR2-Charged+2.cif,3.799102
13-ZnS-V_S-POSCAR10-Charged+2.cif,3.79037203
157-GaN-Ga_N-POSCAR1-Charged+2.cif,3.78858076
144-AlAs-As_i_neut-POSCAR6-Charged+2.cif,3.78009021
144-AlAs-As_i_neut-POSCAR7-Charged+2.cif,3.77776626
40-ZnTe-Te_i_neut-POSCAR4-Charged+2.cif,3.77514043
144-AlAs-As_i_neut-POSCAR8-Charged+2.cif,3.77254808
56-CdSe-Se_Cd-POSCAR0-Charged+2.cif,3.77
144-AlAs-As_i_neut-POSCAR9-Charged+2.cif,3.77
250-SiC-Si_C-POSCAR0-Charged+2.cif,3.77
40-ZnTe-Te_i_neut-POSCAR5-Charged+2.cif,3.76426872
160-GaN-Ga_i_B-POSCAR3-Charged+2.cif,3.75959146
40-ZnTe-Te_i_neut-POSCAR6-Charged+2.cif,3.75476461
212-InP-P_i_A-POSCAR3-Charged+2.cif,3.75106971
40-ZnTe-Te_i_neut-POSCAR7-Charged+2.cif,3.75042347
40-ZnTe-Te_i_neut-POSCAR8-Charged+2.cif,3.74584526
160-GaN-Ga_i_B-POSCAR4-Charged+2.cif,3.74341298
270-SnC-Sn_C-POSCAR1-Charged+2.cif,3.74318414
40-ZnTe-Te_i_neut-POSCAR9-Charged+2.cif,3.74281419
40-ZnTe-Te_i_neut-POSCAR10-Charged+2.cif,3.74
160-GaN-Ga_i_B-POSCAR5-Charged+2.cif,3.74
270-SnC-Sn_C-POSCAR2-Charged+2.cif,3.74
142-AlAs-As_i_A-POSCAR1-Charged+2.cif,3.72744578
31-ZnTe-V_Zn-POSCAR0-Charged+2.cif,3.7225591
212-InP-P_i_A-POSCAR4-Charged+2.cif,3.7216957
31-ZnTe-V_Zn-POSCAR1-Charged+2.cif,3.71693184
31-ZnTe-V_Zn-POSCAR2-Charged+2.cif,3.71
65-CdTe-V_Cd-POSCAR0-Charged+2.cif,3.71
157-GaN-Ga_N-POSCAR2-Charged+2.cif,3.70344902
157-GaN-Ga_N-POSCAR3-Charged+2.cif,3.69202353
157-GaN-Ga_N-POSCAR4-Charged+2.cif,3.69
212-InP-P_i_A-POSCAR5-Charged+2.cif,3.68
142-AlAs-As_i_A-POSCAR2-Charged+2.cif,3.6662525
243-Ge-Ge_i_neut-POSCAR0-Charged+2.cif,3.65
153-AlSb-Sb_i_B-POSCAR0-Charged+2.cif,3.64523632
142-AlAs-As_i_A-POSCAR3-Charged+2.cif,3.62463936
146-AlSb-V_Sb-POSCAR0-Charged+2.cif,3.61161187
73-CdTe-Te_i_B-POSCAR0-Charged+2.cif,3.61
142-AlAs-As_i_A-POSCAR4-Charged+2.cif,3.60516447
142-AlAs-As_i_A-POSCAR5-Charged+2.cif,3.6
145-AlSb-V_Al-POSCAR0-Charged+2.cif,3.59923796
145-AlSb-V_Al-POSCAR1-Charged+2.cif,3.59125626
146-AlSb-V_Sb-POSCAR1-Charged+2.cif,3.58313119
145-AlSb-V_Al-POSCAR2-Charged+2.cif,3.58208494
145-AlSb-V_Al-POSCAR3-Charged+2.cif,3.58
259-GeC-C_Ge-POSCAR0-Charged+2.cif,3.58
269-SnC-C_Sn-POSCAR0-Charged+2.cif,3.57
146-AlSb-V_Sb-POSCAR2-Charged+2.cif,3.5565434
13-ZnS-V_S-POSCAR20-Charged+2.cif,3.55600367
241-Ge-V_Ge-POSCAR0-Charged+2.cif,3.55
146-AlSb-V_Sb-POSCAR3-Charged+2.cif,3.5454952
194-GaSb-Sb_i_neut-POSCAR8-Charged+2.cif,3.53282469
194-GaSb-Sb_i_neut-POSCAR9-Charged+2.cif,3.53278619
146-AlSb-V_Sb-POSCAR4-Charged+2.cif,3.53076596
194-GaSb-Sb_i_neut-POSCAR10-Charged+2.cif,3.53
260-GeC-Ge_C-POSCAR0-Charged+2.cif,3.53
194-GaSb-Sb_i_neut-POSCAR7-Charged+2.cif,3.52775014
146-AlSb-V_Sb-POSCAR5-Charged+2.cif,3.5227231
194-GaSb-Sb_i_neut-POSCAR6-Charged+2.cif,3.51246955
146-AlSb-V_Sb-POSCAR6-Charged+2.cif,3.51
225-InSb-V_In-POSCAR0-Charged+2.cif,3.49438763
194-GaSb-Sb_i_neut-POSCAR5-Charged+2.cif,3.49061696
225-InSb-V_In-POSCAR1-Charged+2.cif,3.49032967
153-AlSb-Sb_i_B-POSCAR1-Charged+2.cif,3.48777686
194-GaSb-Sb_i_neut-POSCAR0-Charged+2.cif,3.48334787
225-InSb-V_In-POSCAR2-Charged+2.cif,3.48
194-GaSb-Sb_i_neut-POSCAR1-Charged+2.cif,3.4729498
72-CdTe-Te_i_A-POSCAR0-Charged+2.cif,3.47
194-GaSb-Sb_i_neut-POSCAR4-Charged+2.cif,3.46716987
194-GaSb-Sb_i_neut-POSCAR2-Charged+2.cif,3.45983005
13-ZnS-V_S-POSCAR11-Charged+2.cif,3.45937997
194-GaSb-Sb_i_neut-POSCAR3-Charged+2.cif,3.44948229
298-GeSn-V_Sn-POSCAR0-Charged+2.cif,3.44
153-AlSb-Sb_i_B-POSCAR2-Charged+2.cif,3.39569448
286-SiGe-Si_i_neut-POSCAR0-Charged+2.cif,3.37
66-CdTe-Te_Cd-POSCAR0-Charged+2.cif,3.36862817
153-AlSb-Sb_i_B-POSCAR3-Charged+2.cif,3.36673861
285-SiGe-Si_i_B-POSCAR0-Charged+2.cif,3.34
153-AlSb-Sb_i_B-POSCAR4-Charged+2.cif,3.33965759
76-BN-V_N-POSCAR0-Charged+2.cif,3.33691066
193-GaSb-Sb_i_B-POSCAR0-Charged+2.cif,3.32840152
153-AlSb-Sb_i_B-POSCAR5-Charged+2.cif,3.32403711
293-SiSn-Sn_i_neut-POSCAR0-Charged+2.cif,3.31825265
153-AlSb-Sb_i_B-POSCAR6-Charged+2.cif,3.31337032
128-AlP-P_Al-POSCAR0-Charged+2.cif,3.31304859
153-AlSb-Sb_i_B-POSCAR7-Charged+2.cif,3.31
193-GaSb-Sb_i_B-POSCAR1-Charged+2.cif,3.30383199
193-GaSb-Sb_i_B-POSCAR2-Charged+2.cif,3.29
293-SiSn-Sn_i_neut-POSCAR1-Charged+2.cif,3.27285582
293-SiSn-Sn_i_neut-POSCAR4-Charged+2.cif,3.26363529
293-SiSn-Sn_i_neut-POSCAR5-Charged+2.cif,3.25804286
296-SiSn-Si_i_neut-POSCAR0-Charged+2.cif,3.25343711
95-BAs-V_B-POSCAR0-Charged+2.cif,3.24909298
293-SiSn-Sn_i_neut-POSCAR3-Charged+2.cif,3.24806648
293-SiSn-Sn_i_neut-POSCAR6-Charged+2.cif,3.24765575
293-SiSn-Sn_i_neut-POSCAR7-Charged+2.cif,3.24213274
293-SiSn-Sn_i_neut-POSCAR2-Charged+2.cif,3.24127876
293-SiSn-Sn_i_neut-POSCAR10-Charged+2.cif,3.24023783
293-SiSn-Sn_i_neut-POSCAR11-Charged+2.cif,3.24
293-SiSn-Sn_i_neut-POSCAR9-Charged+2.cif,3.23946738
293-SiSn-Sn_i_neut-POSCAR8-Charged+2.cif,3.2389149
23-ZnSe-V_Se-POSCAR31-Charged+2.cif,3.23608392
185-GaSb-V_Ga-POSCAR0-Charged+2.cif,3.21758062
296-SiSn-Si_i_neut-POSCAR1-Charged+2.cif,3.21639262
185-GaSb-V_Ga-POSCAR1-Charged+2.cif,3.20986634
296-SiSn-Si_i_neut-POSCAR6-Charged+2.cif,3.20343125
296-SiSn-Si_i_neut-POSCAR7-Charged+2.cif,3.20284713
185-GaSb-V_Ga-POSCAR2-Charged+2.cif,3.2
296-SiSn-Si_i_neut-POSCAR8-Charged+2.cif,3.19756416
296-SiSn-Si_i_neut-POSCAR2-Charged+2.cif,3.1943845
297-GeSn-V_Ge-POSCAR0-Charged+2.cif,3.19432909
296-SiSn-Si_i_neut-POSCAR9-Charged+2.cif,3.19345757
296-SiSn-Si_i_neut-POSCAR16-Charged+2.cif,3.19
297-GeSn-V_Ge-POSCAR1-Charged+2.cif,3.19
296-SiSn-Si_i_neut-POSCAR15-Charged+2.cif,3.18907076
296-SiSn-Si_i_neut-POSCAR10-Charged+2.cif,3.18843974
296-SiSn-Si_i_neut-POSCAR14-Charged+2.cif,3.18814151
296-SiSn-Si_i_neut-POSCAR12-Charged+2.cif,3.18679614
296-SiSn-Si_i_neut-POSCAR11-Charged+2.cif,3.18655757
296-SiSn-Si_i_neut-POSCAR13-Charged+2.cif,3.18645425
13-ZnS-V_S-POSCAR4-Charged+2.cif,3.1775878
296-SiSn-Si_i_neut-POSCAR5-Charged+2.cif,3.17610814
296-SiSn-Si_i_neut-POSCAR3-Charged+2.cif,3.17137041
66-CdTe-Te_Cd-POSCAR1-Charged+2.cif,3.1697429
296-SiSn-Si_i_neut-POSCAR4-Charged+2.cif,3.1572749
95-BAs-V_B-POSCAR1-Charged+2.cif,3.14567166
192-GaSb-Ab_i_A-POSCAR0-Charged+2.cif,3.1298119
95-BAs-V_B-POSCAR2-Charged+2.cif,3.12797073
213-InP-P_i_B-POSCAR0-Charged+2.cif,3.1176614
95-BAs-V_B-POSCAR3-Charged+2.cif,3.11584878
222-InAs-As_i_A-POSCAR0-Charged+2.cif,3.11222453
95-BAs-V_B-POSCAR4-Charged+2.cif,3.11
199-InN-In_i_A-POSCAR0-Charged+2.cif,3.1061323
192-GaSb-Ab_i_A-POSCAR1-Charged+2.cif,3.08950647
199-InN-In_i_A-POSCAR1-Charged+2.cif,3.08028347
199-InN-In_i_A-POSCAR2-Charged+2.cif,3.07327659
199-InN-In_i_A-POSCAR3-Charged+2.cif,3.07
295-SiSn-Si_i_B-POSCAR0-Charged+2.cif,3.06992959
13-ZnS-V_S-POSCAR17-Charged+2.cif,3.06803565
192-GaSb-Ab_i_A-POSCAR2-Charged+2.cif,3.06470835
295-SiSn-Si_i_B-POSCAR1-Charged+2.cif,3.06191942
295-SiSn-Si_i_B-POSCAR2-Charged+2.cif,3.06
23-ZnSe-V_Se-POSCAR40-Charged+2.cif,3.05338507
192-GaSb-Ab_i_A-POSCAR3-Charged+2.cif,3.0525997
192-GaSb-Ab_i_A-POSCAR4-Charged+2.cif,3.0356885
192-GaSb-Ab_i_A-POSCAR5-Charged+2.cif,3.03
23-ZnSe-V_Se-POSCAR34-Charged+2.cif,3.01289184
222-InAs-As_i_A-POSCAR1-Charged+2.cif,3.00333317
13-ZnS-V_S-POSCAR12-Charged+2.cif,2.99453035
152-AlSb-Sb_i_A-POSCAR0-Charged+2.cif,2.98766689
23-ZnSe-V_Se-POSCAR5-Charged+2.cif,2.97152597
171-GaP-Ga_i_neut-POSCAR0-Charged+2.cif,2.96439346
13-ZnS-V_S-POSCAR16-Charged+2.cif,2.95446143
23-ZnSe-V_Se-POSCAR22-Charged+2.cif,2.95128697
66-CdTe-Te_Cd-POSCAR2-Charged+2.cif,2.94613499
23-ZnSe-V_Se-POSCAR4-Charged+2.cif,2.94604173
222-InAs-As_i_A-POSCAR2-Charged+2.cif,2.94261699
13-ZnS-V_S-POSCAR13-Charged+2.cif,2.93874985
66-CdTe-Te_Cd-POSCAR3-Charged+2.cif,2.93542262
23-ZnSe-V_Se-POSCAR6-Charged+2.cif,2.93150349
66-CdTe-Te_Cd-POSCAR4-Charged+2.cif,2.93
168-GaP-P_Ga-POSCAR0-Charged+2.cif,2.91202262
222-InAs-As_i_A-POSCAR3-Charged+2.cif,2.91179739
23-ZnSe-V_Se-POSCAR26-Charged+2.cif,2.91130445
303-GeSn-Sn_i_neut-POSCAR0-Charged+2.cif,2.90912751
283-SiGe-Ge_i_neut-POSCAR0-Charged+2.cif,2.9
303-GeSn-Sn_i_neut-POSCAR1-Charged+2.cif,2.89769839
23-ZnSe-V_Se-POSCAR7-Charged+2.cif,2.89353918
23-ZnSe-V_Se-POSCAR39-Charged+2.cif,2.89261334
303-GeSn-Sn_i_neut-POSCAR2-Charged+2.cif,2.89240065
244-Sn-V_Sn-POSCAR0-Charged+2.cif,2.89
303-GeSn-Sn_i_neut-POSCAR3-Charged+2.cif,2.89
23-ZnSe-V_Se-POSCAR30-Charged+2.cif,2.88469895
23-ZnSe-V_Se-POSCAR36-Charged+2.cif,2.88249919
152-AlSb-Sb_i_A-POSCAR1-Charged+2.cif,2.88082371
282-SiGe-Ge_i_B-POSCAR0-Charged+2.cif,2.88
284-SiGe-Si_i_A-POSCAR0-Charged+2.cif,2.88
213-InP-P_i_B-POSCAR1-Charged+2.cif,2.87721635
23-ZnSe-V_Se-POSCAR8-Charged+2.cif,2.87637826
23-ZnSe-V_Se-POSCAR15-Charged+2.cif,2.87446833
23-ZnSe-V_Se-POSCAR14-Charged+2.cif,2.87056352
23-ZnSe-V_Se-POSCAR13-Charged+2.cif,2.86720664
222-InAs-As_i_A-POSCAR4-Charged+2.cif,2.86660095
197-InN-In_N-POSCAR0-Charged+2.cif,2.86613005
23-ZnSe-V_Se-POSCAR20-Charged+2.cif,2.86231778
23-ZnSe-V_Se-POSCAR16-Charged+2.cif,2.86223329
128-AlP-P_Al-POSCAR1-Charged+2.cif,2.86163125
23-ZnSe-V_Se-POSCAR11-Charged+2.cif,2.86139104
23-ZnSe-V_Se-POSCAR24-Charged+2.cif,2.85560335
23-ZnSe-V_Se-POSCAR17-Charged+2.cif,2.85488729
23-ZnSe-V_Se-POSCAR19-Charged+2.cif,2.85398534
239-Si-Si_i_A-POSCAR0-Charged+2.cif,2.85
23-ZnSe-V_Se-POSCAR18-Charged+2.cif,2.8490114
23-ZnSe-V_Se-POSCAR28-Charged+2.cif,2.84665472
23-ZnSe-V_Se-POSCAR10-Charged+2.cif,2.84214238
13-ZnS-V_S-POSCAR3-Charged+2.cif,2.84068561
222-InAs-As_i_A-POSCAR5-Charged+2.cif,2.84
23-ZnSe-V_Se-POSCAR37-Charged+2.cif,2.83654822
23-ZnSe-V_Se-POSCAR12-Charged+2.cif,2.83544922
181-GaAs-Ga_i_neut-POSCAR0-Charged+2.cif,2.83454433
23-ZnSe-V_Se-POSCAR9-Charged+2.cif,2.83442561
152-AlSb-Sb_i_A-POSCAR2-Charged+2.cif,2.83334753
138-AlAs-As_Al-POSCAR0-Charged+2.cif,2.83057948
171-GaP-Ga_i_neut-POSCAR1-Charged+2.cif,2.82541662
152-AlSb-Sb_i_A-POSCAR3-Charged+2.cif,2.81738868
23-ZnSe-V_Se-POSCAR25-Charged+2.cif,2.80966625
171-GaP-Ga_i_neut-POSCAR2-Charged+2.cif,2.7978558
152-AlSb-Sb_i_A-POSCAR4-Charged+2.cif,2.79540148
214-InP-P_i_neut-POSCAR0-Charged+2.cif,2.79282531
23-ZnSe-V_Se-POSCAR29-Charged+2.cif,2.7916609
152-AlSb-Sb_i_A-POSCAR5-Charged+2.cif,2.79
171-GaP-Ga_i_neut-POSCAR6-Charged+2.cif,2.78974386
171-GaP-Ga_i_neut-POSCAR7-Charged+2.cif,2.78719716
171-GaP-Ga_i_neut-POSCAR8-Charged+2.cif,2.78214443
88-BP-P_B-POSCAR0-Charged+2.cif,2.78146417
171-GaP-Ga_i_neut-POSCAR5-Charged+2.cif,2.7811188
171-GaP-Ga_i_neut-POSCAR13-Charged+2.cif,2.78051801
171-GaP-Ga_i_neut-POSCAR14-Charged+2.cif,2.78
171-GaP-Ga_i_neut-POSCAR12-Charged+2.cif,2.77972497
171-GaP-Ga_i_neut-POSCAR9-Charged+2.cif,2.77887949
23-ZnSe-V_Se-POSCAR32-Charged+2.cif,2.77823618
171-GaP-Ga_i_neut-POSCAR11-Charged+2.cif,2.77728072
171-GaP-Ga_i_neut-POSCAR10-Charged+2.cif,2.77696108
171-GaP-Ga_i_neut-POSCAR3-Charged+2.cif,2.77666645
137-AlAs-Al_As-POSCAR0-Charged+2.cif,2.77488978
23-ZnSe-V_Se-POSCAR41-Charged+2.cif,2.77111442
171-GaP-Ga_i_neut-POSCAR4-Charged+2.cif,2.76503951
178-GaAs-As_Ga-POSCAR0-Charged+2.cif,2.76136542
88-BP-P_B-POSCAR1-Charged+2.cif,2.75295771
88-BP-P_B-POSCAR2-Charged+2.cif,2.75
147-AlSb-Al_Sb-POSCAR0-Charged+2.cif,2.74886227
213-InP-P_i_B-POSCAR2-Charged+2.cif,2.7478092
128-AlP-P_Al-POSCAR2-Charged+2.cif,2.73662601
181-GaAs-Ga_i_neut-POSCAR1-Charged+2.cif,2.73373036
214-InP-P_i_neut-POSCAR1-Charged+2.cif,2.72817792
186-GaSb-V_Sb-POSCAR0-Charged+2.cif,2.71826882
13-ZnS-V_S-POSCAR19-Charged+2.cif,2.71809318
23-ZnSe-V_Se-POSCAR3-Charged+2.cif,2.71141718
181-GaAs-Ga_i_neut-POSCAR6-Charged+2.cif,2.71047085
181-GaAs-Ga_i_neut-POSCAR7-Charged+2.cif,2.70970005
128-AlP-P_Al-POSCAR3-Charged+2.cif,2.70591783
181-GaAs-Ga_i_neut-POSCAR8-Charged+2.cif,2.70444095
186-GaSb-V_Sb-POSCAR1-Charged+2.cif,2.70394895
147-AlSb-Al_Sb-POSCAR1-Charged+2.cif,2.70219498
181-GaAs-Ga_i_neut-POSCAR5-Charged+2.cif,2.70098254
128-AlP-P_Al-POSCAR4-Charged+2.cif,2.7
181-GaAs-Ga_i_neut-POSCAR15-Charged+2.cif,2.7
214-InP-P_i_neut-POSCAR2-Charged+2.cif,2.69945692
181-GaAs-Ga_i_neut-POSCAR2-Charged+2.cif,2.69907487
181-GaAs-Ga_i_neut-POSCAR14-Charged+2.cif,2.699069
181-GaAs-Ga_i_neut-POSCAR9-Charged+2.cif,2.69830745
23-ZnSe-V_Se-POSCAR21-Charged+2.cif,2.69682755
181-GaAs-Ga_i_neut-POSCAR13-Charged+2.cif,2.69609058
224-InAs-As_i_neut-POSCAR0-Charged+2.cif,2.69511886
181-GaAs-Ga_i_neut-POSCAR10-Charged+2.cif,2.69476457
181-GaAs-Ga_i_neut-POSCAR12-Charged+2.cif,2.69342733
181-GaAs-Ga_i_neut-POSCAR11-Charged+2.cif,2.69254713
127-AlP-Al_P-POSCAR0-Charged+2.cif,2.69024005
186-GaSb-V_Sb-POSCAR2-Charged+2.cif,2.68854556
13-ZnS-V_S-POSCAR14-Charged+2.cif,2.68821335
214-InP-P_i_neut-POSCAR6-Charged+2.cif,2.68733928
214-InP-P_i_neut-POSCAR3-Charged+2.cif,2.68716616
214-InP-P_i_neut-POSCAR7-Charged+2.cif,2.68646004
213-InP-P_i_B-POSCAR3-Charged+2.cif,2.68515451
186-GaSb-V_Sb-POSCAR3-Charged+2.cif,2.68405382
214-InP-P_i_neut-POSCAR8-Charged+2.cif,2.68356958
76-BN-V_N-POSCAR1-Charged+2.cif,2.68250716
214-InP-P_i_neut-POSCAR5-Charged+2.cif,2.68248364
214-InP-P_i_neut-POSCAR15-Charged+2.cif,2.68
214-InP-P_i_neut-POSCAR14-Charged+2.cif,2.6799574
214-InP-P_i_neut-POSCAR9-Charged+2.cif,2.67982559
214-InP-P_i_neut-POSCAR12-Charged+2.cif,2.67954216
214-InP-P_i_neut-POSCAR11-Charged+2.cif,2.67951078
214-InP-P_i_neut-POSCAR10-Charged+2.cif,2.67927397
186-GaSb-V_Sb-POSCAR4-Charged+2.cif,2.6786021
214-InP-P_i_neut-POSCAR4-Charged+2.cif,2.67813606
181-GaAs-Ga_i_neut-POSCAR3-Charged+2.cif,2.67787226
214-InP-P_i_neut-POSCAR13-Charged+2.cif,2.67781037
186-GaSb-V_Sb-POSCAR5-Charged+2.cif,2.67563111
181-GaAs-Ga_i_neut-POSCAR4-Charged+2.cif,2.67356019
186-GaSb-V_Sb-POSCAR6-Charged+2.cif,2.67
147-AlSb-Al_Sb-POSCAR2-Charged+2.cif,2.666059
13-ZnS-V_S-POSCAR2-Charged+2.cif,2.65950563
13-ZnS-V_S-POSCAR18-Charged+2.cif,2.65847355
147-AlSb-Al_Sb-POSCAR3-Charged+2.cif,2.6570654
224-InAs-As_i_neut-POSCAR1-Charged+2.cif,2.65037252
213-InP-P_i_B-POSCAR4-Charged+2.cif,2.65035002
147-AlSb-Al_Sb-POSCAR4-Charged+2.cif,2.65
197-InN-In_N-POSCAR1-Charged+2.cif,2.64305669
213-InP-P_i_B-POSCAR5-Charged+2.cif,2.63483384
213-InP-P_i_B-POSCAR6-Charged+2.cif,2.62064296
64-CdSe-Se_i_neut-POSCAR0-Charged+2.cif,2.62
137-AlAs-Al_As-POSCAR1-Charged+2.cif,2.61973737
224-InAs-As_i_neut-POSCAR2-Charged+2.cif,2.61913527
213-InP-P_i_B-POSCAR7-Charged+2.cif,2.61350988
224-InAs-As_i_neut-POSCAR15-Charged+2.cif,2.6116598
213-InP-P_i_B-POSCAR8-Charged+2.cif,2.61
224-InAs-As_i_neut-POSCAR16-Charged+2.cif,2.61
224-InAs-As_i_neut-POSCAR14-Charged+2.cif,2.60900382
223-InAs-As_i_B-POSCAR0-Charged+2.cif,2.60822968
197-InN-In_N-POSCAR2-Charged+2.cif,2.60449807
224-InAs-As_i_neut-POSCAR3-Charged+2.cif,2.60355235
242-Ge-Ge_i_A-POSCAR0-Charged+2.cif,2.6
224-InAs-As_i_neut-POSCAR4-Charged+2.cif,2.59314329
197-InN-In_N-POSCAR3-Charged+2.cif,2.5925307
197-InN-In_N-POSCAR4-Charged+2.cif,2.59
138-AlAs-As_Al-POSCAR1-Charged+2.cif,2.5885022
224-InAs-As_i_neut-POSCAR12-Charged+2.cif,2.58451345
178-GaAs-As_Ga-POSCAR1-Charged+2.cif,2.58429303
224-InAs-As_i_neut-POSCAR6-Charged+2.cif,2.58359981
224-InAs-As_i_neut-POSCAR5-Charged+2.cif,2.58273398
224-InAs-As_i_neut-POSCAR7-Charged+2.cif,2.58255907
224-InAs-As_i_neut-POSCAR13-Charged+2.cif,2.58181296
224-InAs-As_i_neut-POSCAR8-Charged+2.cif,2.57877762
224-InAs-As_i_neut-POSCAR11-Charged+2.cif,2.57732248
224-InAs-As_i_neut-POSCAR9-Charged+2.cif,2.5687951
224-InAs-As_i_neut-POSCAR10-Charged+2.cif,2.56738418
23-ZnSe-V_Se-POSCAR0-Charged+2.cif,2.56642233
13-ZnS-V_S-POSCAR15-Charged+2.cif,2.56489995
234-InSb-Sb_i_neut-POSCAR0-Charged+2.cif,2.55398622
223-InAs-As_i_B-POSCAR1-Charged+2.cif,2.55174797
234-InSb-Sb_i_neut-POSCAR1-Charged+2.cif,2.53987341
137-AlAs-Al_As-POSCAR2-Charged+2.cif,2.53529824
234-InSb-Sb_i_neut-POSCAR7-Charged+2.cif,2.53116321
234-InSb-Sb_i_neut-POSCAR8-Charged+2.cif,2.52948498
234-InSb-Sb_i_neut-POSCAR6-Charged+2.cif,2.52706846
306-GeSn-Ge_i_neut-POSCAR0-Charged+2.cif,2.52557713
234-InSb-Sb_i_neut-POSCAR9-Charged+2.cif,2.52459332
306-GeSn-Ge_i_neut-POSCAR1-Charged+2.cif,2.52267798
234-InSb-Sb_i_neut-POSCAR2-Charged+2.cif,2.52198942
234-InSb-Sb_i_neut-POSCAR10-Charged+2.cif,2.52060217
306-GeSn-Ge_i_neut-POSCAR2-Charged+2.cif,2.52023835
234-InSb-Sb_i_neut-POSCAR16-Charged+2.cif,2.52
306-GeSn-Ge_i_neut-POSCAR7-Charged+2.cif,2.52
306-GeSn-Ge_i_neut-POSCAR6-Charged+2.cif,2.51914216
306-GeSn-Ge_i_neut-POSCAR3-Charged+2.cif,2.51860872
178-GaAs-As_Ga-POSCAR2-Charged+2.cif,2.51852352
306-GeSn-Ge_i_neut-POSCAR5-Charged+2.cif,2.51792016
223-InAs-As_i_B-POSCAR2-Charged+2.cif,2.51680336
306-GeSn-Ge_i_neut-POSCAR4-Charged+2.cif,2.51672827
234-InSb-Sb_i_neut-POSCAR15-Charged+2.cif,2.51549569
234-InSb-Sb_i_neut-POSCAR3-Charged+2.cif,2.51520553
234-InSb-Sb_i_neut-POSCAR5-Charged+2.cif,2.51487965
234-InSb-Sb_i_neut-POSCAR11-Charged+2.cif,2.51474011
234-InSb-Sb_i_neut-POSCAR14-Charged+2.cif,2.51431119
234-InSb-Sb_i_neut-POSCAR12-Charged+2.cif,2.5125264
234-InSb-Sb_i_neut-POSCAR13-Charged+2.cif,2.51184971
178-GaAs-As_Ga-POSCAR3-Charged+2.cif,2.51
223-InAs-As_i_B-POSCAR3-Charged+2.cif,2.51
168-GaP-P_Ga-POSCAR1-Charged+2.cif,2.50501499
234-InSb-Sb_i_neut-POSCAR4-Charged+2.cif,2.50415998
246-Sn-Sn_i_neut-POSCAR0-Charged+2.cif,2.50348907
137-AlAs-Al_As-POSCAR3-Charged+2.cif,2.50313154
138-AlAs-As_Al-POSCAR2-Charged+2.cif,2.50192513
98-BAs-As_B-POSCAR0-Charged+2.cif,2.50186269
246-Sn-Sn_i_neut-POSCAR1-Charged+2.cif,2.5
281-SiGe-Ge_i_A-POSCAR0-Charged+2.cif,2.5
74-CdTe-Te_i_neut-POSCAR0-Charged+2.cif,2.49
137-AlAs-Al_As-POSCAR4-Charged+2.cif,2.49
138-AlAs-As_Al-POSCAR3-Charged+2.cif,2.49
208-InP-P_In-POSCAR0-Charged+2.cif,2.45596978
166-GaP-V_P-POSCAR11-Charged+2.cif,2.45132692
127-AlP-Al_P-POSCAR1-Charged+2.cif,2.449686
211-InP-In_i_neut-POSCAR0-Charged+2.cif,2.43222059
166-GaP-V_P-POSCAR0-Charged+2.cif,2.42736468
23-ZnSe-V_Se-POSCAR1-Charged+2.cif,2.42201067
176-GaAs-V_As-POSCAR0-Charged+2.cif,2.4135197
201-InN-In_i_neut-POSCAR0-Charged+2.cif,2.40898364
294-SiSn-Si_i_A-POSCAR0-Charged+2.cif,2.40515771
13-ZnS-V_S-POSCAR5-Charged+2.cif,2.38671885
294-SiSn-Si_i_A-POSCAR1-Charged+2.cif,2.38655868
126-AlP-V_P-POSCAR16-Charged+2.cif,2.38448921
176-GaAs-V_As-POSCAR1-Charged+2.cif,2.38433554
294-SiSn-Si_i_A-POSCAR2-Charged+2.cif,2.3780367
166-GaP-V_P-POSCAR1-Charged+2.cif,2.37727958
294-SiSn-Si_i_A-POSCAR3-Charged+2.cif,2.37480107
13-ZnS-V_S-POSCAR0-Charged+2.cif,2.37342103
294-SiSn-Si_i_A-POSCAR4-Charged+2.cif,2.37
127-AlP-Al_P-POSCAR2-Charged+2.cif,2.36789316
168-GaP-P_Ga-POSCAR2-Charged+2.cif,2.36487558
176-GaAs-V_As-POSCAR2-Charged+2.cif,2.36418359
201-InN-In_i_neut-POSCAR1-Charged+2.cif,2.3640621
76-BN-V_N-POSCAR2-Charged+2.cif,2.36364043
201-InN-In_i_neut-POSCAR2-Charged+2.cif,2.36
166-GaP-V_P-POSCAR2-Charged+2.cif,2.35620662
176-GaAs-V_As-POSCAR3-Charged+2.cif,2.35427931
232-InSb-Ab_i_A-POSCAR0-Charged+2.cif,2.35373056
176-GaAs-V_As-POSCAR4-Charged+2.cif,2.34615914
166-GaP-V_P-POSCAR3-Charged+2.cif,2.34110002
176-GaAs-V_As-POSCAR5-Charged+2.cif,2.34
200-InN-In_i_B-POSCAR0-Charged+2.cif,2.3397384
168-GaP-P_Ga-POSCAR3-Charged+2.cif,2.33617463
166-GaP-V_P-POSCAR8-Charged+2.cif,2.33587601
166-GaP-V_P-POSCAR4-Charged+2.cif,2.33465702
151-AlSb-Al_i_neut-POSCAR0-Charged+2.cif,2.33382565
166-GaP-V_P-POSCAR9-Charged+2.cif,2.3332376
168-GaP-P_Ga-POSCAR4-Charged+2.cif,2.33
166-GaP-V_P-POSCAR10-Charged+2.cif,2.32832897
166-GaP-V_P-POSCAR7-Charged+2.cif,2.32790334
127-AlP-Al_P-POSCAR3-Charged+2.cif,2.3277598
166-GaP-V_P-POSCAR5-Charged+2.cif,2.32399597
166-GaP-V_P-POSCAR6-Charged+2.cif,2.32367552
98-BAs-As_B-POSCAR1-Charged+2.cif,2.32306086
127-AlP-Al_P-POSCAR4-Charged+2.cif,2.32
98-BAs-As_B-POSCAR2-Charged+2.cif,2.31175063
98-BAs-As_B-POSCAR3-Charged+2.cif,2.31
232-InSb-Ab_i_A-POSCAR1-Charged+2.cif,2.30723134
211-InP-In_i_neut-POSCAR1-Charged+2.cif,2.30402748
169-GaP-Ga_i_A-POSCAR0-Charged+2.cif,2.29500982
200-InN-In_i_B-POSCAR1-Charged+2.cif,2.29394932
218-InAs-As_In-POSCAR0-Charged+2.cif,2.29095247
200-InN-In_i_B-POSCAR2-Charged+2.cif,2.29
166-GaP-V_P-POSCAR12-Charged+2.cif,2.2876036
258-GeC-V_C-POSCAR0-Charged+2.cif,2.28
23-ZnSe-V_Se-POSCAR38-Charged+2.cif,2.27316021
141-AlAs-Al_i_neut-POSCAR0-Charged+2.cif,2.27087945
211-InP-In_i_neut-POSCAR7-Charged+2.cif,2.26835674
211-InP-In_i_neut-POSCAR2-Charged+2.cif,2.26751958
232-InSb-Ab_i_A-POSCAR2-Charged+2.cif,2.26727001
211-InP-In_i_neut-POSCAR8-Charged+2.cif,2.26603731
211-InP-In_i_neut-POSCAR6-Charged+2.cif,2.26367966
211-InP-In_i_neut-POSCAR16-Charged+2.cif,2.26
211-InP-In_i_neut-POSCAR9-Charged+2.cif,2.25965161
211-InP-In_i_neut-POSCAR15-Charged+2.cif,2.25866006
233-InSb-Sb_i_B-POSCAR0-Charged+2.cif,2.25572904
211-InP-In_i_neut-POSCAR10-Charged+2.cif,2.25464297
211-InP-In_i_neut-POSCAR14-Charged+2.cif,2.25208989
211-InP-In_i_neut-POSCAR11-Charged+2.cif,2.25088485
211-InP-In_i_neut-POSCAR13-Charged+2.cif,2.25066778
232-InSb-Ab_i_A-POSCAR3-Charged+2.cif,2.2499993
211-InP-In_i_neut-POSCAR12-Charged+2.cif,2.2496273
211-InP-In_i_neut-POSCAR3-Charged+2.cif,2.24944706
211-InP-In_i_neut-POSCAR5-Charged+2.cif,2.24907182
169-GaP-Ga_i_A-POSCAR1-Charged+2.cif,2.24481716
233-InSb-Sb_i_B-POSCAR1-Charged+2.cif,2.24103173
211-InP-In_i_neut-POSCAR4-Charged+2.cif,2.23799383
151-AlSb-Al_i_neut-POSCAR1-Charged+2.cif,2.23548909
169-GaP-Ga_i_A-POSCAR2-Charged+2.cif,2.234726
169-GaP-Ga_i_A-POSCAR3-Charged+2.cif,2.23
23-ZnSe-V_Se-POSCAR43-Charged+2.cif,2.22729912
233-InSb-Sb_i_B-POSCAR2-Charged+2.cif,2.22623276
233-InSb-Sb_i_B-POSCAR3-Charged+2.cif,2.2223505
233-InSb-Sb_i_B-POSCAR4-Charged+2.cif,2.22
191-GaSb-Ga_i_neut-POSCAR0-Charged+2.cif,2.21818474
232-InSb-Ab_i_A-POSCAR4-Charged+2.cif,2.21564284
292-SiSn-Sn_i_B-POSCAR0-Charged+2.cif,2.21173376
191-GaSb-Ga_i_neut-POSCAR1-Charged+2.cif,2.21013116
292-SiSn-Sn_i_B-POSCAR1-Charged+2.cif,2.21
76-BN-V_N-POSCAR3-Charged+2.cif,2.20746155
191-GaSb-Ga_i_neut-POSCAR2-Charged+2.cif,2.20390053
191-GaSb-Ga_i_neut-POSCAR3-Charged+2.cif,2.20071865
191-GaSb-Ga_i_neut-POSCAR7-Charged+2.cif,2.2
232-InSb-Ab_i_A-POSCAR5-Charged+2.cif,2.2
191-GaSb-Ga_i_neut-POSCAR6-Charged+2.cif,2.19950111
191-GaSb-Ga_i_neut-POSCAR4-Charged+2.cif,2.19699245
191-GaSb-Ga_i_neut-POSCAR5-Charged+2.cif,2.19652143
151-AlSb-Al_i_neut-POSCAR2-Charged+2.cif,2.19377691
151-AlSb-Al_i_neut-POSCAR3-Charged+2.cif,2.17873267
136-AlAs-V_As-POSCAR0-Charged+2.cif,2.17415974
151-AlSb-Al_i_neut-POSCAR8-Charged+2.cif,2.16693882
151-AlSb-Al_i_neut-POSCAR4-Charged+2.cif,2.16654797
218-InAs-As_In-POSCAR1-Charged+2.cif,2.16322378
151-AlSb-Al_i_neut-POSCAR9-Charged+2.cif,2.16322145
151-AlSb-Al_i_neut-POSCAR7-Charged+2.cif,2.16287115
151-AlSb-Al_i_neut-POSCAR10-Charged+2.cif,2.16273385
76-BN-V_N-POSCAR4-Charged+2.cif,2.16182182
151-AlSb-Al_i_neut-POSCAR11-Charged+2.cif,2.16
151-AlSb-Al_i_neut-POSCAR6-Charged+2.cif,2.15997361
13-ZnS-V_S-POSCAR1-Charged+2.cif,2.155142
126-AlP-V_P-POSCAR15-Charged+2.cif,2.1507294
76-BN-V_N-POSCAR5-Charged+2.cif,2.15
151-AlSb-Al_i_neut-POSCAR5-Charged+2.cif,2.14510072
126-AlP-V_P-POSCAR0-Charged+2.cif,2.12897507
208-InP-P_In-POSCAR1-Charged+2.cif,2.12785661
167-GaP-Ga_P-POSCAR0-Charged+2.cif,2.12640008
136-AlAs-V_As-POSCAR1-Charged+2.cif,2.12177974
121-AlN-Al_i_neut-POSCAR0-Charged+2.cif,2.10886299
121-AlN-Al_i_neut-POSCAR1-Charged+2.cif,2.09754265
141-AlAs-Al_i_neut-POSCAR1-Charged+2.cif,2.09613704
136-AlAs-V_As-POSCAR2-Charged+2.cif,2.09364136
126-AlP-V_P-POSCAR1-Charged+2.cif,2.08073802
177-GaAs-Ga_As-POSCAR0-Charged+2.cif,2.08011565
126-AlP-V_P-POSCAR8-Charged+2.cif,2.07907726
136-AlAs-V_As-POSCAR3-Charged+2.cif,2.07821451
126-AlP-V_P-POSCAR12-Charged+2.cif,2.07055593
136-AlAs-V_As-POSCAR4-Charged+2.cif,2.06714775
126-AlP-V_P-POSCAR2-Charged+2.cif,2.06689845
179-GaAs-Ga_i_A-POSCAR0-Charged+2.cif,2.06590997
141-AlAs-Al_i_neut-POSCAR2-Charged+2.cif,2.06379457
166-GaP-V_P-POSCAR13-Charged+2.cif,2.0629816
121-AlN-Al_i_neut-POSCAR2-Charged+2.cif,2.06149439
121-AlN-Al_i_neut-POSCAR3-Charged+2.cif,2.06
136-AlAs-V_As-POSCAR5-Charged+2.cif,2.06
126-AlP-V_P-POSCAR7-Charged+2.cif,2.05768209
179-GaAs-Ga_i_A-POSCAR1-Charged+2.cif,2.05711439
126-AlP-V_P-POSCAR3-Charged+2.cif,2.05675621
218-InAs-As_In-POSCAR2-Charged+2.cif,2.0559815
126-AlP-V_P-POSCAR11-Charged+2.cif,2.05523791
126-AlP-V_P-POSCAR4-Charged+2.cif,2.05269991
141-AlAs-Al_i_neut-POSCAR3-Charged+2.cif,2.05076371
179-GaAs-Ga_i_A-POSCAR2-Charged+2.cif,2.05
218-InAs-As_In-POSCAR3-Charged+2.cif,2.04843945
126-AlP-V_P-POSCAR6-Charged+2.cif,2.04765465
141-AlAs-Al_i_neut-POSCAR4-Charged+2.cif,2.04565387
126-AlP-V_P-POSCAR9-Charged+2.cif,2.04511177
126-AlP-V_P-POSCAR5-Charged+2.cif,2.04450886
126-AlP-V_P-POSCAR13-Charged+2.cif,2.04364028
23-ZnSe-V_Se-POSCAR2-Charged+2.cif,2.04223388
141-AlAs-Al_i_neut-POSCAR5-Charged+2.cif,2.04086298
141-AlAs-Al_i_neut-POSCAR10-Charged+2.cif,2.04053888
141-AlAs-Al_i_neut-POSCAR11-Charged+2.cif,2.04
218-InAs-As_In-POSCAR4-Charged+2.cif,2.04
141-AlAs-Al_i_neut-POSCAR9-Charged+2.cif,2.03960761
141-AlAs-Al_i_neut-POSCAR6-Charged+2.cif,2.03878373
141-AlAs-Al_i_neut-POSCAR8-Charged+2.cif,2.0384973
141-AlAs-Al_i_neut-POSCAR7-Charged+2.cif,2.03753297
131-AlP-Al_i_neut-POSCAR0-Charged+2.cif,2.03530443
221-InAs-In_i_neut-POSCAR0-Charged+2.cif,2.02928602
226-InSb-V_Sb-POSCAR0-Charged+2.cif,2.01495286
120-AlN-Al_i_B-POSCAR0-Charged+2.cif,2.01328193
120-AlN-Al_i_B-POSCAR1-Charged+2.cif,2.01275288
226-InSb-V_Sb-POSCAR1-Charged+2.cif,2.0001037
177-GaAs-Ga_As-POSCAR1-Charged+2.cif,1.99063002
226-InSb-V_Sb-POSCAR2-Charged+2.cif,1.98120598
120-AlN-Al_i_B-POSCAR2-Charged+2.cif,1.98
226-InSb-V_Sb-POSCAR3-Charged+2.cif,1.97693105
226-InSb-V_Sb-POSCAR4-Charged+2.cif,1.97178411
167-GaP-Ga_P-POSCAR1-Charged+2.cif,1.97057195
226-InSb-V_Sb-POSCAR5-Charged+2.cif,1.97
166-GaP-V_P-POSCAR14-Charged+2.cif,1.96512479
180-GaAs-Ga_i_B-POSCAR0-Charged+2.cif,1.95738288
126-AlP-V_P-POSCAR10-Charged+2.cif,1.95509582
221-InAs-In_i_neut-POSCAR1-Charged+2.cif,1.94466401
248-SiC-V_C-POSCAR0-Charged+2.cif,1.94
177-GaAs-Ga_As-POSCAR2-Charged+2.cif,1.9385496
105-BSb-V_B-POSCAR0-Charged+2.cif,1.9347515
208-InP-P_In-POSCAR2-Charged+2.cif,1.93091296
177-GaAs-Ga_As-POSCAR3-Charged+2.cif,1.92021287
166-GaP-V_P-POSCAR15-Charged+2.cif,1.92
131-AlP-Al_i_neut-POSCAR1-Charged+2.cif,1.91721884
221-InAs-In_i_neut-POSCAR2-Charged+2.cif,1.91420545
221-InAs-In_i_neut-POSCAR8-Charged+2.cif,1.91114706
221-InAs-In_i_neut-POSCAR9-Charged+2.cif,1.91031326
177-GaAs-Ga_As-POSCAR4-Charged+2.cif,1.91
221-InAs-In_i_neut-POSCAR10-Charged+2.cif,1.90585824
221-InAs-In_i_neut-POSCAR7-Charged+2.cif,1.9055328
221-InAs-In_i_neut-POSCAR3-Charged+2.cif,1.90442579
167-GaP-Ga_P-POSCAR2-Charged+2.cif,1.90312669
180-GaAs-Ga_i_B-POSCAR1-Charged+2.cif,1.90241006
131-AlP-Al_i_neut-POSCAR2-Charged+2.cif,1.90203798
221-InAs-In_i_neut-POSCAR11-Charged+2.cif,1.90141645
131-AlP-Al_i_neut-POSCAR9-Charged+2.cif,1.90090561
131-AlP-Al_i_neut-POSCAR10-Charged+2.cif,1.9
221-InAs-In_i_neut-POSCAR19-Charged+2.cif,1.9
221-InAs-In_i_neut-POSCAR18-Charged+2.cif,1.8997315
221-InAs-In_i_neut-POSCAR6-Charged+2.cif,1.8971635
221-InAs-In_i_neut-POSCAR17-Charged+2.cif,1.89678229
131-AlP-Al_i_neut-POSCAR8-Charged+2.cif,1.89645286
221-InAs-In_i_neut-POSCAR12-Charged+2.cif,1.89620865
131-AlP-Al_i_neut-POSCAR7-Charged+2.cif,1.89536674
221-InAs-In_i_neut-POSCAR16-Charged+2.cif,1.89434257
221-InAs-In_i_neut-POSCAR13-Charged+2.cif,1.89390352
131-AlP-Al_i_neut-POSCAR6-Charged+2.cif,1.89275883
131-AlP-Al_i_neut-POSCAR3-Charged+2.cif,1.89262666
221-InAs-In_i_neut-POSCAR15-Charged+2.cif,1.89261586
221-InAs-In_i_neut-POSCAR14-Charged+2.cif,1.89201136
221-InAs-In_i_neut-POSCAR4-Charged+2.cif,1.89175991
180-GaAs-Ga_i_B-POSCAR2-Charged+2.cif,1.89
208-InP-P_In-POSCAR3-Charged+2.cif,1.88916751
221-InAs-In_i_neut-POSCAR5-Charged+2.cif,1.88766531
131-AlP-Al_i_neut-POSCAR5-Charged+2.cif,1.88616956
131-AlP-Al_i_neut-POSCAR4-Charged+2.cif,1.88395574
208-InP-P_In-POSCAR4-Charged+2.cif,1.87660418
167-GaP-Ga_P-POSCAR3-Charged+2.cif,1.86691455
291-SiSn-Sn_i_A-POSCAR0-Charged+2.cif,1.86655061
291-SiSn-Sn_i_A-POSCAR1-Charged+2.cif,1.8636264
167-GaP-Ga_P-POSCAR4-Charged+2.cif,1.86
208-InP-P_In-POSCAR5-Charged+2.cif,1.86
291-SiSn-Sn_i_A-POSCAR2-Charged+2.cif,1.86
305-GeSn-Ge_i_B-POSCAR0-Charged+2.cif,1.85984066
305-GeSn-Ge_i_B-POSCAR1-Charged+2.cif,1.85402957
305-GeSn-Ge_i_B-POSCAR2-Charged+2.cif,1.85
105-BSb-V_B-POSCAR1-Charged+2.cif,1.84666156
13-ZnS-V_S-POSCAR21-Charged+2.cif,1.83420669
231-InSb-In_i_neut-POSCAR0-Charged+2.cif,1.83125387
105-BSb-V_B-POSCAR2-Charged+2.cif,1.82591451
126-AlP-V_P-POSCAR17-Charged+2.cif,1.82106804
105-BSb-V_B-POSCAR3-Charged+2.cif,1.81390899
105-BSb-V_B-POSCAR4-Charged+2.cif,1.81
170-GaP-Ga_i_B-POSCAR0-Charged+2.cif,1.80630257
302-GeSn-Sn_i_B-POSCAR0-Charged+2.cif,1.8
231-InSb-In_i_neut-POSCAR1-Charged+2.cif,1.79088721
231-InSb-In_i_neut-POSCAR9-Charged+2.cif,1.77
231-InSb-In_i_neut-POSCAR8-Charged+2.cif,1.76603521
231-InSb-In_i_neut-POSCAR2-Charged+2.cif,1.76232885
231-InSb-In_i_neut-POSCAR7-Charged+2.cif,1.76199702
268-SnC-V_C-POSCAR0-Charged+2.cif,1.76
231-InSb-In_i_neut-POSCAR3-Charged+2.cif,1.75873946
231-InSb-In_i_neut-POSCAR5-Charged+2.cif,1.75391196
231-InSb-In_i_neut-POSCAR6-Charged+2.cif,1.75248463
231-InSb-In_i_neut-POSCAR4-Charged+2.cif,1.75159337
170-GaP-Ga_i_B-POSCAR1-Charged+2.cif,1.73636003
207-InP-In_P-POSCAR0-Charged+2.cif,1.73051952
170-GaP-Ga_i_B-POSCAR2-Charged+2.cif,1.73
301-GeSn-Sn_i_A-POSCAR0-Charged+2.cif,1.72
126-AlP-V_P-POSCAR14-Charged+2.cif,1.71737436
209-InP-In_i_A-POSCAR0-Charged+2.cif,1.68717078
304-GeSn-Ge_i_A-POSCAR0-Charged+2.cif,1.68227981
304-GeSn-Ge_i_A-POSCAR1-Charged+2.cif,1.68
156-GaN-V_N-POSCAR0-Charged+2.cif,1.67678066
188-GaSb-Sb_Ga-POSCAR0-Charged+2.cif,1.66461071
209-InP-In_i_A-POSCAR1-Charged+2.cif,1.63544975
209-InP-In_i_A-POSCAR2-Charged+2.cif,1.62464996
209-InP-In_i_A-POSCAR3-Charged+2.cif,1.62
187-GaSb-Ga_Sb-POSCAR0-Charged+2.cif,1.61314109
187-GaSb-Ga_Sb-POSCAR1-Charged+2.cif,1.60380934
207-InP-In_P-POSCAR1-Charged+2.cif,1.60272109
188-GaSb-Sb_Ga-POSCAR1-Charged+2.cif,1.59884409
17-ZnS-Zn_i_neut-POSCAR0-Charged+2.cif,1.59527059
187-GaSb-Ga_Sb-POSCAR2-Charged+2.cif,1.59316438
217-InAs-In_As-POSCAR0-Charged+2.cif,1.5924133
187-GaSb-Ga_Sb-POSCAR3-Charged+2.cif,1.59
150-AlSb-Al_i_B-POSCAR0-Charged+2.cif,1.5745351
228-InSb-Sb_In-POSCAR0-Charged+2.cif,1.5743567
227-InSb-In_Sb-POSCAR0-Charged+2.cif,1.57431294
156-GaN-V_N-POSCAR6-Charged+2.cif,1.57349418
188-GaSb-Sb_Ga-POSCAR2-Charged+2.cif,1.56249037
188-GaSb-Sb_Ga-POSCAR3-Charged+2.cif,1.56
156-GaN-V_N-POSCAR4-Charged+2.cif,1.55364442
156-GaN-V_N-POSCAR1-Charged+2.cif,1.54458357
216-InAs-V_As-POSCAR0-Charged+2.cif,1.54447121
207-InP-In_P-POSCAR2-Charged+2.cif,1.53713349
150-AlSb-Al_i_B-POSCAR1-Charged+2.cif,1.53220033
227-InSb-In_Sb-POSCAR1-Charged+2.cif,1.53193659
216-InAs-V_As-POSCAR1-Charged+2.cif,1.52305884
156-GaN-V_N-POSCAR2-Charged+2.cif,1.52185227
150-AlSb-Al_i_B-POSCAR2-Charged+2.cif,1.52
245-Sn-Sn_i_A-POSCAR0-Charged+2.cif,1.52
207-InP-In_P-POSCAR3-Charged+2.cif,1.51372926
126-AlP-V_P-POSCAR19-Charged+2.cif,1.50755427
126-AlP-V_P-POSCAR18-Charged+2.cif,1.50619902
126-AlP-V_P-POSCAR20-Charged+2.cif,1.5054993
148-AlSb-Sb_Al-POSCAR0-Charged+2.cif,1.50504403
228-InSb-Sb_In-POSCAR1-Charged+2.cif,1.50482707
216-InAs-V_As-POSCAR2-Charged+2.cif,1.5026646
126-AlP-V_P-POSCAR21-Charged+2.cif,1.5
207-InP-In_P-POSCAR4-Charged+2.cif,1.5
217-InAs-In_As-POSCAR1-Charged+2.cif,1.49847281
216-InAs-V_As-POSCAR3-Charged+2.cif,1.49562427
227-InSb-In_Sb-POSCAR2-Charged+2.cif,1.49134493
216-InAs-V_As-POSCAR4-Charged+2.cif,1.48863327
216-InAs-V_As-POSCAR5-Charged+2.cif,1.48513581
149-AlSb-Al_i_A-POSCAR0-Charged+2.cif,1.48358417
227-InSb-In_Sb-POSCAR3-Charged+2.cif,1.48220331
216-InAs-V_As-POSCAR6-Charged+2.cif,1.48
290-SiSn-Si_Sn-POSCAR0-Charged+2.cif,1.47248456
227-InSb-In_Sb-POSCAR4-Charged+2.cif,1.47
290-SiSn-Si_Sn-POSCAR1-Charged+2.cif,1.47
139-AlAs-Al_i_A-POSCAR0-Charged+2.cif,1.46332758
149-AlSb-Al_i_A-POSCAR1-Charged+2.cif,1.4569357
23-ZnSe-V_Se-POSCAR33-Charged+2.cif,1.45444656
228-InSb-Sb_In-POSCAR2-Charged+2.cif,1.45345879
219-InAs-In_i_A-POSCAR0-Charged+2.cif,1.45241005
228-InSb-Sb_In-POSCAR3-Charged+2.cif,1.45
149-AlSb-Al_i_A-POSCAR2-Charged+2.cif,1.43597697
149-AlSb-Al_i_A-POSCAR3-Charged+2.cif,1.43090504
140-AlAs-Al_i_B-POSCAR0-Charged+2.cif,1.42816271
217-InAs-In_As-POSCAR2-Charged+2.cif,1.42590323
108-BSb-Sb_B-POSCAR0-Charged+2.cif,1.42276313
149-AlSb-Al_i_A-POSCAR4-Charged+2.cif,1.42
219-InAs-In_i_A-POSCAR1-Charged+2.cif,1.4151074
217-InAs-In_As-POSCAR3-Charged+2.cif,1.40362499
156-GaN-V_N-POSCAR3-Charged+2.cif,1.40080244
210-InP-In_i_B-POSCAR0-Charged+2.cif,1.39389725
139-AlAs-Al_i_A-POSCAR1-Charged+2.cif,1.39373968
219-InAs-In_i_A-POSCAR2-Charged+2.cif,1.39352842
219-InAs-In_i_A-POSCAR3-Charged+2.cif,1.38889493
217-InAs-In_As-POSCAR4-Charged+2.cif,1.38415167
7-ZnO-Zn_i_neut-POSCAR0-Charged+2.cif,1.38
217-InAs-In_As-POSCAR5-Charged+2.cif,1.38
219-InAs-In_i_A-POSCAR4-Charged+2.cif,1.38
139-AlAs-Al_i_A-POSCAR2-Charged+2.cif,1.37357131
190-GaSb-Ga_i_B-POSCAR0-Charged+2.cif,1.37164345
148-AlSb-Sb_Al-POSCAR1-Charged+2.cif,1.37025496
190-GaSb-Ga_i_B-POSCAR1-Charged+2.cif,1.37
139-AlAs-Al_i_A-POSCAR3-Charged+2.cif,1.35791684
139-AlAs-Al_i_A-POSCAR4-Charged+2.cif,1.35
140-AlAs-Al_i_B-POSCAR1-Charged+2.cif,1.33768832
140-AlAs-Al_i_B-POSCAR2-Charged+2.cif,1.32267605
140-AlAs-Al_i_B-POSCAR3-Charged+2.cif,1.32
156-GaN-V_N-POSCAR7-Charged+2.cif,1.31040257
108-BSb-Sb_B-POSCAR1-Charged+2.cif,1.30120756
148-AlSb-Sb_Al-POSCAR2-Charged+2.cif,1.29849457
210-InP-In_i_B-POSCAR1-Charged+2.cif,1.29338112
108-BSb-Sb_B-POSCAR2-Charged+2.cif,1.29123992
108-BSb-Sb_B-POSCAR3-Charged+2.cif,1.29
148-AlSb-Sb_Al-POSCAR3-Charged+2.cif,1.29
129-AlP-Al_i_A-POSCAR0-Charged+2.cif,1.28375995
210-InP-In_i_B-POSCAR2-Charged+2.cif,1.27275112
210-InP-In_i_B-POSCAR3-Charged+2.cif,1.27
206-InP-V_P-POSCAR0-Charged+2.cif,1.25931293
206-InP-V_P-POSCAR1-Charged+2.cif,1.22564276
189-GaSb-Ga_i_A-POSCAR0-Charged+2.cif,1.2216045
189-GaSb-Ga_i_A-POSCAR1-Charged+2.cif,1.22
129-AlP-Al_i_A-POSCAR1-Charged+2.cif,1.21816916
220-InAs-In_i_B-POSCAR0-Charged+2.cif,1.21679347
206-InP-V_P-POSCAR2-Charged+2.cif,1.20601992
129-AlP-Al_i_A-POSCAR2-Charged+2.cif,1.20517663
206-InP-V_P-POSCAR3-Charged+2.cif,1.19822302
129-AlP-Al_i_A-POSCAR3-Charged+2.cif,1.19614065
206-InP-V_P-POSCAR4-Charged+2.cif,1.19286457
34-ZnTe-Zn_Te-POSCAR0-Charged+2.cif,1.19087224
129-AlP-Al_i_A-POSCAR4-Charged+2.cif,1.19
206-InP-V_P-POSCAR5-Charged+2.cif,1.19
15-ZnS-Zn_i_A-POSCAR0-Charged+2.cif,1.16647236
220-InAs-In_i_B-POSCAR1-Charged+2.cif,1.13963469
156-GaN-V_N-POSCAR8-Charged+2.cif,1.13318187
280-SiGe-Si_Ge-POSCAR0-Charged+2.cif,1.13
5-ZnO-Zn_i_A-POSCAR0-Charged+2.cif,1.12
220-InAs-In_i_B-POSCAR2-Charged+2.cif,1.12
130-AlP-Al_i_B-POSCAR0-Charged+2.cif,1.11951366
156-GaN-V_N-POSCAR9-Charged+2.cif,1.10435024
156-GaN-V_N-POSCAR10-Charged+2.cif,1.10184161
156-GaN-V_N-POSCAR11-Charged+2.cif,1.1
230-InSb-In_i_B-POSCAR0-Charged+2.cif,1.08379084
230-InSb-In_i_B-POSCAR1-Charged+2.cif,1.06027109
230-InSb-In_i_B-POSCAR2-Charged+2.cif,1.05
130-AlP-Al_i_B-POSCAR1-Charged+2.cif,1.04845189
130-AlP-Al_i_B-POSCAR2-Charged+2.cif,1.03180931
130-AlP-Al_i_B-POSCAR3-Charged+2.cif,1.03
229-InSb-In_i_A-POSCAR0-Charged+2.cif,1.00650316
229-InSb-In_i_A-POSCAR1-Charged+2.cif,1.00442947
34-ZnTe-Zn_Te-POSCAR1-Charged+2.cif,1.00161939
229-InSb-In_i_A-POSCAR2-Charged+2.cif,1
16-ZnS-Zn_i_B-POSCAR0-Charged+2.cif,0.98725383
35-ZnTe-Zn_i_A-POSCAR0-Charged+2.cif,0.96215617
196-InN-V_N-POSCAR5-Charged+2.cif,0.92651665
37-ZnTe-Zn_i_neut-POSCAR0-Charged+2.cif,0.90356988
196-InN-V_N-POSCAR4-Charged+2.cif,0.89854809
25-ZnSe-Zn_i_A-POSCAR0-Charged+2.cif,0.86076982
196-InN-V_N-POSCAR0-Charged+2.cif,0.85954773
196-InN-V_N-POSCAR6-Charged+2.cif,0.83294803
196-InN-V_N-POSCAR1-Charged+2.cif,0.80038259
34-ZnTe-Zn_Te-POSCAR2-Charged+2.cif,0.78519783
35-ZnTe-Zn_i_A-POSCAR1-Charged+2.cif,0.76844054
196-InN-V_N-POSCAR2-Charged+2.cif,0.75433455
47-CdO-Cd_i_neut-POSCAR0-Charged+2.cif,0.75
196-InN-V_N-POSCAR3-Charged+2.cif,0.73867305
34-ZnTe-Zn_Te-POSCAR3-Charged+2.cif,0.72939019
37-ZnTe-Zn_i_neut-POSCAR1-Charged+2.cif,0.70821062
300-GeSn-Ge_Sn-POSCAR0-Charged+2.cif,0.69
196-InN-V_N-POSCAR7-Charged+2.cif,0.6694706
35-ZnTe-Zn_i_A-POSCAR2-Charged+2.cif,0.6620892
24-ZnSe-Zn_Se-POSCAR0-Charged+2.cif,0.65913686
35-ZnTe-Zn_i_A-POSCAR3-Charged+2.cif,0.65126084
196-InN-V_N-POSCAR8-Charged+2.cif,0.64
35-ZnTe-Zn_i_A-POSCAR4-Charged+2.cif,0.63477153
35-ZnTe-Zn_i_A-POSCAR5-Charged+2.cif,0.62841237
35-ZnTe-Zn_i_A-POSCAR6-Charged+2.cif,0.62
26-ZnSe-Zn_i_B-POSCAR0-Charged+2.cif,0.59872533
37-ZnTe-Zn_i_neut-POSCAR2-Charged+2.cif,0.59025731
279-SiGe-Ge_Si-POSCAR0-Charged+2.cif,0.59
34-ZnTe-Zn_Te-POSCAR4-Charged+2.cif,0.58757157
37-ZnTe-Zn_i_neut-POSCAR3-Charged+2.cif,0.57590565
36-ZnTe-Zn_i_B-POSCAR0-Charged+2.cif,0.56769716
17-ZnS-Zn_i_neut-POSCAR1-Charged+2.cif,0.56591296
37-ZnTe-Zn_i_neut-POSCAR4-Charged+2.cif,0.5508987
34-ZnTe-Zn_Te-POSCAR5-Charged+2.cif,0.54246922
37-ZnTe-Zn_i_neut-POSCAR5-Charged+2.cif,0.5415199
37-ZnTe-Zn_i_neut-POSCAR6-Charged+2.cif,0.53
116-AlN-V_N-POSCAR0-Charged+2.cif,0.52495127
15-ZnS-Zn_i_A-POSCAR1-Charged+2.cif,0.50019044
34-ZnTe-Zn_Te-POSCAR6-Charged+2.cif,0.49997591
34-ZnTe-Zn_Te-POSCAR7-Charged+2.cif,0.49
6-ZnO-Zn_i_B-POSCAR0-Charged+2.cif,0.46
25-ZnSe-Zn_i_A-POSCAR1-Charged+2.cif,0.45201352
68-CdTe-Cd_Te-POSCAR0-Charged+2.cif,0.42
14-ZnS-Zn_S-POSCAR0-Charged+2.cif,0.41035595
299-GeSn-Sn_Ge-POSCAR0-Charged+2.cif,0.38
24-ZnSe-Zn_Se-POSCAR1-Charged+2.cif,0.36071899
67-CdTe-V_Te-POSCAR0-Charged+2.cif,0.36
69-CdTe-Cd_i_A-POSCAR0-Charged+2.cif,0.36
45-CdO-Cd_i_A-POSCAR0-Charged+2.cif,0.35
36-ZnTe-Zn_i_B-POSCAR1-Charged+2.cif,0.32555512
71-CdTe-Cd_i_neut-POSCAR0-Charged+2.cif,0.32
33-ZnTe-V_Te-POSCAR0-Charged+2.cif,0.29270545
33-ZnTe-V_Te-POSCAR1-Charged+2.cif,0.29
25-ZnSe-Zn_i_A-POSCAR2-Charged+2.cif,0.28309997
15-ZnS-Zn_i_A-POSCAR2-Charged+2.cif,0.27986332
25-ZnSe-Zn_i_A-POSCAR3-Charged+2.cif,0.24960851
25-ZnSe-Zn_i_A-POSCAR4-Charged+2.cif,0.21993073
27-ZnSe-Zn_i_neut-POSCAR13-Charged+2.cif,0.21817485
15-ZnS-Zn_i_A-POSCAR3-Charged+2.cif,0.21443589
27-ZnSe-Zn_i_neut-POSCAR56-Charged+2.cif,0.21
36-ZnTe-Zn_i_B-POSCAR2-Charged+2.cif,0.20973487
27-ZnSe-Zn_i_neut-POSCAR55-Charged+2.cif,0.20890488
27-ZnSe-Zn_i_neut-POSCAR54-Charged+2.cif,0.2085783
27-ZnSe-Zn_i_neut-POSCAR46-Charged+2.cif,0.20856532
27-ZnSe-Zn_i_neut-POSCAR47-Charged+2.cif,0.20855058
27-ZnSe-Zn_i_neut-POSCAR45-Charged+2.cif,0.20845418
27-ZnSe-Zn_i_neut-POSCAR48-Charged+2.cif,0.20834833
27-ZnSe-Zn_i_neut-POSCAR44-Charged+2.cif,0.20821561
27-ZnSe-Zn_i_neut-POSCAR23-Charged+2.cif,0.20814007
27-ZnSe-Zn_i_neut-POSCAR53-Charged+2.cif,0.20793941
27-ZnSe-Zn_i_neut-POSCAR51-Charged+2.cif,0.20782528
27-ZnSe-Zn_i_neut-POSCAR49-Charged+2.cif,0.20782272
27-ZnSe-Zn_i_neut-POSCAR50-Charged+2.cif,0.20763734
27-ZnSe-Zn_i_neut-POSCAR24-Charged+2.cif,0.20762642
27-ZnSe-Zn_i_neut-POSCAR35-Charged+2.cif,0.20733966
27-ZnSe-Zn_i_neut-POSCAR32-Charged+2.cif,0.20718912
27-ZnSe-Zn_i_neut-POSCAR52-Charged+2.cif,0.20715292
27-ZnSe-Zn_i_neut-POSCAR22-Charged+2.cif,0.20690809
27-ZnSe-Zn_i_neut-POSCAR25-Charged+2.cif,0.20641037
27-ZnSe-Zn_i_neut-POSCAR21-Charged+2.cif,0.20636288
27-ZnSe-Zn_i_neut-POSCAR27-Charged+2.cif,0.2053459
27-ZnSe-Zn_i_neut-POSCAR26-Charged+2.cif,0.2050447
27-ZnSe-Zn_i_neut-POSCAR33-Charged+2.cif,0.20478312
27-ZnSe-Zn_i_neut-POSCAR20-Charged+2.cif,0.20468494
27-ZnSe-Zn_i_neut-POSCAR29-Charged+2.cif,0.20453253
27-ZnSe-Zn_i_neut-POSCAR28-Charged+2.cif,0.20410578
27-ZnSe-Zn_i_neut-POSCAR34-Charged+2.cif,0.20375456
27-ZnSe-Zn_i_neut-POSCAR30-Charged+2.cif,0.20371611
27-ZnSe-Zn_i_neut-POSCAR39-Charged+2.cif,0.20364068
27-ZnSe-Zn_i_neut-POSCAR38-Charged+2.cif,0.20362476
27-ZnSe-Zn_i_neut-POSCAR37-Charged+2.cif,0.20355836
27-ZnSe-Zn_i_neut-POSCAR36-Charged+2.cif,0.2035137
27-ZnSe-Zn_i_neut-POSCAR42-Charged+2.cif,0.20338421
27-ZnSe-Zn_i_neut-POSCAR40-Charged+2.cif,0.20334254
27-ZnSe-Zn_i_neut-POSCAR31-Charged+2.cif,0.2028393
27-ZnSe-Zn_i_neut-POSCAR41-Charged+2.cif,0.20279957
27-ZnSe-Zn_i_neut-POSCAR19-Charged+2.cif,0.20236417
27-ZnSe-Zn_i_neut-POSCAR18-Charged+2.cif,0.20044144
27-ZnSe-Zn_i_neut-POSCAR43-Charged+2.cif,0.20011366
25-ZnSe-Zn_i_A-POSCAR5-Charged+2.cif,0.2
27-ZnSe-Zn_i_neut-POSCAR17-Charged+2.cif,0.1967701
36-ZnTe-Zn_i_B-POSCAR3-Charged+2.cif,0.19655053
27-ZnSe-Zn_i_neut-POSCAR16-Charged+2.cif,0.19209463
15-ZnS-Zn_i_A-POSCAR4-Charged+2.cif,0.19020471
27-ZnSe-Zn_i_neut-POSCAR15-Charged+2.cif,0.1897358
27-ZnSe-Zn_i_neut-POSCAR14-Charged+2.cif,0.18782275
27-ZnSe-Zn_i_neut-POSCAR12-Charged+2.cif,0.18616411
36-ZnTe-Zn_i_B-POSCAR4-Charged+2.cif,0.18418382
36-ZnTe-Zn_i_B-POSCAR5-Charged+2.cif,0.18
27-ZnSe-Zn_i_neut-POSCAR9-Charged+2.cif,0.1780775
4-ZnO-Zn_O-POSCAR0-Charged+2.cif,0.16
15-ZnS-Zn_i_A-POSCAR5-Charged+2.cif,0.16
27-ZnSe-Zn_i_neut-POSCAR8-Charged+2.cif,0.15328733
27-ZnSe-Zn_i_neut-POSCAR11-Charged+2.cif,0.15249569
27-ZnSe-Zn_i_neut-POSCAR10-Charged+2.cif,0.14709555
27-ZnSe-Zn_i_neut-POSCAR5-Charged+2.cif,0.13498169
17-ZnS-Zn_i_neut-POSCAR2-Charged+2.cif,0.13240123
27-ZnSe-Zn_i_neut-POSCAR7-Charged+2.cif,0.12985094
24-ZnSe-Zn_Se-POSCAR2-Charged+2.cif,0.11915576
27-ZnSe-Zn_i_neut-POSCAR3-Charged+2.cif,0.11829424
27-ZnSe-Zn_i_neut-POSCAR2-Charged+2.cif,0.11664474
27-ZnSe-Zn_i_neut-POSCAR0-Charged+2.cif,0.11397326
27-ZnSe-Zn_i_neut-POSCAR1-Charged+2.cif,0.11160707
17-ZnS-Zn_i_neut-POSCAR93-Charged+2.cif,0.11135285
17-ZnS-Zn_i_neut-POSCAR99-Charged+2.cif,0.11
27-ZnSe-Zn_i_neut-POSCAR4-Charged+2.cif,0.1039484
46-CdO-Cd_i_B-POSCAR0-Charged+2.cif,0.1
17-ZnS-Zn_i_neut-POSCAR84-Charged+2.cif,0.0996717
17-ZnS-Zn_i_neut-POSCAR98-Charged+2.cif,0.09938537
27-ZnSe-Zn_i_neut-POSCAR6-Charged+2.cif,0.09426207
17-ZnS-Zn_i_neut-POSCAR94-Charged+2.cif,0.09375637
17-ZnS-Zn_i_neut-POSCAR95-Charged+2.cif,0.09215945
17-ZnS-Zn_i_neut-POSCAR96-Charged+2.cif,0.09162274
17-ZnS-Zn_i_neut-POSCAR92-Charged+2.cif,0.09082494
17-ZnS-Zn_i_neut-POSCAR80-Charged+2.cif,0.08976661
17-ZnS-Zn_i_neut-POSCAR85-Charged+2.cif,0.08956094
17-ZnS-Zn_i_neut-POSCAR91-Charged+2.cif,0.08876637
17-ZnS-Zn_i_neut-POSCAR97-Charged+2.cif,0.08718717
17-ZnS-Zn_i_neut-POSCAR89-Charged+2.cif,0.08631457
17-ZnS-Zn_i_neut-POSCAR86-Charged+2.cif,0.08549088
17-ZnS-Zn_i_neut-POSCAR90-Charged+2.cif,0.08368545
17-ZnS-Zn_i_neut-POSCAR76-Charged+2.cif,0.082449
17-ZnS-Zn_i_neut-POSCAR87-Charged+2.cif,0.08079113
289-SiSn-Sn_Si-POSCAR0-Charged+2.cif,0.07310893
17-ZnS-Zn_i_neut-POSCAR88-Charged+2.cif,0.07034533
289-SiSn-Sn_Si-POSCAR1-Charged+2.cif,0.07
17-ZnS-Zn_i_neut-POSCAR81-Charged+2.cif,0.06637251
17-ZnS-Zn_i_neut-POSCAR82-Charged+2.cif,0.06631225
17-ZnS-Zn_i_neut-POSCAR83-Charged+2.cif,0.06617006
17-ZnS-Zn_i_neut-POSCAR73-Charged+2.cif,0.06466972
17-ZnS-Zn_i_neut-POSCAR55-Charged+2.cif,0.0558735
17-ZnS-Zn_i_neut-POSCAR77-Charged+2.cif,0.05374584
17-ZnS-Zn_i_neut-POSCAR70-Charged+2.cif,0.05319187
17-ZnS-Zn_i_neut-POSCAR67-Charged+2.cif,0.0482249
17-ZnS-Zn_i_neut-POSCAR56-Charged+2.cif,0.04436555
17-ZnS-Zn_i_neut-POSCAR57-Charged+2.cif,0.0436964
17-ZnS-Zn_i_neut-POSCAR3-Charged+2.cif,0.04331616
17-ZnS-Zn_i_neut-POSCAR74-Charged+2.cif,0.04257619
17-ZnS-Zn_i_neut-POSCAR64-Charged+2.cif,0.0404824
24-ZnSe-Zn_Se-POSCAR3-Charged+2.cif,0.04010053
17-ZnS-Zn_i_neut-POSCAR61-Charged+2.cif,0.03978423
17-ZnS-Zn_i_neut-POSCAR78-Charged+2.cif,0.03824975
17-ZnS-Zn_i_neut-POSCAR71-Charged+2.cif,0.03806622
17-ZnS-Zn_i_neut-POSCAR68-Charged+2.cif,0.03790337
17-ZnS-Zn_i_neut-POSCAR58-Charged+2.cif,0.03779571
17-ZnS-Zn_i_neut-POSCAR65-Charged+2.cif,0.03324995
17-ZnS-Zn_i_neut-POSCAR37-Charged+2.cif,0.03212331
17-ZnS-Zn_i_neut-POSCAR62-Charged+2.cif,0.03116688
17-ZnS-Zn_i_neut-POSCAR59-Charged+2.cif,0.029119
17-ZnS-Zn_i_neut-POSCAR79-Charged+2.cif,0.01269499
17-ZnS-Zn_i_neut-POSCAR29-Charged+2.cif,0.01200203
17-ZnS-Zn_i_neut-POSCAR75-Charged+2.cif,0.00945334
17-ZnS-Zn_i_neut-POSCAR60-Charged+2.cif,0.00912844
17-ZnS-Zn_i_neut-POSCAR49-Charged+2.cif,0.00365922
17-ZnS-Zn_i_neut-POSCAR45-Charged+2.cif,0.0021025
17-ZnS-Zn_i_neut-POSCAR42-Charged+2.cif,0.00052659
17-ZnS-Zn_i_neut-POSCAR72-Charged+2.cif,-0.00202458
17-ZnS-Zn_i_neut-POSCAR69-Charged+2.cif,-0.00341665
17-ZnS-Zn_i_neut-POSCAR63-Charged+2.cif,-0.01360063
17-ZnS-Zn_i_neut-POSCAR66-Charged+2.cif,-0.01692307
17-ZnS-Zn_i_neut-POSCAR15-Charged+2.cif,-0.0191904
17-ZnS-Zn_i_neut-POSCAR4-Charged+2.cif,-0.02009447
17-ZnS-Zn_i_neut-POSCAR48-Charged+2.cif,-0.02156438
17-ZnS-Zn_i_neut-POSCAR43-Charged+2.cif,-0.03441834
14-ZnS-Zn_S-POSCAR1-Charged+2.cif,-0.0350812
17-ZnS-Zn_i_neut-POSCAR32-Charged+2.cif,-0.03977364
26-ZnSe-Zn_i_B-POSCAR1-Charged+2.cif,-0.04158392
17-ZnS-Zn_i_neut-POSCAR46-Charged+2.cif,-0.04290037
17-ZnS-Zn_i_neut-POSCAR26-Charged+2.cif,-0.04374517
17-ZnS-Zn_i_neut-POSCAR47-Charged+2.cif,-0.04670091
17-ZnS-Zn_i_neut-POSCAR54-Charged+2.cif,-0.04691856
44-CdO-Cd_O-POSCAR0-Charged+2.cif,-0.05
17-ZnS-Zn_i_neut-POSCAR12-Charged+2.cif,-0.05641485
17-ZnS-Zn_i_neut-POSCAR33-Charged+2.cif,-0.06021379
17-ZnS-Zn_i_neut-POSCAR41-Charged+2.cif,-0.06341834
17-ZnS-Zn_i_neut-POSCAR44-Charged+2.cif,-0.06368704
17-ZnS-Zn_i_neut-POSCAR5-Charged+2.cif,-0.06450178
17-ZnS-Zn_i_neut-POSCAR51-Charged+2.cif,-0.06622961
61-CdSe-Cd_i_neut-POSCAR0-Charged+2.cif,-0.07
70-CdTe-Cd_i_B-POSCAR0-Charged+2.cif,-0.07
16-ZnS-Zn_i_B-POSCAR1-Charged+2.cif,-0.07107189
17-ZnS-Zn_i_neut-POSCAR40-Charged+2.cif,-0.07128956
23-ZnSe-V_Se-POSCAR42-Charged+2.cif,-0.07324833
17-ZnS-Zn_i_neut-POSCAR16-Charged+2.cif,-0.08033295
17-ZnS-Zn_i_neut-POSCAR52-Charged+2.cif,-0.08417299
24-ZnSe-Zn_Se-POSCAR4-Charged+2.cif,-0.08420318
17-ZnS-Zn_i_neut-POSCAR38-Charged+2.cif,-0.08976423
17-ZnS-Zn_i_neut-POSCAR39-Charged+2.cif,-0.09391737
17-ZnS-Zn_i_neut-POSCAR13-Charged+2.cif,-0.09815033
116-AlN-V_N-POSCAR1-Charged+2.cif,-0.10002863
17-ZnS-Zn_i_neut-POSCAR35-Charged+2.cif,-0.10188675
17-ZnS-Zn_i_neut-POSCAR27-Charged+2.cif,-0.10226868
17-ZnS-Zn_i_neut-POSCAR9-Charged+2.cif,-0.10319713
17-ZnS-Zn_i_neut-POSCAR10-Charged+2.cif,-0.10553422
17-ZnS-Zn_i_neut-POSCAR8-Charged+2.cif,-0.10616123
17-ZnS-Zn_i_neut-POSCAR6-Charged+2.cif,-0.10709615
17-ZnS-Zn_i_neut-POSCAR11-Charged+2.cif,-0.10923467
17-ZnS-Zn_i_neut-POSCAR17-Charged+2.cif,-0.11068873
17-ZnS-Zn_i_neut-POSCAR25-Charged+2.cif,-0.11123797
17-ZnS-Zn_i_neut-POSCAR34-Charged+2.cif,-0.11321106
17-ZnS-Zn_i_neut-POSCAR53-Charged+2.cif,-0.11481787
24-ZnSe-Zn_Se-POSCAR5-Charged+2.cif,-0.11507258
17-ZnS-Zn_i_neut-POSCAR31-Charged+2.cif,-0.12052799
17-ZnS-Zn_i_neut-POSCAR28-Charged+2.cif,-0.12103747
17-ZnS-Zn_i_neut-POSCAR36-Charged+2.cif,-0.12673803
17-ZnS-Zn_i_neut-POSCAR18-Charged+2.cif,-0.12987145
24-ZnSe-Zn_Se-POSCAR6-Charged+2.cif,-0.13
17-ZnS-Zn_i_neut-POSCAR30-Charged+2.cif,-0.13150418
17-ZnS-Zn_i_neut-POSCAR20-Charged+2.cif,-0.1321135
17-ZnS-Zn_i_neut-POSCAR21-Charged+2.cif,-0.13311339
17-ZnS-Zn_i_neut-POSCAR14-Charged+2.cif,-0.13338682
17-ZnS-Zn_i_neut-POSCAR19-Charged+2.cif,-0.13635574
59-CdSe-Cd_i_A-POSCAR0-Charged+2.cif,-0.14
17-ZnS-Zn_i_neut-POSCAR7-Charged+2.cif,-0.14264076
17-ZnS-Zn_i_neut-POSCAR50-Charged+2.cif,-0.14944846
17-ZnS-Zn_i_neut-POSCAR22-Charged+2.cif,-0.16001527
17-ZnS-Zn_i_neut-POSCAR23-Charged+2.cif,-0.16232408
23-ZnSe-V_Se-POSCAR44-Charged+2.cif,-0.17688154
17-ZnS-Zn_i_neut-POSCAR24-Charged+2.cif,-0.18197435
13-ZnS-V_S-POSCAR23-Charged+2.cif,-0.2125978
58-CdSe-Cd_Se-POSCAR0-Charged+2.cif,-0.23
154-AlSb-Sb_i_neut-POSCAR0-Charged+2.cif,-0.25019371
14-ZnS-Zn_S-POSCAR2-Charged+2.cif,-0.26056807
116-AlN-V_N-POSCAR2-Charged+2.cif,-0.26318971
3-ZnO-V_O-POSCAR0-Charged+2.cif,-0.28
26-ZnSe-Zn_i_B-POSCAR2-Charged+2.cif,-0.295069
23-ZnSe-V_Se-POSCAR45-Charged+2.cif,-0.31006645
26-ZnSe-Zn_i_B-POSCAR3-Charged+2.cif,-0.31376226
154-AlSb-Sb_i_neut-POSCAR1-Charged+2.cif,-0.31440512
26-ZnSe-Zn_i_B-POSCAR4-Charged+2.cif,-0.32553084
23-ZnSe-V_Se-POSCAR46-Charged+2.cif,-0.32628975
26-ZnSe-Zn_i_B-POSCAR5-Charged+2.cif,-0.33
23-ZnSe-V_Se-POSCAR47-Charged+2.cif,-0.33335238
23-ZnSe-V_Se-POSCAR48-Charged+2.cif,-0.3353728
23-ZnSe-V_Se-POSCAR49-Charged+2.cif,-0.34
14-ZnS-Zn_S-POSCAR3-Charged+2.cif,-0.34235249
154-AlSb-Sb_i_neut-POSCAR2-Charged+2.cif,-0.35293566
154-AlSb-Sb_i_neut-POSCAR9-Charged+2.cif,-0.36431493
116-AlN-V_N-POSCAR3-Charged+2.cif,-0.36764483
154-AlSb-Sb_i_neut-POSCAR8-Charged+2.cif,-0.36948196
154-AlSb-Sb_i_neut-POSCAR12-Charged+2.cif,-0.37
154-AlSb-Sb_i_neut-POSCAR11-Charged+2.cif,-0.37030401
154-AlSb-Sb_i_neut-POSCAR3-Charged+2.cif,-0.37063902
154-AlSb-Sb_i_neut-POSCAR10-Charged+2.cif,-0.37419747
154-AlSb-Sb_i_neut-POSCAR7-Charged+2.cif,-0.37698694
154-AlSb-Sb_i_neut-POSCAR4-Charged+2.cif,-0.39126436
154-AlSb-Sb_i_neut-POSCAR5-Charged+2.cif,-0.40405736
116-AlN-V_N-POSCAR4-Charged+2.cif,-0.4083283
16-ZnS-Zn_i_B-POSCAR2-Charged+2.cif,-0.40862921
154-AlSb-Sb_i_neut-POSCAR6-Charged+2.cif,-0.41353365
116-AlN-V_N-POSCAR5-Charged+2.cif,-0.41789468
116-AlN-V_N-POSCAR6-Charged+2.cif,-0.42
14-ZnS-Zn_S-POSCAR4-Charged+2.cif,-0.43433514
16-ZnS-Zn_i_B-POSCAR3-Charged+2.cif,-0.4371562
14-ZnS-Zn_S-POSCAR5-Charged+2.cif,-0.45296829
14-ZnS-Zn_S-POSCAR6-Charged+2.cif,-0.46
57-CdSe-V_Se-POSCAR0-Charged+2.cif,-0.46
16-ZnS-Zn_i_B-POSCAR4-Charged+2.cif,-0.46031316
16-ZnS-Zn_i_B-POSCAR5-Charged+2.cif,-0.46962052
16-ZnS-Zn_i_B-POSCAR6-Charged+2.cif,-0.47621525
16-ZnS-Zn_i_B-POSCAR7-Charged+2.cif,-0.48
54-CdS-Cd_S-POSCAR0-Charged+2.cif,-0.51
60-CdSe-Cd_i_B-POSCAR0-Charged+2.cif,-0.51
13-ZnS-V_S-POSCAR24-Charged+2.cif,-0.54949918
43-CdO-V_O-POSCAR0-Charged+2.cif,-0.57913367
43-CdO-V_O-POSCAR1-Charged+2.cif,-0.58
13-ZnS-V_S-POSCAR25-Charged+2.cif,-0.63073587
13-ZnS-V_S-POSCAR26-Charged+2.cif,-0.68840573
13-ZnS-V_S-POSCAR27-Charged+2.cif,-0.69965493
13-ZnS-V_S-POSCAR28-Charged+2.cif,-0.71
53-CdS-V_S-POSCAR0-Charged+2.cif,-0.83